Year,Country,Month,Tourist_Arrivals,Month_Number,Date
2018,"AFGHANISTAN, ISLAMIC REPUBLIC OF",January,83.0,1,2018-01-01
2018,"ALBANIA, REPUBLIC OF",January,14.0,1,2018-01-01
2018,"ALGERIA, PEOPLE'S DEMOCRATIC REPUBLIC OF",January,38.0,1,2018-01-01
2018,"ANDORRA, PRINCIPALITY OF",January,4.0,1,2018-01-01
2018,"ANGOLA, REPUBLIC OF",January,0.0,1,2018-01-01
2018,ANTIGUA & BARBUDA,January,1.0,1,2018-01-01
2018,ARGENTINA,January,236.0,1,2018-01-01
2018,"ARMENIA, REPUBLIC OF",January,180.0,1,2018-01-01
2018,AUSTRALIA,January,9452.0,1,2018-01-01
2018,AUSTRIA,January,2833.0,1,2018-01-01
2018,"AZERBAIJAN, REPUBLIC OF",January,78.0,1,2018-01-01
2018,"BAHAMAS, COMMONWEALTH OF THE",January,1.0,1,2018-01-01
2018,"BAHRAIN, KINGDOM OF",January,588.0,1,2018-01-01
2018,"BANGLADESH, PEOPLE'S REPUBLIC OF",January,982.0,1,2018-01-01
2018,BARBADOS,January,4.0,1,2018-01-01
2018,"BELARUS, REPUBLIC OF",January,802.0,1,2018-01-01
2018,BELGIUM,January,1275.0,1,2018-01-01
2018,BELIZE,January,2.0,1,2018-01-01
2018,BENIN,January,1.0,1,2018-01-01
2018,"BHUTAN, KINGDOM OF",January,110.0,1,2018-01-01
2018,BOLIVIA,January,6.0,1,2018-01-01
2018,BOSNIA & HERZEGOVINA,January,20.0,1,2018-01-01
2018,"BOTSWANA, REPUBLIC OF",January,9.0,1,2018-01-01
2018,"BRAZIL, FEDERATIVE REPUBLIC OF",January,226.0,1,2018-01-01
2018,"BRUNEI, NATION OF",January,4.0,1,2018-01-01
2018,BULGARIA,January,277.0,1,2018-01-01
2018,BURKINA FASO,January,2.0,1,2018-01-01
2018,BURUNDI,January,1.0,1,2018-01-01
2018,"CAMBODIA, KINGDOM OF",January,85.0,1,2018-01-01
2018,CAMEROON,January,2.0,1,2018-01-01
2018,CANADA,January,5682.0,1,2018-01-01
2018,CAPE VERDE,January,1.0,1,2018-01-01
2018,CENTRAL AFRICAN REPUBLIC,January,0.0,1,2018-01-01
2018,CHAD,January,0.0,1,2018-01-01
2018,"CHILE, REPUBLIC OF",January,99.0,1,2018-01-01
2018,"CHINA, PEOPLE'S REPUBLIC OF",January,24275.0,1,2018-01-01
2018,"COLOMBIA, REPUBLIC OF",January,52.0,1,2018-01-01
2018,COMOROS,January,8.0,1,2018-01-01
2018,"CONGO, DEMOCRATIC REPUBLIC OF THE",January,1.0,1,2018-01-01
2018,"CONGO, REPUBLIC OF THE",January,0.0,1,2018-01-01
2018,"COSTA RICA, REPUBLIC OF",January,9.0,1,2018-01-01
2018,"COTE D'IVOIRE, REPUBLIC OF",January,1.0,1,2018-01-01
2018,CROATIA,January,481.0,1,2018-01-01
2018,"CUBA, REPUBLIC OF",January,3.0,1,2018-01-01
2018,"CYPRUS, REPUBLIC OF",January,55.0,1,2018-01-01
2018,CZECH REPUBLIC,January,2257.0,1,2018-01-01
2018,"DENMARK, KINGDOM OF",January,3013.0,1,2018-01-01
2018,"DJIBOUTI, REPUBLIC OF",January,1.0,1,2018-01-01
2018,"DOMINICA, COMMONWEALTH OF",January,4.0,1,2018-01-01
2018,DOMINICAN REPUBLIC,January,4.0,1,2018-01-01
2018,"ECUADOR, REPUBLIC OF",January,7.0,1,2018-01-01
2018,"EGYPT, ARAB REPUBLIC OF",January,433.0,1,2018-01-01
2018,"EL SALVADOR, REPUBLIC OF",January,7.0,1,2018-01-01
2018,"ERITREA, STATE OF",January,8.0,1,2018-01-01
2018,ESTONIA,January,435.0,1,2018-01-01
2018,"ETHIOPIA, FEDERAL DEMOCRATIC REPUBLIC OF",January,18.0,1,2018-01-01
2018,"FIJI, REPUBLIC OF",January,19.0,1,2018-01-01
2018,FINLAND,January,1854.0,1,2018-01-01
2018,FRANCE (FRENCH REPUBLIC),January,12221.0,1,2018-01-01
2018,GABON,January,0.0,1,2018-01-01
2018,"GAMBIA, THE",January,1.0,1,2018-01-01
2018,GEORGIA,January,85.0,1,2018-01-01
2018,GERMANY,January,15298.0,1,2018-01-01
2018,"GHANA, REPUBLIC OF",January,9.0,1,2018-01-01
2018,GREECE,January,644.0,1,2018-01-01
2018,GRENADA,January,1.0,1,2018-01-01
2018,"GUATEMALA, REPUBLIC OF",January,9.0,1,2018-01-01
2018,GUINEA- BISSAU,January,1.0,1,2018-01-01
2018,"GUYANA, COOPERATIVE REPUBLIC OF",January,0.0,1,2018-01-01
2018,"HAITI, REPUBLIC OF",January,1.0,1,2018-01-01
2018,"HONDURAS, REPUBLIC OF",January,9.0,1,2018-01-01
2018,HONG KONG,January,2.0,1,2018-01-01
2018,HUNGARY,January,894.0,1,2018-01-01
2018,ICELAND,January,51.0,1,2018-01-01
2018,"INDIA, REPUBLIC OF",January,37936.0,1,2018-01-01
2018,"INDONESIA, REPUBLIC OF",January,535.0,1,2018-01-01
2018,"IRAN, ISLAMIC REPUBLIC OF",January,507.0,1,2018-01-01
2018,"IRAQ, REPUBLIC OF",January,81.0,1,2018-01-01
2018,IRELAND,January,975.0,1,2018-01-01
2018,"ISRAEL, STATE OF",January,1321.0,1,2018-01-01
2018,ITALY,January,5348.0,1,2018-01-01
2018,JAMAICA,January,9.0,1,2018-01-01
2018,JAPAN,January,4694.0,1,2018-01-01
2018,"JORDAN, THE HASHEMITE KINGDOM OF",January,366.0,1,2018-01-01
2018,"KAZAKHSTAN, REPUBLIC OF",January,674.0,1,2018-01-01
2018,"KENYA, REPUBLIC OF",January,64.0,1,2018-01-01
2018,KIRIBATI,January,1.0,1,2018-01-01
2018,KOSOVO,January,0.0,1,2018-01-01
2018,"KUWAIT, STATE OF",January,545.0,1,2018-01-01
2018,KYRGYZSTAN,January,109.0,1,2018-01-01
2018,"LAO, PEOPLE'S DEMOCRATIC REPUBLIC",January,9.0,1,2018-01-01
2018,LATVIA,January,268.0,1,2018-01-01
2018,LEBANON,January,358.0,1,2018-01-01
2018,LESOTHO,January,0.0,1,2018-01-01
2018,LIBERIA,January,0.0,1,2018-01-01
2018,"LIBYA, STATE OF",January,7.0,1,2018-01-01
2018,"LIECHTENSTEIN, PRINCIPALITY OF",January,5.0,1,2018-01-01
2018,LITHUANIA,January,382.0,1,2018-01-01
2018,LUXEMBOURG,January,87.0,1,2018-01-01
2018,"MACEDONIA, REPUBLIC OF",January,44.0,1,2018-01-01
2018,MADAGASCAR,January,5.0,1,2018-01-01
2018,MALAWI,January,5.0,1,2018-01-01
2018,MALAYSIA,January,1735.0,1,2018-01-01
2018,"MALDIVES, REPUBLIC OF",January,6124.0,1,2018-01-01
2018,"MALI, REPUBLIC OF",January,2.0,1,2018-01-01
2018,MALTA,January,47.0,1,2018-01-01
2018,"MARSHALL ISLANDS, REPUBLIC OF THE",January,0.0,1,2018-01-01
2018,"MAURITANIA, ISLAMIC REPUBLIC OF",January,1.0,1,2018-01-01
2018,"MAURITIUS, REPUBLIC OF",January,56.0,1,2018-01-01
2018,MEXICO,January,84.0,1,2018-01-01
2018,"MICRONESIA, FEDERATED STATES OF",January,0.0,1,2018-01-01
2018,"MOLDOVA, REPUBLIC OF",January,100.0,1,2018-01-01
2018,"MONACO, PRINCIPALITY OF",January,5.0,1,2018-01-01
2018,MONGOLIA,January,21.0,1,2018-01-01
2018,MONTENEGRO,January,17.0,1,2018-01-01
2018,"MOROCCO, KINGDOM OF",January,86.0,1,2018-01-01
2018,"MOZAMBIQUE, REPUBLIC OF",January,2.0,1,2018-01-01
2018,"MYANMAR, REPUBLIC OF THE UNION OF",January,372.0,1,2018-01-01
2018,NAMIBIA,January,5.0,1,2018-01-01
2018,NAURU,January,0.0,1,2018-01-01
2018,"NEPAL, FEDERAL DEMOCRATIC REPUBLIC OF",January,566.0,1,2018-01-01
2018,NETHERLAND ANTILLES,January,0.0,1,2018-01-01
2018,NETHERLANDS,January,5061.0,1,2018-01-01
2018,NEW ZEALAND,January,989.0,1,2018-01-01
2018,NICARAGUA,January,4.0,1,2018-01-01
2018,NIGER,January,0.0,1,2018-01-01
2018,"NIGER,REPUBLIC OF",January,0.0,1,2018-01-01
2018,"NIGERIA, FEDERAL REPUBLIC OF",January,44.0,1,2018-01-01
2018,NORTH KOREA,January,0.0,1,2018-01-01
2018,"NORWAY, KINGDOM OF",January,1851.0,1,2018-01-01
2018,"OMAN, SULTANATE OF",January,842.0,1,2018-01-01
2018,"PAKISTAN, ISLAMIC REPUBLIC OF",January,2099.0,1,2018-01-01
2018,PALAU,January,0.0,1,2018-01-01
2018,PALESTINIAN TERRITORIES,January,114.0,1,2018-01-01
2018,"PANAMA, REPUBLIC OF",January,5.0,1,2018-01-01
2018,PAPUA NEW GUINEA,January,5.0,1,2018-01-01
2018,PARAGUAY,January,0.0,1,2018-01-01
2018,"PERU, REPUBLIC OF",January,27.0,1,2018-01-01
2018,"PHILIPPINES, REPUBLIC OF",January,1667.0,1,2018-01-01
2018,POLAND,January,3254.0,1,2018-01-01
2018,PORTUGAL,January,486.0,1,2018-01-01
2018,"QATAR, STATE OF",January,268.0,1,2018-01-01
2018,ROMANIA,January,935.0,1,2018-01-01
2018,RUSSIAN FEDERATION,January,11569.0,1,2018-01-01
2018,RWANDA,January,1.0,1,2018-01-01
2018,SAINT KITTS & NEVIS,January,6.0,1,2018-01-01
2018,SAINT LUCIA,January,0.0,1,2018-01-01
2018,SAINT VINCENT & THE GRENADINES,January,0.0,1,2018-01-01
2018,SAMOA,January,0.0,1,2018-01-01
2018,"SAN MARINO, REPUBLIC OF",January,1.0,1,2018-01-01
2018,SAO TOME AND PRINCIPE,January,0.0,1,2018-01-01
2018,"SAUDI ARABIA, KINGDOM OF",January,4397.0,1,2018-01-01
2018,"SENEGAL, REPUBLIC OF",January,5.0,1,2018-01-01
2018,"SERBIA, REPUBLIC OF",January,285.0,1,2018-01-01
2018,SEYCHELLES,January,0.0,1,2018-01-01
2018,SIERRA LEONE,January,1.0,1,2018-01-01
2018,"SINGAPORE, REPUBLIC OF",January,1387.0,1,2018-01-01
2018,SLOVAK REPUBLIC,January,760.0,1,2018-01-01
2018,SLOVENIA,January,380.0,1,2018-01-01
2018,SOLOMAN ISLANDS,January,1.0,1,2018-01-01
2018,"SOMALIA, FEDERAL REPUBLIC OF",January,9.0,1,2018-01-01
2018,"SOUTH AFRICA, REPUBLIC OF",January,588.0,1,2018-01-01
2018,SOUTH KOREA,January,2493.0,1,2018-01-01
2018,"SOUTH SUDAN, REPUBLIC OF",January,0.0,1,2018-01-01
2018,SPAIN,January,1388.0,1,2018-01-01
2018,SUDAN,January,59.0,1,2018-01-01
2018,SURINAME,January,1.0,1,2018-01-01
2018,SWAZILAND,January,0.0,1,2018-01-01
2018,SWEDEN,January,5586.0,1,2018-01-01
2018,SWITZERLAND,January,3104.0,1,2018-01-01
2018,SYRIAN ARAB REPUBLIC,January,19.0,1,2018-01-01
2018,TAIWAN (REPUBLIC OF CHINA),January,928.0,1,2018-01-01
2018,"TAJIKISTAN, REPUBLIC OF",January,25.0,1,2018-01-01
2018,"TANZANIA, UNITED REPUBLIC OF",January,18.0,1,2018-01-01
2018,"THAILAND, KINGDOM OF",January,785.0,1,2018-01-01
2018,"TIMOR-LESTE, DEMOCRATIC REPUBLIC OF",January,1.0,1,2018-01-01
2018,TOGO,January,3.0,1,2018-01-01
2018,TONGA,January,0.0,1,2018-01-01
2018,TRINIDAD & TOBAGO,January,5.0,1,2018-01-01
2018,"TUNISIA, REPUBLIC OF",January,71.0,1,2018-01-01
2018,"TURKEY, REPUBLIC OF",January,658.0,1,2018-01-01
2018,TURKMENISTAN,January,15.0,1,2018-01-01
2018,TUVALU,January,0.0,1,2018-01-01
2018,UGANDA,January,15.0,1,2018-01-01
2018,UKRAINE,January,6636.0,1,2018-01-01
2018,UNITED ARAB EMIRATES,January,336.0,1,2018-01-01
2018,UNITED KINGDOM,January,22940.0,1,2018-01-01
2018,UNITED STATES OF AMERICA,January,7501.0,1,2018-01-01
2018,"URUGUAY, ORIENTAL REPUBLIC OF",January,13.0,1,2018-01-01
2018,"UZBEKISTAN, REPUBLIC OF",January,69.0,1,2018-01-01
2018,"VANUATU, REPUBLIC OF",January,0.0,1,2018-01-01
2018,"VATICAN CITY, STATE OF",January,0.0,1,2018-01-01
2018,"VENEZUELA, BOLIVARIAN REPUBLIC OF",January,12.0,1,2018-01-01
2018,VIETNAM,January,237.0,1,2018-01-01
2018,"YEMEN, REPUBLIC OF",January,126.0,1,2018-01-01
2018,"ZAMBIA, REPUBLIC OF",January,2.0,1,2018-01-01
2018,"ZIMBABWE, REPUBLIC OF",January,10.0,1,2018-01-01
2018,"AFGHANISTAN, ISLAMIC REPUBLIC OF",February,150.0,2,2018-02-01
2018,"ALBANIA, REPUBLIC OF",February,15.0,2,2018-02-01
2018,"ALGERIA, PEOPLE'S DEMOCRATIC REPUBLIC OF",February,35.0,2,2018-02-01
2018,"ANDORRA, PRINCIPALITY OF",February,6.0,2,2018-02-01
2018,"ANGOLA, REPUBLIC OF",February,1.0,2,2018-02-01
2018,ANTIGUA & BARBUDA,February,5.0,2,2018-02-01
2018,ARGENTINA,February,254.0,2,2018-02-01
2018,"ARMENIA, REPUBLIC OF",February,87.0,2,2018-02-01
2018,AUSTRALIA,February,5693.0,2,2018-02-01
2018,AUSTRIA,February,3156.0,2,2018-02-01
2018,"AZERBAIJAN, REPUBLIC OF",February,30.0,2,2018-02-01
2018,"BAHAMAS, COMMONWEALTH OF THE",February,4.0,2,2018-02-01
2018,"BAHRAIN, KINGDOM OF",February,147.0,2,2018-02-01
2018,"BANGLADESH, PEOPLE'S REPUBLIC OF",February,741.0,2,2018-02-01
2018,BARBADOS,February,2.0,2,2018-02-01
2018,"BELARUS, REPUBLIC OF",February,942.0,2,2018-02-01
2018,BELGIUM,February,1449.0,2,2018-02-01
2018,BELIZE,February,1.0,2,2018-02-01
2018,BENIN,February,0.0,2,2018-02-01
2018,"BHUTAN, KINGDOM OF",February,72.0,2,2018-02-01
2018,BOLIVIA,February,5.0,2,2018-02-01
2018,BOSNIA & HERZEGOVINA,February,45.0,2,2018-02-01
2018,"BOTSWANA, REPUBLIC OF",February,4.0,2,2018-02-01
2018,"BRAZIL, FEDERATIVE REPUBLIC OF",February,156.0,2,2018-02-01
2018,"BRUNEI, NATION OF",February,3.0,2,2018-02-01
2018,BULGARIA,February,381.0,2,2018-02-01
2018,BURKINA FASO,February,1.0,2,2018-02-01
2018,BURUNDI,February,0.0,2,2018-02-01
2018,"CAMBODIA, KINGDOM OF",February,85.0,2,2018-02-01
2018,CAMEROON,February,0.0,2,2018-02-01
2018,CANADA,February,3999.0,2,2018-02-01
2018,CAPE VERDE,February,0.0,2,2018-02-01
2018,CENTRAL AFRICAN REPUBLIC,February,0.0,2,2018-02-01
2018,CHAD,February,0.0,2,2018-02-01
2018,"CHILE, REPUBLIC OF",February,104.0,2,2018-02-01
2018,"CHINA, PEOPLE'S REPUBLIC OF",February,35929.0,2,2018-02-01
2018,"COLOMBIA, REPUBLIC OF",February,59.0,2,2018-02-01
2018,COMOROS,February,5.0,2,2018-02-01
2018,"CONGO, DEMOCRATIC REPUBLIC OF THE",February,2.0,2,2018-02-01
2018,"CONGO, REPUBLIC OF THE",February,1.0,2,2018-02-01
2018,"COSTA RICA, REPUBLIC OF",February,20.0,2,2018-02-01
2018,"COTE D'IVOIRE, REPUBLIC OF",February,3.0,2,2018-02-01
2018,CROATIA,February,276.0,2,2018-02-01
2018,"CUBA, REPUBLIC OF",February,2.0,2,2018-02-01
2018,"CYPRUS, REPUBLIC OF",February,53.0,2,2018-02-01
2018,CZECH REPUBLIC,February,3082.0,2,2018-02-01
2018,"DENMARK, KINGDOM OF",February,3228.0,2,2018-02-01
2018,"DJIBOUTI, REPUBLIC OF",February,1.0,2,2018-02-01
2018,"DOMINICA, COMMONWEALTH OF",February,9.0,2,2018-02-01
2018,DOMINICAN REPUBLIC,February,1.0,2,2018-02-01
2018,"ECUADOR, REPUBLIC OF",February,15.0,2,2018-02-01
2018,"EGYPT, ARAB REPUBLIC OF",February,281.0,2,2018-02-01
2018,"EL SALVADOR, REPUBLIC OF",February,3.0,2,2018-02-01
2018,"ERITREA, STATE OF",February,12.0,2,2018-02-01
2018,ESTONIA,February,586.0,2,2018-02-01
2018,"ETHIOPIA, FEDERAL DEMOCRATIC REPUBLIC OF",February,19.0,2,2018-02-01
2018,"FIJI, REPUBLIC OF",February,5.0,2,2018-02-01
2018,FINLAND,February,1499.0,2,2018-02-01
2018,FRANCE (FRENCH REPUBLIC),February,16871.0,2,2018-02-01
2018,GABON,February,2.0,2,2018-02-01
2018,"GAMBIA, THE",February,1.0,2,2018-02-01
2018,GEORGIA,February,82.0,2,2018-02-01
2018,GERMANY,February,17066.0,2,2018-02-01
2018,"GHANA, REPUBLIC OF",February,6.0,2,2018-02-01
2018,GREECE,February,573.0,2,2018-02-01
2018,GRENADA,February,1.0,2,2018-02-01
2018,"GUATEMALA, REPUBLIC OF",February,4.0,2,2018-02-01
2018,GUINEA- BISSAU,February,0.0,2,2018-02-01
2018,"GUYANA, COOPERATIVE REPUBLIC OF",February,2.0,2,2018-02-01
2018,"HAITI, REPUBLIC OF",February,1.0,2,2018-02-01
2018,"HONDURAS, REPUBLIC OF",February,3.0,2,2018-02-01
2018,HONG KONG,February,4.0,2,2018-02-01
2018,HUNGARY,February,870.0,2,2018-02-01
2018,ICELAND,February,63.0,2,2018-02-01
2018,"INDIA, REPUBLIC OF",February,32914.0,2,2018-02-01
2018,"INDONESIA, REPUBLIC OF",February,350.0,2,2018-02-01
2018,"IRAN, ISLAMIC REPUBLIC OF",February,439.0,2,2018-02-01
2018,"IRAQ, REPUBLIC OF",February,157.0,2,2018-02-01
2018,IRELAND,February,839.0,2,2018-02-01
2018,"ISRAEL, STATE OF",February,1253.0,2,2018-02-01
2018,ITALY,February,4843.0,2,2018-02-01
2018,JAMAICA,February,7.0,2,2018-02-01
2018,JAPAN,February,5263.0,2,2018-02-01
2018,"JORDAN, THE HASHEMITE KINGDOM OF",February,254.0,2,2018-02-01
2018,"KAZAKHSTAN, REPUBLIC OF",February,407.0,2,2018-02-01
2018,"KENYA, REPUBLIC OF",February,35.0,2,2018-02-01
2018,KIRIBATI,February,0.0,2,2018-02-01
2018,KOSOVO,February,3.0,2,2018-02-01
2018,"KUWAIT, STATE OF",February,403.0,2,2018-02-01
2018,KYRGYZSTAN,February,46.0,2,2018-02-01
2018,"LAO, PEOPLE'S DEMOCRATIC REPUBLIC",February,7.0,2,2018-02-01
2018,LATVIA,February,219.0,2,2018-02-01
2018,LEBANON,February,542.0,2,2018-02-01
2018,LESOTHO,February,0.0,2,2018-02-01
2018,LIBERIA,February,0.0,2,2018-02-01
2018,"LIBYA, STATE OF",February,8.0,2,2018-02-01
2018,"LIECHTENSTEIN, PRINCIPALITY OF",February,10.0,2,2018-02-01
2018,LITHUANIA,February,570.0,2,2018-02-01
2018,LUXEMBOURG,February,77.0,2,2018-02-01
2018,"MACEDONIA, REPUBLIC OF",February,34.0,2,2018-02-01
2018,MADAGASCAR,February,6.0,2,2018-02-01
2018,MALAWI,February,1.0,2,2018-02-01
2018,MALAYSIA,February,1744.0,2,2018-02-01
2018,"MALDIVES, REPUBLIC OF",February,4726.0,2,2018-02-01
2018,"MALI, REPUBLIC OF",February,1.0,2,2018-02-01
2018,MALTA,February,35.0,2,2018-02-01
2018,"MARSHALL ISLANDS, REPUBLIC OF THE",February,1.0,2,2018-02-01
2018,"MAURITANIA, ISLAMIC REPUBLIC OF",February,1.0,2,2018-02-01
2018,"MAURITIUS, REPUBLIC OF",February,100.0,2,2018-02-01
2018,MEXICO,February,87.0,2,2018-02-01
2018,"MICRONESIA, FEDERATED STATES OF",February,1.0,2,2018-02-01
2018,"MOLDOVA, REPUBLIC OF",February,56.0,2,2018-02-01
2018,"MONACO, PRINCIPALITY OF",February,7.0,2,2018-02-01
2018,MONGOLIA,February,9.0,2,2018-02-01
2018,MONTENEGRO,February,21.0,2,2018-02-01
2018,"MOROCCO, KINGDOM OF",February,101.0,2,2018-02-01
2018,"MOZAMBIQUE, REPUBLIC OF",February,24.0,2,2018-02-01
2018,"MYANMAR, REPUBLIC OF THE UNION OF",February,123.0,2,2018-02-01
2018,NAMIBIA,February,3.0,2,2018-02-01
2018,NAURU,February,1.0,2,2018-02-01
2018,"NEPAL, FEDERAL DEMOCRATIC REPUBLIC OF",February,401.0,2,2018-02-01
2018,NETHERLAND ANTILLES,February,0.0,2,2018-02-01
2018,NETHERLANDS,February,4739.0,2,2018-02-01
2018,NEW ZEALAND,February,655.0,2,2018-02-01
2018,NICARAGUA,February,0.0,2,2018-02-01
2018,NIGER,February,0.0,2,2018-02-01
2018,"NIGER,REPUBLIC OF",February,0.0,2,2018-02-01
2018,"NIGERIA, FEDERAL REPUBLIC OF",February,38.0,2,2018-02-01
2018,NORTH KOREA,February,2.0,2,2018-02-01
2018,"NORWAY, KINGDOM OF",February,1722.0,2,2018-02-01
2018,"OMAN, SULTANATE OF",February,573.0,2,2018-02-01
2018,"PAKISTAN, ISLAMIC REPUBLIC OF",February,1734.0,2,2018-02-01
2018,PALAU,February,0.0,2,2018-02-01
2018,PALESTINIAN TERRITORIES,February,65.0,2,2018-02-01
2018,"PANAMA, REPUBLIC OF",February,7.0,2,2018-02-01
2018,PAPUA NEW GUINEA,February,0.0,2,2018-02-01
2018,PARAGUAY,February,0.0,2,2018-02-01
2018,"PERU, REPUBLIC OF",February,50.0,2,2018-02-01
2018,"PHILIPPINES, REPUBLIC OF",February,1744.0,2,2018-02-01
2018,POLAND,February,3195.0,2,2018-02-01
2018,PORTUGAL,February,581.0,2,2018-02-01
2018,"QATAR, STATE OF",February,75.0,2,2018-02-01
2018,ROMANIA,February,943.0,2,2018-02-01
2018,RUSSIAN FEDERATION,February,11043.0,2,2018-02-01
2018,RWANDA,February,3.0,2,2018-02-01
2018,SAINT KITTS & NEVIS,February,3.0,2,2018-02-01
2018,SAINT LUCIA,February,2.0,2,2018-02-01
2018,SAINT VINCENT & THE GRENADINES,February,0.0,2,2018-02-01
2018,SAMOA,February,0.0,2,2018-02-01
2018,"SAN MARINO, REPUBLIC OF",February,16.0,2,2018-02-01
2018,SAO TOME AND PRINCIPE,February,0.0,2,2018-02-01
2018,"SAUDI ARABIA, KINGDOM OF",February,1065.0,2,2018-02-01
2018,"SENEGAL, REPUBLIC OF",February,6.0,2,2018-02-01
2018,"SERBIA, REPUBLIC OF",February,282.0,2,2018-02-01
2018,SEYCHELLES,February,0.0,2,2018-02-01
2018,SIERRA LEONE,February,1.0,2,2018-02-01
2018,"SINGAPORE, REPUBLIC OF",February,1469.0,2,2018-02-01
2018,SLOVAK REPUBLIC,February,820.0,2,2018-02-01
2018,SLOVENIA,February,754.0,2,2018-02-01
2018,SOLOMAN ISLANDS,February,0.0,2,2018-02-01
2018,"SOMALIA, FEDERAL REPUBLIC OF",February,6.0,2,2018-02-01
2018,"SOUTH AFRICA, REPUBLIC OF",February,562.0,2,2018-02-01
2018,SOUTH KOREA,February,1359.0,2,2018-02-01
2018,"SOUTH SUDAN, REPUBLIC OF",February,1.0,2,2018-02-01
2018,SPAIN,February,1680.0,2,2018-02-01
2018,SUDAN,February,49.0,2,2018-02-01
2018,SURINAME,February,3.0,2,2018-02-01
2018,SWAZILAND,February,1.0,2,2018-02-01
2018,SWEDEN,February,4533.0,2,2018-02-01
2018,SWITZERLAND,February,3234.0,2,2018-02-01
2018,SYRIAN ARAB REPUBLIC,February,8.0,2,2018-02-01
2018,TAIWAN (REPUBLIC OF CHINA),February,1152.0,2,2018-02-01
2018,"TAJIKISTAN, REPUBLIC OF",February,7.0,2,2018-02-01
2018,"TANZANIA, UNITED REPUBLIC OF",February,20.0,2,2018-02-01
2018,"THAILAND, KINGDOM OF",February,566.0,2,2018-02-01
2018,"TIMOR-LESTE, DEMOCRATIC REPUBLIC OF",February,3.0,2,2018-02-01
2018,TOGO,February,0.0,2,2018-02-01
2018,TONGA,February,0.0,2,2018-02-01
2018,TRINIDAD & TOBAGO,February,9.0,2,2018-02-01
2018,"TUNISIA, REPUBLIC OF",February,62.0,2,2018-02-01
2018,"TURKEY, REPUBLIC OF",February,632.0,2,2018-02-01
2018,TURKMENISTAN,February,9.0,2,2018-02-01
2018,TUVALU,February,0.0,2,2018-02-01
2018,UGANDA,February,22.0,2,2018-02-01
2018,UKRAINE,February,5138.0,2,2018-02-01
2018,UNITED ARAB EMIRATES,February,247.0,2,2018-02-01
2018,UNITED KINGDOM,February,23817.0,2,2018-02-01
2018,UNITED STATES OF AMERICA,February,5984.0,2,2018-02-01
2018,"URUGUAY, ORIENTAL REPUBLIC OF",February,3.0,2,2018-02-01
2018,"UZBEKISTAN, REPUBLIC OF",February,88.0,2,2018-02-01
2018,"VANUATU, REPUBLIC OF",February,1.0,2,2018-02-01
2018,"VATICAN CITY, STATE OF",February,0.0,2,2018-02-01
2018,"VENEZUELA, BOLIVARIAN REPUBLIC OF",February,18.0,2,2018-02-01
2018,VIETNAM,February,380.0,2,2018-02-01
2018,"YEMEN, REPUBLIC OF",February,69.0,2,2018-02-01
2018,"ZAMBIA, REPUBLIC OF",February,7.0,2,2018-02-01
2018,"ZIMBABWE, REPUBLIC OF",February,19.0,2,2018-02-01
2018,"AFGHANISTAN, ISLAMIC REPUBLIC OF",March,112.0,3,2018-03-01
2018,"ALBANIA, REPUBLIC OF",March,5.0,3,2018-03-01
2018,"ALGERIA, PEOPLE'S DEMOCRATIC REPUBLIC OF",March,28.0,3,2018-03-01
2018,"ANDORRA, PRINCIPALITY OF",March,2.0,3,2018-03-01
2018,"ANGOLA, REPUBLIC OF",March,2.0,3,2018-03-01
2018,ANTIGUA & BARBUDA,March,2.0,3,2018-03-01
2018,ARGENTINA,March,271.0,3,2018-03-01
2018,"ARMENIA, REPUBLIC OF",March,75.0,3,2018-03-01
2018,AUSTRALIA,March,8932.0,3,2018-03-01
2018,AUSTRIA,March,2573.0,3,2018-03-01
2018,"AZERBAIJAN, REPUBLIC OF",March,109.0,3,2018-03-01
2018,"BAHAMAS, COMMONWEALTH OF THE",March,4.0,3,2018-03-01
2018,"BAHRAIN, KINGDOM OF",March,195.0,3,2018-03-01
2018,"BANGLADESH, PEOPLE'S REPUBLIC OF",March,996.0,3,2018-03-01
2018,BARBADOS,March,3.0,3,2018-03-01
2018,"BELARUS, REPUBLIC OF",March,666.0,3,2018-03-01
2018,BELGIUM,March,1666.0,3,2018-03-01
2018,BELIZE,March,1.0,3,2018-03-01
2018,BENIN,March,0.0,3,2018-03-01
2018,"BHUTAN, KINGDOM OF",March,37.0,3,2018-03-01
2018,BOLIVIA,March,17.0,3,2018-03-01
2018,BOSNIA & HERZEGOVINA,March,25.0,3,2018-03-01
2018,"BOTSWANA, REPUBLIC OF",March,4.0,3,2018-03-01
2018,"BRAZIL, FEDERATIVE REPUBLIC OF",March,357.0,3,2018-03-01
2018,"BRUNEI, NATION OF",March,17.0,3,2018-03-01
2018,BULGARIA,March,352.0,3,2018-03-01
2018,BURKINA FASO,March,0.0,3,2018-03-01
2018,BURUNDI,March,0.0,3,2018-03-01
2018,"CAMBODIA, KINGDOM OF",March,103.0,3,2018-03-01
2018,CAMEROON,March,1.0,3,2018-03-01
2018,CANADA,March,5113.0,3,2018-03-01
2018,CAPE VERDE,March,0.0,3,2018-03-01
2018,CENTRAL AFRICAN REPUBLIC,March,0.0,3,2018-03-01
2018,CHAD,March,0.0,3,2018-03-01
2018,"CHILE, REPUBLIC OF",March,109.0,3,2018-03-01
2018,"CHINA, PEOPLE'S REPUBLIC OF",March,21101.0,3,2018-03-01
2018,"COLOMBIA, REPUBLIC OF",March,72.0,3,2018-03-01
2018,COMOROS,March,14.0,3,2018-03-01
2018,"CONGO, DEMOCRATIC REPUBLIC OF THE",March,5.0,3,2018-03-01
2018,"CONGO, REPUBLIC OF THE",March,0.0,3,2018-03-01
2018,"COSTA RICA, REPUBLIC OF",March,14.0,3,2018-03-01
2018,"COTE D'IVOIRE, REPUBLIC OF",March,1.0,3,2018-03-01
2018,CROATIA,March,209.0,3,2018-03-01
2018,"CUBA, REPUBLIC OF",March,5.0,3,2018-03-01
2018,"CYPRUS, REPUBLIC OF",March,51.0,3,2018-03-01
2018,CZECH REPUBLIC,March,2674.0,3,2018-03-01
2018,"DENMARK, KINGDOM OF",March,2227.0,3,2018-03-01
2018,"DJIBOUTI, REPUBLIC OF",March,4.0,3,2018-03-01
2018,"DOMINICA, COMMONWEALTH OF",March,3.0,3,2018-03-01
2018,DOMINICAN REPUBLIC,March,3.0,3,2018-03-01
2018,"ECUADOR, REPUBLIC OF",March,10.0,3,2018-03-01
2018,"EGYPT, ARAB REPUBLIC OF",March,278.0,3,2018-03-01
2018,"EL SALVADOR, REPUBLIC OF",March,2.0,3,2018-03-01
2018,"ERITREA, STATE OF",March,10.0,3,2018-03-01
2018,ESTONIA,March,359.0,3,2018-03-01
2018,"ETHIOPIA, FEDERAL DEMOCRATIC REPUBLIC OF",March,24.0,3,2018-03-01
2018,"FIJI, REPUBLIC OF",March,18.0,3,2018-03-01
2018,FINLAND,March,1036.0,3,2018-03-01
2018,FRANCE (FRENCH REPUBLIC),March,14818.0,3,2018-03-01
2018,GABON,March,0.0,3,2018-03-01
2018,"GAMBIA, THE",March,0.0,3,2018-03-01
2018,GEORGIA,March,63.0,3,2018-03-01
2018,GERMANY,March,24423.0,3,2018-03-01
2018,"GHANA, REPUBLIC OF",March,13.0,3,2018-03-01
2018,GREECE,March,770.0,3,2018-03-01
2018,GRENADA,March,0.0,3,2018-03-01
2018,"GUATEMALA, REPUBLIC OF",March,5.0,3,2018-03-01
2018,GUINEA- BISSAU,March,0.0,3,2018-03-01
2018,"GUYANA, COOPERATIVE REPUBLIC OF",March,9.0,3,2018-03-01
2018,"HAITI, REPUBLIC OF",March,2.0,3,2018-03-01
2018,"HONDURAS, REPUBLIC OF",March,5.0,3,2018-03-01
2018,HONG KONG,March,3.0,3,2018-03-01
2018,HUNGARY,March,517.0,3,2018-03-01
2018,ICELAND,March,44.0,3,2018-03-01
2018,"INDIA, REPUBLIC OF",March,30583.0,3,2018-03-01
2018,"INDONESIA, REPUBLIC OF",March,589.0,3,2018-03-01
2018,"IRAN, ISLAMIC REPUBLIC OF",March,1716.0,3,2018-03-01
2018,"IRAQ, REPUBLIC OF",March,41.0,3,2018-03-01
2018,IRELAND,March,1470.0,3,2018-03-01
2018,"ISRAEL, STATE OF",March,1255.0,3,2018-03-01
2018,ITALY,March,4157.0,3,2018-03-01
2018,JAMAICA,March,22.0,3,2018-03-01
2018,JAPAN,March,4629.0,3,2018-03-01
2018,"JORDAN, THE HASHEMITE KINGDOM OF",March,299.0,3,2018-03-01
2018,"KAZAKHSTAN, REPUBLIC OF",March,370.0,3,2018-03-01
2018,"KENYA, REPUBLIC OF",March,48.0,3,2018-03-01
2018,KIRIBATI,March,0.0,3,2018-03-01
2018,KOSOVO,March,2.0,3,2018-03-01
2018,"KUWAIT, STATE OF",March,240.0,3,2018-03-01
2018,KYRGYZSTAN,March,107.0,3,2018-03-01
2018,"LAO, PEOPLE'S DEMOCRATIC REPUBLIC",March,20.0,3,2018-03-01
2018,LATVIA,March,261.0,3,2018-03-01
2018,LEBANON,March,561.0,3,2018-03-01
2018,LESOTHO,March,0.0,3,2018-03-01
2018,LIBERIA,March,1.0,3,2018-03-01
2018,"LIBYA, STATE OF",March,8.0,3,2018-03-01
2018,"LIECHTENSTEIN, PRINCIPALITY OF",March,23.0,3,2018-03-01
2018,LITHUANIA,March,402.0,3,2018-03-01
2018,LUXEMBOURG,March,112.0,3,2018-03-01
2018,"MACEDONIA, REPUBLIC OF",March,34.0,3,2018-03-01
2018,MADAGASCAR,March,4.0,3,2018-03-01
2018,MALAWI,March,7.0,3,2018-03-01
2018,MALAYSIA,March,1994.0,3,2018-03-01
2018,"MALDIVES, REPUBLIC OF",March,7239.0,3,2018-03-01
2018,"MALI, REPUBLIC OF",March,0.0,3,2018-03-01
2018,MALTA,March,68.0,3,2018-03-01
2018,"MARSHALL ISLANDS, REPUBLIC OF THE",March,0.0,3,2018-03-01
2018,"MAURITANIA, ISLAMIC REPUBLIC OF",March,1.0,3,2018-03-01
2018,"MAURITIUS, REPUBLIC OF",March,60.0,3,2018-03-01
2018,MEXICO,March,180.0,3,2018-03-01
2018,"MICRONESIA, FEDERATED STATES OF",March,0.0,3,2018-03-01
2018,"MOLDOVA, REPUBLIC OF",March,68.0,3,2018-03-01
2018,"MONACO, PRINCIPALITY OF",March,9.0,3,2018-03-01
2018,MONGOLIA,March,23.0,3,2018-03-01
2018,MONTENEGRO,March,14.0,3,2018-03-01
2018,"MOROCCO, KINGDOM OF",March,97.0,3,2018-03-01
2018,"MOZAMBIQUE, REPUBLIC OF",March,1.0,3,2018-03-01
2018,"MYANMAR, REPUBLIC OF THE UNION OF",March,172.0,3,2018-03-01
2018,NAMIBIA,March,19.0,3,2018-03-01
2018,NAURU,March,0.0,3,2018-03-01
2018,"NEPAL, FEDERAL DEMOCRATIC REPUBLIC OF",March,367.0,3,2018-03-01
2018,NETHERLAND ANTILLES,March,1.0,3,2018-03-01
2018,NETHERLANDS,March,4532.0,3,2018-03-01
2018,NEW ZEALAND,March,1004.0,3,2018-03-01
2018,NICARAGUA,March,5.0,3,2018-03-01
2018,NIGER,March,0.0,3,2018-03-01
2018,"NIGER,REPUBLIC OF",March,1.0,3,2018-03-01
2018,"NIGERIA, FEDERAL REPUBLIC OF",March,42.0,3,2018-03-01
2018,NORTH KOREA,March,0.0,3,2018-03-01
2018,"NORWAY, KINGDOM OF",March,1784.0,3,2018-03-01
2018,"OMAN, SULTANATE OF",March,268.0,3,2018-03-01
2018,"PAKISTAN, ISLAMIC REPUBLIC OF",March,1589.0,3,2018-03-01
2018,PALAU,March,0.0,3,2018-03-01
2018,PALESTINIAN TERRITORIES,March,62.0,3,2018-03-01
2018,"PANAMA, REPUBLIC OF",March,2.0,3,2018-03-01
2018,PAPUA NEW GUINEA,March,11.0,3,2018-03-01
2018,PARAGUAY,March,7.0,3,2018-03-01
2018,"PERU, REPUBLIC OF",March,32.0,3,2018-03-01
2018,"PHILIPPINES, REPUBLIC OF",March,1775.0,3,2018-03-01
2018,POLAND,March,1676.0,3,2018-03-01
2018,PORTUGAL,March,537.0,3,2018-03-01
2018,"QATAR, STATE OF",March,63.0,3,2018-03-01
2018,ROMANIA,March,561.0,3,2018-03-01
2018,RUSSIAN FEDERATION,March,9089.0,3,2018-03-01
2018,RWANDA,March,1.0,3,2018-03-01
2018,SAINT KITTS & NEVIS,March,4.0,3,2018-03-01
2018,SAINT LUCIA,March,0.0,3,2018-03-01
2018,SAINT VINCENT & THE GRENADINES,March,2.0,3,2018-03-01
2018,SAMOA,March,0.0,3,2018-03-01
2018,"SAN MARINO, REPUBLIC OF",March,7.0,3,2018-03-01
2018,SAO TOME AND PRINCIPE,March,0.0,3,2018-03-01
2018,"SAUDI ARABIA, KINGDOM OF",March,997.0,3,2018-03-01
2018,"SENEGAL, REPUBLIC OF",March,4.0,3,2018-03-01
2018,"SERBIA, REPUBLIC OF",March,184.0,3,2018-03-01
2018,SEYCHELLES,March,0.0,3,2018-03-01
2018,SIERRA LEONE,March,2.0,3,2018-03-01
2018,"SINGAPORE, REPUBLIC OF",March,1809.0,3,2018-03-01
2018,SLOVAK REPUBLIC,March,896.0,3,2018-03-01
2018,SLOVENIA,March,271.0,3,2018-03-01
2018,SOLOMAN ISLANDS,March,0.0,3,2018-03-01
2018,"SOMALIA, FEDERAL REPUBLIC OF",March,9.0,3,2018-03-01
2018,"SOUTH AFRICA, REPUBLIC OF",March,791.0,3,2018-03-01
2018,SOUTH KOREA,March,1398.0,3,2018-03-01
2018,"SOUTH SUDAN, REPUBLIC OF",March,0.0,3,2018-03-01
2018,SPAIN,March,2452.0,3,2018-03-01
2018,SUDAN,March,53.0,3,2018-03-01
2018,SURINAME,March,0.0,3,2018-03-01
2018,SWAZILAND,March,1.0,3,2018-03-01
2018,SWEDEN,March,3109.0,3,2018-03-01
2018,SWITZERLAND,March,3682.0,3,2018-03-01
2018,SYRIAN ARAB REPUBLIC,March,24.0,3,2018-03-01
2018,TAIWAN (REPUBLIC OF CHINA),March,700.0,3,2018-03-01
2018,"TAJIKISTAN, REPUBLIC OF",March,25.0,3,2018-03-01
2018,"TANZANIA, UNITED REPUBLIC OF",March,16.0,3,2018-03-01
2018,"THAILAND, KINGDOM OF",March,1028.0,3,2018-03-01
2018,"TIMOR-LESTE, DEMOCRATIC REPUBLIC OF",March,3.0,3,2018-03-01
2018,TOGO,March,0.0,3,2018-03-01
2018,TONGA,March,0.0,3,2018-03-01
2018,TRINIDAD & TOBAGO,March,10.0,3,2018-03-01
2018,"TUNISIA, REPUBLIC OF",March,105.0,3,2018-03-01
2018,"TURKEY, REPUBLIC OF",March,365.0,3,2018-03-01
2018,TURKMENISTAN,March,11.0,3,2018-03-01
2018,TUVALU,March,0.0,3,2018-03-01
2018,UGANDA,March,5.0,3,2018-03-01
2018,UKRAINE,March,3532.0,3,2018-03-01
2018,UNITED ARAB EMIRATES,March,420.0,3,2018-03-01
2018,UNITED KINGDOM,March,30366.0,3,2018-03-01
2018,UNITED STATES OF AMERICA,March,9701.0,3,2018-03-01
2018,"URUGUAY, ORIENTAL REPUBLIC OF",March,16.0,3,2018-03-01
2018,"UZBEKISTAN, REPUBLIC OF",March,48.0,3,2018-03-01
2018,"VANUATU, REPUBLIC OF",March,1.0,3,2018-03-01
2018,"VATICAN CITY, STATE OF",March,0.0,3,2018-03-01
2018,"VENEZUELA, BOLIVARIAN REPUBLIC OF",March,18.0,3,2018-03-01
2018,VIETNAM,March,330.0,3,2018-03-01
2018,"YEMEN, REPUBLIC OF",March,64.0,3,2018-03-01
2018,"ZAMBIA, REPUBLIC OF",March,12.0,3,2018-03-01
2018,"ZIMBABWE, REPUBLIC OF",March,27.0,3,2018-03-01
2018,"AFGHANISTAN, ISLAMIC REPUBLIC OF",April,40.0,4,2018-04-01
2018,"ALBANIA, REPUBLIC OF",April,16.0,4,2018-04-01
2018,"ALGERIA, PEOPLE'S DEMOCRATIC REPUBLIC OF",April,24.0,4,2018-04-01
2018,"ANDORRA, PRINCIPALITY OF",April,3.0,4,2018-04-01
2018,"ANGOLA, REPUBLIC OF",April,1.0,4,2018-04-01
2018,ANTIGUA & BARBUDA,April,2.0,4,2018-04-01
2018,ARGENTINA,April,300.0,4,2018-04-01
2018,"ARMENIA, REPUBLIC OF",April,66.0,4,2018-04-01
2018,AUSTRALIA,April,14023.0,4,2018-04-01
2018,AUSTRIA,April,1103.0,4,2018-04-01
2018,"AZERBAIJAN, REPUBLIC OF",April,19.0,4,2018-04-01
2018,"BAHAMAS, COMMONWEALTH OF THE",April,24.0,4,2018-04-01
2018,"BAHRAIN, KINGDOM OF",April,151.0,4,2018-04-01
2018,"BANGLADESH, PEOPLE'S REPUBLIC OF",April,672.0,4,2018-04-01
2018,BARBADOS,April,3.0,4,2018-04-01
2018,"BELARUS, REPUBLIC OF",April,286.0,4,2018-04-01
2018,BELGIUM,April,1211.0,4,2018-04-01
2018,BELIZE,April,2.0,4,2018-04-01
2018,BENIN,April,0.0,4,2018-04-01
2018,"BHUTAN, KINGDOM OF",April,42.0,4,2018-04-01
2018,BOLIVIA,April,9.0,4,2018-04-01
2018,BOSNIA & HERZEGOVINA,April,18.0,4,2018-04-01
2018,"BOTSWANA, REPUBLIC OF",April,4.0,4,2018-04-01
2018,"BRAZIL, FEDERATIVE REPUBLIC OF",April,786.0,4,2018-04-01
2018,"BRUNEI, NATION OF",April,6.0,4,2018-04-01
2018,BULGARIA,April,218.0,4,2018-04-01
2018,BURKINA FASO,April,4.0,4,2018-04-01
2018,BURUNDI,April,0.0,4,2018-04-01
2018,"CAMBODIA, KINGDOM OF",April,142.0,4,2018-04-01
2018,CAMEROON,April,1.0,4,2018-04-01
2018,CANADA,April,4972.0,4,2018-04-01
2018,CAPE VERDE,April,0.0,4,2018-04-01
2018,CENTRAL AFRICAN REPUBLIC,April,0.0,4,2018-04-01
2018,CHAD,April,0.0,4,2018-04-01
2018,"CHILE, REPUBLIC OF",April,147.0,4,2018-04-01
2018,"CHINA, PEOPLE'S REPUBLIC OF",April,17462.0,4,2018-04-01
2018,"COLOMBIA, REPUBLIC OF",April,88.0,4,2018-04-01
2018,COMOROS,April,10.0,4,2018-04-01
2018,"CONGO, DEMOCRATIC REPUBLIC OF THE",April,4.0,4,2018-04-01
2018,"CONGO, REPUBLIC OF THE",April,0.0,4,2018-04-01
2018,"COSTA RICA, REPUBLIC OF",April,13.0,4,2018-04-01
2018,"COTE D'IVOIRE, REPUBLIC OF",April,1.0,4,2018-04-01
2018,CROATIA,April,163.0,4,2018-04-01
2018,"CUBA, REPUBLIC OF",April,6.0,4,2018-04-01
2018,"CYPRUS, REPUBLIC OF",April,45.0,4,2018-04-01
2018,CZECH REPUBLIC,April,1304.0,4,2018-04-01
2018,"DENMARK, KINGDOM OF",April,943.0,4,2018-04-01
2018,"DJIBOUTI, REPUBLIC OF",April,1.0,4,2018-04-01
2018,"DOMINICA, COMMONWEALTH OF",April,3.0,4,2018-04-01
2018,DOMINICAN REPUBLIC,April,2.0,4,2018-04-01
2018,"ECUADOR, REPUBLIC OF",April,43.0,4,2018-04-01
2018,"EGYPT, ARAB REPUBLIC OF",April,254.0,4,2018-04-01
2018,"EL SALVADOR, REPUBLIC OF",April,6.0,4,2018-04-01
2018,"ERITREA, STATE OF",April,3.0,4,2018-04-01
2018,ESTONIA,April,144.0,4,2018-04-01
2018,"ETHIOPIA, FEDERAL DEMOCRATIC REPUBLIC OF",April,12.0,4,2018-04-01
2018,"FIJI, REPUBLIC OF",April,6.0,4,2018-04-01
2018,FINLAND,April,371.0,4,2018-04-01
2018,FRANCE (FRENCH REPUBLIC),April,7411.0,4,2018-04-01
2018,GABON,April,0.0,4,2018-04-01
2018,"GAMBIA, THE",April,0.0,4,2018-04-01
2018,GEORGIA,April,82.0,4,2018-04-01
2018,GERMANY,April,10803.0,4,2018-04-01
2018,"GHANA, REPUBLIC OF",April,10.0,4,2018-04-01
2018,GREECE,April,704.0,4,2018-04-01
2018,GRENADA,April,3.0,4,2018-04-01
2018,"GUATEMALA, REPUBLIC OF",April,5.0,4,2018-04-01
2018,GUINEA- BISSAU,April,0.0,4,2018-04-01
2018,"GUYANA, COOPERATIVE REPUBLIC OF",April,2.0,4,2018-04-01
2018,"HAITI, REPUBLIC OF",April,0.0,4,2018-04-01
2018,"HONDURAS, REPUBLIC OF",April,0.0,4,2018-04-01
2018,HONG KONG,April,1.0,4,2018-04-01
2018,HUNGARY,April,231.0,4,2018-04-01
2018,ICELAND,April,39.0,4,2018-04-01
2018,"INDIA, REPUBLIC OF",April,29860.0,4,2018-04-01
2018,"INDONESIA, REPUBLIC OF",April,352.0,4,2018-04-01
2018,"IRAN, ISLAMIC REPUBLIC OF",April,239.0,4,2018-04-01
2018,"IRAQ, REPUBLIC OF",April,40.0,4,2018-04-01
2018,IRELAND,April,922.0,4,2018-04-01
2018,"ISRAEL, STATE OF",April,513.0,4,2018-04-01
2018,ITALY,April,2266.0,4,2018-04-01
2018,JAMAICA,April,8.0,4,2018-04-01
2018,JAPAN,April,3512.0,4,2018-04-01
2018,"JORDAN, THE HASHEMITE KINGDOM OF",April,241.0,4,2018-04-01
2018,"KAZAKHSTAN, REPUBLIC OF",April,158.0,4,2018-04-01
2018,"KENYA, REPUBLIC OF",April,49.0,4,2018-04-01
2018,KIRIBATI,April,0.0,4,2018-04-01
2018,KOSOVO,April,8.0,4,2018-04-01
2018,"KUWAIT, STATE OF",April,249.0,4,2018-04-01
2018,KYRGYZSTAN,April,10.0,4,2018-04-01
2018,"LAO, PEOPLE'S DEMOCRATIC REPUBLIC",April,13.0,4,2018-04-01
2018,LATVIA,April,172.0,4,2018-04-01
2018,LEBANON,April,676.0,4,2018-04-01
2018,LESOTHO,April,4.0,4,2018-04-01
2018,LIBERIA,April,1.0,4,2018-04-01
2018,"LIBYA, STATE OF",April,9.0,4,2018-04-01
2018,"LIECHTENSTEIN, PRINCIPALITY OF",April,10.0,4,2018-04-01
2018,LITHUANIA,April,241.0,4,2018-04-01
2018,LUXEMBOURG,April,78.0,4,2018-04-01
2018,"MACEDONIA, REPUBLIC OF",April,20.0,4,2018-04-01
2018,MADAGASCAR,April,8.0,4,2018-04-01
2018,MALAWI,April,1.0,4,2018-04-01
2018,MALAYSIA,April,1827.0,4,2018-04-01
2018,"MALDIVES, REPUBLIC OF",April,5696.0,4,2018-04-01
2018,"MALI, REPUBLIC OF",April,2.0,4,2018-04-01
2018,MALTA,April,34.0,4,2018-04-01
2018,"MARSHALL ISLANDS, REPUBLIC OF THE",April,0.0,4,2018-04-01
2018,"MAURITANIA, ISLAMIC REPUBLIC OF",April,0.0,4,2018-04-01
2018,"MAURITIUS, REPUBLIC OF",April,40.0,4,2018-04-01
2018,MEXICO,April,496.0,4,2018-04-01
2018,"MICRONESIA, FEDERATED STATES OF",April,0.0,4,2018-04-01
2018,"MOLDOVA, REPUBLIC OF",April,30.0,4,2018-04-01
2018,"MONACO, PRINCIPALITY OF",April,1.0,4,2018-04-01
2018,MONGOLIA,April,10.0,4,2018-04-01
2018,MONTENEGRO,April,11.0,4,2018-04-01
2018,"MOROCCO, KINGDOM OF",April,98.0,4,2018-04-01
2018,"MOZAMBIQUE, REPUBLIC OF",April,2.0,4,2018-04-01
2018,"MYANMAR, REPUBLIC OF THE UNION OF",April,309.0,4,2018-04-01
2018,NAMIBIA,April,6.0,4,2018-04-01
2018,NAURU,April,0.0,4,2018-04-01
2018,"NEPAL, FEDERAL DEMOCRATIC REPUBLIC OF",April,366.0,4,2018-04-01
2018,NETHERLAND ANTILLES,April,0.0,4,2018-04-01
2018,NETHERLANDS,April,3989.0,4,2018-04-01
2018,NEW ZEALAND,April,1540.0,4,2018-04-01
2018,NICARAGUA,April,6.0,4,2018-04-01
2018,NIGER,April,1.0,4,2018-04-01
2018,"NIGER,REPUBLIC OF",April,0.0,4,2018-04-01
2018,"NIGERIA, FEDERAL REPUBLIC OF",April,28.0,4,2018-04-01
2018,NORTH KOREA,April,0.0,4,2018-04-01
2018,"NORWAY, KINGDOM OF",April,690.0,4,2018-04-01
2018,"OMAN, SULTANATE OF",April,306.0,4,2018-04-01
2018,"PAKISTAN, ISLAMIC REPUBLIC OF",April,1384.0,4,2018-04-01
2018,PALAU,April,0.0,4,2018-04-01
2018,PALESTINIAN TERRITORIES,April,51.0,4,2018-04-01
2018,"PANAMA, REPUBLIC OF",April,10.0,4,2018-04-01
2018,PAPUA NEW GUINEA,April,7.0,4,2018-04-01
2018,PARAGUAY,April,3.0,4,2018-04-01
2018,"PERU, REPUBLIC OF",April,32.0,4,2018-04-01
2018,"PHILIPPINES, REPUBLIC OF",April,1631.0,4,2018-04-01
2018,POLAND,April,1163.0,4,2018-04-01
2018,PORTUGAL,April,524.0,4,2018-04-01
2018,"QATAR, STATE OF",April,111.0,4,2018-04-01
2018,ROMANIA,April,469.0,4,2018-04-01
2018,RUSSIAN FEDERATION,April,4027.0,4,2018-04-01
2018,RWANDA,April,0.0,4,2018-04-01
2018,SAINT KITTS & NEVIS,April,2.0,4,2018-04-01
2018,SAINT LUCIA,April,1.0,4,2018-04-01
2018,SAINT VINCENT & THE GRENADINES,April,1.0,4,2018-04-01
2018,SAMOA,April,0.0,4,2018-04-01
2018,"SAN MARINO, REPUBLIC OF",April,0.0,4,2018-04-01
2018,SAO TOME AND PRINCIPE,April,0.0,4,2018-04-01
2018,"SAUDI ARABIA, KINGDOM OF",April,1263.0,4,2018-04-01
2018,"SENEGAL, REPUBLIC OF",April,2.0,4,2018-04-01
2018,"SERBIA, REPUBLIC OF",April,123.0,4,2018-04-01
2018,SEYCHELLES,April,411.0,4,2018-04-01
2018,SIERRA LEONE,April,1.0,4,2018-04-01
2018,"SINGAPORE, REPUBLIC OF",April,1357.0,4,2018-04-01
2018,SLOVAK REPUBLIC,April,494.0,4,2018-04-01
2018,SLOVENIA,April,453.0,4,2018-04-01
2018,SOLOMAN ISLANDS,April,1.0,4,2018-04-01
2018,"SOMALIA, FEDERAL REPUBLIC OF",April,5.0,4,2018-04-01
2018,"SOUTH AFRICA, REPUBLIC OF",April,742.0,4,2018-04-01
2018,SOUTH KOREA,April,825.0,4,2018-04-01
2018,"SOUTH SUDAN, REPUBLIC OF",April,2.0,4,2018-04-01
2018,SPAIN,April,2072.0,4,2018-04-01
2018,SUDAN,April,37.0,4,2018-04-01
2018,SURINAME,April,1.0,4,2018-04-01
2018,SWAZILAND,April,9.0,4,2018-04-01
2018,SWEDEN,April,1073.0,4,2018-04-01
2018,SWITZERLAND,April,2845.0,4,2018-04-01
2018,SYRIAN ARAB REPUBLIC,April,32.0,4,2018-04-01
2018,TAIWAN (REPUBLIC OF CHINA),April,607.0,4,2018-04-01
2018,"TAJIKISTAN, REPUBLIC OF",April,8.0,4,2018-04-01
2018,"TANZANIA, UNITED REPUBLIC OF",April,15.0,4,2018-04-01
2018,"THAILAND, KINGDOM OF",April,691.0,4,2018-04-01
2018,"TIMOR-LESTE, DEMOCRATIC REPUBLIC OF",April,5.0,4,2018-04-01
2018,TOGO,April,2.0,4,2018-04-01
2018,TONGA,April,0.0,4,2018-04-01
2018,TRINIDAD & TOBAGO,April,8.0,4,2018-04-01
2018,"TUNISIA, REPUBLIC OF",April,56.0,4,2018-04-01
2018,"TURKEY, REPUBLIC OF",April,244.0,4,2018-04-01
2018,TURKMENISTAN,April,3.0,4,2018-04-01
2018,TUVALU,April,2.0,4,2018-04-01
2018,UGANDA,April,5.0,4,2018-04-01
2018,UKRAINE,April,2448.0,4,2018-04-01
2018,UNITED ARAB EMIRATES,April,291.0,4,2018-04-01
2018,UNITED KINGDOM,April,26063.0,4,2018-04-01
2018,UNITED STATES OF AMERICA,April,8679.0,4,2018-04-01
2018,"URUGUAY, ORIENTAL REPUBLIC OF",April,34.0,4,2018-04-01
2018,"UZBEKISTAN, REPUBLIC OF",April,24.0,4,2018-04-01
2018,"VANUATU, REPUBLIC OF",April,4.0,4,2018-04-01
2018,"VATICAN CITY, STATE OF",April,0.0,4,2018-04-01
2018,"VENEZUELA, BOLIVARIAN REPUBLIC OF",April,40.0,4,2018-04-01
2018,VIETNAM,April,342.0,4,2018-04-01
2018,"YEMEN, REPUBLIC OF",April,62.0,4,2018-04-01
2018,"ZAMBIA, REPUBLIC OF",April,3.0,4,2018-04-01
2018,"ZIMBABWE, REPUBLIC OF",April,11.0,4,2018-04-01
2018,"AFGHANISTAN, ISLAMIC REPUBLIC OF",May,108.0,5,2018-05-01
2018,"ALBANIA, REPUBLIC OF",May,12.0,5,2018-05-01
2018,"ALGERIA, PEOPLE'S DEMOCRATIC REPUBLIC OF",May,12.0,5,2018-05-01
2018,"ANDORRA, PRINCIPALITY OF",May,6.0,5,2018-05-01
2018,"ANGOLA, REPUBLIC OF",May,0.0,5,2018-05-01
2018,ANTIGUA & BARBUDA,May,1.0,5,2018-05-01
2018,ARGENTINA,May,122.0,5,2018-05-01
2018,"ARMENIA, REPUBLIC OF",May,53.0,5,2018-05-01
2018,AUSTRALIA,May,4873.0,5,2018-05-01
2018,AUSTRIA,May,637.0,5,2018-05-01
2018,"AZERBAIJAN, REPUBLIC OF",May,16.0,5,2018-05-01
2018,"BAHAMAS, COMMONWEALTH OF THE",May,6.0,5,2018-05-01
2018,"BAHRAIN, KINGDOM OF",May,108.0,5,2018-05-01
2018,"BANGLADESH, PEOPLE'S REPUBLIC OF",May,729.0,5,2018-05-01
2018,BARBADOS,May,3.0,5,2018-05-01
2018,"BELARUS, REPUBLIC OF",May,128.0,5,2018-05-01
2018,BELGIUM,May,494.0,5,2018-05-01
2018,BELIZE,May,0.0,5,2018-05-01
2018,BENIN,May,0.0,5,2018-05-01
2018,"BHUTAN, KINGDOM OF",May,30.0,5,2018-05-01
2018,BOLIVIA,May,2.0,5,2018-05-01
2018,BOSNIA & HERZEGOVINA,May,8.0,5,2018-05-01
2018,"BOTSWANA, REPUBLIC OF",May,0.0,5,2018-05-01
2018,"BRAZIL, FEDERATIVE REPUBLIC OF",May,124.0,5,2018-05-01
2018,"BRUNEI, NATION OF",May,6.0,5,2018-05-01
2018,BULGARIA,May,87.0,5,2018-05-01
2018,BURKINA FASO,May,1.0,5,2018-05-01
2018,BURUNDI,May,0.0,5,2018-05-01
2018,"CAMBODIA, KINGDOM OF",May,84.0,5,2018-05-01
2018,CAMEROON,May,0.0,5,2018-05-01
2018,CANADA,May,3297.0,5,2018-05-01
2018,CAPE VERDE,May,0.0,5,2018-05-01
2018,CENTRAL AFRICAN REPUBLIC,May,0.0,5,2018-05-01
2018,CHAD,May,0.0,5,2018-05-01
2018,"CHILE, REPUBLIC OF",May,55.0,5,2018-05-01
2018,"CHINA, PEOPLE'S REPUBLIC OF",May,17103.0,5,2018-05-01
2018,"COLOMBIA, REPUBLIC OF",May,33.0,5,2018-05-01
2018,COMOROS,May,9.0,5,2018-05-01
2018,"CONGO, DEMOCRATIC REPUBLIC OF THE",May,3.0,5,2018-05-01
2018,"CONGO, REPUBLIC OF THE",May,0.0,5,2018-05-01
2018,"COSTA RICA, REPUBLIC OF",May,3.0,5,2018-05-01
2018,"COTE D'IVOIRE, REPUBLIC OF",May,2.0,5,2018-05-01
2018,CROATIA,May,92.0,5,2018-05-01
2018,"CUBA, REPUBLIC OF",May,3.0,5,2018-05-01
2018,"CYPRUS, REPUBLIC OF",May,43.0,5,2018-05-01
2018,CZECH REPUBLIC,May,322.0,5,2018-05-01
2018,"DENMARK, KINGDOM OF",May,456.0,5,2018-05-01
2018,"DJIBOUTI, REPUBLIC OF",May,0.0,5,2018-05-01
2018,"DOMINICA, COMMONWEALTH OF",May,1.0,5,2018-05-01
2018,DOMINICAN REPUBLIC,May,6.0,5,2018-05-01
2018,"ECUADOR, REPUBLIC OF",May,0.0,5,2018-05-01
2018,"EGYPT, ARAB REPUBLIC OF",May,161.0,5,2018-05-01
2018,"EL SALVADOR, REPUBLIC OF",May,0.0,5,2018-05-01
2018,"ERITREA, STATE OF",May,4.0,5,2018-05-01
2018,ESTONIA,May,32.0,5,2018-05-01
2018,"ETHIOPIA, FEDERAL DEMOCRATIC REPUBLIC OF",May,28.0,5,2018-05-01
2018,"FIJI, REPUBLIC OF",May,10.0,5,2018-05-01
2018,FINLAND,May,230.0,5,2018-05-01
2018,FRANCE (FRENCH REPUBLIC),May,3721.0,5,2018-05-01
2018,GABON,May,0.0,5,2018-05-01
2018,"GAMBIA, THE",May,1.0,5,2018-05-01
2018,GEORGIA,May,44.0,5,2018-05-01
2018,GERMANY,May,6906.0,5,2018-05-01
2018,"GHANA, REPUBLIC OF",May,8.0,5,2018-05-01
2018,GREECE,May,620.0,5,2018-05-01
2018,GRENADA,May,2.0,5,2018-05-01
2018,"GUATEMALA, REPUBLIC OF",May,4.0,5,2018-05-01
2018,GUINEA- BISSAU,May,0.0,5,2018-05-01
2018,"GUYANA, COOPERATIVE REPUBLIC OF",May,1.0,5,2018-05-01
2018,"HAITI, REPUBLIC OF",May,0.0,5,2018-05-01
2018,"HONDURAS, REPUBLIC OF",May,5.0,5,2018-05-01
2018,HONG KONG,May,0.0,5,2018-05-01
2018,HUNGARY,May,103.0,5,2018-05-01
2018,ICELAND,May,11.0,5,2018-05-01
2018,"INDIA, REPUBLIC OF",May,42073.0,5,2018-05-01
2018,"INDONESIA, REPUBLIC OF",May,470.0,5,2018-05-01
2018,"IRAN, ISLAMIC REPUBLIC OF",May,268.0,5,2018-05-01
2018,"IRAQ, REPUBLIC OF",May,38.0,5,2018-05-01
2018,IRELAND,May,384.0,5,2018-05-01
2018,"ISRAEL, STATE OF",May,399.0,5,2018-05-01
2018,ITALY,May,1058.0,5,2018-05-01
2018,JAMAICA,May,6.0,5,2018-05-01
2018,JAPAN,May,4229.0,5,2018-05-01
2018,"JORDAN, THE HASHEMITE KINGDOM OF",May,117.0,5,2018-05-01
2018,"KAZAKHSTAN, REPUBLIC OF",May,73.0,5,2018-05-01
2018,"KENYA, REPUBLIC OF",May,59.0,5,2018-05-01
2018,KIRIBATI,May,0.0,5,2018-05-01
2018,KOSOVO,May,0.0,5,2018-05-01
2018,"KUWAIT, STATE OF",May,143.0,5,2018-05-01
2018,KYRGYZSTAN,May,17.0,5,2018-05-01
2018,"LAO, PEOPLE'S DEMOCRATIC REPUBLIC",May,39.0,5,2018-05-01
2018,LATVIA,May,73.0,5,2018-05-01
2018,LEBANON,May,225.0,5,2018-05-01
2018,LESOTHO,May,0.0,5,2018-05-01
2018,LIBERIA,May,4.0,5,2018-05-01
2018,"LIBYA, STATE OF",May,9.0,5,2018-05-01
2018,"LIECHTENSTEIN, PRINCIPALITY OF",May,6.0,5,2018-05-01
2018,LITHUANIA,May,203.0,5,2018-05-01
2018,LUXEMBOURG,May,20.0,5,2018-05-01
2018,"MACEDONIA, REPUBLIC OF",May,13.0,5,2018-05-01
2018,MADAGASCAR,May,8.0,5,2018-05-01
2018,MALAWI,May,3.0,5,2018-05-01
2018,MALAYSIA,May,1604.0,5,2018-05-01
2018,"MALDIVES, REPUBLIC OF",May,4343.0,5,2018-05-01
2018,"MALI, REPUBLIC OF",May,1.0,5,2018-05-01
2018,MALTA,May,13.0,5,2018-05-01
2018,"MARSHALL ISLANDS, REPUBLIC OF THE",May,1.0,5,2018-05-01
2018,"MAURITANIA, ISLAMIC REPUBLIC OF",May,0.0,5,2018-05-01
2018,"MAURITIUS, REPUBLIC OF",May,24.0,5,2018-05-01
2018,MEXICO,May,72.0,5,2018-05-01
2018,"MICRONESIA, FEDERATED STATES OF",May,0.0,5,2018-05-01
2018,"MOLDOVA, REPUBLIC OF",May,18.0,5,2018-05-01
2018,"MONACO, PRINCIPALITY OF",May,1.0,5,2018-05-01
2018,MONGOLIA,May,6.0,5,2018-05-01
2018,MONTENEGRO,May,11.0,5,2018-05-01
2018,"MOROCCO, KINGDOM OF",May,31.0,5,2018-05-01
2018,"MOZAMBIQUE, REPUBLIC OF",May,0.0,5,2018-05-01
2018,"MYANMAR, REPUBLIC OF THE UNION OF",May,113.0,5,2018-05-01
2018,NAMIBIA,May,1.0,5,2018-05-01
2018,NAURU,May,0.0,5,2018-05-01
2018,"NEPAL, FEDERAL DEMOCRATIC REPUBLIC OF",May,472.0,5,2018-05-01
2018,NETHERLAND ANTILLES,May,0.0,5,2018-05-01
2018,NETHERLANDS,May,2051.0,5,2018-05-01
2018,NEW ZEALAND,May,620.0,5,2018-05-01
2018,NICARAGUA,May,1.0,5,2018-05-01
2018,NIGER,May,1.0,5,2018-05-01
2018,"NIGER,REPUBLIC OF",May,0.0,5,2018-05-01
2018,"NIGERIA, FEDERAL REPUBLIC OF",May,39.0,5,2018-05-01
2018,NORTH KOREA,May,0.0,5,2018-05-01
2018,"NORWAY, KINGDOM OF",May,511.0,5,2018-05-01
2018,"OMAN, SULTANATE OF",May,84.0,5,2018-05-01
2018,"PAKISTAN, ISLAMIC REPUBLIC OF",May,1150.0,5,2018-05-01
2018,PALAU,May,0.0,5,2018-05-01
2018,PALESTINIAN TERRITORIES,May,52.0,5,2018-05-01
2018,"PANAMA, REPUBLIC OF",May,3.0,5,2018-05-01
2018,PAPUA NEW GUINEA,May,2.0,5,2018-05-01
2018,PARAGUAY,May,0.0,5,2018-05-01
2018,"PERU, REPUBLIC OF",May,21.0,5,2018-05-01
2018,"PHILIPPINES, REPUBLIC OF",May,1656.0,5,2018-05-01
2018,POLAND,May,661.0,5,2018-05-01
2018,PORTUGAL,May,191.0,5,2018-05-01
2018,"QATAR, STATE OF",May,53.0,5,2018-05-01
2018,ROMANIA,May,150.0,5,2018-05-01
2018,RUSSIAN FEDERATION,May,1264.0,5,2018-05-01
2018,RWANDA,May,1.0,5,2018-05-01
2018,SAINT KITTS & NEVIS,May,3.0,5,2018-05-01
2018,SAINT LUCIA,May,0.0,5,2018-05-01
2018,SAINT VINCENT & THE GRENADINES,May,0.0,5,2018-05-01
2018,SAMOA,May,1.0,5,2018-05-01
2018,"SAN MARINO, REPUBLIC OF",May,0.0,5,2018-05-01
2018,SAO TOME AND PRINCIPE,May,0.0,5,2018-05-01
2018,"SAUDI ARABIA, KINGDOM OF",May,666.0,5,2018-05-01
2018,"SENEGAL, REPUBLIC OF",May,4.0,5,2018-05-01
2018,"SERBIA, REPUBLIC OF",May,47.0,5,2018-05-01
2018,SEYCHELLES,May,0.0,5,2018-05-01
2018,SIERRA LEONE,May,0.0,5,2018-05-01
2018,"SINGAPORE, REPUBLIC OF",May,1461.0,5,2018-05-01
2018,SLOVAK REPUBLIC,May,153.0,5,2018-05-01
2018,SLOVENIA,May,51.0,5,2018-05-01
2018,SOLOMAN ISLANDS,May,0.0,5,2018-05-01
2018,"SOMALIA, FEDERAL REPUBLIC OF",May,3.0,5,2018-05-01
2018,"SOUTH AFRICA, REPUBLIC OF",May,259.0,5,2018-05-01
2018,SOUTH KOREA,May,892.0,5,2018-05-01
2018,"SOUTH SUDAN, REPUBLIC OF",May,1.0,5,2018-05-01
2018,SPAIN,May,1002.0,5,2018-05-01
2018,SUDAN,May,52.0,5,2018-05-01
2018,SURINAME,May,1.0,5,2018-05-01
2018,SWAZILAND,May,1.0,5,2018-05-01
2018,SWEDEN,May,471.0,5,2018-05-01
2018,SWITZERLAND,May,1128.0,5,2018-05-01
2018,SYRIAN ARAB REPUBLIC,May,6.0,5,2018-05-01
2018,TAIWAN (REPUBLIC OF CHINA),May,565.0,5,2018-05-01
2018,"TAJIKISTAN, REPUBLIC OF",May,3.0,5,2018-05-01
2018,"TANZANIA, UNITED REPUBLIC OF",May,16.0,5,2018-05-01
2018,"THAILAND, KINGDOM OF",May,745.0,5,2018-05-01
2018,"TIMOR-LESTE, DEMOCRATIC REPUBLIC OF",May,1.0,5,2018-05-01
2018,TOGO,May,0.0,5,2018-05-01
2018,TONGA,May,0.0,5,2018-05-01
2018,TRINIDAD & TOBAGO,May,4.0,5,2018-05-01
2018,"TUNISIA, REPUBLIC OF",May,29.0,5,2018-05-01
2018,"TURKEY, REPUBLIC OF",May,288.0,5,2018-05-01
2018,TURKMENISTAN,May,1.0,5,2018-05-01
2018,TUVALU,May,0.0,5,2018-05-01
2018,UGANDA,May,6.0,5,2018-05-01
2018,UKRAINE,May,1386.0,5,2018-05-01
2018,UNITED ARAB EMIRATES,May,230.0,5,2018-05-01
2018,UNITED KINGDOM,May,9337.0,5,2018-05-01
2018,UNITED STATES OF AMERICA,May,4123.0,5,2018-05-01
2018,"URUGUAY, ORIENTAL REPUBLIC OF",May,6.0,5,2018-05-01
2018,"UZBEKISTAN, REPUBLIC OF",May,26.0,5,2018-05-01
2018,"VANUATU, REPUBLIC OF",May,1.0,5,2018-05-01
2018,"VATICAN CITY, STATE OF",May,0.0,5,2018-05-01
2018,"VENEZUELA, BOLIVARIAN REPUBLIC OF",May,16.0,5,2018-05-01
2018,VIETNAM,May,269.0,5,2018-05-01
2018,"YEMEN, REPUBLIC OF",May,62.0,5,2018-05-01
2018,"ZAMBIA, REPUBLIC OF",May,6.0,5,2018-05-01
2018,"ZIMBABWE, REPUBLIC OF",May,16.0,5,2018-05-01
2018,"AFGHANISTAN, ISLAMIC REPUBLIC OF",June,44.0,6,2018-06-01
2018,"ALBANIA, REPUBLIC OF",June,15.0,6,2018-06-01
2018,"ALGERIA, PEOPLE'S DEMOCRATIC REPUBLIC OF",June,19.0,6,2018-06-01
2018,"ANDORRA, PRINCIPALITY OF",June,0.0,6,2018-06-01
2018,"ANGOLA, REPUBLIC OF",June,0.0,6,2018-06-01
2018,ANTIGUA & BARBUDA,June,1.0,6,2018-06-01
2018,ARGENTINA,June,50.0,6,2018-06-01
2018,"ARMENIA, REPUBLIC OF",June,87.0,6,2018-06-01
2018,AUSTRALIA,June,9997.0,6,2018-06-01
2018,AUSTRIA,June,543.0,6,2018-06-01
2018,"AZERBAIJAN, REPUBLIC OF",June,13.0,6,2018-06-01
2018,"BAHAMAS, COMMONWEALTH OF THE",June,1.0,6,2018-06-01
2018,"BAHRAIN, KINGDOM OF",June,245.0,6,2018-06-01
2018,"BANGLADESH, PEOPLE'S REPUBLIC OF",June,1030.0,6,2018-06-01
2018,BARBADOS,June,0.0,6,2018-06-01
2018,"BELARUS, REPUBLIC OF",June,122.0,6,2018-06-01
2018,BELGIUM,June,785.0,6,2018-06-01
2018,BELIZE,June,0.0,6,2018-06-01
2018,BENIN,June,0.0,6,2018-06-01
2018,"BHUTAN, KINGDOM OF",June,41.0,6,2018-06-01
2018,BOLIVIA,June,8.0,6,2018-06-01
2018,BOSNIA & HERZEGOVINA,June,16.0,6,2018-06-01
2018,"BOTSWANA, REPUBLIC OF",June,3.0,6,2018-06-01
2018,"BRAZIL, FEDERATIVE REPUBLIC OF",June,116.0,6,2018-06-01
2018,"BRUNEI, NATION OF",June,5.0,6,2018-06-01
2018,BULGARIA,June,85.0,6,2018-06-01
2018,BURKINA FASO,June,0.0,6,2018-06-01
2018,BURUNDI,June,0.0,6,2018-06-01
2018,"CAMBODIA, KINGDOM OF",June,38.0,6,2018-06-01
2018,CAMEROON,June,4.0,6,2018-06-01
2018,CANADA,June,4676.0,6,2018-06-01
2018,CAPE VERDE,June,0.0,6,2018-06-01
2018,CENTRAL AFRICAN REPUBLIC,June,0.0,6,2018-06-01
2018,CHAD,June,0.0,6,2018-06-01
2018,"CHILE, REPUBLIC OF",June,43.0,6,2018-06-01
2018,"CHINA, PEOPLE'S REPUBLIC OF",June,20424.0,6,2018-06-01
2018,"COLOMBIA, REPUBLIC OF",June,32.0,6,2018-06-01
2018,COMOROS,June,9.0,6,2018-06-01
2018,"CONGO, DEMOCRATIC REPUBLIC OF THE",June,4.0,6,2018-06-01
2018,"CONGO, REPUBLIC OF THE",June,0.0,6,2018-06-01
2018,"COSTA RICA, REPUBLIC OF",June,3.0,6,2018-06-01
2018,"COTE D'IVOIRE, REPUBLIC OF",June,2.0,6,2018-06-01
2018,CROATIA,June,70.0,6,2018-06-01
2018,"CUBA, REPUBLIC OF",June,3.0,6,2018-06-01
2018,"CYPRUS, REPUBLIC OF",June,44.0,6,2018-06-01
2018,CZECH REPUBLIC,June,571.0,6,2018-06-01
2018,"DENMARK, KINGDOM OF",June,959.0,6,2018-06-01
2018,"DJIBOUTI, REPUBLIC OF",June,0.0,6,2018-06-01
2018,"DOMINICA, COMMONWEALTH OF",June,3.0,6,2018-06-01
2018,DOMINICAN REPUBLIC,June,8.0,6,2018-06-01
2018,"ECUADOR, REPUBLIC OF",June,5.0,6,2018-06-01
2018,"EGYPT, ARAB REPUBLIC OF",June,278.0,6,2018-06-01
2018,"EL SALVADOR, REPUBLIC OF",June,5.0,6,2018-06-01
2018,"ERITREA, STATE OF",June,5.0,6,2018-06-01
2018,ESTONIA,June,34.0,6,2018-06-01
2018,"ETHIOPIA, FEDERAL DEMOCRATIC REPUBLIC OF",June,9.0,6,2018-06-01
2018,"FIJI, REPUBLIC OF",June,10.0,6,2018-06-01
2018,FINLAND,June,298.0,6,2018-06-01
2018,FRANCE (FRENCH REPUBLIC),June,3688.0,6,2018-06-01
2018,GABON,June,1.0,6,2018-06-01
2018,"GAMBIA, THE",June,1.0,6,2018-06-01
2018,GEORGIA,June,26.0,6,2018-06-01
2018,GERMANY,June,5792.0,6,2018-06-01
2018,"GHANA, REPUBLIC OF",June,9.0,6,2018-06-01
2018,GREECE,June,489.0,6,2018-06-01
2018,GRENADA,June,3.0,6,2018-06-01
2018,"GUATEMALA, REPUBLIC OF",June,3.0,6,2018-06-01
2018,GUINEA- BISSAU,June,0.0,6,2018-06-01
2018,"GUYANA, COOPERATIVE REPUBLIC OF",June,0.0,6,2018-06-01
2018,"HAITI, REPUBLIC OF",June,1.0,6,2018-06-01
2018,"HONDURAS, REPUBLIC OF",June,2.0,6,2018-06-01
2018,HONG KONG,June,1.0,6,2018-06-01
2018,HUNGARY,June,138.0,6,2018-06-01
2018,ICELAND,June,18.0,6,2018-06-01
2018,"INDIA, REPUBLIC OF",June,32971.0,6,2018-06-01
2018,"INDONESIA, REPUBLIC OF",June,349.0,6,2018-06-01
2018,"IRAN, ISLAMIC REPUBLIC OF",June,332.0,6,2018-06-01
2018,"IRAQ, REPUBLIC OF",June,134.0,6,2018-06-01
2018,IRELAND,June,710.0,6,2018-06-01
2018,"ISRAEL, STATE OF",June,699.0,6,2018-06-01
2018,ITALY,June,1367.0,6,2018-06-01
2018,JAMAICA,June,7.0,6,2018-06-01
2018,JAPAN,June,3074.0,6,2018-06-01
2018,"JORDAN, THE HASHEMITE KINGDOM OF",June,268.0,6,2018-06-01
2018,"KAZAKHSTAN, REPUBLIC OF",June,67.0,6,2018-06-01
2018,"KENYA, REPUBLIC OF",June,44.0,6,2018-06-01
2018,KIRIBATI,June,1.0,6,2018-06-01
2018,KOSOVO,June,1.0,6,2018-06-01
2018,"KUWAIT, STATE OF",June,226.0,6,2018-06-01
2018,KYRGYZSTAN,June,28.0,6,2018-06-01
2018,"LAO, PEOPLE'S DEMOCRATIC REPUBLIC",June,7.0,6,2018-06-01
2018,LATVIA,June,73.0,6,2018-06-01
2018,LEBANON,June,365.0,6,2018-06-01
2018,LESOTHO,June,0.0,6,2018-06-01
2018,LIBERIA,June,1.0,6,2018-06-01
2018,"LIBYA, STATE OF",June,13.0,6,2018-06-01
2018,"LIECHTENSTEIN, PRINCIPALITY OF",June,5.0,6,2018-06-01
2018,LITHUANIA,June,224.0,6,2018-06-01
2018,LUXEMBOURG,June,17.0,6,2018-06-01
2018,"MACEDONIA, REPUBLIC OF",June,15.0,6,2018-06-01
2018,MADAGASCAR,June,3.0,6,2018-06-01
2018,MALAWI,June,0.0,6,2018-06-01
2018,MALAYSIA,June,2389.0,6,2018-06-01
2018,"MALDIVES, REPUBLIC OF",June,5362.0,6,2018-06-01
2018,"MALI, REPUBLIC OF",June,0.0,6,2018-06-01
2018,MALTA,June,14.0,6,2018-06-01
2018,"MARSHALL ISLANDS, REPUBLIC OF THE",June,0.0,6,2018-06-01
2018,"MAURITANIA, ISLAMIC REPUBLIC OF",June,0.0,6,2018-06-01
2018,"MAURITIUS, REPUBLIC OF",June,34.0,6,2018-06-01
2018,MEXICO,June,60.0,6,2018-06-01
2018,"MICRONESIA, FEDERATED STATES OF",June,0.0,6,2018-06-01
2018,"MOLDOVA, REPUBLIC OF",June,11.0,6,2018-06-01
2018,"MONACO, PRINCIPALITY OF",June,1.0,6,2018-06-01
2018,MONGOLIA,June,10.0,6,2018-06-01
2018,MONTENEGRO,June,24.0,6,2018-06-01
2018,"MOROCCO, KINGDOM OF",June,60.0,6,2018-06-01
2018,"MOZAMBIQUE, REPUBLIC OF",June,1.0,6,2018-06-01
2018,"MYANMAR, REPUBLIC OF THE UNION OF",June,127.0,6,2018-06-01
2018,NAMIBIA,June,5.0,6,2018-06-01
2018,NAURU,June,0.0,6,2018-06-01
2018,"NEPAL, FEDERAL DEMOCRATIC REPUBLIC OF",June,444.0,6,2018-06-01
2018,NETHERLAND ANTILLES,June,0.0,6,2018-06-01
2018,NETHERLANDS,June,2350.0,6,2018-06-01
2018,NEW ZEALAND,June,1613.0,6,2018-06-01
2018,NICARAGUA,June,1.0,6,2018-06-01
2018,NIGER,June,0.0,6,2018-06-01
2018,"NIGER,REPUBLIC OF",June,0.0,6,2018-06-01
2018,"NIGERIA, FEDERAL REPUBLIC OF",June,22.0,6,2018-06-01
2018,NORTH KOREA,June,0.0,6,2018-06-01
2018,"NORWAY, KINGDOM OF",June,2272.0,6,2018-06-01
2018,"OMAN, SULTANATE OF",June,539.0,6,2018-06-01
2018,"PAKISTAN, ISLAMIC REPUBLIC OF",June,1454.0,6,2018-06-01
2018,PALAU,June,0.0,6,2018-06-01
2018,PALESTINIAN TERRITORIES,June,113.0,6,2018-06-01
2018,"PANAMA, REPUBLIC OF",June,5.0,6,2018-06-01
2018,PAPUA NEW GUINEA,June,6.0,6,2018-06-01
2018,PARAGUAY,June,1.0,6,2018-06-01
2018,"PERU, REPUBLIC OF",June,6.0,6,2018-06-01
2018,"PHILIPPINES, REPUBLIC OF",June,1673.0,6,2018-06-01
2018,POLAND,June,710.0,6,2018-06-01
2018,PORTUGAL,June,253.0,6,2018-06-01
2018,"QATAR, STATE OF",June,183.0,6,2018-06-01
2018,ROMANIA,June,205.0,6,2018-06-01
2018,RUSSIAN FEDERATION,June,1135.0,6,2018-06-01
2018,RWANDA,June,0.0,6,2018-06-01
2018,SAINT KITTS & NEVIS,June,0.0,6,2018-06-01
2018,SAINT LUCIA,June,1.0,6,2018-06-01
2018,SAINT VINCENT & THE GRENADINES,June,0.0,6,2018-06-01
2018,SAMOA,June,1.0,6,2018-06-01
2018,"SAN MARINO, REPUBLIC OF",June,2.0,6,2018-06-01
2018,SAO TOME AND PRINCIPE,June,1.0,6,2018-06-01
2018,"SAUDI ARABIA, KINGDOM OF",June,5422.0,6,2018-06-01
2018,"SENEGAL, REPUBLIC OF",June,3.0,6,2018-06-01
2018,"SERBIA, REPUBLIC OF",June,60.0,6,2018-06-01
2018,SEYCHELLES,June,2.0,6,2018-06-01
2018,SIERRA LEONE,June,1.0,6,2018-06-01
2018,"SINGAPORE, REPUBLIC OF",June,1979.0,6,2018-06-01
2018,SLOVAK REPUBLIC,June,145.0,6,2018-06-01
2018,SLOVENIA,June,107.0,6,2018-06-01
2018,SOLOMAN ISLANDS,June,5.0,6,2018-06-01
2018,"SOMALIA, FEDERAL REPUBLIC OF",June,11.0,6,2018-06-01
2018,"SOUTH AFRICA, REPUBLIC OF",June,520.0,6,2018-06-01
2018,SOUTH KOREA,June,963.0,6,2018-06-01
2018,"SOUTH SUDAN, REPUBLIC OF",June,0.0,6,2018-06-01
2018,SPAIN,June,1516.0,6,2018-06-01
2018,SUDAN,June,100.0,6,2018-06-01
2018,SURINAME,June,1.0,6,2018-06-01
2018,SWAZILAND,June,0.0,6,2018-06-01
2018,SWEDEN,June,889.0,6,2018-06-01
2018,SWITZERLAND,June,1342.0,6,2018-06-01
2018,SYRIAN ARAB REPUBLIC,June,3.0,6,2018-06-01
2018,TAIWAN (REPUBLIC OF CHINA),June,412.0,6,2018-06-01
2018,"TAJIKISTAN, REPUBLIC OF",June,4.0,6,2018-06-01
2018,"TANZANIA, UNITED REPUBLIC OF",June,29.0,6,2018-06-01
2018,"THAILAND, KINGDOM OF",June,870.0,6,2018-06-01
2018,"TIMOR-LESTE, DEMOCRATIC REPUBLIC OF",June,2.0,6,2018-06-01
2018,TOGO,June,1.0,6,2018-06-01
2018,TONGA,June,1.0,6,2018-06-01
2018,TRINIDAD & TOBAGO,June,9.0,6,2018-06-01
2018,"TUNISIA, REPUBLIC OF",June,39.0,6,2018-06-01
2018,"TURKEY, REPUBLIC OF",June,169.0,6,2018-06-01
2018,TURKMENISTAN,June,0.0,6,2018-06-01
2018,TUVALU,June,3.0,6,2018-06-01
2018,UGANDA,June,5.0,6,2018-06-01
2018,UKRAINE,June,1191.0,6,2018-06-01
2018,UNITED ARAB EMIRATES,June,488.0,6,2018-06-01
2018,UNITED KINGDOM,June,12104.0,6,2018-06-01
2018,UNITED STATES OF AMERICA,June,4979.0,6,2018-06-01
2018,"URUGUAY, ORIENTAL REPUBLIC OF",June,3.0,6,2018-06-01
2018,"UZBEKISTAN, REPUBLIC OF",June,30.0,6,2018-06-01
2018,"VANUATU, REPUBLIC OF",June,3.0,6,2018-06-01
2018,"VATICAN CITY, STATE OF",June,0.0,6,2018-06-01
2018,"VENEZUELA, BOLIVARIAN REPUBLIC OF",June,11.0,6,2018-06-01
2018,VIETNAM,June,212.0,6,2018-06-01
2018,"YEMEN, REPUBLIC OF",June,156.0,6,2018-06-01
2018,"ZAMBIA, REPUBLIC OF",June,5.0,6,2018-06-01
2018,"ZIMBABWE, REPUBLIC OF",June,9.0,6,2018-06-01
2018,"AFGHANISTAN, ISLAMIC REPUBLIC OF",July,47.0,7,2018-07-01
2018,"ALBANIA, REPUBLIC OF",July,11.0,7,2018-07-01
2018,"ALGERIA, PEOPLE'S DEMOCRATIC REPUBLIC OF",July,24.0,7,2018-07-01
2018,"ANDORRA, PRINCIPALITY OF",July,5.0,7,2018-07-01
2018,"ANGOLA, REPUBLIC OF",July,0.0,7,2018-07-01
2018,ANTIGUA & BARBUDA,July,2.0,7,2018-07-01
2018,ARGENTINA,July,71.0,7,2018-07-01
2018,"ARMENIA, REPUBLIC OF",July,105.0,7,2018-07-01
2018,AUSTRALIA,July,8801.0,7,2018-07-01
2018,AUSTRIA,July,1642.0,7,2018-07-01
2018,"AZERBAIJAN, REPUBLIC OF",July,30.0,7,2018-07-01
2018,"BAHAMAS, COMMONWEALTH OF THE",July,0.0,7,2018-07-01
2018,"BAHRAIN, KINGDOM OF",July,392.0,7,2018-07-01
2018,"BANGLADESH, PEOPLE'S REPUBLIC OF",July,857.0,7,2018-07-01
2018,BARBADOS,July,0.0,7,2018-07-01
2018,"BELARUS, REPUBLIC OF",July,71.0,7,2018-07-01
2018,BELGIUM,July,3681.0,7,2018-07-01
2018,BELIZE,July,1.0,7,2018-07-01
2018,BENIN,July,1.0,7,2018-07-01
2018,"BHUTAN, KINGDOM OF",July,49.0,7,2018-07-01
2018,BOLIVIA,July,4.0,7,2018-07-01
2018,BOSNIA & HERZEGOVINA,July,15.0,7,2018-07-01
2018,"BOTSWANA, REPUBLIC OF",July,4.0,7,2018-07-01
2018,"BRAZIL, FEDERATIVE REPUBLIC OF",July,117.0,7,2018-07-01
2018,"BRUNEI, NATION OF",July,13.0,7,2018-07-01
2018,BULGARIA,July,110.0,7,2018-07-01
2018,BURKINA FASO,July,1.0,7,2018-07-01
2018,BURUNDI,July,1.0,7,2018-07-01
2018,"CAMBODIA, KINGDOM OF",July,51.0,7,2018-07-01
2018,CAMEROON,July,2.0,7,2018-07-01
2018,CANADA,July,6017.0,7,2018-07-01
2018,CAPE VERDE,July,2.0,7,2018-07-01
2018,CENTRAL AFRICAN REPUBLIC,July,1.0,7,2018-07-01
2018,CHAD,July,1.0,7,2018-07-01
2018,"CHILE, REPUBLIC OF",July,64.0,7,2018-07-01
2018,"CHINA, PEOPLE'S REPUBLIC OF",July,27460.0,7,2018-07-01
2018,"COLOMBIA, REPUBLIC OF",July,53.0,7,2018-07-01
2018,COMOROS,July,47.0,7,2018-07-01
2018,"CONGO, DEMOCRATIC REPUBLIC OF THE",July,1.0,7,2018-07-01
2018,"CONGO, REPUBLIC OF THE",July,1.0,7,2018-07-01
2018,"COSTA RICA, REPUBLIC OF",July,0.0,7,2018-07-01
2018,"COTE D'IVOIRE, REPUBLIC OF",July,3.0,7,2018-07-01
2018,CROATIA,July,129.0,7,2018-07-01
2018,"CUBA, REPUBLIC OF",July,2.0,7,2018-07-01
2018,"CYPRUS, REPUBLIC OF",July,91.0,7,2018-07-01
2018,CZECH REPUBLIC,July,1050.0,7,2018-07-01
2018,"DENMARK, KINGDOM OF",July,2951.0,7,2018-07-01
2018,"DJIBOUTI, REPUBLIC OF",July,0.0,7,2018-07-01
2018,"DOMINICA, COMMONWEALTH OF",July,4.0,7,2018-07-01
2018,DOMINICAN REPUBLIC,July,6.0,7,2018-07-01
2018,"ECUADOR, REPUBLIC OF",July,2.0,7,2018-07-01
2018,"EGYPT, ARAB REPUBLIC OF",July,466.0,7,2018-07-01
2018,"EL SALVADOR, REPUBLIC OF",July,12.0,7,2018-07-01
2018,"ERITREA, STATE OF",July,3.0,7,2018-07-01
2018,ESTONIA,July,28.0,7,2018-07-01
2018,"ETHIOPIA, FEDERAL DEMOCRATIC REPUBLIC OF",July,22.0,7,2018-07-01
2018,"FIJI, REPUBLIC OF",July,16.0,7,2018-07-01
2018,FINLAND,July,242.0,7,2018-07-01
2018,FRANCE (FRENCH REPUBLIC),July,11303.0,7,2018-07-01
2018,GABON,July,1.0,7,2018-07-01
2018,"GAMBIA, THE",July,1.0,7,2018-07-01
2018,GEORGIA,July,37.0,7,2018-07-01
2018,GERMANY,July,10825.0,7,2018-07-01
2018,"GHANA, REPUBLIC OF",July,8.0,7,2018-07-01
2018,GREECE,July,570.0,7,2018-07-01
2018,GRENADA,July,0.0,7,2018-07-01
2018,"GUATEMALA, REPUBLIC OF",July,5.0,7,2018-07-01
2018,GUINEA- BISSAU,July,0.0,7,2018-07-01
2018,"GUYANA, COOPERATIVE REPUBLIC OF",July,2.0,7,2018-07-01
2018,"HAITI, REPUBLIC OF",July,1.0,7,2018-07-01
2018,"HONDURAS, REPUBLIC OF",July,3.0,7,2018-07-01
2018,HONG KONG,July,3.0,7,2018-07-01
2018,HUNGARY,July,163.0,7,2018-07-01
2018,ICELAND,July,51.0,7,2018-07-01
2018,"INDIA, REPUBLIC OF",July,31032.0,7,2018-07-01
2018,"INDONESIA, REPUBLIC OF",July,468.0,7,2018-07-01
2018,"IRAN, ISLAMIC REPUBLIC OF",July,710.0,7,2018-07-01
2018,"IRAQ, REPUBLIC OF",July,78.0,7,2018-07-01
2018,IRELAND,July,1104.0,7,2018-07-01
2018,"ISRAEL, STATE OF",July,1345.0,7,2018-07-01
2018,ITALY,July,3247.0,7,2018-07-01
2018,JAMAICA,July,7.0,7,2018-07-01
2018,JAPAN,July,3798.0,7,2018-07-01
2018,"JORDAN, THE HASHEMITE KINGDOM OF",July,230.0,7,2018-07-01
2018,"KAZAKHSTAN, REPUBLIC OF",July,112.0,7,2018-07-01
2018,"KENYA, REPUBLIC OF",July,95.0,7,2018-07-01
2018,KIRIBATI,July,1.0,7,2018-07-01
2018,KOSOVO,July,5.0,7,2018-07-01
2018,"KUWAIT, STATE OF",July,335.0,7,2018-07-01
2018,KYRGYZSTAN,July,28.0,7,2018-07-01
2018,"LAO, PEOPLE'S DEMOCRATIC REPUBLIC",July,3.0,7,2018-07-01
2018,LATVIA,July,33.0,7,2018-07-01
2018,LEBANON,July,546.0,7,2018-07-01
2018,LESOTHO,July,2.0,7,2018-07-01
2018,LIBERIA,July,0.0,7,2018-07-01
2018,"LIBYA, STATE OF",July,6.0,7,2018-07-01
2018,"LIECHTENSTEIN, PRINCIPALITY OF",July,13.0,7,2018-07-01
2018,LITHUANIA,July,163.0,7,2018-07-01
2018,LUXEMBOURG,July,82.0,7,2018-07-01
2018,"MACEDONIA, REPUBLIC OF",July,38.0,7,2018-07-01
2018,MADAGASCAR,July,8.0,7,2018-07-01
2018,MALAWI,July,3.0,7,2018-07-01
2018,MALAYSIA,July,1666.0,7,2018-07-01
2018,"MALDIVES, REPUBLIC OF",July,6348.0,7,2018-07-01
2018,"MALI, REPUBLIC OF",July,2.0,7,2018-07-01
2018,MALTA,July,53.0,7,2018-07-01
2018,"MARSHALL ISLANDS, REPUBLIC OF THE",July,0.0,7,2018-07-01
2018,"MAURITANIA, ISLAMIC REPUBLIC OF",July,0.0,7,2018-07-01
2018,"MAURITIUS, REPUBLIC OF",July,72.0,7,2018-07-01
2018,MEXICO,July,76.0,7,2018-07-01
2018,"MICRONESIA, FEDERATED STATES OF",July,0.0,7,2018-07-01
2018,"MOLDOVA, REPUBLIC OF",July,14.0,7,2018-07-01
2018,"MONACO, PRINCIPALITY OF",July,2.0,7,2018-07-01
2018,MONGOLIA,July,21.0,7,2018-07-01
2018,MONTENEGRO,July,8.0,7,2018-07-01
2018,"MOROCCO, KINGDOM OF",July,72.0,7,2018-07-01
2018,"MOZAMBIQUE, REPUBLIC OF",July,3.0,7,2018-07-01
2018,"MYANMAR, REPUBLIC OF THE UNION OF",July,230.0,7,2018-07-01
2018,NAMIBIA,July,0.0,7,2018-07-01
2018,NAURU,July,0.0,7,2018-07-01
2018,"NEPAL, FEDERAL DEMOCRATIC REPUBLIC OF",July,352.0,7,2018-07-01
2018,NETHERLAND ANTILLES,July,0.0,7,2018-07-01
2018,NETHERLANDS,July,13342.0,7,2018-07-01
2018,NEW ZEALAND,July,1376.0,7,2018-07-01
2018,NICARAGUA,July,2.0,7,2018-07-01
2018,NIGER,July,2.0,7,2018-07-01
2018,"NIGER,REPUBLIC OF",July,0.0,7,2018-07-01
2018,"NIGERIA, FEDERAL REPUBLIC OF",July,24.0,7,2018-07-01
2018,NORTH KOREA,July,0.0,7,2018-07-01
2018,"NORWAY, KINGDOM OF",July,3067.0,7,2018-07-01
2018,"OMAN, SULTANATE OF",July,2171.0,7,2018-07-01
2018,"PAKISTAN, ISLAMIC REPUBLIC OF",July,1924.0,7,2018-07-01
2018,PALAU,July,0.0,7,2018-07-01
2018,PALESTINIAN TERRITORIES,July,167.0,7,2018-07-01
2018,"PANAMA, REPUBLIC OF",July,0.0,7,2018-07-01
2018,PAPUA NEW GUINEA,July,8.0,7,2018-07-01
2018,PARAGUAY,July,1.0,7,2018-07-01
2018,"PERU, REPUBLIC OF",July,20.0,7,2018-07-01
2018,"PHILIPPINES, REPUBLIC OF",July,1681.0,7,2018-07-01
2018,POLAND,July,1281.0,7,2018-07-01
2018,PORTUGAL,July,337.0,7,2018-07-01
2018,"QATAR, STATE OF",July,267.0,7,2018-07-01
2018,ROMANIA,July,211.0,7,2018-07-01
2018,RUSSIAN FEDERATION,July,1162.0,7,2018-07-01
2018,RWANDA,July,1.0,7,2018-07-01
2018,SAINT KITTS & NEVIS,July,1.0,7,2018-07-01
2018,SAINT LUCIA,July,0.0,7,2018-07-01
2018,SAINT VINCENT & THE GRENADINES,July,0.0,7,2018-07-01
2018,SAMOA,July,1.0,7,2018-07-01
2018,"SAN MARINO, REPUBLIC OF",July,0.0,7,2018-07-01
2018,SAO TOME AND PRINCIPE,July,0.0,7,2018-07-01
2018,"SAUDI ARABIA, KINGDOM OF",July,8409.0,7,2018-07-01
2018,"SENEGAL, REPUBLIC OF",July,3.0,7,2018-07-01
2018,"SERBIA, REPUBLIC OF",July,89.0,7,2018-07-01
2018,SEYCHELLES,July,0.0,7,2018-07-01
2018,SIERRA LEONE,July,3.0,7,2018-07-01
2018,"SINGAPORE, REPUBLIC OF",July,1563.0,7,2018-07-01
2018,SLOVAK REPUBLIC,July,218.0,7,2018-07-01
2018,SLOVENIA,July,428.0,7,2018-07-01
2018,SOLOMAN ISLANDS,July,0.0,7,2018-07-01
2018,"SOMALIA, FEDERAL REPUBLIC OF",July,6.0,7,2018-07-01
2018,"SOUTH AFRICA, REPUBLIC OF",July,598.0,7,2018-07-01
2018,SOUTH KOREA,July,1444.0,7,2018-07-01
2018,"SOUTH SUDAN, REPUBLIC OF",July,0.0,7,2018-07-01
2018,SPAIN,July,3357.0,7,2018-07-01
2018,SUDAN,July,115.0,7,2018-07-01
2018,SURINAME,July,0.0,7,2018-07-01
2018,SWAZILAND,July,2.0,7,2018-07-01
2018,SWEDEN,July,1206.0,7,2018-07-01
2018,SWITZERLAND,July,5460.0,7,2018-07-01
2018,SYRIAN ARAB REPUBLIC,July,2.0,7,2018-07-01
2018,TAIWAN (REPUBLIC OF CHINA),July,924.0,7,2018-07-01
2018,"TAJIKISTAN, REPUBLIC OF",July,4.0,7,2018-07-01
2018,"TANZANIA, UNITED REPUBLIC OF",July,13.0,7,2018-07-01
2018,"THAILAND, KINGDOM OF",July,807.0,7,2018-07-01
2018,"TIMOR-LESTE, DEMOCRATIC REPUBLIC OF",July,9.0,7,2018-07-01
2018,TOGO,July,1.0,7,2018-07-01
2018,TONGA,July,2.0,7,2018-07-01
2018,TRINIDAD & TOBAGO,July,16.0,7,2018-07-01
2018,"TUNISIA, REPUBLIC OF",July,49.0,7,2018-07-01
2018,"TURKEY, REPUBLIC OF",July,249.0,7,2018-07-01
2018,TURKMENISTAN,July,13.0,7,2018-07-01
2018,TUVALU,July,1.0,7,2018-07-01
2018,UGANDA,July,13.0,7,2018-07-01
2018,UKRAINE,July,1409.0,7,2018-07-01
2018,UNITED ARAB EMIRATES,July,1199.0,7,2018-07-01
2018,UNITED KINGDOM,July,25208.0,7,2018-07-01
2018,UNITED STATES OF AMERICA,July,7164.0,7,2018-07-01
2018,"URUGUAY, ORIENTAL REPUBLIC OF",July,3.0,7,2018-07-01
2018,"UZBEKISTAN, REPUBLIC OF",July,70.0,7,2018-07-01
2018,"VANUATU, REPUBLIC OF",July,2.0,7,2018-07-01
2018,"VATICAN CITY, STATE OF",July,0.0,7,2018-07-01
2018,"VENEZUELA, BOLIVARIAN REPUBLIC OF",July,11.0,7,2018-07-01
2018,VIETNAM,July,241.0,7,2018-07-01
2018,"YEMEN, REPUBLIC OF",July,249.0,7,2018-07-01
2018,"ZAMBIA, REPUBLIC OF",July,11.0,7,2018-07-01
2018,"ZIMBABWE, REPUBLIC OF",July,46.0,7,2018-07-01
2018,"AFGHANISTAN, ISLAMIC REPUBLIC OF",August,78.0,8,2018-08-01
2018,"ALBANIA, REPUBLIC OF",August,19.0,8,2018-08-01
2018,"ALGERIA, PEOPLE'S DEMOCRATIC REPUBLIC OF",August,71.0,8,2018-08-01
2018,"ANDORRA, PRINCIPALITY OF",August,16.0,8,2018-08-01
2018,"ANGOLA, REPUBLIC OF",August,0.0,8,2018-08-01
2018,ANTIGUA & BARBUDA,August,1.0,8,2018-08-01
2018,ARGENTINA,August,54.0,8,2018-08-01
2018,"ARMENIA, REPUBLIC OF",August,102.0,8,2018-08-01
2018,AUSTRALIA,August,8239.0,8,2018-08-01
2018,AUSTRIA,August,1216.0,8,2018-08-01
2018,"AZERBAIJAN, REPUBLIC OF",August,30.0,8,2018-08-01
2018,"BAHAMAS, COMMONWEALTH OF THE",August,5.0,8,2018-08-01
2018,"BAHRAIN, KINGDOM OF",August,432.0,8,2018-08-01
2018,"BANGLADESH, PEOPLE'S REPUBLIC OF",August,1060.0,8,2018-08-01
2018,BARBADOS,August,1.0,8,2018-08-01
2018,"BELARUS, REPUBLIC OF",August,96.0,8,2018-08-01
2018,BELGIUM,August,1994.0,8,2018-08-01
2018,BELIZE,August,1.0,8,2018-08-01
2018,BENIN,August,1.0,8,2018-08-01
2018,"BHUTAN, KINGDOM OF",August,48.0,8,2018-08-01
2018,BOLIVIA,August,9.0,8,2018-08-01
2018,BOSNIA & HERZEGOVINA,August,9.0,8,2018-08-01
2018,"BOTSWANA, REPUBLIC OF",August,5.0,8,2018-08-01
2018,"BRAZIL, FEDERATIVE REPUBLIC OF",August,98.0,8,2018-08-01
2018,"BRUNEI, NATION OF",August,10.0,8,2018-08-01
2018,BULGARIA,August,96.0,8,2018-08-01
2018,BURKINA FASO,August,1.0,8,2018-08-01
2018,BURUNDI,August,1.0,8,2018-08-01
2018,"CAMBODIA, KINGDOM OF",August,35.0,8,2018-08-01
2018,CAMEROON,August,2.0,8,2018-08-01
2018,CANADA,August,5440.0,8,2018-08-01
2018,CAPE VERDE,August,1.0,8,2018-08-01
2018,CENTRAL AFRICAN REPUBLIC,August,0.0,8,2018-08-01
2018,CHAD,August,1.0,8,2018-08-01
2018,"CHILE, REPUBLIC OF",August,59.0,8,2018-08-01
2018,"CHINA, PEOPLE'S REPUBLIC OF",August,26558.0,8,2018-08-01
2018,"COLOMBIA, REPUBLIC OF",August,52.0,8,2018-08-01
2018,COMOROS,August,36.0,8,2018-08-01
2018,"CONGO, DEMOCRATIC REPUBLIC OF THE",August,3.0,8,2018-08-01
2018,"CONGO, REPUBLIC OF THE",August,1.0,8,2018-08-01
2018,"COSTA RICA, REPUBLIC OF",August,15.0,8,2018-08-01
2018,"COTE D'IVOIRE, REPUBLIC OF",August,2.0,8,2018-08-01
2018,CROATIA,August,125.0,8,2018-08-01
2018,"CUBA, REPUBLIC OF",August,1.0,8,2018-08-01
2018,"CYPRUS, REPUBLIC OF",August,98.0,8,2018-08-01
2018,CZECH REPUBLIC,August,637.0,8,2018-08-01
2018,"DENMARK, KINGDOM OF",August,925.0,8,2018-08-01
2018,"DJIBOUTI, REPUBLIC OF",August,0.0,8,2018-08-01
2018,"DOMINICA, COMMONWEALTH OF",August,3.0,8,2018-08-01
2018,DOMINICAN REPUBLIC,August,3.0,8,2018-08-01
2018,"ECUADOR, REPUBLIC OF",August,12.0,8,2018-08-01
2018,"EGYPT, ARAB REPUBLIC OF",August,391.0,8,2018-08-01
2018,"EL SALVADOR, REPUBLIC OF",August,2.0,8,2018-08-01
2018,"ERITREA, STATE OF",August,2.0,8,2018-08-01
2018,ESTONIA,August,56.0,8,2018-08-01
2018,"ETHIOPIA, FEDERAL DEMOCRATIC REPUBLIC OF",August,17.0,8,2018-08-01
2018,"FIJI, REPUBLIC OF",August,17.0,8,2018-08-01
2018,FINLAND,August,211.0,8,2018-08-01
2018,FRANCE (FRENCH REPUBLIC),August,11016.0,8,2018-08-01
2018,GABON,August,1.0,8,2018-08-01
2018,"GAMBIA, THE",August,2.0,8,2018-08-01
2018,GEORGIA,August,35.0,8,2018-08-01
2018,GERMANY,August,10809.0,8,2018-08-01
2018,"GHANA, REPUBLIC OF",August,6.0,8,2018-08-01
2018,GREECE,August,763.0,8,2018-08-01
2018,GRENADA,August,0.0,8,2018-08-01
2018,"GUATEMALA, REPUBLIC OF",August,6.0,8,2018-08-01
2018,GUINEA- BISSAU,August,3.0,8,2018-08-01
2018,"GUYANA, COOPERATIVE REPUBLIC OF",August,2.0,8,2018-08-01
2018,"HAITI, REPUBLIC OF",August,1.0,8,2018-08-01
2018,"HONDURAS, REPUBLIC OF",August,3.0,8,2018-08-01
2018,HONG KONG,August,3.0,8,2018-08-01
2018,HUNGARY,August,183.0,8,2018-08-01
2018,ICELAND,August,31.0,8,2018-08-01
2018,"INDIA, REPUBLIC OF",August,32115.0,8,2018-08-01
2018,"INDONESIA, REPUBLIC OF",August,471.0,8,2018-08-01
2018,"IRAN, ISLAMIC REPUBLIC OF",August,580.0,8,2018-08-01
2018,"IRAQ, REPUBLIC OF",August,124.0,8,2018-08-01
2018,IRELAND,August,823.0,8,2018-08-01
2018,"ISRAEL, STATE OF",August,1976.0,8,2018-08-01
2018,ITALY,August,5747.0,8,2018-08-01
2018,JAMAICA,August,14.0,8,2018-08-01
2018,JAPAN,August,5625.0,8,2018-08-01
2018,"JORDAN, THE HASHEMITE KINGDOM OF",August,314.0,8,2018-08-01
2018,"KAZAKHSTAN, REPUBLIC OF",August,77.0,8,2018-08-01
2018,"KENYA, REPUBLIC OF",August,61.0,8,2018-08-01
2018,KIRIBATI,August,0.0,8,2018-08-01
2018,KOSOVO,August,3.0,8,2018-08-01
2018,"KUWAIT, STATE OF",August,599.0,8,2018-08-01
2018,KYRGYZSTAN,August,14.0,8,2018-08-01
2018,"LAO, PEOPLE'S DEMOCRATIC REPUBLIC",August,23.0,8,2018-08-01
2018,LATVIA,August,56.0,8,2018-08-01
2018,LEBANON,August,630.0,8,2018-08-01
2018,LESOTHO,August,1.0,8,2018-08-01
2018,LIBERIA,August,0.0,8,2018-08-01
2018,"LIBYA, STATE OF",August,6.0,8,2018-08-01
2018,"LIECHTENSTEIN, PRINCIPALITY OF",August,6.0,8,2018-08-01
2018,LITHUANIA,August,118.0,8,2018-08-01
2018,LUXEMBOURG,August,177.0,8,2018-08-01
2018,"MACEDONIA, REPUBLIC OF",August,19.0,8,2018-08-01
2018,MADAGASCAR,August,9.0,8,2018-08-01
2018,MALAWI,August,1.0,8,2018-08-01
2018,MALAYSIA,August,2101.0,8,2018-08-01
2018,"MALDIVES, REPUBLIC OF",August,6880.0,8,2018-08-01
2018,"MALI, REPUBLIC OF",August,1.0,8,2018-08-01
2018,MALTA,August,51.0,8,2018-08-01
2018,"MARSHALL ISLANDS, REPUBLIC OF THE",August,1.0,8,2018-08-01
2018,"MAURITANIA, ISLAMIC REPUBLIC OF",August,0.0,8,2018-08-01
2018,"MAURITIUS, REPUBLIC OF",August,32.0,8,2018-08-01
2018,MEXICO,August,68.0,8,2018-08-01
2018,"MICRONESIA, FEDERATED STATES OF",August,0.0,8,2018-08-01
2018,"MOLDOVA, REPUBLIC OF",August,23.0,8,2018-08-01
2018,"MONACO, PRINCIPALITY OF",August,8.0,8,2018-08-01
2018,MONGOLIA,August,8.0,8,2018-08-01
2018,MONTENEGRO,August,18.0,8,2018-08-01
2018,"MOROCCO, KINGDOM OF",August,127.0,8,2018-08-01
2018,"MOZAMBIQUE, REPUBLIC OF",August,5.0,8,2018-08-01
2018,"MYANMAR, REPUBLIC OF THE UNION OF",August,695.0,8,2018-08-01
2018,NAMIBIA,August,6.0,8,2018-08-01
2018,NAURU,August,0.0,8,2018-08-01
2018,"NEPAL, FEDERAL DEMOCRATIC REPUBLIC OF",August,444.0,8,2018-08-01
2018,NETHERLAND ANTILLES,August,0.0,8,2018-08-01
2018,NETHERLANDS,August,6182.0,8,2018-08-01
2018,NEW ZEALAND,August,1091.0,8,2018-08-01
2018,NICARAGUA,August,0.0,8,2018-08-01
2018,NIGER,August,0.0,8,2018-08-01
2018,"NIGER,REPUBLIC OF",August,0.0,8,2018-08-01
2018,"NIGERIA, FEDERAL REPUBLIC OF",August,28.0,8,2018-08-01
2018,NORTH KOREA,August,0.0,8,2018-08-01
2018,"NORWAY, KINGDOM OF",August,952.0,8,2018-08-01
2018,"OMAN, SULTANATE OF",August,965.0,8,2018-08-01
2018,"PAKISTAN, ISLAMIC REPUBLIC OF",August,1709.0,8,2018-08-01
2018,PALAU,August,5.0,8,2018-08-01
2018,PALESTINIAN TERRITORIES,August,163.0,8,2018-08-01
2018,"PANAMA, REPUBLIC OF",August,3.0,8,2018-08-01
2018,PAPUA NEW GUINEA,August,18.0,8,2018-08-01
2018,PARAGUAY,August,2.0,8,2018-08-01
2018,"PERU, REPUBLIC OF",August,21.0,8,2018-08-01
2018,"PHILIPPINES, REPUBLIC OF",August,1723.0,8,2018-08-01
2018,POLAND,August,1021.0,8,2018-08-01
2018,PORTUGAL,August,653.0,8,2018-08-01
2018,"QATAR, STATE OF",August,379.0,8,2018-08-01
2018,ROMANIA,August,280.0,8,2018-08-01
2018,RUSSIAN FEDERATION,August,1174.0,8,2018-08-01
2018,RWANDA,August,6.0,8,2018-08-01
2018,SAINT KITTS & NEVIS,August,9.0,8,2018-08-01
2018,SAINT LUCIA,August,1.0,8,2018-08-01
2018,SAINT VINCENT & THE GRENADINES,August,0.0,8,2018-08-01
2018,SAMOA,August,0.0,8,2018-08-01
2018,"SAN MARINO, REPUBLIC OF",August,0.0,8,2018-08-01
2018,SAO TOME AND PRINCIPE,August,0.0,8,2018-08-01
2018,"SAUDI ARABIA, KINGDOM OF",August,6517.0,8,2018-08-01
2018,"SENEGAL, REPUBLIC OF",August,4.0,8,2018-08-01
2018,"SERBIA, REPUBLIC OF",August,115.0,8,2018-08-01
2018,SEYCHELLES,August,0.0,8,2018-08-01
2018,SIERRA LEONE,August,1.0,8,2018-08-01
2018,"SINGAPORE, REPUBLIC OF",August,1904.0,8,2018-08-01
2018,SLOVAK REPUBLIC,August,259.0,8,2018-08-01
2018,SLOVENIA,August,185.0,8,2018-08-01
2018,SOLOMAN ISLANDS,August,3.0,8,2018-08-01
2018,"SOMALIA, FEDERAL REPUBLIC OF",August,4.0,8,2018-08-01
2018,"SOUTH AFRICA, REPUBLIC OF",August,457.0,8,2018-08-01
2018,SOUTH KOREA,August,1583.0,8,2018-08-01
2018,"SOUTH SUDAN, REPUBLIC OF",August,1.0,8,2018-08-01
2018,SPAIN,August,5782.0,8,2018-08-01
2018,SUDAN,August,67.0,8,2018-08-01
2018,SURINAME,August,5.0,8,2018-08-01
2018,SWAZILAND,August,0.0,8,2018-08-01
2018,SWEDEN,August,665.0,8,2018-08-01
2018,SWITZERLAND,August,1744.0,8,2018-08-01
2018,SYRIAN ARAB REPUBLIC,August,5.0,8,2018-08-01
2018,TAIWAN (REPUBLIC OF CHINA),August,794.0,8,2018-08-01
2018,"TAJIKISTAN, REPUBLIC OF",August,0.0,8,2018-08-01
2018,"TANZANIA, UNITED REPUBLIC OF",August,25.0,8,2018-08-01
2018,"THAILAND, KINGDOM OF",August,823.0,8,2018-08-01
2018,"TIMOR-LESTE, DEMOCRATIC REPUBLIC OF",August,16.0,8,2018-08-01
2018,TOGO,August,0.0,8,2018-08-01
2018,TONGA,August,2.0,8,2018-08-01
2018,TRINIDAD & TOBAGO,August,2.0,8,2018-08-01
2018,"TUNISIA, REPUBLIC OF",August,45.0,8,2018-08-01
2018,"TURKEY, REPUBLIC OF",August,375.0,8,2018-08-01
2018,TURKMENISTAN,August,5.0,8,2018-08-01
2018,TUVALU,August,0.0,8,2018-08-01
2018,UGANDA,August,11.0,8,2018-08-01
2018,UKRAINE,August,1513.0,8,2018-08-01
2018,UNITED ARAB EMIRATES,August,1045.0,8,2018-08-01
2018,UNITED KINGDOM,August,23643.0,8,2018-08-01
2018,UNITED STATES OF AMERICA,August,4410.0,8,2018-08-01
2018,"URUGUAY, ORIENTAL REPUBLIC OF",August,8.0,8,2018-08-01
2018,"UZBEKISTAN, REPUBLIC OF",August,36.0,8,2018-08-01
2018,"VANUATU, REPUBLIC OF",August,2.0,8,2018-08-01
2018,"VATICAN CITY, STATE OF",August,0.0,8,2018-08-01
2018,"VENEZUELA, BOLIVARIAN REPUBLIC OF",August,33.0,8,2018-08-01
2018,VIETNAM,August,298.0,8,2018-08-01
2018,"YEMEN, REPUBLIC OF",August,244.0,8,2018-08-01
2018,"ZAMBIA, REPUBLIC OF",August,5.0,8,2018-08-01
2018,"ZIMBABWE, REPUBLIC OF",August,19.0,8,2018-08-01
2018,"AFGHANISTAN, ISLAMIC REPUBLIC OF",September,34.0,9,2018-09-01
2018,"ALBANIA, REPUBLIC OF",September,14.0,9,2018-09-01
2018,"ALGERIA, PEOPLE'S DEMOCRATIC REPUBLIC OF",September,27.0,9,2018-09-01
2018,"ANDORRA, PRINCIPALITY OF",September,3.0,9,2018-09-01
2018,"ANGOLA, REPUBLIC OF",September,2.0,9,2018-09-01
2018,ANTIGUA & BARBUDA,September,1.0,9,2018-09-01
2018,ARGENTINA,September,92.0,9,2018-09-01
2018,"ARMENIA, REPUBLIC OF",September,123.0,9,2018-09-01
2018,AUSTRALIA,September,8746.0,9,2018-09-01
2018,AUSTRIA,September,875.0,9,2018-09-01
2018,"AZERBAIJAN, REPUBLIC OF",September,24.0,9,2018-09-01
2018,"BAHAMAS, COMMONWEALTH OF THE",September,3.0,9,2018-09-01
2018,"BAHRAIN, KINGDOM OF",September,99.0,9,2018-09-01
2018,"BANGLADESH, PEOPLE'S REPUBLIC OF",September,771.0,9,2018-09-01
2018,BARBADOS,September,0.0,9,2018-09-01
2018,"BELARUS, REPUBLIC OF",September,174.0,9,2018-09-01
2018,BELGIUM,September,1384.0,9,2018-09-01
2018,BELIZE,September,0.0,9,2018-09-01
2018,BENIN,September,2.0,9,2018-09-01
2018,"BHUTAN, KINGDOM OF",September,38.0,9,2018-09-01
2018,BOLIVIA,September,6.0,9,2018-09-01
2018,BOSNIA & HERZEGOVINA,September,13.0,9,2018-09-01
2018,"BOTSWANA, REPUBLIC OF",September,1.0,9,2018-09-01
2018,"BRAZIL, FEDERATIVE REPUBLIC OF",September,102.0,9,2018-09-01
2018,"BRUNEI, NATION OF",September,4.0,9,2018-09-01
2018,BULGARIA,September,93.0,9,2018-09-01
2018,BURKINA FASO,September,3.0,9,2018-09-01
2018,BURUNDI,September,1.0,9,2018-09-01
2018,"CAMBODIA, KINGDOM OF",September,37.0,9,2018-09-01
2018,CAMEROON,September,4.0,9,2018-09-01
2018,CANADA,September,2903.0,9,2018-09-01
2018,CAPE VERDE,September,1.0,9,2018-09-01
2018,CENTRAL AFRICAN REPUBLIC,September,0.0,9,2018-09-01
2018,CHAD,September,0.0,9,2018-09-01
2018,"CHILE, REPUBLIC OF",September,55.0,9,2018-09-01
2018,"CHINA, PEOPLE'S REPUBLIC OF",September,19600.0,9,2018-09-01
2018,"COLOMBIA, REPUBLIC OF",September,43.0,9,2018-09-01
2018,COMOROS,September,16.0,9,2018-09-01
2018,"CONGO, DEMOCRATIC REPUBLIC OF THE",September,3.0,9,2018-09-01
2018,"CONGO, REPUBLIC OF THE",September,2.0,9,2018-09-01
2018,"COSTA RICA, REPUBLIC OF",September,26.0,9,2018-09-01
2018,"COTE D'IVOIRE, REPUBLIC OF",September,1.0,9,2018-09-01
2018,CROATIA,September,83.0,9,2018-09-01
2018,"CUBA, REPUBLIC OF",September,4.0,9,2018-09-01
2018,"CYPRUS, REPUBLIC OF",September,37.0,9,2018-09-01
2018,CZECH REPUBLIC,September,889.0,9,2018-09-01
2018,"DENMARK, KINGDOM OF",September,576.0,9,2018-09-01
2018,"DJIBOUTI, REPUBLIC OF",September,0.0,9,2018-09-01
2018,"DOMINICA, COMMONWEALTH OF",September,1.0,9,2018-09-01
2018,DOMINICAN REPUBLIC,September,0.0,9,2018-09-01
2018,"ECUADOR, REPUBLIC OF",September,8.0,9,2018-09-01
2018,"EGYPT, ARAB REPUBLIC OF",September,230.0,9,2018-09-01
2018,"EL SALVADOR, REPUBLIC OF",September,1.0,9,2018-09-01
2018,"ERITREA, STATE OF",September,7.0,9,2018-09-01
2018,ESTONIA,September,34.0,9,2018-09-01
2018,"ETHIOPIA, FEDERAL DEMOCRATIC REPUBLIC OF",September,10.0,9,2018-09-01
2018,"FIJI, REPUBLIC OF",September,17.0,9,2018-09-01
2018,FINLAND,September,231.0,9,2018-09-01
2018,FRANCE (FRENCH REPUBLIC),September,4316.0,9,2018-09-01
2018,GABON,September,0.0,9,2018-09-01
2018,"GAMBIA, THE",September,0.0,9,2018-09-01
2018,GEORGIA,September,79.0,9,2018-09-01
2018,GERMANY,September,9668.0,9,2018-09-01
2018,"GHANA, REPUBLIC OF",September,14.0,9,2018-09-01
2018,GREECE,September,511.0,9,2018-09-01
2018,GRENADA,September,0.0,9,2018-09-01
2018,"GUATEMALA, REPUBLIC OF",September,7.0,9,2018-09-01
2018,GUINEA- BISSAU,September,1.0,9,2018-09-01
2018,"GUYANA, COOPERATIVE REPUBLIC OF",September,0.0,9,2018-09-01
2018,"HAITI, REPUBLIC OF",September,2.0,9,2018-09-01
2018,"HONDURAS, REPUBLIC OF",September,4.0,9,2018-09-01
2018,HONG KONG,September,4.0,9,2018-09-01
2018,HUNGARY,September,147.0,9,2018-09-01
2018,ICELAND,September,23.0,9,2018-09-01
2018,"INDIA, REPUBLIC OF",September,32300.0,9,2018-09-01
2018,"INDONESIA, REPUBLIC OF",September,381.0,9,2018-09-01
2018,"IRAN, ISLAMIC REPUBLIC OF",September,230.0,9,2018-09-01
2018,"IRAQ, REPUBLIC OF",September,126.0,9,2018-09-01
2018,IRELAND,September,758.0,9,2018-09-01
2018,"ISRAEL, STATE OF",September,2778.0,9,2018-09-01
2018,ITALY,September,1654.0,9,2018-09-01
2018,JAMAICA,September,7.0,9,2018-09-01
2018,JAPAN,September,4480.0,9,2018-09-01
2018,"JORDAN, THE HASHEMITE KINGDOM OF",September,200.0,9,2018-09-01
2018,"KAZAKHSTAN, REPUBLIC OF",September,132.0,9,2018-09-01
2018,"KENYA, REPUBLIC OF",September,55.0,9,2018-09-01
2018,KIRIBATI,September,0.0,9,2018-09-01
2018,KOSOVO,September,6.0,9,2018-09-01
2018,"KUWAIT, STATE OF",September,154.0,9,2018-09-01
2018,KYRGYZSTAN,September,18.0,9,2018-09-01
2018,"LAO, PEOPLE'S DEMOCRATIC REPUBLIC",September,7.0,9,2018-09-01
2018,LATVIA,September,124.0,9,2018-09-01
2018,LEBANON,September,367.0,9,2018-09-01
2018,LESOTHO,September,0.0,9,2018-09-01
2018,LIBERIA,September,2.0,9,2018-09-01
2018,"LIBYA, STATE OF",September,8.0,9,2018-09-01
2018,"LIECHTENSTEIN, PRINCIPALITY OF",September,7.0,9,2018-09-01
2018,LITHUANIA,September,142.0,9,2018-09-01
2018,LUXEMBOURG,September,41.0,9,2018-09-01
2018,"MACEDONIA, REPUBLIC OF",September,26.0,9,2018-09-01
2018,MADAGASCAR,September,23.0,9,2018-09-01
2018,MALAWI,September,3.0,9,2018-09-01
2018,MALAYSIA,September,1903.0,9,2018-09-01
2018,"MALDIVES, REPUBLIC OF",September,4695.0,9,2018-09-01
2018,"MALI, REPUBLIC OF",September,1.0,9,2018-09-01
2018,MALTA,September,56.0,9,2018-09-01
2018,"MARSHALL ISLANDS, REPUBLIC OF THE",September,0.0,9,2018-09-01
2018,"MAURITANIA, ISLAMIC REPUBLIC OF",September,0.0,9,2018-09-01
2018,"MAURITIUS, REPUBLIC OF",September,79.0,9,2018-09-01
2018,MEXICO,September,73.0,9,2018-09-01
2018,"MICRONESIA, FEDERATED STATES OF",September,0.0,9,2018-09-01
2018,"MOLDOVA, REPUBLIC OF",September,26.0,9,2018-09-01
2018,"MONACO, PRINCIPALITY OF",September,0.0,9,2018-09-01
2018,MONGOLIA,September,24.0,9,2018-09-01
2018,MONTENEGRO,September,17.0,9,2018-09-01
2018,"MOROCCO, KINGDOM OF",September,63.0,9,2018-09-01
2018,"MOZAMBIQUE, REPUBLIC OF",September,2.0,9,2018-09-01
2018,"MYANMAR, REPUBLIC OF THE UNION OF",September,159.0,9,2018-09-01
2018,NAMIBIA,September,3.0,9,2018-09-01
2018,NAURU,September,0.0,9,2018-09-01
2018,"NEPAL, FEDERAL DEMOCRATIC REPUBLIC OF",September,377.0,9,2018-09-01
2018,NETHERLAND ANTILLES,September,0.0,9,2018-09-01
2018,NETHERLANDS,September,4049.0,9,2018-09-01
2018,NEW ZEALAND,September,923.0,9,2018-09-01
2018,NICARAGUA,September,1.0,9,2018-09-01
2018,NIGER,September,1.0,9,2018-09-01
2018,"NIGER,REPUBLIC OF",September,0.0,9,2018-09-01
2018,"NIGERIA, FEDERAL REPUBLIC OF",September,47.0,9,2018-09-01
2018,NORTH KOREA,September,0.0,9,2018-09-01
2018,"NORWAY, KINGDOM OF",September,605.0,9,2018-09-01
2018,"OMAN, SULTANATE OF",September,305.0,9,2018-09-01
2018,"PAKISTAN, ISLAMIC REPUBLIC OF",September,1225.0,9,2018-09-01
2018,PALAU,September,0.0,9,2018-09-01
2018,PALESTINIAN TERRITORIES,September,60.0,9,2018-09-01
2018,"PANAMA, REPUBLIC OF",September,1.0,9,2018-09-01
2018,PAPUA NEW GUINEA,September,3.0,9,2018-09-01
2018,PARAGUAY,September,0.0,9,2018-09-01
2018,"PERU, REPUBLIC OF",September,20.0,9,2018-09-01
2018,"PHILIPPINES, REPUBLIC OF",September,1306.0,9,2018-09-01
2018,POLAND,September,1117.0,9,2018-09-01
2018,PORTUGAL,September,334.0,9,2018-09-01
2018,"QATAR, STATE OF",September,56.0,9,2018-09-01
2018,ROMANIA,September,303.0,9,2018-09-01
2018,RUSSIAN FEDERATION,September,1590.0,9,2018-09-01
2018,RWANDA,September,0.0,9,2018-09-01
2018,SAINT KITTS & NEVIS,September,3.0,9,2018-09-01
2018,SAINT LUCIA,September,0.0,9,2018-09-01
2018,SAINT VINCENT & THE GRENADINES,September,0.0,9,2018-09-01
2018,SAMOA,September,1.0,9,2018-09-01
2018,"SAN MARINO, REPUBLIC OF",September,1.0,9,2018-09-01
2018,SAO TOME AND PRINCIPE,September,0.0,9,2018-09-01
2018,"SAUDI ARABIA, KINGDOM OF",September,1432.0,9,2018-09-01
2018,"SENEGAL, REPUBLIC OF",September,3.0,9,2018-09-01
2018,"SERBIA, REPUBLIC OF",September,74.0,9,2018-09-01
2018,SEYCHELLES,September,2.0,9,2018-09-01
2018,SIERRA LEONE,September,3.0,9,2018-09-01
2018,"SINGAPORE, REPUBLIC OF",September,1520.0,9,2018-09-01
2018,SLOVAK REPUBLIC,September,205.0,9,2018-09-01
2018,SLOVENIA,September,174.0,9,2018-09-01
2018,SOLOMAN ISLANDS,September,1.0,9,2018-09-01
2018,"SOMALIA, FEDERAL REPUBLIC OF",September,12.0,9,2018-09-01
2018,"SOUTH AFRICA, REPUBLIC OF",September,413.0,9,2018-09-01
2018,SOUTH KOREA,September,970.0,9,2018-09-01
2018,"SOUTH SUDAN, REPUBLIC OF",September,5.0,9,2018-09-01
2018,SPAIN,September,2926.0,9,2018-09-01
2018,SUDAN,September,142.0,9,2018-09-01
2018,SURINAME,September,8.0,9,2018-09-01
2018,SWAZILAND,September,0.0,9,2018-09-01
2018,SWEDEN,September,651.0,9,2018-09-01
2018,SWITZERLAND,September,1824.0,9,2018-09-01
2018,SYRIAN ARAB REPUBLIC,September,13.0,9,2018-09-01
2018,TAIWAN (REPUBLIC OF CHINA),September,474.0,9,2018-09-01
2018,"TAJIKISTAN, REPUBLIC OF",September,7.0,9,2018-09-01
2018,"TANZANIA, UNITED REPUBLIC OF",September,10.0,9,2018-09-01
2018,"THAILAND, KINGDOM OF",September,658.0,9,2018-09-01
2018,"TIMOR-LESTE, DEMOCRATIC REPUBLIC OF",September,3.0,9,2018-09-01
2018,TOGO,September,1.0,9,2018-09-01
2018,TONGA,September,0.0,9,2018-09-01
2018,TRINIDAD & TOBAGO,September,7.0,9,2018-09-01
2018,"TUNISIA, REPUBLIC OF",September,57.0,9,2018-09-01
2018,"TURKEY, REPUBLIC OF",September,181.0,9,2018-09-01
2018,TURKMENISTAN,September,1.0,9,2018-09-01
2018,TUVALU,September,0.0,9,2018-09-01
2018,UGANDA,September,6.0,9,2018-09-01
2018,UKRAINE,September,2292.0,9,2018-09-01
2018,UNITED ARAB EMIRATES,September,279.0,9,2018-09-01
2018,UNITED KINGDOM,September,14226.0,9,2018-09-01
2018,UNITED STATES OF AMERICA,September,4406.0,9,2018-09-01
2018,"URUGUAY, ORIENTAL REPUBLIC OF",September,7.0,9,2018-09-01
2018,"UZBEKISTAN, REPUBLIC OF",September,74.0,9,2018-09-01
2018,"VANUATU, REPUBLIC OF",September,1.0,9,2018-09-01
2018,"VATICAN CITY, STATE OF",September,0.0,9,2018-09-01
2018,"VENEZUELA, BOLIVARIAN REPUBLIC OF",September,11.0,9,2018-09-01
2018,VIETNAM,September,222.0,9,2018-09-01
2018,"YEMEN, REPUBLIC OF",September,57.0,9,2018-09-01
2018,"ZAMBIA, REPUBLIC OF",September,6.0,9,2018-09-01
2018,"ZIMBABWE, REPUBLIC OF",September,35.0,9,2018-09-01
2018,"AFGHANISTAN, ISLAMIC REPUBLIC OF",October,41.0,10,2018-10-01
2018,"ALBANIA, REPUBLIC OF",October,13.0,10,2018-10-01
2018,"ALGERIA, PEOPLE'S DEMOCRATIC REPUBLIC OF",October,20.0,10,2018-10-01
2018,"ANDORRA, PRINCIPALITY OF",October,3.0,10,2018-10-01
2018,"ANGOLA, REPUBLIC OF",October,1.0,10,2018-10-01
2018,ANTIGUA & BARBUDA,October,1.0,10,2018-10-01
2018,ARGENTINA,October,87.0,10,2018-10-01
2018,"ARMENIA, REPUBLIC OF",October,88.0,10,2018-10-01
2018,AUSTRALIA,October,6912.0,10,2018-10-01
2018,AUSTRIA,October,1036.0,10,2018-10-01
2018,"AZERBAIJAN, REPUBLIC OF",October,36.0,10,2018-10-01
2018,"BAHAMAS, COMMONWEALTH OF THE",October,0.0,10,2018-10-01
2018,"BAHRAIN, KINGDOM OF",October,90.0,10,2018-10-01
2018,"BANGLADESH, PEOPLE'S REPUBLIC OF",October,894.0,10,2018-10-01
2018,BARBADOS,October,2.0,10,2018-10-01
2018,"BELARUS, REPUBLIC OF",October,256.0,10,2018-10-01
2018,BELGIUM,October,816.0,10,2018-10-01
2018,BELIZE,October,6.0,10,2018-10-01
2018,BENIN,October,1.0,10,2018-10-01
2018,"BHUTAN, KINGDOM OF",October,29.0,10,2018-10-01
2018,BOLIVIA,October,4.0,10,2018-10-01
2018,BOSNIA & HERZEGOVINA,October,19.0,10,2018-10-01
2018,"BOTSWANA, REPUBLIC OF",October,0.0,10,2018-10-01
2018,"BRAZIL, FEDERATIVE REPUBLIC OF",October,125.0,10,2018-10-01
2018,"BRUNEI, NATION OF",October,7.0,10,2018-10-01
2018,BULGARIA,October,135.0,10,2018-10-01
2018,BURKINA FASO,October,2.0,10,2018-10-01
2018,BURUNDI,October,11.0,10,2018-10-01
2018,"CAMBODIA, KINGDOM OF",October,28.0,10,2018-10-01
2018,CAMEROON,October,5.0,10,2018-10-01
2018,CANADA,October,2406.0,10,2018-10-01
2018,CAPE VERDE,October,0.0,10,2018-10-01
2018,CENTRAL AFRICAN REPUBLIC,October,0.0,10,2018-10-01
2018,CHAD,October,0.0,10,2018-10-01
2018,"CHILE, REPUBLIC OF",October,59.0,10,2018-10-01
2018,"CHINA, PEOPLE'S REPUBLIC OF",October,18882.0,10,2018-10-01
2018,"COLOMBIA, REPUBLIC OF",October,52.0,10,2018-10-01
2018,COMOROS,October,15.0,10,2018-10-01
2018,"CONGO, DEMOCRATIC REPUBLIC OF THE",October,3.0,10,2018-10-01
2018,"CONGO, REPUBLIC OF THE",October,0.0,10,2018-10-01
2018,"COSTA RICA, REPUBLIC OF",October,6.0,10,2018-10-01
2018,"COTE D'IVOIRE, REPUBLIC OF",October,1.0,10,2018-10-01
2018,CROATIA,October,112.0,10,2018-10-01
2018,"CUBA, REPUBLIC OF",October,3.0,10,2018-10-01
2018,"CYPRUS, REPUBLIC OF",October,32.0,10,2018-10-01
2018,CZECH REPUBLIC,October,688.0,10,2018-10-01
2018,"DENMARK, KINGDOM OF",October,994.0,10,2018-10-01
2018,"DJIBOUTI, REPUBLIC OF",October,1.0,10,2018-10-01
2018,"DOMINICA, COMMONWEALTH OF",October,1.0,10,2018-10-01
2018,DOMINICAN REPUBLIC,October,4.0,10,2018-10-01
2018,"ECUADOR, REPUBLIC OF",October,13.0,10,2018-10-01
2018,"EGYPT, ARAB REPUBLIC OF",October,225.0,10,2018-10-01
2018,"EL SALVADOR, REPUBLIC OF",October,3.0,10,2018-10-01
2018,"ERITREA, STATE OF",October,2.0,10,2018-10-01
2018,ESTONIA,October,197.0,10,2018-10-01
2018,"ETHIOPIA, FEDERAL DEMOCRATIC REPUBLIC OF",October,13.0,10,2018-10-01
2018,"FIJI, REPUBLIC OF",October,12.0,10,2018-10-01
2018,FINLAND,October,368.0,10,2018-10-01
2018,FRANCE (FRENCH REPUBLIC),October,4784.0,10,2018-10-01
2018,GABON,October,0.0,10,2018-10-01
2018,"GAMBIA, THE",October,0.0,10,2018-10-01
2018,GEORGIA,October,48.0,10,2018-10-01
2018,GERMANY,October,9920.0,10,2018-10-01
2018,"GHANA, REPUBLIC OF",October,22.0,10,2018-10-01
2018,GREECE,October,524.0,10,2018-10-01
2018,GRENADA,October,1.0,10,2018-10-01
2018,"GUATEMALA, REPUBLIC OF",October,6.0,10,2018-10-01
2018,GUINEA- BISSAU,October,1.0,10,2018-10-01
2018,"GUYANA, COOPERATIVE REPUBLIC OF",October,0.0,10,2018-10-01
2018,"HAITI, REPUBLIC OF",October,0.0,10,2018-10-01
2018,"HONDURAS, REPUBLIC OF",October,8.0,10,2018-10-01
2018,HONG KONG,October,4.0,10,2018-10-01
2018,HUNGARY,October,337.0,10,2018-10-01
2018,ICELAND,October,21.0,10,2018-10-01
2018,"INDIA, REPUBLIC OF",October,38169.0,10,2018-10-01
2018,"INDONESIA, REPUBLIC OF",October,472.0,10,2018-10-01
2018,"IRAN, ISLAMIC REPUBLIC OF",October,255.0,10,2018-10-01
2018,"IRAQ, REPUBLIC OF",October,38.0,10,2018-10-01
2018,IRELAND,October,635.0,10,2018-10-01
2018,"ISRAEL, STATE OF",October,466.0,10,2018-10-01
2018,ITALY,October,1540.0,10,2018-10-01
2018,JAMAICA,October,4.0,10,2018-10-01
2018,JAPAN,October,2831.0,10,2018-10-01
2018,"JORDAN, THE HASHEMITE KINGDOM OF",October,181.0,10,2018-10-01
2018,"KAZAKHSTAN, REPUBLIC OF",October,86.0,10,2018-10-01
2018,"KENYA, REPUBLIC OF",October,111.0,10,2018-10-01
2018,KIRIBATI,October,0.0,10,2018-10-01
2018,KOSOVO,October,0.0,10,2018-10-01
2018,"KUWAIT, STATE OF",October,157.0,10,2018-10-01
2018,KYRGYZSTAN,October,18.0,10,2018-10-01
2018,"LAO, PEOPLE'S DEMOCRATIC REPUBLIC",October,10.0,10,2018-10-01
2018,LATVIA,October,102.0,10,2018-10-01
2018,LEBANON,October,179.0,10,2018-10-01
2018,LESOTHO,October,0.0,10,2018-10-01
2018,LIBERIA,October,3.0,10,2018-10-01
2018,"LIBYA, STATE OF",October,10.0,10,2018-10-01
2018,"LIECHTENSTEIN, PRINCIPALITY OF",October,6.0,10,2018-10-01
2018,LITHUANIA,October,231.0,10,2018-10-01
2018,LUXEMBOURG,October,29.0,10,2018-10-01
2018,"MACEDONIA, REPUBLIC OF",October,16.0,10,2018-10-01
2018,MADAGASCAR,October,3.0,10,2018-10-01
2018,MALAWI,October,2.0,10,2018-10-01
2018,MALAYSIA,October,1437.0,10,2018-10-01
2018,"MALDIVES, REPUBLIC OF",October,5223.0,10,2018-10-01
2018,"MALI, REPUBLIC OF",October,2.0,10,2018-10-01
2018,MALTA,October,13.0,10,2018-10-01
2018,"MARSHALL ISLANDS, REPUBLIC OF THE",October,0.0,10,2018-10-01
2018,"MAURITANIA, ISLAMIC REPUBLIC OF",October,0.0,10,2018-10-01
2018,"MAURITIUS, REPUBLIC OF",October,28.0,10,2018-10-01
2018,MEXICO,October,79.0,10,2018-10-01
2018,"MICRONESIA, FEDERATED STATES OF",October,1.0,10,2018-10-01
2018,"MOLDOVA, REPUBLIC OF",October,11.0,10,2018-10-01
2018,"MONACO, PRINCIPALITY OF",October,2.0,10,2018-10-01
2018,MONGOLIA,October,9.0,10,2018-10-01
2018,MONTENEGRO,October,11.0,10,2018-10-01
2018,"MOROCCO, KINGDOM OF",October,73.0,10,2018-10-01
2018,"MOZAMBIQUE, REPUBLIC OF",October,4.0,10,2018-10-01
2018,"MYANMAR, REPUBLIC OF THE UNION OF",October,138.0,10,2018-10-01
2018,NAMIBIA,October,3.0,10,2018-10-01
2018,NAURU,October,0.0,10,2018-10-01
2018,"NEPAL, FEDERAL DEMOCRATIC REPUBLIC OF",October,642.0,10,2018-10-01
2018,NETHERLAND ANTILLES,October,0.0,10,2018-10-01
2018,NETHERLANDS,October,3222.0,10,2018-10-01
2018,NEW ZEALAND,October,947.0,10,2018-10-01
2018,NICARAGUA,October,2.0,10,2018-10-01
2018,NIGER,October,0.0,10,2018-10-01
2018,"NIGER,REPUBLIC OF",October,0.0,10,2018-10-01
2018,"NIGERIA, FEDERAL REPUBLIC OF",October,36.0,10,2018-10-01
2018,NORTH KOREA,October,0.0,10,2018-10-01
2018,"NORWAY, KINGDOM OF",October,821.0,10,2018-10-01
2018,"OMAN, SULTANATE OF",October,209.0,10,2018-10-01
2018,"PAKISTAN, ISLAMIC REPUBLIC OF",October,1381.0,10,2018-10-01
2018,PALAU,October,0.0,10,2018-10-01
2018,PALESTINIAN TERRITORIES,October,77.0,10,2018-10-01
2018,"PANAMA, REPUBLIC OF",October,5.0,10,2018-10-01
2018,PAPUA NEW GUINEA,October,3.0,10,2018-10-01
2018,PARAGUAY,October,3.0,10,2018-10-01
2018,"PERU, REPUBLIC OF",October,20.0,10,2018-10-01
2018,"PHILIPPINES, REPUBLIC OF",October,1460.0,10,2018-10-01
2018,POLAND,October,1109.0,10,2018-10-01
2018,PORTUGAL,October,601.0,10,2018-10-01
2018,"QATAR, STATE OF",October,59.0,10,2018-10-01
2018,ROMANIA,October,349.0,10,2018-10-01
2018,RUSSIAN FEDERATION,October,3096.0,10,2018-10-01
2018,RWANDA,October,1.0,10,2018-10-01
2018,SAINT KITTS & NEVIS,October,4.0,10,2018-10-01
2018,SAINT LUCIA,October,1.0,10,2018-10-01
2018,SAINT VINCENT & THE GRENADINES,October,0.0,10,2018-10-01
2018,SAMOA,October,0.0,10,2018-10-01
2018,"SAN MARINO, REPUBLIC OF",October,0.0,10,2018-10-01
2018,SAO TOME AND PRINCIPE,October,0.0,10,2018-10-01
2018,"SAUDI ARABIA, KINGDOM OF",October,1030.0,10,2018-10-01
2018,"SENEGAL, REPUBLIC OF",October,1.0,10,2018-10-01
2018,"SERBIA, REPUBLIC OF",October,74.0,10,2018-10-01
2018,SEYCHELLES,October,0.0,10,2018-10-01
2018,SIERRA LEONE,October,3.0,10,2018-10-01
2018,"SINGAPORE, REPUBLIC OF",October,1219.0,10,2018-10-01
2018,SLOVAK REPUBLIC,October,267.0,10,2018-10-01
2018,SLOVENIA,October,417.0,10,2018-10-01
2018,SOLOMAN ISLANDS,October,2.0,10,2018-10-01
2018,"SOMALIA, FEDERAL REPUBLIC OF",October,4.0,10,2018-10-01
2018,"SOUTH AFRICA, REPUBLIC OF",October,354.0,10,2018-10-01
2018,SOUTH KOREA,October,1066.0,10,2018-10-01
2018,"SOUTH SUDAN, REPUBLIC OF",October,0.0,10,2018-10-01
2018,SPAIN,October,2178.0,10,2018-10-01
2018,SUDAN,October,24.0,10,2018-10-01
2018,SURINAME,October,4.0,10,2018-10-01
2018,SWAZILAND,October,0.0,10,2018-10-01
2018,SWEDEN,October,1234.0,10,2018-10-01
2018,SWITZERLAND,October,1974.0,10,2018-10-01
2018,SYRIAN ARAB REPUBLIC,October,25.0,10,2018-10-01
2018,TAIWAN (REPUBLIC OF CHINA),October,465.0,10,2018-10-01
2018,"TAJIKISTAN, REPUBLIC OF",October,6.0,10,2018-10-01
2018,"TANZANIA, UNITED REPUBLIC OF",October,18.0,10,2018-10-01
2018,"THAILAND, KINGDOM OF",October,581.0,10,2018-10-01
2018,"TIMOR-LESTE, DEMOCRATIC REPUBLIC OF",October,3.0,10,2018-10-01
2018,TOGO,October,2.0,10,2018-10-01
2018,TONGA,October,2.0,10,2018-10-01
2018,TRINIDAD & TOBAGO,October,6.0,10,2018-10-01
2018,"TUNISIA, REPUBLIC OF",October,29.0,10,2018-10-01
2018,"TURKEY, REPUBLIC OF",October,234.0,10,2018-10-01
2018,TURKMENISTAN,October,8.0,10,2018-10-01
2018,TUVALU,October,1.0,10,2018-10-01
2018,UGANDA,October,16.0,10,2018-10-01
2018,UKRAINE,October,2687.0,10,2018-10-01
2018,UNITED ARAB EMIRATES,October,296.0,10,2018-10-01
2018,UNITED KINGDOM,October,17673.0,10,2018-10-01
2018,UNITED STATES OF AMERICA,October,3714.0,10,2018-10-01
2018,"URUGUAY, ORIENTAL REPUBLIC OF",October,7.0,10,2018-10-01
2018,"UZBEKISTAN, REPUBLIC OF",October,40.0,10,2018-10-01
2018,"VANUATU, REPUBLIC OF",October,1.0,10,2018-10-01
2018,"VATICAN CITY, STATE OF",October,0.0,10,2018-10-01
2018,"VENEZUELA, BOLIVARIAN REPUBLIC OF",October,18.0,10,2018-10-01
2018,VIETNAM,October,272.0,10,2018-10-01
2018,"YEMEN, REPUBLIC OF",October,76.0,10,2018-10-01
2018,"ZAMBIA, REPUBLIC OF",October,8.0,10,2018-10-01
2018,"ZIMBABWE, REPUBLIC OF",October,12.0,10,2018-10-01
2018,"AFGHANISTAN, ISLAMIC REPUBLIC OF",November,52.0,11,2018-11-01
2018,"ALBANIA, REPUBLIC OF",November,12.0,11,2018-11-01
2018,"ALGERIA, PEOPLE'S DEMOCRATIC REPUBLIC OF",November,27.0,11,2018-11-01
2018,"ANDORRA, PRINCIPALITY OF",November,1.0,11,2018-11-01
2018,"ANGOLA, REPUBLIC OF",November,1.0,11,2018-11-01
2018,ANTIGUA & BARBUDA,November,0.0,11,2018-11-01
2018,ARGENTINA,November,169.0,11,2018-11-01
2018,"ARMENIA, REPUBLIC OF",November,79.0,11,2018-11-01
2018,AUSTRALIA,November,10299.0,11,2018-11-01
2018,AUSTRIA,November,1692.0,11,2018-11-01
2018,"AZERBAIJAN, REPUBLIC OF",November,19.0,11,2018-11-01
2018,"BAHAMAS, COMMONWEALTH OF THE",November,0.0,11,2018-11-01
2018,"BAHRAIN, KINGDOM OF",November,103.0,11,2018-11-01
2018,"BANGLADESH, PEOPLE'S REPUBLIC OF",November,736.0,11,2018-11-01
2018,BARBADOS,November,0.0,11,2018-11-01
2018,"BELARUS, REPUBLIC OF",November,500.0,11,2018-11-01
2018,BELGIUM,November,1045.0,11,2018-11-01
2018,BELIZE,November,0.0,11,2018-11-01
2018,BENIN,November,1.0,11,2018-11-01
2018,"BHUTAN, KINGDOM OF",November,47.0,11,2018-11-01
2018,BOLIVIA,November,5.0,11,2018-11-01
2018,BOSNIA & HERZEGOVINA,November,30.0,11,2018-11-01
2018,"BOTSWANA, REPUBLIC OF",November,1.0,11,2018-11-01
2018,"BRAZIL, FEDERATIVE REPUBLIC OF",November,298.0,11,2018-11-01
2018,"BRUNEI, NATION OF",November,5.0,11,2018-11-01
2018,BULGARIA,November,223.0,11,2018-11-01
2018,BURKINA FASO,November,0.0,11,2018-11-01
2018,BURUNDI,November,1.0,11,2018-11-01
2018,"CAMBODIA, KINGDOM OF",November,64.0,11,2018-11-01
2018,CAMEROON,November,2.0,11,2018-11-01
2018,CANADA,November,3496.0,11,2018-11-01
2018,CAPE VERDE,November,0.0,11,2018-11-01
2018,CENTRAL AFRICAN REPUBLIC,November,0.0,11,2018-11-01
2018,CHAD,November,2.0,11,2018-11-01
2018,"CHILE, REPUBLIC OF",November,119.0,11,2018-11-01
2018,"CHINA, PEOPLE'S REPUBLIC OF",November,18888.0,11,2018-11-01
2018,"COLOMBIA, REPUBLIC OF",November,53.0,11,2018-11-01
2018,COMOROS,November,20.0,11,2018-11-01
2018,"CONGO, DEMOCRATIC REPUBLIC OF THE",November,0.0,11,2018-11-01
2018,"CONGO, REPUBLIC OF THE",November,2.0,11,2018-11-01
2018,"COSTA RICA, REPUBLIC OF",November,3.0,11,2018-11-01
2018,"COTE D'IVOIRE, REPUBLIC OF",November,2.0,11,2018-11-01
2018,CROATIA,November,147.0,11,2018-11-01
2018,"CUBA, REPUBLIC OF",November,12.0,11,2018-11-01
2018,"CYPRUS, REPUBLIC OF",November,51.0,11,2018-11-01
2018,CZECH REPUBLIC,November,1898.0,11,2018-11-01
2018,"DENMARK, KINGDOM OF",November,943.0,11,2018-11-01
2018,"DJIBOUTI, REPUBLIC OF",November,0.0,11,2018-11-01
2018,"DOMINICA, COMMONWEALTH OF",November,7.0,11,2018-11-01
2018,DOMINICAN REPUBLIC,November,5.0,11,2018-11-01
2018,"ECUADOR, REPUBLIC OF",November,5.0,11,2018-11-01
2018,"EGYPT, ARAB REPUBLIC OF",November,339.0,11,2018-11-01
2018,"EL SALVADOR, REPUBLIC OF",November,1.0,11,2018-11-01
2018,"ERITREA, STATE OF",November,3.0,11,2018-11-01
2018,ESTONIA,November,205.0,11,2018-11-01
2018,"ETHIOPIA, FEDERAL DEMOCRATIC REPUBLIC OF",November,21.0,11,2018-11-01
2018,"FIJI, REPUBLIC OF",November,13.0,11,2018-11-01
2018,FINLAND,November,688.0,11,2018-11-01
2018,FRANCE (FRENCH REPUBLIC),November,6825.0,11,2018-11-01
2018,GABON,November,0.0,11,2018-11-01
2018,"GAMBIA, THE",November,0.0,11,2018-11-01
2018,GEORGIA,November,56.0,11,2018-11-01
2018,GERMANY,November,18754.0,11,2018-11-01
2018,"GHANA, REPUBLIC OF",November,15.0,11,2018-11-01
2018,GREECE,November,726.0,11,2018-11-01
2018,GRENADA,November,2.0,11,2018-11-01
2018,"GUATEMALA, REPUBLIC OF",November,3.0,11,2018-11-01
2018,GUINEA- BISSAU,November,1.0,11,2018-11-01
2018,"GUYANA, COOPERATIVE REPUBLIC OF",November,4.0,11,2018-11-01
2018,"HAITI, REPUBLIC OF",November,1.0,11,2018-11-01
2018,"HONDURAS, REPUBLIC OF",November,2.0,11,2018-11-01
2018,HONG KONG,November,0.0,11,2018-11-01
2018,HUNGARY,November,301.0,11,2018-11-01
2018,ICELAND,November,39.0,11,2018-11-01
2018,"INDIA, REPUBLIC OF",November,39137.0,11,2018-11-01
2018,"INDONESIA, REPUBLIC OF",November,414.0,11,2018-11-01
2018,"IRAN, ISLAMIC REPUBLIC OF",November,196.0,11,2018-11-01
2018,"IRAQ, REPUBLIC OF",November,70.0,11,2018-11-01
2018,IRELAND,November,890.0,11,2018-11-01
2018,"ISRAEL, STATE OF",November,703.0,11,2018-11-01
2018,ITALY,November,1976.0,11,2018-11-01
2018,JAMAICA,November,4.0,11,2018-11-01
2018,JAPAN,November,2658.0,11,2018-11-01
2018,"JORDAN, THE HASHEMITE KINGDOM OF",November,294.0,11,2018-11-01
2018,"KAZAKHSTAN, REPUBLIC OF",November,134.0,11,2018-11-01
2018,"KENYA, REPUBLIC OF",November,58.0,11,2018-11-01
2018,KIRIBATI,November,0.0,11,2018-11-01
2018,KOSOVO,November,0.0,11,2018-11-01
2018,"KUWAIT, STATE OF",November,201.0,11,2018-11-01
2018,KYRGYZSTAN,November,17.0,11,2018-11-01
2018,"LAO, PEOPLE'S DEMOCRATIC REPUBLIC",November,16.0,11,2018-11-01
2018,LATVIA,November,235.0,11,2018-11-01
2018,LEBANON,November,427.0,11,2018-11-01
2018,LESOTHO,November,0.0,11,2018-11-01
2018,LIBERIA,November,0.0,11,2018-11-01
2018,"LIBYA, STATE OF",November,8.0,11,2018-11-01
2018,"LIECHTENSTEIN, PRINCIPALITY OF",November,11.0,11,2018-11-01
2018,LITHUANIA,November,288.0,11,2018-11-01
2018,LUXEMBOURG,November,68.0,11,2018-11-01
2018,"MACEDONIA, REPUBLIC OF",November,16.0,11,2018-11-01
2018,MADAGASCAR,November,9.0,11,2018-11-01
2018,MALAWI,November,2.0,11,2018-11-01
2018,MALAYSIA,November,2101.0,11,2018-11-01
2018,"MALDIVES, REPUBLIC OF",November,7418.0,11,2018-11-01
2018,"MALI, REPUBLIC OF",November,4.0,11,2018-11-01
2018,MALTA,November,38.0,11,2018-11-01
2018,"MARSHALL ISLANDS, REPUBLIC OF THE",November,1.0,11,2018-11-01
2018,"MAURITANIA, ISLAMIC REPUBLIC OF",November,0.0,11,2018-11-01
2018,"MAURITIUS, REPUBLIC OF",November,97.0,11,2018-11-01
2018,MEXICO,November,112.0,11,2018-11-01
2018,"MICRONESIA, FEDERATED STATES OF",November,0.0,11,2018-11-01
2018,"MOLDOVA, REPUBLIC OF",November,42.0,11,2018-11-01
2018,"MONACO, PRINCIPALITY OF",November,1.0,11,2018-11-01
2018,MONGOLIA,November,22.0,11,2018-11-01
2018,MONTENEGRO,November,65.0,11,2018-11-01
2018,"MOROCCO, KINGDOM OF",November,81.0,11,2018-11-01
2018,"MOZAMBIQUE, REPUBLIC OF",November,1.0,11,2018-11-01
2018,"MYANMAR, REPUBLIC OF THE UNION OF",November,372.0,11,2018-11-01
2018,NAMIBIA,November,0.0,11,2018-11-01
2018,NAURU,November,0.0,11,2018-11-01
2018,"NEPAL, FEDERAL DEMOCRATIC REPUBLIC OF",November,391.0,11,2018-11-01
2018,NETHERLAND ANTILLES,November,0.0,11,2018-11-01
2018,NETHERLANDS,November,3320.0,11,2018-11-01
2018,NEW ZEALAND,November,1129.0,11,2018-11-01
2018,NICARAGUA,November,3.0,11,2018-11-01
2018,NIGER,November,0.0,11,2018-11-01
2018,"NIGER,REPUBLIC OF",November,0.0,11,2018-11-01
2018,"NIGERIA, FEDERAL REPUBLIC OF",November,37.0,11,2018-11-01
2018,NORTH KOREA,November,0.0,11,2018-11-01
2018,"NORWAY, KINGDOM OF",November,1090.0,11,2018-11-01
2018,"OMAN, SULTANATE OF",November,310.0,11,2018-11-01
2018,"PAKISTAN, ISLAMIC REPUBLIC OF",November,1401.0,11,2018-11-01
2018,PALAU,November,0.0,11,2018-11-01
2018,PALESTINIAN TERRITORIES,November,74.0,11,2018-11-01
2018,"PANAMA, REPUBLIC OF",November,9.0,11,2018-11-01
2018,PAPUA NEW GUINEA,November,8.0,11,2018-11-01
2018,PARAGUAY,November,2.0,11,2018-11-01
2018,"PERU, REPUBLIC OF",November,20.0,11,2018-11-01
2018,"PHILIPPINES, REPUBLIC OF",November,1560.0,11,2018-11-01
2018,POLAND,November,2658.0,11,2018-11-01
2018,PORTUGAL,November,574.0,11,2018-11-01
2018,"QATAR, STATE OF",November,51.0,11,2018-11-01
2018,ROMANIA,November,483.0,11,2018-11-01
2018,RUSSIAN FEDERATION,November,8090.0,11,2018-11-01
2018,RWANDA,November,1.0,11,2018-11-01
2018,SAINT KITTS & NEVIS,November,2.0,11,2018-11-01
2018,SAINT LUCIA,November,0.0,11,2018-11-01
2018,SAINT VINCENT & THE GRENADINES,November,0.0,11,2018-11-01
2018,SAMOA,November,0.0,11,2018-11-01
2018,"SAN MARINO, REPUBLIC OF",November,0.0,11,2018-11-01
2018,SAO TOME AND PRINCIPE,November,0.0,11,2018-11-01
2018,"SAUDI ARABIA, KINGDOM OF",November,849.0,11,2018-11-01
2018,"SENEGAL, REPUBLIC OF",November,3.0,11,2018-11-01
2018,"SERBIA, REPUBLIC OF",November,178.0,11,2018-11-01
2018,SEYCHELLES,November,0.0,11,2018-11-01
2018,SIERRA LEONE,November,3.0,11,2018-11-01
2018,"SINGAPORE, REPUBLIC OF",November,1669.0,11,2018-11-01
2018,SLOVAK REPUBLIC,November,543.0,11,2018-11-01
2018,SLOVENIA,November,195.0,11,2018-11-01
2018,SOLOMAN ISLANDS,November,0.0,11,2018-11-01
2018,"SOMALIA, FEDERAL REPUBLIC OF",November,9.0,11,2018-11-01
2018,"SOUTH AFRICA, REPUBLIC OF",November,380.0,11,2018-11-01
2018,SOUTH KOREA,November,1444.0,11,2018-11-01
2018,"SOUTH SUDAN, REPUBLIC OF",November,0.0,11,2018-11-01
2018,SPAIN,November,2604.0,11,2018-11-01
2018,SUDAN,November,88.0,11,2018-11-01
2018,SURINAME,November,4.0,11,2018-11-01
2018,SWAZILAND,November,1.0,11,2018-11-01
2018,SWEDEN,November,2016.0,11,2018-11-01
2018,SWITZERLAND,November,3531.0,11,2018-11-01
2018,SYRIAN ARAB REPUBLIC,November,23.0,11,2018-11-01
2018,TAIWAN (REPUBLIC OF CHINA),November,569.0,11,2018-11-01
2018,"TAJIKISTAN, REPUBLIC OF",November,11.0,11,2018-11-01
2018,"TANZANIA, UNITED REPUBLIC OF",November,22.0,11,2018-11-01
2018,"THAILAND, KINGDOM OF",November,593.0,11,2018-11-01
2018,"TIMOR-LESTE, DEMOCRATIC REPUBLIC OF",November,1.0,11,2018-11-01
2018,TOGO,November,0.0,11,2018-11-01
2018,TONGA,November,1.0,11,2018-11-01
2018,TRINIDAD & TOBAGO,November,21.0,11,2018-11-01
2018,"TUNISIA, REPUBLIC OF",November,66.0,11,2018-11-01
2018,"TURKEY, REPUBLIC OF",November,236.0,11,2018-11-01
2018,TURKMENISTAN,November,5.0,11,2018-11-01
2018,TUVALU,November,0.0,11,2018-11-01
2018,UGANDA,November,19.0,11,2018-11-01
2018,UKRAINE,November,3449.0,11,2018-11-01
2018,UNITED ARAB EMIRATES,November,412.0,11,2018-11-01
2018,UNITED KINGDOM,November,21971.0,11,2018-11-01
2018,UNITED STATES OF AMERICA,November,5799.0,11,2018-11-01
2018,"URUGUAY, ORIENTAL REPUBLIC OF",November,9.0,11,2018-11-01
2018,"UZBEKISTAN, REPUBLIC OF",November,44.0,11,2018-11-01
2018,"VANUATU, REPUBLIC OF",November,1.0,11,2018-11-01
2018,"VATICAN CITY, STATE OF",November,0.0,11,2018-11-01
2018,"VENEZUELA, BOLIVARIAN REPUBLIC OF",November,13.0,11,2018-11-01
2018,VIETNAM,November,200.0,11,2018-11-01
2018,"YEMEN, REPUBLIC OF",November,74.0,11,2018-11-01
2018,"ZAMBIA, REPUBLIC OF",November,45.0,11,2018-11-01
2018,"ZIMBABWE, REPUBLIC OF",November,17.0,11,2018-11-01
2018,"AFGHANISTAN, ISLAMIC REPUBLIC OF",December,72.0,12,2018-12-01
2018,"ALBANIA, REPUBLIC OF",December,31.0,12,2018-12-01
2018,"ALGERIA, PEOPLE'S DEMOCRATIC REPUBLIC OF",December,43.0,12,2018-12-01
2018,"ANDORRA, PRINCIPALITY OF",December,4.0,12,2018-12-01
2018,"ANGOLA, REPUBLIC OF",December,1.0,12,2018-12-01
2018,ANTIGUA & BARBUDA,December,3.0,12,2018-12-01
2018,ARGENTINA,December,103.0,12,2018-12-01
2018,"ARMENIA, REPUBLIC OF",December,165.0,12,2018-12-01
2018,AUSTRALIA,December,14961.0,12,2018-12-01
2018,AUSTRIA,December,2014.0,12,2018-12-01
2018,"AZERBAIJAN, REPUBLIC OF",December,108.0,12,2018-12-01
2018,"BAHAMAS, COMMONWEALTH OF THE",December,0.0,12,2018-12-01
2018,"BAHRAIN, KINGDOM OF",December,308.0,12,2018-12-01
2018,"BANGLADESH, PEOPLE'S REPUBLIC OF",December,1019.0,12,2018-12-01
2018,BARBADOS,December,0.0,12,2018-12-01
2018,"BELARUS, REPUBLIC OF",December,578.0,12,2018-12-01
2018,BELGIUM,December,1719.0,12,2018-12-01
2018,BELIZE,December,2.0,12,2018-12-01
2018,BENIN,December,4.0,12,2018-12-01
2018,"BHUTAN, KINGDOM OF",December,136.0,12,2018-12-01
2018,BOLIVIA,December,6.0,12,2018-12-01
2018,BOSNIA & HERZEGOVINA,December,43.0,12,2018-12-01
2018,"BOTSWANA, REPUBLIC OF",December,13.0,12,2018-12-01
2018,"BRAZIL, FEDERATIVE REPUBLIC OF",December,269.0,12,2018-12-01
2018,"BRUNEI, NATION OF",December,11.0,12,2018-12-01
2018,BULGARIA,December,607.0,12,2018-12-01
2018,BURKINA FASO,December,4.0,12,2018-12-01
2018,BURUNDI,December,2.0,12,2018-12-01
2018,"CAMBODIA, KINGDOM OF",December,19.0,12,2018-12-01
2018,CAMEROON,December,1.0,12,2018-12-01
2018,CANADA,December,4680.0,12,2018-12-01
2018,CAPE VERDE,December,1.0,12,2018-12-01
2018,CENTRAL AFRICAN REPUBLIC,December,0.0,12,2018-12-01
2018,CHAD,December,0.0,12,2018-12-01
2018,"CHILE, REPUBLIC OF",December,89.0,12,2018-12-01
2018,"CHINA, PEOPLE'S REPUBLIC OF",December,18283.0,12,2018-12-01
2018,"COLOMBIA, REPUBLIC OF",December,113.0,12,2018-12-01
2018,COMOROS,December,2.0,12,2018-12-01
2018,"CONGO, DEMOCRATIC REPUBLIC OF THE",December,4.0,12,2018-12-01
2018,"CONGO, REPUBLIC OF THE",December,0.0,12,2018-12-01
2018,"COSTA RICA, REPUBLIC OF",December,20.0,12,2018-12-01
2018,"COTE D'IVOIRE, REPUBLIC OF",December,1.0,12,2018-12-01
2018,CROATIA,December,294.0,12,2018-12-01
2018,"CUBA, REPUBLIC OF",December,8.0,12,2018-12-01
2018,"CYPRUS, REPUBLIC OF",December,72.0,12,2018-12-01
2018,CZECH REPUBLIC,December,2228.0,12,2018-12-01
2018,"DENMARK, KINGDOM OF",December,2008.0,12,2018-12-01
2018,"DJIBOUTI, REPUBLIC OF",December,1.0,12,2018-12-01
2018,"DOMINICA, COMMONWEALTH OF",December,10.0,12,2018-12-01
2018,DOMINICAN REPUBLIC,December,3.0,12,2018-12-01
2018,"ECUADOR, REPUBLIC OF",December,16.0,12,2018-12-01
2018,"EGYPT, ARAB REPUBLIC OF",December,518.0,12,2018-12-01
2018,"EL SALVADOR, REPUBLIC OF",December,5.0,12,2018-12-01
2018,"ERITREA, STATE OF",December,12.0,12,2018-12-01
2018,ESTONIA,December,634.0,12,2018-12-01
2018,"ETHIOPIA, FEDERAL DEMOCRATIC REPUBLIC OF",December,14.0,12,2018-12-01
2018,"FIJI, REPUBLIC OF",December,16.0,12,2018-12-01
2018,FINLAND,December,1860.0,12,2018-12-01
2018,FRANCE (FRENCH REPUBLIC),December,9475.0,12,2018-12-01
2018,GABON,December,0.0,12,2018-12-01
2018,"GAMBIA, THE",December,1.0,12,2018-12-01
2018,GEORGIA,December,60.0,12,2018-12-01
2018,GERMANY,December,16624.0,12,2018-12-01
2018,"GHANA, REPUBLIC OF",December,7.0,12,2018-12-01
2018,GREECE,December,884.0,12,2018-12-01
2018,GRENADA,December,2.0,12,2018-12-01
2018,"GUATEMALA, REPUBLIC OF",December,3.0,12,2018-12-01
2018,GUINEA- BISSAU,December,4.0,12,2018-12-01
2018,"GUYANA, COOPERATIVE REPUBLIC OF",December,0.0,12,2018-12-01
2018,"HAITI, REPUBLIC OF",December,0.0,12,2018-12-01
2018,"HONDURAS, REPUBLIC OF",December,5.0,12,2018-12-01
2018,HONG KONG,December,0.0,12,2018-12-01
2018,HUNGARY,December,630.0,12,2018-12-01
2018,ICELAND,December,55.0,12,2018-12-01
2018,"INDIA, REPUBLIC OF",December,45797.0,12,2018-12-01
2018,"INDONESIA, REPUBLIC OF",December,514.0,12,2018-12-01
2018,"IRAN, ISLAMIC REPUBLIC OF",December,248.0,12,2018-12-01
2018,"IRAQ, REPUBLIC OF",December,94.0,12,2018-12-01
2018,IRELAND,December,1320.0,12,2018-12-01
2018,"ISRAEL, STATE OF",December,1125.0,12,2018-12-01
2018,ITALY,December,5176.0,12,2018-12-01
2018,JAMAICA,December,7.0,12,2018-12-01
2018,JAPAN,December,4657.0,12,2018-12-01
2018,"JORDAN, THE HASHEMITE KINGDOM OF",December,392.0,12,2018-12-01
2018,"KAZAKHSTAN, REPUBLIC OF",December,431.0,12,2018-12-01
2018,"KENYA, REPUBLIC OF",December,195.0,12,2018-12-01
2018,KIRIBATI,December,0.0,12,2018-12-01
2018,KOSOVO,December,4.0,12,2018-12-01
2018,"KUWAIT, STATE OF",December,213.0,12,2018-12-01
2018,KYRGYZSTAN,December,47.0,12,2018-12-01
2018,"LAO, PEOPLE'S DEMOCRATIC REPUBLIC",December,4.0,12,2018-12-01
2018,LATVIA,December,324.0,12,2018-12-01
2018,LEBANON,December,645.0,12,2018-12-01
2018,LESOTHO,December,0.0,12,2018-12-01
2018,LIBERIA,December,0.0,12,2018-12-01
2018,"LIBYA, STATE OF",December,5.0,12,2018-12-01
2018,"LIECHTENSTEIN, PRINCIPALITY OF",December,24.0,12,2018-12-01
2018,LITHUANIA,December,422.0,12,2018-12-01
2018,LUXEMBOURG,December,79.0,12,2018-12-01
2018,"MACEDONIA, REPUBLIC OF",December,35.0,12,2018-12-01
2018,MADAGASCAR,December,11.0,12,2018-12-01
2018,MALAWI,December,6.0,12,2018-12-01
2018,MALAYSIA,December,2307.0,12,2018-12-01
2018,"MALDIVES, REPUBLIC OF",December,12054.0,12,2018-12-01
2018,"MALI, REPUBLIC OF",December,1.0,12,2018-12-01
2018,MALTA,December,87.0,12,2018-12-01
2018,"MARSHALL ISLANDS, REPUBLIC OF THE",December,0.0,12,2018-12-01
2018,"MAURITANIA, ISLAMIC REPUBLIC OF",December,0.0,12,2018-12-01
2018,"MAURITIUS, REPUBLIC OF",December,98.0,12,2018-12-01
2018,MEXICO,December,116.0,12,2018-12-01
2018,"MICRONESIA, FEDERATED STATES OF",December,1.0,12,2018-12-01
2018,"MOLDOVA, REPUBLIC OF",December,53.0,12,2018-12-01
2018,"MONACO, PRINCIPALITY OF",December,24.0,12,2018-12-01
2018,MONGOLIA,December,18.0,12,2018-12-01
2018,MONTENEGRO,December,14.0,12,2018-12-01
2018,"MOROCCO, KINGDOM OF",December,147.0,12,2018-12-01
2018,"MOZAMBIQUE, REPUBLIC OF",December,7.0,12,2018-12-01
2018,"MYANMAR, REPUBLIC OF THE UNION OF",December,431.0,12,2018-12-01
2018,NAMIBIA,December,20.0,12,2018-12-01
2018,NAURU,December,0.0,12,2018-12-01
2018,"NEPAL, FEDERAL DEMOCRATIC REPUBLIC OF",December,480.0,12,2018-12-01
2018,NETHERLAND ANTILLES,December,0.0,12,2018-12-01
2018,NETHERLANDS,December,4323.0,12,2018-12-01
2018,NEW ZEALAND,December,1938.0,12,2018-12-01
2018,NICARAGUA,December,3.0,12,2018-12-01
2018,NIGER,December,0.0,12,2018-12-01
2018,"NIGER,REPUBLIC OF",December,0.0,12,2018-12-01
2018,"NIGERIA, FEDERAL REPUBLIC OF",December,27.0,12,2018-12-01
2018,NORTH KOREA,December,0.0,12,2018-12-01
2018,"NORWAY, KINGDOM OF",December,1852.0,12,2018-12-01
2018,"OMAN, SULTANATE OF",December,274.0,12,2018-12-01
2018,"PAKISTAN, ISLAMIC REPUBLIC OF",December,2066.0,12,2018-12-01
2018,PALAU,December,0.0,12,2018-12-01
2018,PALESTINIAN TERRITORIES,December,80.0,12,2018-12-01
2018,"PANAMA, REPUBLIC OF",December,4.0,12,2018-12-01
2018,PAPUA NEW GUINEA,December,13.0,12,2018-12-01
2018,PARAGUAY,December,3.0,12,2018-12-01
2018,"PERU, REPUBLIC OF",December,32.0,12,2018-12-01
2018,"PHILIPPINES, REPUBLIC OF",December,1427.0,12,2018-12-01
2018,POLAND,December,2533.0,12,2018-12-01
2018,PORTUGAL,December,862.0,12,2018-12-01
2018,"QATAR, STATE OF",December,111.0,12,2018-12-01
2018,ROMANIA,December,1042.0,12,2018-12-01
2018,RUSSIAN FEDERATION,December,11258.0,12,2018-12-01
2018,RWANDA,December,3.0,12,2018-12-01
2018,SAINT KITTS & NEVIS,December,10.0,12,2018-12-01
2018,SAINT LUCIA,December,1.0,12,2018-12-01
2018,SAINT VINCENT & THE GRENADINES,December,0.0,12,2018-12-01
2018,SAMOA,December,0.0,12,2018-12-01
2018,"SAN MARINO, REPUBLIC OF",December,1.0,12,2018-12-01
2018,SAO TOME AND PRINCIPE,December,0.0,12,2018-12-01
2018,"SAUDI ARABIA, KINGDOM OF",December,2656.0,12,2018-12-01
2018,"SENEGAL, REPUBLIC OF",December,2.0,12,2018-12-01
2018,"SERBIA, REPUBLIC OF",December,293.0,12,2018-12-01
2018,SEYCHELLES,December,1.0,12,2018-12-01
2018,SIERRA LEONE,December,0.0,12,2018-12-01
2018,"SINGAPORE, REPUBLIC OF",December,2524.0,12,2018-12-01
2018,SLOVAK REPUBLIC,December,529.0,12,2018-12-01
2018,SLOVENIA,December,487.0,12,2018-12-01
2018,SOLOMAN ISLANDS,December,0.0,12,2018-12-01
2018,"SOMALIA, FEDERAL REPUBLIC OF",December,14.0,12,2018-12-01
2018,"SOUTH AFRICA, REPUBLIC OF",December,1752.0,12,2018-12-01
2018,SOUTH KOREA,December,1311.0,12,2018-12-01
2018,"SOUTH SUDAN, REPUBLIC OF",December,7.0,12,2018-12-01
2018,SPAIN,December,2251.0,12,2018-12-01
2018,SUDAN,December,72.0,12,2018-12-01
2018,SURINAME,December,0.0,12,2018-12-01
2018,SWAZILAND,December,1.0,12,2018-12-01
2018,SWEDEN,December,6834.0,12,2018-12-01
2018,SWITZERLAND,December,4097.0,12,2018-12-01
2018,SYRIAN ARAB REPUBLIC,December,49.0,12,2018-12-01
2018,TAIWAN (REPUBLIC OF CHINA),December,597.0,12,2018-12-01
2018,"TAJIKISTAN, REPUBLIC OF",December,2.0,12,2018-12-01
2018,"TANZANIA, UNITED REPUBLIC OF",December,25.0,12,2018-12-01
2018,"THAILAND, KINGDOM OF",December,1031.0,12,2018-12-01
2018,"TIMOR-LESTE, DEMOCRATIC REPUBLIC OF",December,1.0,12,2018-12-01
2018,TOGO,December,0.0,12,2018-12-01
2018,TONGA,December,2.0,12,2018-12-01
2018,TRINIDAD & TOBAGO,December,8.0,12,2018-12-01
2018,"TUNISIA, REPUBLIC OF",December,104.0,12,2018-12-01
2018,"TURKEY, REPUBLIC OF",December,631.0,12,2018-12-01
2018,TURKMENISTAN,December,6.0,12,2018-12-01
2018,TUVALU,December,0.0,12,2018-12-01
2018,UGANDA,December,13.0,12,2018-12-01
2018,UKRAINE,December,4834.0,12,2018-12-01
2018,UNITED ARAB EMIRATES,December,542.0,12,2018-12-01
2018,UNITED KINGDOM,December,26828.0,12,2018-12-01
2018,UNITED STATES OF AMERICA,December,8848.0,12,2018-12-01
2018,"URUGUAY, ORIENTAL REPUBLIC OF",December,11.0,12,2018-12-01
2018,"UZBEKISTAN, REPUBLIC OF",December,47.0,12,2018-12-01
2018,"VANUATU, REPUBLIC OF",December,0.0,12,2018-12-01
2018,"VATICAN CITY, STATE OF",December,0.0,12,2018-12-01
2018,"VENEZUELA, BOLIVARIAN REPUBLIC OF",December,26.0,12,2018-12-01
2018,VIETNAM,December,186.0,12,2018-12-01
2018,"YEMEN, REPUBLIC OF",December,128.0,12,2018-12-01
2018,"ZAMBIA, REPUBLIC OF",December,9.0,12,2018-12-01
2018,"ZIMBABWE, REPUBLIC OF",December,26.0,12,2018-12-01
2019,AFGHANISTAN,January,49.0,1,2019-01-01
2019,ALBANIA,January,48.0,1,2019-01-01
2019,ALGERIA,January,34.0,1,2019-01-01
2019,ANDORRA,January,2.0,1,2019-01-01
2019,ANGOLA,January,4.0,1,2019-01-01
2019,ANTIGUA AND BARBUDA,January,1.0,1,2019-01-01
2019,ARGENTINA,January,192.0,1,2019-01-01
2019,ARMENIA,January,156.0,1,2019-01-01
2019,AUSTRALIA,January,10368.0,1,2019-01-01
2019,AUSTRIA,January,2288.0,1,2019-01-01
2019,AZERBAIJAN,January,53.0,1,2019-01-01
2019,BAHAMAS,January,2.0,1,2019-01-01
2019,BAHRAIN,January,394.0,1,2019-01-01
2019,BANGLADESH,January,946.0,1,2019-01-01
2019,BARBADOS,January,4.0,1,2019-01-01
2019,BELARUS,January,997.0,1,2019-01-01
2019,BELGIUM,January,1278.0,1,2019-01-01
2019,BELIZE,January,4.0,1,2019-01-01
2019,BENIN,January,0.0,1,2019-01-01
2019,BHUTAN,January,37.0,1,2019-01-01
2019,BOLIVIA,January,4.0,1,2019-01-01
2019,BOSNIA AND HERZEGOVINA,January,32.0,1,2019-01-01
2019,BOTSWANA,January,7.0,1,2019-01-01
2019,BRAZIL,January,330.0,1,2019-01-01
2019,BRUNEI DARUSSALAM,January,4.0,1,2019-01-01
2019,BULGARIA,January,341.0,1,2019-01-01
2019,BURKINA FASO,January,0.0,1,2019-01-01
2019,BURUNDI,January,1.0,1,2019-01-01
2019,CAMBODIA,January,128.0,1,2019-01-01
2019,CAMEROON,January,0.0,1,2019-01-01
2019,CANADA,January,5840.0,1,2019-01-01
2019,CAPE VERDE,January,0.0,1,2019-01-01
2019,CHAD,January,0.0,1,2019-01-01
2019,CHILE,January,132.0,1,2019-01-01
2019,CHINA,January,26414.0,1,2019-01-01
2019,COLOMBIA,January,88.0,1,2019-01-01
2019,COMOROS,January,20.0,1,2019-01-01
2019,CONGO THE DEM REPOF THE,January,6.0,1,2019-01-01
2019,"CONGO, REPUBLIC OF.",January,1.0,1,2019-01-01
2019,COSTA RICA,January,21.0,1,2019-01-01
2019,COTE DIVOIRE,January,0.0,1,2019-01-01
2019,CROATIA,January,452.0,1,2019-01-01
2019,CUBA,January,2.0,1,2019-01-01
2019,CYPRUS,January,68.0,1,2019-01-01
2019,CZECH REPUBLIC,January,2787.0,1,2019-01-01
2019,Country,January,0.0,1,2019-01-01
2019,Country,January,0.0,1,2019-01-01
2019,Country,January,0.0,1,2019-01-01
2019,Country,January,0.0,1,2019-01-01
2019,Country,January,0.0,1,2019-01-01
2019,DENMARK,January,3059.0,1,2019-01-01
2019,DJIBOUTI,January,1.0,1,2019-01-01
2019,DOMINICA,January,6.0,1,2019-01-01
2019,DOMINICAN REPUBLIC,January,5.0,1,2019-01-01
2019,ECUADOR,January,14.0,1,2019-01-01
2019,EGYPT,January,320.0,1,2019-01-01
2019,EL SALVADOR,January,1.0,1,2019-01-01
2019,ERITREA,January,3.0,1,2019-01-01
2019,ESTONIA,January,501.0,1,2019-01-01
2019,ETHIOPIA,January,9.0,1,2019-01-01
2019,FIJI,January,23.0,1,2019-01-01
2019,FINLAND,January,1589.0,1,2019-01-01
2019,FRANCE,January,11892.0,1,2019-01-01
2019,GABON,January,1.0,1,2019-01-01
2019,"GAMBIA, THE",January,1.0,1,2019-01-01
2019,GEORGIA,January,102.0,1,2019-01-01
2019,GERMANY,January,14027.0,1,2019-01-01
2019,GHANA,January,8.0,1,2019-01-01
2019,GREECE,January,766.0,1,2019-01-01
2019,GRENADA,January,0.0,1,2019-01-01
2019,GUATEMALA,January,7.0,1,2019-01-01
2019,GUINEA,January,0.0,1,2019-01-01
2019,GUINEA-BISSAU,January,0.0,1,2019-01-01
2019,GUYANA,January,6.0,1,2019-01-01
2019,HAITI,January,1.0,1,2019-01-01
2019,HONDURAS,January,16.0,1,2019-01-01
2019,HONG KONG,January,0.0,1,2019-01-01
2019,HUNGARY,January,845.0,1,2019-01-01
2019,ICELAND,January,65.0,1,2019-01-01
2019,INDIA,January,40049.0,1,2019-01-01
2019,INDONESIA,January,490.0,1,2019-01-01
2019,IRAN,January,204.0,1,2019-01-01
2019,IRAQ,January,95.0,1,2019-01-01
2019,IRELAND,January,1067.0,1,2019-01-01
2019,ISRAEL,January,1899.0,1,2019-01-01
2019,ITALY,January,6433.0,1,2019-01-01
2019,JAMAICA,January,2.0,1,2019-01-01
2019,JAPAN,January,3553.0,1,2019-01-01
2019,JORDAN,January,370.0,1,2019-01-01
2019,KAZAKHSTAN,January,509.0,1,2019-01-01
2019,KENYA,January,68.0,1,2019-01-01
2019,KIRIBATI,January,0.0,1,2019-01-01
2019,KOSOVAR,January,1.0,1,2019-01-01
2019,KUWAIT,January,545.0,1,2019-01-01
2019,KYRGYZSTAN,January,91.0,1,2019-01-01
2019,LAO PEOPLES DEM. REP.,January,7.0,1,2019-01-01
2019,LATVIA,January,373.0,1,2019-01-01
2019,LEBANON,January,389.0,1,2019-01-01
2019,LESOTHO,January,3.0,1,2019-01-01
2019,LIBERIA,January,1.0,1,2019-01-01
2019,LIBYA,January,11.0,1,2019-01-01
2019,LIECHTENSTEIN,January,6.0,1,2019-01-01
2019,LITHUANIA,January,451.0,1,2019-01-01
2019,LUXEMBOURG,January,69.0,1,2019-01-01
2019,MACEDONIA,January,28.0,1,2019-01-01
2019,MADAGASCAR,January,11.0,1,2019-01-01
2019,MALAWI,January,6.0,1,2019-01-01
2019,MALAYSIA,January,1481.0,1,2019-01-01
2019,MALDIVES,January,6004.0,1,2019-01-01
2019,MALI,January,6.0,1,2019-01-01
2019,MALTA,January,105.0,1,2019-01-01
2019,MARSHALL ISLANDS,January,0.0,1,2019-01-01
2019,MAURITANIA,January,18.0,1,2019-01-01
2019,MAURITIUS,January,100.0,1,2019-01-01
2019,MEXICO,January,144.0,1,2019-01-01
2019,MICRONESIA,January,0.0,1,2019-01-01
2019,MOLDOVA,January,87.0,1,2019-01-01
2019,MONACO,January,6.0,1,2019-01-01
2019,MONGOLIA,January,31.0,1,2019-01-01
2019,MONTENEGRO,January,27.0,1,2019-01-01
2019,MOROCCO,January,128.0,1,2019-01-01
2019,MOZAMBIQUE,January,4.0,1,2019-01-01
2019,MYANMAR,January,248.0,1,2019-01-01
2019,NAMIBIA,January,2.0,1,2019-01-01
2019,NAURU,January,0.0,1,2019-01-01
2019,NEPAL,January,495.0,1,2019-01-01
2019,NETHERLANDS,January,5101.0,1,2019-01-01
2019,NEW ZEALAND,January,1067.0,1,2019-01-01
2019,NICARAGUA,January,1.0,1,2019-01-01
2019,NIGER,January,0.0,1,2019-01-01
2019,NIGERIA,January,43.0,1,2019-01-01
2019,NORTH KOREA,January,0.0,1,2019-01-01
2019,NORWAY,January,1906.0,1,2019-01-01
2019,OMAN,January,564.0,1,2019-01-01
2019,PAKISTAN,January,1543.0,1,2019-01-01
2019,PALESTINIAN TERRITORIES,January,77.0,1,2019-01-01
2019,PANAMA,January,8.0,1,2019-01-01
2019,PAPUA NEW GUINEA,January,3.0,1,2019-01-01
2019,PARAGUAY,January,1.0,1,2019-01-01
2019,PERU,January,33.0,1,2019-01-01
2019,PHILIPPINES,January,1244.0,1,2019-01-01
2019,POLAND,January,3840.0,1,2019-01-01
2019,PORTUGAL,January,452.0,1,2019-01-01
2019,QATAR,January,65.0,1,2019-01-01
2019,ROMANIA,January,891.0,1,2019-01-01
2019,RUSSIAN FEDERATION,January,13474.0,1,2019-01-01
2019,RWANDA,January,4.0,1,2019-01-01
2019,SAINT KITTS AND NEVIS,January,1.0,1,2019-01-01
2019,SAINT LUCIA,January,0.0,1,2019-01-01
2019,SAINT VINCENT THE GRENADI,January,3.0,1,2019-01-01
2019,SAMOA,January,0.0,1,2019-01-01
2019,SAN MARINO,January,4.0,1,2019-01-01
2019,SAUDI ARABIA,January,1759.0,1,2019-01-01
2019,SENEGAL,January,3.0,1,2019-01-01
2019,SERBIA.,January,274.0,1,2019-01-01
2019,SEYCHELLES,January,0.0,1,2019-01-01
2019,SEYCHELLS,January,0.0,1,2019-01-01
2019,SIERRA LEONE,January,1.0,1,2019-01-01
2019,SINGAPORE,January,1117.0,1,2019-01-01
2019,SLOVAKIA(SLOVAK REPUBLIC),January,780.0,1,2019-01-01
2019,SLOVENIA,January,377.0,1,2019-01-01
2019,SOLOMON ISLANDS,January,0.0,1,2019-01-01
2019,SOMALIA,January,15.0,1,2019-01-01
2019,SOUTH AFRICA-ZUID AFRIKA,January,870.0,1,2019-01-01
2019,SOUTH KOREA,January,2140.0,1,2019-01-01
2019,SOUTH SUDAN,January,0.0,1,2019-01-01
2019,SPAIN,January,1838.0,1,2019-01-01
2019,SUDAN,January,65.0,1,2019-01-01
2019,SURINAME,January,1.0,1,2019-01-01
2019,SWAZILAND,January,0.0,1,2019-01-01
2019,SWEDEN,January,4692.0,1,2019-01-01
2019,SWITZERLAND,January,3457.0,1,2019-01-01
2019,SYRIAN ARAB REPUBLIC,January,16.0,1,2019-01-01
2019,TAIWAN PROVINCE OF CHINA,January,1097.0,1,2019-01-01
2019,TAJIKISTAN,January,7.0,1,2019-01-01
2019,TANZANIA,January,23.0,1,2019-01-01
2019,THAILAND,January,938.0,1,2019-01-01
2019,TIMOR-LESTE,January,9.0,1,2019-01-01
2019,TOGO,January,0.0,1,2019-01-01
2019,TONGA,January,1.0,1,2019-01-01
2019,TRINIDAD AND TOBAGO,January,7.0,1,2019-01-01
2019,TUNISIA,January,90.0,1,2019-01-01
2019,TURKEY,January,584.0,1,2019-01-01
2019,TURKMENISTAN,January,1.0,1,2019-01-01
2019,TUVALU,January,0.0,1,2019-01-01
2019,UGANDA,January,197.0,1,2019-01-01
2019,UKRAINE,January,6481.0,1,2019-01-01
2019,UNITED ARAB EMIRATES,January,346.0,1,2019-01-01
2019,UNITED KINGDOM,January,26036.0,1,2019-01-01
2019,UNITED STATES,January,7849.0,1,2019-01-01
2019,URUGUAY,January,12.0,1,2019-01-01
2019,UZBEKISTAN,January,66.0,1,2019-01-01
2019,VANUATU,January,0.0,1,2019-01-01
2019,VENEZUELA,January,33.0,1,2019-01-01
2019,VIET NAM,January,189.0,1,2019-01-01
2019,YEMEN (YEMEN ARAB REP.),January,91.0,1,2019-01-01
2019,ZAMBIA(NORTHERN RHODESIA),January,11.0,1,2019-01-01
2019,ZIMBABWE,January,21.0,1,2019-01-01
2019,AFGHANISTAN,February,47.0,2,2019-02-01
2019,ALBANIA,February,33.0,2,2019-02-01
2019,ALGERIA,February,32.0,2,2019-02-01
2019,ANDORRA,February,3.0,2,2019-02-01
2019,ANGOLA,February,2.0,2,2019-02-01
2019,ANTIGUA AND BARBUDA,February,2.0,2,2019-02-01
2019,ARGENTINA,February,158.0,2,2019-02-01
2019,ARMENIA,February,92.0,2,2019-02-01
2019,AUSTRALIA,February,8810.0,2,2019-02-01
2019,AUSTRIA,February,2709.0,2,2019-02-01
2019,AZERBAIJAN,February,64.0,2,2019-02-01
2019,BAHAMAS,February,2.0,2,2019-02-01
2019,BAHRAIN,February,162.0,2,2019-02-01
2019,BANGLADESH,February,731.0,2,2019-02-01
2019,BARBADOS,February,1.0,2,2019-02-01
2019,BELARUS,February,930.0,2,2019-02-01
2019,BELGIUM,February,1681.0,2,2019-02-01
2019,BELIZE,February,2.0,2,2019-02-01
2019,BENIN,February,0.0,2,2019-02-01
2019,BHUTAN,February,74.0,2,2019-02-01
2019,BOLIVIA,February,2.0,2,2019-02-01
2019,BOSNIA AND HERZEGOVINA,February,33.0,2,2019-02-01
2019,BOTSWANA,February,4.0,2,2019-02-01
2019,BRAZIL,February,233.0,2,2019-02-01
2019,BRUNEI DARUSSALAM,February,11.0,2,2019-02-01
2019,BULGARIA,February,478.0,2,2019-02-01
2019,BURKINA FASO,February,1.0,2,2019-02-01
2019,BURUNDI,February,1.0,2,2019-02-01
2019,CAMBODIA,February,745.0,2,2019-02-01
2019,CAMEROON,February,1.0,2,2019-02-01
2019,CANADA,February,6469.0,2,2019-02-01
2019,CAPE VERDE,February,0.0,2,2019-02-01
2019,CHAD,February,0.0,2,2019-02-01
2019,CHILE,February,204.0,2,2019-02-01
2019,CHINA,February,28039.0,2,2019-02-01
2019,COLOMBIA,February,68.0,2,2019-02-01
2019,COMOROS,February,5.0,2,2019-02-01
2019,CONGO THE DEM REPOF THE,February,7.0,2,2019-02-01
2019,"CONGO, REPUBLIC OF.",February,0.0,2,2019-02-01
2019,COSTA RICA,February,21.0,2,2019-02-01
2019,COTE DIVOIRE,February,3.0,2,2019-02-01
2019,CROATIA,February,289.0,2,2019-02-01
2019,CUBA,February,2.0,2,2019-02-01
2019,CYPRUS,February,66.0,2,2019-02-01
2019,CZECH REPUBLIC,February,4449.0,2,2019-02-01
2019,Country,February,0.0,2,2019-02-01
2019,Country,February,0.0,2,2019-02-01
2019,Country,February,0.0,2,2019-02-01
2019,Country,February,0.0,2,2019-02-01
2019,Country,February,0.0,2,2019-02-01
2019,DENMARK,February,3980.0,2,2019-02-01
2019,DJIBOUTI,February,0.0,2,2019-02-01
2019,DOMINICA,February,5.0,2,2019-02-01
2019,DOMINICAN REPUBLIC,February,3.0,2,2019-02-01
2019,ECUADOR,February,11.0,2,2019-02-01
2019,EGYPT,February,304.0,2,2019-02-01
2019,EL SALVADOR,February,5.0,2,2019-02-01
2019,ERITREA,February,3.0,2,2019-02-01
2019,ESTONIA,February,559.0,2,2019-02-01
2019,ETHIOPIA,February,11.0,2,2019-02-01
2019,FIJI,February,17.0,2,2019-02-01
2019,FINLAND,February,1668.0,2,2019-02-01
2019,FRANCE,February,17295.0,2,2019-02-01
2019,GABON,February,0.0,2,2019-02-01
2019,"GAMBIA, THE",February,0.0,2,2019-02-01
2019,GEORGIA,February,64.0,2,2019-02-01
2019,GERMANY,February,17268.0,2,2019-02-01
2019,GHANA,February,6.0,2,2019-02-01
2019,GREECE,February,694.0,2,2019-02-01
2019,GRENADA,February,2.0,2,2019-02-01
2019,GUATEMALA,February,8.0,2,2019-02-01
2019,GUINEA,February,2.0,2,2019-02-01
2019,GUINEA-BISSAU,February,2.0,2,2019-02-01
2019,GUYANA,February,1.0,2,2019-02-01
2019,HAITI,February,0.0,2,2019-02-01
2019,HONDURAS,February,8.0,2,2019-02-01
2019,HONG KONG,February,2.0,2,2019-02-01
2019,HUNGARY,February,856.0,2,2019-02-01
2019,ICELAND,February,112.0,2,2019-02-01
2019,INDIA,February,32286.0,2,2019-02-01
2019,INDONESIA,February,484.0,2,2019-02-01
2019,IRAN,February,326.0,2,2019-02-01
2019,IRAQ,February,54.0,2,2019-02-01
2019,IRELAND,February,1110.0,2,2019-02-01
2019,ISRAEL,February,1532.0,2,2019-02-01
2019,ITALY,February,5363.0,2,2019-02-01
2019,JAMAICA,February,7.0,2,2019-02-01
2019,JAPAN,February,4878.0,2,2019-02-01
2019,JORDAN,February,240.0,2,2019-02-01
2019,KAZAKHSTAN,February,327.0,2,2019-02-01
2019,KENYA,February,58.0,2,2019-02-01
2019,KIRIBATI,February,0.0,2,2019-02-01
2019,KOSOVAR,February,9.0,2,2019-02-01
2019,KUWAIT,February,467.0,2,2019-02-01
2019,KYRGYZSTAN,February,43.0,2,2019-02-01
2019,LAO PEOPLES DEM. REP.,February,13.0,2,2019-02-01
2019,LATVIA,February,282.0,2,2019-02-01
2019,LEBANON,February,410.0,2,2019-02-01
2019,LESOTHO,February,1.0,2,2019-02-01
2019,LIBERIA,February,0.0,2,2019-02-01
2019,LIBYA,February,8.0,2,2019-02-01
2019,LIECHTENSTEIN,February,9.0,2,2019-02-01
2019,LITHUANIA,February,574.0,2,2019-02-01
2019,LUXEMBOURG,February,75.0,2,2019-02-01
2019,MACEDONIA,February,18.0,2,2019-02-01
2019,MADAGASCAR,February,7.0,2,2019-02-01
2019,MALAWI,February,0.0,2,2019-02-01
2019,MALAYSIA,February,2070.0,2,2019-02-01
2019,MALDIVES,February,4931.0,2,2019-02-01
2019,MALI,February,0.0,2,2019-02-01
2019,MALTA,February,120.0,2,2019-02-01
2019,MARSHALL ISLANDS,February,1.0,2,2019-02-01
2019,MAURITANIA,February,2.0,2,2019-02-01
2019,MAURITIUS,February,50.0,2,2019-02-01
2019,MEXICO,February,133.0,2,2019-02-01
2019,MICRONESIA,February,0.0,2,2019-02-01
2019,MOLDOVA,February,83.0,2,2019-02-01
2019,MONACO,February,2.0,2,2019-02-01
2019,MONGOLIA,February,20.0,2,2019-02-01
2019,MONTENEGRO,February,9.0,2,2019-02-01
2019,MOROCCO,February,96.0,2,2019-02-01
2019,MOZAMBIQUE,February,4.0,2,2019-02-01
2019,MYANMAR,February,274.0,2,2019-02-01
2019,NAMIBIA,February,5.0,2,2019-02-01
2019,NAURU,February,0.0,2,2019-02-01
2019,NEPAL,February,467.0,2,2019-02-01
2019,NETHERLANDS,February,5126.0,2,2019-02-01
2019,NEW ZEALAND,February,1070.0,2,2019-02-01
2019,NICARAGUA,February,0.0,2,2019-02-01
2019,NIGER,February,0.0,2,2019-02-01
2019,NIGERIA,February,13.0,2,2019-02-01
2019,NORTH KOREA,February,0.0,2,2019-02-01
2019,NORWAY,February,2053.0,2,2019-02-01
2019,OMAN,February,355.0,2,2019-02-01
2019,PAKISTAN,February,1496.0,2,2019-02-01
2019,PALESTINIAN TERRITORIES,February,58.0,2,2019-02-01
2019,PANAMA,February,15.0,2,2019-02-01
2019,PAPUA NEW GUINEA,February,0.0,2,2019-02-01
2019,PARAGUAY,February,3.0,2,2019-02-01
2019,PERU,February,33.0,2,2019-02-01
2019,PHILIPPINES,February,1485.0,2,2019-02-01
2019,POLAND,February,3302.0,2,2019-02-01
2019,PORTUGAL,February,592.0,2,2019-02-01
2019,QATAR,February,119.0,2,2019-02-01
2019,ROMANIA,February,913.0,2,2019-02-01
2019,RUSSIAN FEDERATION,February,13008.0,2,2019-02-01
2019,RWANDA,February,1.0,2,2019-02-01
2019,SAINT KITTS AND NEVIS,February,5.0,2,2019-02-01
2019,SAINT LUCIA,February,1.0,2,2019-02-01
2019,SAINT VINCENT THE GRENADI,February,0.0,2,2019-02-01
2019,SAMOA,February,1.0,2,2019-02-01
2019,SAN MARINO,February,4.0,2,2019-02-01
2019,SAUDI ARABIA,February,1157.0,2,2019-02-01
2019,SENEGAL,February,1.0,2,2019-02-01
2019,SERBIA.,February,241.0,2,2019-02-01
2019,SEYCHELLES,February,1.0,2,2019-02-01
2019,SEYCHELLS,February,0.0,2,2019-02-01
2019,SIERRA LEONE,February,4.0,2,2019-02-01
2019,SINGAPORE,February,1500.0,2,2019-02-01
2019,SLOVAKIA(SLOVAK REPUBLIC),February,913.0,2,2019-02-01
2019,SLOVENIA,February,717.0,2,2019-02-01
2019,SOLOMON ISLANDS,February,0.0,2,2019-02-01
2019,SOMALIA,February,10.0,2,2019-02-01
2019,SOUTH AFRICA-ZUID AFRIKA,February,747.0,2,2019-02-01
2019,SOUTH KOREA,February,1606.0,2,2019-02-01
2019,SOUTH SUDAN,February,0.0,2,2019-02-01
2019,SPAIN,February,1771.0,2,2019-02-01
2019,SUDAN,February,25.0,2,2019-02-01
2019,SURINAME,February,1.0,2,2019-02-01
2019,SWAZILAND,February,0.0,2,2019-02-01
2019,SWEDEN,February,4739.0,2,2019-02-01
2019,SWITZERLAND,February,3796.0,2,2019-02-01
2019,SYRIAN ARAB REPUBLIC,February,32.0,2,2019-02-01
2019,TAIWAN PROVINCE OF CHINA,February,1284.0,2,2019-02-01
2019,TAJIKISTAN,February,13.0,2,2019-02-01
2019,TANZANIA,February,19.0,2,2019-02-01
2019,THAILAND,February,999.0,2,2019-02-01
2019,TIMOR-LESTE,February,2.0,2,2019-02-01
2019,TOGO,February,1.0,2,2019-02-01
2019,TONGA,February,0.0,2,2019-02-01
2019,TRINIDAD AND TOBAGO,February,5.0,2,2019-02-01
2019,TUNISIA,February,77.0,2,2019-02-01
2019,TURKEY,February,692.0,2,2019-02-01
2019,TURKMENISTAN,February,21.0,2,2019-02-01
2019,TUVALU,February,0.0,2,2019-02-01
2019,UGANDA,February,5.0,2,2019-02-01
2019,UKRAINE,February,5353.0,2,2019-02-01
2019,UNITED ARAB EMIRATES,February,271.0,2,2019-02-01
2019,UNITED KINGDOM,February,29750.0,2,2019-02-01
2019,UNITED STATES,February,9678.0,2,2019-02-01
2019,URUGUAY,February,13.0,2,2019-02-01
2019,UZBEKISTAN,February,51.0,2,2019-02-01
2019,VANUATU,February,1.0,2,2019-02-01
2019,VENEZUELA,February,27.0,2,2019-02-01
2019,VIET NAM,February,388.0,2,2019-02-01
2019,YEMEN (YEMEN ARAB REP.),February,54.0,2,2019-02-01
2019,ZAMBIA(NORTHERN RHODESIA),February,2.0,2,2019-02-01
2019,ZIMBABWE,February,13.0,2,2019-02-01
2019,AFGHANISTAN,March,59.0,3,2019-03-01
2019,ALBANIA,March,54.0,3,2019-03-01
2019,ALGERIA,March,36.0,3,2019-03-01
2019,ANDORRA,March,5.0,3,2019-03-01
2019,ANGOLA,March,0.0,3,2019-03-01
2019,ANTIGUA AND BARBUDA,March,7.0,3,2019-03-01
2019,ARGENTINA,March,190.0,3,2019-03-01
2019,ARMENIA,March,85.0,3,2019-03-01
2019,AUSTRALIA,March,11441.0,3,2019-03-01
2019,AUSTRIA,March,1932.0,3,2019-03-01
2019,AZERBAIJAN,March,151.0,3,2019-03-01
2019,BAHAMAS,March,2.0,3,2019-03-01
2019,BAHRAIN,March,150.0,3,2019-03-01
2019,BANGLADESH,March,848.0,3,2019-03-01
2019,BARBADOS,March,3.0,3,2019-03-01
2019,BELARUS,March,914.0,3,2019-03-01
2019,BELGIUM,March,1646.0,3,2019-03-01
2019,BELIZE,March,3.0,3,2019-03-01
2019,BENIN,March,1.0,3,2019-03-01
2019,BHUTAN,March,25.0,3,2019-03-01
2019,BOLIVIA,March,4.0,3,2019-03-01
2019,BOSNIA AND HERZEGOVINA,March,29.0,3,2019-03-01
2019,BOTSWANA,March,2.0,3,2019-03-01
2019,BRAZIL,March,310.0,3,2019-03-01
2019,BRUNEI DARUSSALAM,March,6.0,3,2019-03-01
2019,BULGARIA,March,375.0,3,2019-03-01
2019,BURKINA FASO,March,4.0,3,2019-03-01
2019,BURUNDI,March,0.0,3,2019-03-01
2019,CAMBODIA,March,1592.0,3,2019-03-01
2019,CAMEROON,March,1.0,3,2019-03-01
2019,CANADA,March,6011.0,3,2019-03-01
2019,CAPE VERDE,March,1.0,3,2019-03-01
2019,CHAD,March,4.0,3,2019-03-01
2019,CHILE,March,85.0,3,2019-03-01
2019,CHINA,March,23759.0,3,2019-03-01
2019,COLOMBIA,March,67.0,3,2019-03-01
2019,COMOROS,March,22.0,3,2019-03-01
2019,CONGO THE DEM REPOF THE,March,3.0,3,2019-03-01
2019,"CONGO, REPUBLIC OF.",March,0.0,3,2019-03-01
2019,COSTA RICA,March,13.0,3,2019-03-01
2019,COTE DIVOIRE,March,1.0,3,2019-03-01
2019,CROATIA,March,218.0,3,2019-03-01
2019,CUBA,March,7.0,3,2019-03-01
2019,CYPRUS,March,73.0,3,2019-03-01
2019,CZECH REPUBLIC,March,3041.0,3,2019-03-01
2019,Country,March,0.0,3,2019-03-01
2019,Country,March,0.0,3,2019-03-01
2019,Country,March,0.0,3,2019-03-01
2019,Country,March,0.0,3,2019-03-01
2019,Country,March,0.0,3,2019-03-01
2019,DENMARK,March,1845.0,3,2019-03-01
2019,DJIBOUTI,March,0.0,3,2019-03-01
2019,DOMINICA,March,7.0,3,2019-03-01
2019,DOMINICAN REPUBLIC,March,9.0,3,2019-03-01
2019,ECUADOR,March,12.0,3,2019-03-01
2019,EGYPT,March,364.0,3,2019-03-01
2019,EL SALVADOR,March,5.0,3,2019-03-01
2019,ERITREA,March,6.0,3,2019-03-01
2019,ESTONIA,March,268.0,3,2019-03-01
2019,ETHIOPIA,March,19.0,3,2019-03-01
2019,FIJI,March,17.0,3,2019-03-01
2019,FINLAND,March,1007.0,3,2019-03-01
2019,FRANCE,March,13957.0,3,2019-03-01
2019,GABON,March,0.0,3,2019-03-01
2019,"GAMBIA, THE",March,1.0,3,2019-03-01
2019,GEORGIA,March,53.0,3,2019-03-01
2019,GERMANY,March,18134.0,3,2019-03-01
2019,GHANA,March,13.0,3,2019-03-01
2019,GREECE,March,643.0,3,2019-03-01
2019,GRENADA,March,2.0,3,2019-03-01
2019,GUATEMALA,March,9.0,3,2019-03-01
2019,GUINEA,March,0.0,3,2019-03-01
2019,GUINEA-BISSAU,March,0.0,3,2019-03-01
2019,GUYANA,March,1.0,3,2019-03-01
2019,HAITI,March,1.0,3,2019-03-01
2019,HONDURAS,March,4.0,3,2019-03-01
2019,HONG KONG,March,0.0,3,2019-03-01
2019,HUNGARY,March,623.0,3,2019-03-01
2019,ICELAND,March,57.0,3,2019-03-01
2019,INDIA,March,34812.0,3,2019-03-01
2019,INDONESIA,March,532.0,3,2019-03-01
2019,IRAN,March,1025.0,3,2019-03-01
2019,IRAQ,March,113.0,3,2019-03-01
2019,IRELAND,March,1224.0,3,2019-03-01
2019,ISRAEL,March,1077.0,3,2019-03-01
2019,ITALY,March,4309.0,3,2019-03-01
2019,JAMAICA,March,14.0,3,2019-03-01
2019,JAPAN,March,4611.0,3,2019-03-01
2019,JORDAN,March,295.0,3,2019-03-01
2019,KAZAKHSTAN,March,266.0,3,2019-03-01
2019,KENYA,March,41.0,3,2019-03-01
2019,KIRIBATI,March,0.0,3,2019-03-01
2019,KOSOVAR,March,0.0,3,2019-03-01
2019,KUWAIT,March,246.0,3,2019-03-01
2019,KYRGYZSTAN,March,54.0,3,2019-03-01
2019,LAO PEOPLES DEM. REP.,March,22.0,3,2019-03-01
2019,LATVIA,March,274.0,3,2019-03-01
2019,LEBANON,March,576.0,3,2019-03-01
2019,LESOTHO,March,0.0,3,2019-03-01
2019,LIBERIA,March,1.0,3,2019-03-01
2019,LIBYA,March,12.0,3,2019-03-01
2019,LIECHTENSTEIN,March,13.0,3,2019-03-01
2019,LITHUANIA,March,399.0,3,2019-03-01
2019,LUXEMBOURG,March,85.0,3,2019-03-01
2019,MACEDONIA,March,26.0,3,2019-03-01
2019,MADAGASCAR,March,3.0,3,2019-03-01
2019,MALAWI,March,2.0,3,2019-03-01
2019,MALAYSIA,March,1998.0,3,2019-03-01
2019,MALDIVES,March,7802.0,3,2019-03-01
2019,MALI,March,5.0,3,2019-03-01
2019,MALTA,March,84.0,3,2019-03-01
2019,MARSHALL ISLANDS,March,0.0,3,2019-03-01
2019,MAURITANIA,March,0.0,3,2019-03-01
2019,MAURITIUS,March,97.0,3,2019-03-01
2019,MEXICO,March,243.0,3,2019-03-01
2019,MICRONESIA,March,0.0,3,2019-03-01
2019,MOLDOVA,March,82.0,3,2019-03-01
2019,MONACO,March,2.0,3,2019-03-01
2019,MONGOLIA,March,37.0,3,2019-03-01
2019,MONTENEGRO,March,29.0,3,2019-03-01
2019,MOROCCO,March,147.0,3,2019-03-01
2019,MOZAMBIQUE,March,3.0,3,2019-03-01
2019,MYANMAR,March,310.0,3,2019-03-01
2019,NAMIBIA,March,0.0,3,2019-03-01
2019,NAURU,March,1.0,3,2019-03-01
2019,NEPAL,March,417.0,3,2019-03-01
2019,NETHERLANDS,March,4864.0,3,2019-03-01
2019,NEW ZEALAND,March,1437.0,3,2019-03-01
2019,NICARAGUA,March,3.0,3,2019-03-01
2019,NIGER,March,0.0,3,2019-03-01
2019,NIGERIA,March,16.0,3,2019-03-01
2019,NORTH KOREA,March,1.0,3,2019-03-01
2019,NORWAY,March,1278.0,3,2019-03-01
2019,OMAN,March,324.0,3,2019-03-01
2019,PAKISTAN,March,1081.0,3,2019-03-01
2019,PALESTINIAN TERRITORIES,March,74.0,3,2019-03-01
2019,PANAMA,March,0.0,3,2019-03-01
2019,PAPUA NEW GUINEA,March,2.0,3,2019-03-01
2019,PARAGUAY,March,2.0,3,2019-03-01
2019,PERU,March,44.0,3,2019-03-01
2019,PHILIPPINES,March,1413.0,3,2019-03-01
2019,POLAND,March,2653.0,3,2019-03-01
2019,PORTUGAL,March,806.0,3,2019-03-01
2019,QATAR,March,115.0,3,2019-03-01
2019,ROMANIA,March,679.0,3,2019-03-01
2019,RUSSIAN FEDERATION,March,12705.0,3,2019-03-01
2019,RWANDA,March,3.0,3,2019-03-01
2019,SAINT KITTS AND NEVIS,March,5.0,3,2019-03-01
2019,SAINT LUCIA,March,1.0,3,2019-03-01
2019,SAINT VINCENT THE GRENADI,March,3.0,3,2019-03-01
2019,SAMOA,March,1.0,3,2019-03-01
2019,SAN MARINO,March,4.0,3,2019-03-01
2019,SAUDI ARABIA,March,1402.0,3,2019-03-01
2019,SENEGAL,March,6.0,3,2019-03-01
2019,SERBIA.,March,186.0,3,2019-03-01
2019,SEYCHELLES,March,0.0,3,2019-03-01
2019,SEYCHELLS,March,0.0,3,2019-03-01
2019,SIERRA LEONE,March,2.0,3,2019-03-01
2019,SINGAPORE,March,1824.0,3,2019-03-01
2019,SLOVAKIA(SLOVAK REPUBLIC),March,763.0,3,2019-03-01
2019,SLOVENIA,March,297.0,3,2019-03-01
2019,SOLOMON ISLANDS,March,1.0,3,2019-03-01
2019,SOMALIA,March,11.0,3,2019-03-01
2019,SOUTH AFRICA-ZUID AFRIKA,March,1007.0,3,2019-03-01
2019,SOUTH KOREA,March,1214.0,3,2019-03-01
2019,SOUTH SUDAN,March,3.0,3,2019-03-01
2019,SPAIN,March,2380.0,3,2019-03-01
2019,SUDAN,March,44.0,3,2019-03-01
2019,SURINAME,March,2.0,3,2019-03-01
2019,SWAZILAND,March,1.0,3,2019-03-01
2019,SWEDEN,March,2660.0,3,2019-03-01
2019,SWITZERLAND,March,3179.0,3,2019-03-01
2019,SYRIAN ARAB REPUBLIC,March,19.0,3,2019-03-01
2019,TAIWAN PROVINCE OF CHINA,March,889.0,3,2019-03-01
2019,TAJIKISTAN,March,8.0,3,2019-03-01
2019,TANZANIA,March,18.0,3,2019-03-01
2019,THAILAND,March,983.0,3,2019-03-01
2019,TIMOR-LESTE,March,3.0,3,2019-03-01
2019,TOGO,March,1.0,3,2019-03-01
2019,TONGA,March,1.0,3,2019-03-01
2019,TRINIDAD AND TOBAGO,March,45.0,3,2019-03-01
2019,TUNISIA,March,119.0,3,2019-03-01
2019,TURKEY,March,444.0,3,2019-03-01
2019,TURKMENISTAN,March,17.0,3,2019-03-01
2019,TUVALU,March,0.0,3,2019-03-01
2019,UGANDA,March,10.0,3,2019-03-01
2019,UKRAINE,March,4239.0,3,2019-03-01
2019,UNITED ARAB EMIRATES,March,590.0,3,2019-03-01
2019,UNITED KINGDOM,March,29682.0,3,2019-03-01
2019,UNITED STATES,March,12543.0,3,2019-03-01
2019,URUGUAY,March,6.0,3,2019-03-01
2019,UZBEKISTAN,March,77.0,3,2019-03-01
2019,VANUATU,March,1.0,3,2019-03-01
2019,VENEZUELA,March,19.0,3,2019-03-01
2019,VIET NAM,March,499.0,3,2019-03-01
2019,YEMEN (YEMEN ARAB REP.),March,59.0,3,2019-03-01
2019,ZAMBIA(NORTHERN RHODESIA),March,9.0,3,2019-03-01
2019,ZIMBABWE,March,25.0,3,2019-03-01
2019,AFGHANISTAN,April,38.0,4,2019-04-01
2019,ALBANIA,April,43.0,4,2019-04-01
2019,ALGERIA,April,32.0,4,2019-04-01
2019,ANDORRA,April,9.0,4,2019-04-01
2019,ANGOLA,April,0.0,4,2019-04-01
2019,ANTIGUA AND BARBUDA,April,2.0,4,2019-04-01
2019,ARGENTINA,April,267.0,4,2019-04-01
2019,ARMENIA,April,65.0,4,2019-04-01
2019,AUSTRALIA,April,9565.0,4,2019-04-01
2019,AUSTRIA,April,1656.0,4,2019-04-01
2019,AZERBAIJAN,April,17.0,4,2019-04-01
2019,BAHAMAS,April,4.0,4,2019-04-01
2019,BAHRAIN,April,141.0,4,2019-04-01
2019,BANGLADESH,April,593.0,4,2019-04-01
2019,BARBADOS,April,0.0,4,2019-04-01
2019,BELARUS,April,142.0,4,2019-04-01
2019,BELGIUM,April,1626.0,4,2019-04-01
2019,BELIZE,April,2.0,4,2019-04-01
2019,BENIN,April,1.0,4,2019-04-01
2019,BHUTAN,April,9.0,4,2019-04-01
2019,BOLIVIA,April,3.0,4,2019-04-01
2019,BOSNIA AND HERZEGOVINA,April,14.0,4,2019-04-01
2019,BOTSWANA,April,2.0,4,2019-04-01
2019,BRAZIL,April,637.0,4,2019-04-01
2019,BRUNEI DARUSSALAM,April,2.0,4,2019-04-01
2019,BULGARIA,April,246.0,4,2019-04-01
2019,BURKINA FASO,April,0.0,4,2019-04-01
2019,BURUNDI,April,0.0,4,2019-04-01
2019,CAMBODIA,April,20.0,4,2019-04-01
2019,CAMEROON,April,1.0,4,2019-04-01
2019,CANADA,April,3741.0,4,2019-04-01
2019,CAPE VERDE,April,0.0,4,2019-04-01
2019,CHAD,April,0.0,4,2019-04-01
2019,CHILE,April,100.0,4,2019-04-01
2019,CHINA,April,14263.0,4,2019-04-01
2019,COLOMBIA,April,72.0,4,2019-04-01
2019,COMOROS,April,11.0,4,2019-04-01
2019,CONGO THE DEM REPOF THE,April,2.0,4,2019-04-01
2019,"CONGO, REPUBLIC OF.",April,0.0,4,2019-04-01
2019,COSTA RICA,April,13.0,4,2019-04-01
2019,COTE DIVOIRE,April,7.0,4,2019-04-01
2019,CROATIA,April,186.0,4,2019-04-01
2019,CUBA,April,1.0,4,2019-04-01
2019,CYPRUS,April,68.0,4,2019-04-01
2019,CZECH REPUBLIC,April,1370.0,4,2019-04-01
2019,Country,April,0.0,4,2019-04-01
2019,Country,April,0.0,4,2019-04-01
2019,Country,April,0.0,4,2019-04-01
2019,Country,April,0.0,4,2019-04-01
2019,Country,April,0.0,4,2019-04-01
2019,DENMARK,April,1887.0,4,2019-04-01
2019,DJIBOUTI,April,0.0,4,2019-04-01
2019,DOMINICA,April,6.0,4,2019-04-01
2019,DOMINICAN REPUBLIC,April,3.0,4,2019-04-01
2019,ECUADOR,April,10.0,4,2019-04-01
2019,EGYPT,April,487.0,4,2019-04-01
2019,EL SALVADOR,April,4.0,4,2019-04-01
2019,ERITREA,April,3.0,4,2019-04-01
2019,ESTONIA,April,143.0,4,2019-04-01
2019,ETHIOPIA,April,16.0,4,2019-04-01
2019,FIJI,April,13.0,4,2019-04-01
2019,FINLAND,April,364.0,4,2019-04-01
2019,FRANCE,April,9148.0,4,2019-04-01
2019,GABON,April,0.0,4,2019-04-01
2019,"GAMBIA, THE",April,0.0,4,2019-04-01
2019,GEORGIA,April,26.0,4,2019-04-01
2019,GERMANY,April,16930.0,4,2019-04-01
2019,GHANA,April,29.0,4,2019-04-01
2019,GREECE,April,619.0,4,2019-04-01
2019,GRENADA,April,0.0,4,2019-04-01
2019,GUATEMALA,April,6.0,4,2019-04-01
2019,GUINEA,April,1.0,4,2019-04-01
2019,GUINEA-BISSAU,April,0.0,4,2019-04-01
2019,GUYANA,April,1.0,4,2019-04-01
2019,HAITI,April,3.0,4,2019-04-01
2019,HONDURAS,April,4.0,4,2019-04-01
2019,HONG KONG,April,6.0,4,2019-04-01
2019,HUNGARY,April,267.0,4,2019-04-01
2019,ICELAND,April,29.0,4,2019-04-01
2019,INDIA,April,23431.0,4,2019-04-01
2019,INDONESIA,April,256.0,4,2019-04-01
2019,IRAN,April,205.0,4,2019-04-01
2019,IRAQ,April,58.0,4,2019-04-01
2019,IRELAND,April,1105.0,4,2019-04-01
2019,ISRAEL,April,1266.0,4,2019-04-01
2019,ITALY,April,3303.0,4,2019-04-01
2019,JAMAICA,April,12.0,4,2019-04-01
2019,JAPAN,April,2203.0,4,2019-04-01
2019,JORDAN,April,342.0,4,2019-04-01
2019,KAZAKHSTAN,April,109.0,4,2019-04-01
2019,KENYA,April,52.0,4,2019-04-01
2019,KIRIBATI,April,2.0,4,2019-04-01
2019,KOSOVAR,April,1.0,4,2019-04-01
2019,KUWAIT,April,247.0,4,2019-04-01
2019,KYRGYZSTAN,April,36.0,4,2019-04-01
2019,LAO PEOPLES DEM. REP.,April,18.0,4,2019-04-01
2019,LATVIA,April,97.0,4,2019-04-01
2019,LEBANON,April,661.0,4,2019-04-01
2019,LESOTHO,April,0.0,4,2019-04-01
2019,LIBERIA,April,0.0,4,2019-04-01
2019,LIBYA,April,21.0,4,2019-04-01
2019,LIECHTENSTEIN,April,11.0,4,2019-04-01
2019,LITHUANIA,April,140.0,4,2019-04-01
2019,LUXEMBOURG,April,220.0,4,2019-04-01
2019,MACEDONIA,April,19.0,4,2019-04-01
2019,MADAGASCAR,April,5.0,4,2019-04-01
2019,MALAWI,April,2.0,4,2019-04-01
2019,MALAYSIA,April,995.0,4,2019-04-01
2019,MALDIVES,April,4655.0,4,2019-04-01
2019,MALI,April,1.0,4,2019-04-01
2019,MALTA,April,53.0,4,2019-04-01
2019,MARSHALL ISLANDS,April,0.0,4,2019-04-01
2019,MAURITANIA,April,2.0,4,2019-04-01
2019,MAURITIUS,April,52.0,4,2019-04-01
2019,MEXICO,April,349.0,4,2019-04-01
2019,MICRONESIA,April,0.0,4,2019-04-01
2019,MOLDOVA,April,16.0,4,2019-04-01
2019,MONACO,April,17.0,4,2019-04-01
2019,MONGOLIA,April,3.0,4,2019-04-01
2019,MONTENEGRO,April,14.0,4,2019-04-01
2019,MOROCCO,April,100.0,4,2019-04-01
2019,MOZAMBIQUE,April,1.0,4,2019-04-01
2019,MYANMAR,April,159.0,4,2019-04-01
2019,NAMIBIA,April,5.0,4,2019-04-01
2019,NAURU,April,0.0,4,2019-04-01
2019,NEPAL,April,449.0,4,2019-04-01
2019,NETHERLANDS,April,3523.0,4,2019-04-01
2019,NEW ZEALAND,April,1483.0,4,2019-04-01
2019,NICARAGUA,April,1.0,4,2019-04-01
2019,NIGER,April,0.0,4,2019-04-01
2019,NIGERIA,April,4.0,4,2019-04-01
2019,NORTH KOREA,April,0.0,4,2019-04-01
2019,NORWAY,April,1246.0,4,2019-04-01
2019,OMAN,April,282.0,4,2019-04-01
2019,PAKISTAN,April,848.0,4,2019-04-01
2019,PALESTINIAN TERRITORIES,April,111.0,4,2019-04-01
2019,PANAMA,April,2.0,4,2019-04-01
2019,PAPUA NEW GUINEA,April,1.0,4,2019-04-01
2019,PARAGUAY,April,2.0,4,2019-04-01
2019,PERU,April,39.0,4,2019-04-01
2019,PHILIPPINES,April,1308.0,4,2019-04-01
2019,POLAND,April,914.0,4,2019-04-01
2019,PORTUGAL,April,673.0,4,2019-04-01
2019,QATAR,April,220.0,4,2019-04-01
2019,ROMANIA,April,444.0,4,2019-04-01
2019,RUSSIAN FEDERATION,April,3680.0,4,2019-04-01
2019,RWANDA,April,0.0,4,2019-04-01
2019,SAINT KITTS AND NEVIS,April,5.0,4,2019-04-01
2019,SAINT LUCIA,April,2.0,4,2019-04-01
2019,SAINT VINCENT THE GRENADI,April,0.0,4,2019-04-01
2019,SAMOA,April,0.0,4,2019-04-01
2019,SAN MARINO,April,0.0,4,2019-04-01
2019,SAUDI ARABIA,April,1212.0,4,2019-04-01
2019,SENEGAL,April,8.0,4,2019-04-01
2019,SERBIA.,April,140.0,4,2019-04-01
2019,SEYCHELLES,April,0.0,4,2019-04-01
2019,SEYCHELLS,April,0.0,4,2019-04-01
2019,SIERRA LEONE,April,0.0,4,2019-04-01
2019,SINGAPORE,April,1037.0,4,2019-04-01
2019,SLOVAKIA(SLOVAK REPUBLIC),April,497.0,4,2019-04-01
2019,SLOVENIA,April,250.0,4,2019-04-01
2019,SOLOMON ISLANDS,April,0.0,4,2019-04-01
2019,SOMALIA,April,11.0,4,2019-04-01
2019,SOUTH AFRICA-ZUID AFRIKA,April,628.0,4,2019-04-01
2019,SOUTH KOREA,April,677.0,4,2019-04-01
2019,SOUTH SUDAN,April,0.0,4,2019-04-01
2019,SPAIN,April,2760.0,4,2019-04-01
2019,SUDAN,April,59.0,4,2019-04-01
2019,SURINAME,April,6.0,4,2019-04-01
2019,SWAZILAND,April,0.0,4,2019-04-01
2019,SWEDEN,April,1288.0,4,2019-04-01
2019,SWITZERLAND,April,4531.0,4,2019-04-01
2019,SYRIAN ARAB REPUBLIC,April,15.0,4,2019-04-01
2019,TAIWAN PROVINCE OF CHINA,April,600.0,4,2019-04-01
2019,TAJIKISTAN,April,4.0,4,2019-04-01
2019,TANZANIA,April,17.0,4,2019-04-01
2019,THAILAND,April,762.0,4,2019-04-01
2019,TIMOR-LESTE,April,0.0,4,2019-04-01
2019,TOGO,April,0.0,4,2019-04-01
2019,TONGA,April,0.0,4,2019-04-01
2019,TRINIDAD AND TOBAGO,April,10.0,4,2019-04-01
2019,TUNISIA,April,75.0,4,2019-04-01
2019,TURKEY,April,335.0,4,2019-04-01
2019,TURKMENISTAN,April,6.0,4,2019-04-01
2019,TUVALU,April,0.0,4,2019-04-01
2019,UGANDA,April,5.0,4,2019-04-01
2019,UKRAINE,April,1224.0,4,2019-04-01
2019,UNITED ARAB EMIRATES,April,479.0,4,2019-04-01
2019,UNITED KINGDOM,April,24718.0,4,2019-04-01
2019,UNITED STATES,April,4810.0,4,2019-04-01
2019,URUGUAY,April,25.0,4,2019-04-01
2019,UZBEKISTAN,April,37.0,4,2019-04-01
2019,VANUATU,April,1.0,4,2019-04-01
2019,VENEZUELA,April,22.0,4,2019-04-01
2019,VIET NAM,April,151.0,4,2019-04-01
2019,YEMEN (YEMEN ARAB REP.),April,87.0,4,2019-04-01
2019,ZAMBIA(NORTHERN RHODESIA),April,2.0,4,2019-04-01
2019,ZIMBABWE,April,29.0,4,2019-04-01
2019,AFGHANISTAN,May,2.0,5,2019-05-01
2019,ALBANIA,May,40.0,5,2019-05-01
2019,ALGERIA,May,3.0,5,2019-05-01
2019,ANDORRA,May,4.0,5,2019-05-01
2019,ANGOLA,May,0.0,5,2019-05-01
2019,ANTIGUA AND BARBUDA,May,0.0,5,2019-05-01
2019,ARGENTINA,May,42.0,5,2019-05-01
2019,ARMENIA,May,12.0,5,2019-05-01
2019,AUSTRALIA,May,2485.0,5,2019-05-01
2019,AUSTRIA,May,144.0,5,2019-05-01
2019,AZERBAIJAN,May,15.0,5,2019-05-01
2019,BAHAMAS,May,0.0,5,2019-05-01
2019,BAHRAIN,May,17.0,5,2019-05-01
2019,BANGLADESH,May,186.0,5,2019-05-01
2019,BARBADOS,May,1.0,5,2019-05-01
2019,BELARUS,May,31.0,5,2019-05-01
2019,BELGIUM,May,153.0,5,2019-05-01
2019,BELIZE,May,0.0,5,2019-05-01
2019,BENIN,May,0.0,5,2019-05-01
2019,BHUTAN,May,11.0,5,2019-05-01
2019,BOLIVIA,May,0.0,5,2019-05-01
2019,BOSNIA AND HERZEGOVINA,May,8.0,5,2019-05-01
2019,BOTSWANA,May,2.0,5,2019-05-01
2019,BRAZIL,May,46.0,5,2019-05-01
2019,BRUNEI DARUSSALAM,May,0.0,5,2019-05-01
2019,BULGARIA,May,49.0,5,2019-05-01
2019,BURKINA FASO,May,0.0,5,2019-05-01
2019,BURUNDI,May,0.0,5,2019-05-01
2019,CAMBODIA,May,48.0,5,2019-05-01
2019,CAMEROON,May,0.0,5,2019-05-01
2019,CANADA,May,1575.0,5,2019-05-01
2019,CAPE VERDE,May,0.0,5,2019-05-01
2019,CHAD,May,0.0,5,2019-05-01
2019,CHILE,May,33.0,5,2019-05-01
2019,CHINA,May,1589.0,5,2019-05-01
2019,COLOMBIA,May,33.0,5,2019-05-01
2019,COMOROS,May,0.0,5,2019-05-01
2019,CONGO THE DEM REPOF THE,May,1.0,5,2019-05-01
2019,"CONGO, REPUBLIC OF.",May,1.0,5,2019-05-01
2019,COSTA RICA,May,2.0,5,2019-05-01
2019,COTE DIVOIRE,May,2.0,5,2019-05-01
2019,CROATIA,May,30.0,5,2019-05-01
2019,CUBA,May,0.0,5,2019-05-01
2019,CYPRUS,May,17.0,5,2019-05-01
2019,CZECH REPUBLIC,May,167.0,5,2019-05-01
2019,Country,May,0.0,5,2019-05-01
2019,Country,May,0.0,5,2019-05-01
2019,Country,May,0.0,5,2019-05-01
2019,Country,May,0.0,5,2019-05-01
2019,Country,May,0.0,5,2019-05-01
2019,DENMARK,May,119.0,5,2019-05-01
2019,DJIBOUTI,May,0.0,5,2019-05-01
2019,DOMINICA,May,0.0,5,2019-05-01
2019,DOMINICAN REPUBLIC,May,0.0,5,2019-05-01
2019,ECUADOR,May,2.0,5,2019-05-01
2019,EGYPT,May,85.0,5,2019-05-01
2019,EL SALVADOR,May,1.0,5,2019-05-01
2019,ERITREA,May,1.0,5,2019-05-01
2019,ESTONIA,May,17.0,5,2019-05-01
2019,ETHIOPIA,May,3.0,5,2019-05-01
2019,FIJI,May,5.0,5,2019-05-01
2019,FINLAND,May,58.0,5,2019-05-01
2019,FRANCE,May,1120.0,5,2019-05-01
2019,GABON,May,0.0,5,2019-05-01
2019,"GAMBIA, THE",May,1.0,5,2019-05-01
2019,GEORGIA,May,18.0,5,2019-05-01
2019,GERMANY,May,1767.0,5,2019-05-01
2019,GHANA,May,4.0,5,2019-05-01
2019,GREECE,May,419.0,5,2019-05-01
2019,GRENADA,May,0.0,5,2019-05-01
2019,GUATEMALA,May,0.0,5,2019-05-01
2019,GUINEA,May,0.0,5,2019-05-01
2019,GUINEA-BISSAU,May,0.0,5,2019-05-01
2019,GUYANA,May,0.0,5,2019-05-01
2019,HAITI,May,0.0,5,2019-05-01
2019,HONDURAS,May,9.0,5,2019-05-01
2019,HONG KONG,May,0.0,5,2019-05-01
2019,HUNGARY,May,66.0,5,2019-05-01
2019,ICELAND,May,10.0,5,2019-05-01
2019,INDIA,May,11246.0,5,2019-05-01
2019,INDONESIA,May,227.0,5,2019-05-01
2019,IRAN,May,51.0,5,2019-05-01
2019,IRAQ,May,7.0,5,2019-05-01
2019,IRELAND,May,111.0,5,2019-05-01
2019,ISRAEL,May,308.0,5,2019-05-01
2019,ITALY,May,452.0,5,2019-05-01
2019,JAMAICA,May,0.0,5,2019-05-01
2019,JAPAN,May,578.0,5,2019-05-01
2019,JORDAN,May,23.0,5,2019-05-01
2019,KAZAKHSTAN,May,13.0,5,2019-05-01
2019,KENYA,May,16.0,5,2019-05-01
2019,KIRIBATI,May,0.0,5,2019-05-01
2019,KOSOVAR,May,0.0,5,2019-05-01
2019,KUWAIT,May,37.0,5,2019-05-01
2019,KYRGYZSTAN,May,8.0,5,2019-05-01
2019,LAO PEOPLES DEM. REP.,May,2.0,5,2019-05-01
2019,LATVIA,May,30.0,5,2019-05-01
2019,LEBANON,May,77.0,5,2019-05-01
2019,LESOTHO,May,1.0,5,2019-05-01
2019,LIBERIA,May,0.0,5,2019-05-01
2019,LIBYA,May,8.0,5,2019-05-01
2019,LIECHTENSTEIN,May,6.0,5,2019-05-01
2019,LITHUANIA,May,45.0,5,2019-05-01
2019,LUXEMBOURG,May,7.0,5,2019-05-01
2019,MACEDONIA,May,2.0,5,2019-05-01
2019,MADAGASCAR,May,2.0,5,2019-05-01
2019,MALAWI,May,0.0,5,2019-05-01
2019,MALAYSIA,May,754.0,5,2019-05-01
2019,MALDIVES,May,1610.0,5,2019-05-01
2019,MALI,May,0.0,5,2019-05-01
2019,MALTA,May,5.0,5,2019-05-01
2019,MARSHALL ISLANDS,May,0.0,5,2019-05-01
2019,MAURITANIA,May,0.0,5,2019-05-01
2019,MAURITIUS,May,4.0,5,2019-05-01
2019,MEXICO,May,33.0,5,2019-05-01
2019,MICRONESIA,May,0.0,5,2019-05-01
2019,MOLDOVA,May,3.0,5,2019-05-01
2019,MONACO,May,0.0,5,2019-05-01
2019,MONGOLIA,May,6.0,5,2019-05-01
2019,MONTENEGRO,May,5.0,5,2019-05-01
2019,MOROCCO,May,6.0,5,2019-05-01
2019,MOZAMBIQUE,May,0.0,5,2019-05-01
2019,MYANMAR,May,163.0,5,2019-05-01
2019,NAMIBIA,May,0.0,5,2019-05-01
2019,NAURU,May,0.0,5,2019-05-01
2019,NEPAL,May,331.0,5,2019-05-01
2019,NETHERLANDS,May,375.0,5,2019-05-01
2019,NEW ZEALAND,May,385.0,5,2019-05-01
2019,NICARAGUA,May,0.0,5,2019-05-01
2019,NIGER,May,0.0,5,2019-05-01
2019,NIGERIA,May,4.0,5,2019-05-01
2019,NORTH KOREA,May,0.0,5,2019-05-01
2019,NORWAY,May,172.0,5,2019-05-01
2019,OMAN,May,15.0,5,2019-05-01
2019,PAKISTAN,May,169.0,5,2019-05-01
2019,PALESTINIAN TERRITORIES,May,13.0,5,2019-05-01
2019,PANAMA,May,0.0,5,2019-05-01
2019,PAPUA NEW GUINEA,May,1.0,5,2019-05-01
2019,PARAGUAY,May,1.0,5,2019-05-01
2019,PERU,May,9.0,5,2019-05-01
2019,PHILIPPINES,May,759.0,5,2019-05-01
2019,POLAND,May,218.0,5,2019-05-01
2019,PORTUGAL,May,94.0,5,2019-05-01
2019,QATAR,May,7.0,5,2019-05-01
2019,ROMANIA,May,88.0,5,2019-05-01
2019,RUSSIAN FEDERATION,May,844.0,5,2019-05-01
2019,RWANDA,May,0.0,5,2019-05-01
2019,SAINT KITTS AND NEVIS,May,1.0,5,2019-05-01
2019,SAINT LUCIA,May,0.0,5,2019-05-01
2019,SAINT VINCENT THE GRENADI,May,0.0,5,2019-05-01
2019,SAMOA,May,1.0,5,2019-05-01
2019,SAN MARINO,May,1.0,5,2019-05-01
2019,SAUDI ARABIA,May,75.0,5,2019-05-01
2019,SENEGAL,May,0.0,5,2019-05-01
2019,SERBIA.,May,32.0,5,2019-05-01
2019,SEYCHELLES,May,0.0,5,2019-05-01
2019,SEYCHELLS,May,0.0,5,2019-05-01
2019,SIERRA LEONE,May,0.0,5,2019-05-01
2019,SINGAPORE,May,464.0,5,2019-05-01
2019,SLOVAKIA(SLOVAK REPUBLIC),May,68.0,5,2019-05-01
2019,SLOVENIA,May,15.0,5,2019-05-01
2019,SOLOMON ISLANDS,May,0.0,5,2019-05-01
2019,SOMALIA,May,1.0,5,2019-05-01
2019,SOUTH AFRICA-ZUID AFRIKA,May,152.0,5,2019-05-01
2019,SOUTH KOREA,May,334.0,5,2019-05-01
2019,SOUTH SUDAN,May,0.0,5,2019-05-01
2019,SPAIN,May,327.0,5,2019-05-01
2019,SUDAN,May,19.0,5,2019-05-01
2019,SURINAME,May,1.0,5,2019-05-01
2019,SWAZILAND,May,0.0,5,2019-05-01
2019,SWEDEN,May,197.0,5,2019-05-01
2019,SWITZERLAND,May,431.0,5,2019-05-01
2019,SYRIAN ARAB REPUBLIC,May,5.0,5,2019-05-01
2019,TAIWAN PROVINCE OF CHINA,May,111.0,5,2019-05-01
2019,TAJIKISTAN,May,4.0,5,2019-05-01
2019,TANZANIA,May,10.0,5,2019-05-01
2019,THAILAND,May,547.0,5,2019-05-01
2019,TIMOR-LESTE,May,0.0,5,2019-05-01
2019,TOGO,May,0.0,5,2019-05-01
2019,TONGA,May,0.0,5,2019-05-01
2019,TRINIDAD AND TOBAGO,May,1.0,5,2019-05-01
2019,TUNISIA,May,8.0,5,2019-05-01
2019,TURKEY,May,87.0,5,2019-05-01
2019,TURKMENISTAN,May,0.0,5,2019-05-01
2019,TUVALU,May,0.0,5,2019-05-01
2019,UGANDA,May,13.0,5,2019-05-01
2019,UKRAINE,May,597.0,5,2019-05-01
2019,UNITED ARAB EMIRATES,May,17.0,5,2019-05-01
2019,UNITED KINGDOM,May,2953.0,5,2019-05-01
2019,UNITED STATES,May,1398.0,5,2019-05-01
2019,URUGUAY,May,5.0,5,2019-05-01
2019,UZBEKISTAN,May,16.0,5,2019-05-01
2019,VANUATU,May,0.0,5,2019-05-01
2019,VENEZUELA,May,2.0,5,2019-05-01
2019,VIET NAM,May,107.0,5,2019-05-01
2019,YEMEN (YEMEN ARAB REP.),May,8.0,5,2019-05-01
2019,ZAMBIA(NORTHERN RHODESIA),May,0.0,5,2019-05-01
2019,ZIMBABWE,May,9.0,5,2019-05-01
2019,AFGHANISTAN,June,12.0,6,2019-06-01
2019,ALBANIA,June,31.0,6,2019-06-01
2019,ALGERIA,June,8.0,6,2019-06-01
2019,ANDORRA,June,0.0,6,2019-06-01
2019,ANGOLA,June,0.0,6,2019-06-01
2019,ANTIGUA AND BARBUDA,June,0.0,6,2019-06-01
2019,ARGENTINA,June,33.0,6,2019-06-01
2019,ARMENIA,June,16.0,6,2019-06-01
2019,AUSTRALIA,June,4410.0,6,2019-06-01
2019,AUSTRIA,June,251.0,6,2019-06-01
2019,AZERBAIJAN,June,9.0,6,2019-06-01
2019,BAHAMAS,June,0.0,6,2019-06-01
2019,BAHRAIN,June,121.0,6,2019-06-01
2019,BANGLADESH,June,509.0,6,2019-06-01
2019,BARBADOS,June,0.0,6,2019-06-01
2019,BELARUS,June,24.0,6,2019-06-01
2019,BELGIUM,June,561.0,6,2019-06-01
2019,BELIZE,June,0.0,6,2019-06-01
2019,BENIN,June,1.0,6,2019-06-01
2019,BHUTAN,June,12.0,6,2019-06-01
2019,BOLIVIA,June,0.0,6,2019-06-01
2019,BOSNIA AND HERZEGOVINA,June,9.0,6,2019-06-01
2019,BOTSWANA,June,2.0,6,2019-06-01
2019,BRAZIL,June,74.0,6,2019-06-01
2019,BRUNEI DARUSSALAM,June,5.0,6,2019-06-01
2019,BULGARIA,June,196.0,6,2019-06-01
2019,BURKINA FASO,June,0.0,6,2019-06-01
2019,BURUNDI,June,0.0,6,2019-06-01
2019,CAMBODIA,June,27.0,6,2019-06-01
2019,CAMEROON,June,1.0,6,2019-06-01
2019,CANADA,June,2827.0,6,2019-06-01
2019,CAPE VERDE,June,0.0,6,2019-06-01
2019,CHAD,June,1.0,6,2019-06-01
2019,CHILE,June,24.0,6,2019-06-01
2019,CHINA,June,3496.0,6,2019-06-01
2019,COLOMBIA,June,44.0,6,2019-06-01
2019,COMOROS,June,7.0,6,2019-06-01
2019,CONGO THE DEM REPOF THE,June,1.0,6,2019-06-01
2019,"CONGO, REPUBLIC OF.",June,0.0,6,2019-06-01
2019,COSTA RICA,June,1.0,6,2019-06-01
2019,COTE DIVOIRE,June,1.0,6,2019-06-01
2019,CROATIA,June,38.0,6,2019-06-01
2019,CUBA,June,2.0,6,2019-06-01
2019,CYPRUS,June,26.0,6,2019-06-01
2019,CZECH REPUBLIC,June,380.0,6,2019-06-01
2019,Country,June,0.0,6,2019-06-01
2019,Country,June,0.0,6,2019-06-01
2019,Country,June,0.0,6,2019-06-01
2019,Country,June,0.0,6,2019-06-01
2019,Country,June,0.0,6,2019-06-01
2019,DENMARK,June,481.0,6,2019-06-01
2019,DJIBOUTI,June,0.0,6,2019-06-01
2019,DOMINICA,June,7.0,6,2019-06-01
2019,DOMINICAN REPUBLIC,June,2.0,6,2019-06-01
2019,ECUADOR,June,3.0,6,2019-06-01
2019,EGYPT,June,168.0,6,2019-06-01
2019,EL SALVADOR,June,3.0,6,2019-06-01
2019,ERITREA,June,4.0,6,2019-06-01
2019,ESTONIA,June,11.0,6,2019-06-01
2019,ETHIOPIA,June,11.0,6,2019-06-01
2019,FIJI,June,7.0,6,2019-06-01
2019,FINLAND,June,167.0,6,2019-06-01
2019,FRANCE,June,1989.0,6,2019-06-01
2019,GABON,June,0.0,6,2019-06-01
2019,"GAMBIA, THE",June,0.0,6,2019-06-01
2019,GEORGIA,June,23.0,6,2019-06-01
2019,GERMANY,June,3312.0,6,2019-06-01
2019,GHANA,June,1.0,6,2019-06-01
2019,GREECE,June,387.0,6,2019-06-01
2019,GRENADA,June,0.0,6,2019-06-01
2019,GUATEMALA,June,4.0,6,2019-06-01
2019,GUINEA,June,0.0,6,2019-06-01
2019,GUINEA-BISSAU,June,0.0,6,2019-06-01
2019,GUYANA,June,0.0,6,2019-06-01
2019,HAITI,June,0.0,6,2019-06-01
2019,HONDURAS,June,4.0,6,2019-06-01
2019,HONG KONG,June,1.0,6,2019-06-01
2019,HUNGARY,June,53.0,6,2019-06-01
2019,ICELAND,June,10.0,6,2019-06-01
2019,INDIA,June,15048.0,6,2019-06-01
2019,INDONESIA,June,278.0,6,2019-06-01
2019,IRAN,June,73.0,6,2019-06-01
2019,IRAQ,June,23.0,6,2019-06-01
2019,IRELAND,June,256.0,6,2019-06-01
2019,ISRAEL,June,429.0,6,2019-06-01
2019,ITALY,June,675.0,6,2019-06-01
2019,JAMAICA,June,2.0,6,2019-06-01
2019,JAPAN,June,880.0,6,2019-06-01
2019,JORDAN,June,161.0,6,2019-06-01
2019,KAZAKHSTAN,June,32.0,6,2019-06-01
2019,KENYA,June,24.0,6,2019-06-01
2019,KIRIBATI,June,0.0,6,2019-06-01
2019,KOSOVAR,June,0.0,6,2019-06-01
2019,KUWAIT,June,159.0,6,2019-06-01
2019,KYRGYZSTAN,June,7.0,6,2019-06-01
2019,LAO PEOPLES DEM. REP.,June,6.0,6,2019-06-01
2019,LATVIA,June,25.0,6,2019-06-01
2019,LEBANON,June,184.0,6,2019-06-01
2019,LESOTHO,June,0.0,6,2019-06-01
2019,LIBERIA,June,0.0,6,2019-06-01
2019,LIBYA,June,10.0,6,2019-06-01
2019,LIECHTENSTEIN,June,1.0,6,2019-06-01
2019,LITHUANIA,June,51.0,6,2019-06-01
2019,LUXEMBOURG,June,10.0,6,2019-06-01
2019,MACEDONIA,June,8.0,6,2019-06-01
2019,MADAGASCAR,June,6.0,6,2019-06-01
2019,MALAWI,June,0.0,6,2019-06-01
2019,MALAYSIA,June,857.0,6,2019-06-01
2019,MALDIVES,June,3350.0,6,2019-06-01
2019,MALI,June,0.0,6,2019-06-01
2019,MALTA,June,1.0,6,2019-06-01
2019,MARSHALL ISLANDS,June,1.0,6,2019-06-01
2019,MAURITANIA,June,0.0,6,2019-06-01
2019,MAURITIUS,June,11.0,6,2019-06-01
2019,MEXICO,June,31.0,6,2019-06-01
2019,MICRONESIA,June,0.0,6,2019-06-01
2019,MOLDOVA,June,15.0,6,2019-06-01
2019,MONACO,June,0.0,6,2019-06-01
2019,MONGOLIA,June,4.0,6,2019-06-01
2019,MONTENEGRO,June,52.0,6,2019-06-01
2019,MOROCCO,June,44.0,6,2019-06-01
2019,MOZAMBIQUE,June,0.0,6,2019-06-01
2019,MYANMAR,June,149.0,6,2019-06-01
2019,NAMIBIA,June,0.0,6,2019-06-01
2019,NAURU,June,0.0,6,2019-06-01
2019,NEPAL,June,262.0,6,2019-06-01
2019,NETHERLANDS,June,696.0,6,2019-06-01
2019,NEW ZEALAND,June,615.0,6,2019-06-01
2019,NICARAGUA,June,1.0,6,2019-06-01
2019,NIGER,June,1.0,6,2019-06-01
2019,NIGERIA,June,5.0,6,2019-06-01
2019,NORTH KOREA,June,0.0,6,2019-06-01
2019,NORWAY,June,1299.0,6,2019-06-01
2019,OMAN,June,324.0,6,2019-06-01
2019,PAKISTAN,June,521.0,6,2019-06-01
2019,PALESTINIAN TERRITORIES,June,55.0,6,2019-06-01
2019,PANAMA,June,1.0,6,2019-06-01
2019,PAPUA NEW GUINEA,June,0.0,6,2019-06-01
2019,PARAGUAY,June,0.0,6,2019-06-01
2019,PERU,June,16.0,6,2019-06-01
2019,PHILIPPINES,June,998.0,6,2019-06-01
2019,POLAND,June,284.0,6,2019-06-01
2019,PORTUGAL,June,164.0,6,2019-06-01
2019,QATAR,June,32.0,6,2019-06-01
2019,ROMANIA,June,129.0,6,2019-06-01
2019,RUSSIAN FEDERATION,June,711.0,6,2019-06-01
2019,RWANDA,June,4.0,6,2019-06-01
2019,SAINT KITTS AND NEVIS,June,6.0,6,2019-06-01
2019,SAINT LUCIA,June,0.0,6,2019-06-01
2019,SAINT VINCENT THE GRENADI,June,0.0,6,2019-06-01
2019,SAMOA,June,0.0,6,2019-06-01
2019,SAN MARINO,June,0.0,6,2019-06-01
2019,SAUDI ARABIA,June,1500.0,6,2019-06-01
2019,SENEGAL,June,1.0,6,2019-06-01
2019,SERBIA.,June,48.0,6,2019-06-01
2019,SEYCHELLES,June,0.0,6,2019-06-01
2019,SEYCHELLS,June,0.0,6,2019-06-01
2019,SIERRA LEONE,June,1.0,6,2019-06-01
2019,SINGAPORE,June,904.0,6,2019-06-01
2019,SLOVAKIA(SLOVAK REPUBLIC),June,69.0,6,2019-06-01
2019,SLOVENIA,June,59.0,6,2019-06-01
2019,SOLOMON ISLANDS,June,1.0,6,2019-06-01
2019,SOMALIA,June,8.0,6,2019-06-01
2019,SOUTH AFRICA-ZUID AFRIKA,June,287.0,6,2019-06-01
2019,SOUTH KOREA,June,623.0,6,2019-06-01
2019,SOUTH SUDAN,June,0.0,6,2019-06-01
2019,SPAIN,June,751.0,6,2019-06-01
2019,SUDAN,June,34.0,6,2019-06-01
2019,SURINAME,June,0.0,6,2019-06-01
2019,SWAZILAND,June,1.0,6,2019-06-01
2019,SWEDEN,June,467.0,6,2019-06-01
2019,SWITZERLAND,June,818.0,6,2019-06-01
2019,SYRIAN ARAB REPUBLIC,June,13.0,6,2019-06-01
2019,TAIWAN PROVINCE OF CHINA,June,278.0,6,2019-06-01
2019,TAJIKISTAN,June,2.0,6,2019-06-01
2019,TANZANIA,June,19.0,6,2019-06-01
2019,THAILAND,June,480.0,6,2019-06-01
2019,TIMOR-LESTE,June,0.0,6,2019-06-01
2019,TOGO,June,1.0,6,2019-06-01
2019,TONGA,June,0.0,6,2019-06-01
2019,TRINIDAD AND TOBAGO,June,4.0,6,2019-06-01
2019,TUNISIA,June,26.0,6,2019-06-01
2019,TURKEY,June,161.0,6,2019-06-01
2019,TURKMENISTAN,June,3.0,6,2019-06-01
2019,TUVALU,June,0.0,6,2019-06-01
2019,UGANDA,June,8.0,6,2019-06-01
2019,UKRAINE,June,595.0,6,2019-06-01
2019,UNITED ARAB EMIRATES,June,130.0,6,2019-06-01
2019,UNITED KINGDOM,June,4365.0,6,2019-06-01
2019,UNITED STATES,June,2412.0,6,2019-06-01
2019,URUGUAY,June,15.0,6,2019-06-01
2019,UZBEKISTAN,June,22.0,6,2019-06-01
2019,VANUATU,June,0.0,6,2019-06-01
2019,VENEZUELA,June,7.0,6,2019-06-01
2019,VIET NAM,June,117.0,6,2019-06-01
2019,YEMEN (YEMEN ARAB REP.),June,42.0,6,2019-06-01
2019,ZAMBIA(NORTHERN RHODESIA),June,1.0,6,2019-06-01
2019,ZIMBABWE,June,4.0,6,2019-06-01
2019,AFGHANISTAN,July,47.0,7,2019-07-01
2019,ALBANIA,July,17.0,7,2019-07-01
2019,ALGERIA,July,3.0,7,2019-07-01
2019,ANDORRA,July,7.0,7,2019-07-01
2019,ANGOLA,July,0.0,7,2019-07-01
2019,ANTIGUA AND BARBUDA,July,0.0,7,2019-07-01
2019,ARGENTINA,July,47.0,7,2019-07-01
2019,ARMENIA,July,41.0,7,2019-07-01
2019,AUSTRALIA,July,5619.0,7,2019-07-01
2019,AUSTRIA,July,848.0,7,2019-07-01
2019,AZERBAIJAN,July,32.0,7,2019-07-01
2019,BAHAMAS,July,0.0,7,2019-07-01
2019,BAHRAIN,July,283.0,7,2019-07-01
2019,BANGLADESH,July,631.0,7,2019-07-01
2019,BARBADOS,July,1.0,7,2019-07-01
2019,BELARUS,July,46.0,7,2019-07-01
2019,BELGIUM,July,2603.0,7,2019-07-01
2019,BELIZE,July,2.0,7,2019-07-01
2019,BENIN,July,1.0,7,2019-07-01
2019,BHUTAN,July,23.0,7,2019-07-01
2019,BOLIVIA,July,2.0,7,2019-07-01
2019,BOSNIA AND HERZEGOVINA,July,5.0,7,2019-07-01
2019,BOTSWANA,July,2.0,7,2019-07-01
2019,BRAZIL,July,122.0,7,2019-07-01
2019,BRUNEI DARUSSALAM,July,0.0,7,2019-07-01
2019,BULGARIA,July,67.0,7,2019-07-01
2019,BURKINA FASO,July,1.0,7,2019-07-01
2019,BURUNDI,July,0.0,7,2019-07-01
2019,CAMBODIA,July,41.0,7,2019-07-01
2019,CAMEROON,July,1.0,7,2019-07-01
2019,CANADA,July,3826.0,7,2019-07-01
2019,CAPE VERDE,July,0.0,7,2019-07-01
2019,CHAD,July,1.0,7,2019-07-01
2019,CHILE,July,36.0,7,2019-07-01
2019,CHINA,July,6926.0,7,2019-07-01
2019,COLOMBIA,July,34.0,7,2019-07-01
2019,COMOROS,July,22.0,7,2019-07-01
2019,CONGO THE DEM REPOF THE,July,1.0,7,2019-07-01
2019,"CONGO, REPUBLIC OF.",July,0.0,7,2019-07-01
2019,COSTA RICA,July,5.0,7,2019-07-01
2019,COTE DIVOIRE,July,3.0,7,2019-07-01
2019,CROATIA,July,64.0,7,2019-07-01
2019,CUBA,July,5.0,7,2019-07-01
2019,CYPRUS,July,56.0,7,2019-07-01
2019,CZECH REPUBLIC,July,997.0,7,2019-07-01
2019,Country,July,0.0,7,2019-07-01
2019,Country,July,0.0,7,2019-07-01
2019,Country,July,0.0,7,2019-07-01
2019,Country,July,0.0,7,2019-07-01
2019,Country,July,0.0,7,2019-07-01
2019,DENMARK,July,1741.0,7,2019-07-01
2019,DJIBOUTI,July,1.0,7,2019-07-01
2019,DOMINICA,July,3.0,7,2019-07-01
2019,DOMINICAN REPUBLIC,July,3.0,7,2019-07-01
2019,ECUADOR,July,3.0,7,2019-07-01
2019,EGYPT,July,221.0,7,2019-07-01
2019,EL SALVADOR,July,4.0,7,2019-07-01
2019,ERITREA,July,4.0,7,2019-07-01
2019,ESTONIA,July,39.0,7,2019-07-01
2019,ETHIOPIA,July,9.0,7,2019-07-01
2019,FIJI,July,10.0,7,2019-07-01
2019,FINLAND,July,153.0,7,2019-07-01
2019,FRANCE,July,7142.0,7,2019-07-01
2019,GABON,July,0.0,7,2019-07-01
2019,"GAMBIA, THE",July,0.0,7,2019-07-01
2019,GEORGIA,July,39.0,7,2019-07-01
2019,GERMANY,July,8385.0,7,2019-07-01
2019,GHANA,July,3.0,7,2019-07-01
2019,GREECE,July,475.0,7,2019-07-01
2019,GRENADA,July,0.0,7,2019-07-01
2019,GUATEMALA,July,2.0,7,2019-07-01
2019,GUINEA,July,1.0,7,2019-07-01
2019,GUINEA-BISSAU,July,0.0,7,2019-07-01
2019,GUYANA,July,0.0,7,2019-07-01
2019,HAITI,July,1.0,7,2019-07-01
2019,HONDURAS,July,2.0,7,2019-07-01
2019,HONG KONG,July,0.0,7,2019-07-01
2019,HUNGARY,July,102.0,7,2019-07-01
2019,ICELAND,July,12.0,7,2019-07-01
2019,INDIA,July,18309.0,7,2019-07-01
2019,INDONESIA,July,339.0,7,2019-07-01
2019,IRAN,July,104.0,7,2019-07-01
2019,IRAQ,July,64.0,7,2019-07-01
2019,IRELAND,July,417.0,7,2019-07-01
2019,ISRAEL,July,1245.0,7,2019-07-01
2019,ITALY,July,1431.0,7,2019-07-01
2019,JAMAICA,July,7.0,7,2019-07-01
2019,JAPAN,July,1311.0,7,2019-07-01
2019,JORDAN,July,182.0,7,2019-07-01
2019,KAZAKHSTAN,July,41.0,7,2019-07-01
2019,KENYA,July,37.0,7,2019-07-01
2019,KIRIBATI,July,0.0,7,2019-07-01
2019,KOSOVAR,July,1.0,7,2019-07-01
2019,KUWAIT,July,331.0,7,2019-07-01
2019,KYRGYZSTAN,July,11.0,7,2019-07-01
2019,LAO PEOPLES DEM. REP.,July,5.0,7,2019-07-01
2019,LATVIA,July,26.0,7,2019-07-01
2019,LEBANON,July,291.0,7,2019-07-01
2019,LESOTHO,July,1.0,7,2019-07-01
2019,LIBERIA,July,0.0,7,2019-07-01
2019,LIBYA,July,2.0,7,2019-07-01
2019,LIECHTENSTEIN,July,19.0,7,2019-07-01
2019,LITHUANIA,July,79.0,7,2019-07-01
2019,LUXEMBOURG,July,70.0,7,2019-07-01
2019,MACEDONIA,July,7.0,7,2019-07-01
2019,MADAGASCAR,July,3.0,7,2019-07-01
2019,MALAWI,July,2.0,7,2019-07-01
2019,MALAYSIA,July,1026.0,7,2019-07-01
2019,MALDIVES,July,3875.0,7,2019-07-01
2019,MALI,July,2.0,7,2019-07-01
2019,MALTA,July,39.0,7,2019-07-01
2019,MARSHALL ISLANDS,July,0.0,7,2019-07-01
2019,MAURITANIA,July,3.0,7,2019-07-01
2019,MAURITIUS,July,35.0,7,2019-07-01
2019,MEXICO,July,49.0,7,2019-07-01
2019,MICRONESIA,July,0.0,7,2019-07-01
2019,MOLDOVA,July,7.0,7,2019-07-01
2019,MONACO,July,2.0,7,2019-07-01
2019,MONGOLIA,July,6.0,7,2019-07-01
2019,MONTENEGRO,July,2.0,7,2019-07-01
2019,MOROCCO,July,48.0,7,2019-07-01
2019,MOZAMBIQUE,July,1.0,7,2019-07-01
2019,MYANMAR,July,185.0,7,2019-07-01
2019,NAMIBIA,July,2.0,7,2019-07-01
2019,NAURU,July,0.0,7,2019-07-01
2019,NEPAL,July,409.0,7,2019-07-01
2019,NETHERLANDS,July,6385.0,7,2019-07-01
2019,NEW ZEALAND,July,1003.0,7,2019-07-01
2019,NICARAGUA,July,0.0,7,2019-07-01
2019,NIGER,July,1.0,7,2019-07-01
2019,NIGERIA,July,20.0,7,2019-07-01
2019,NORTH KOREA,July,0.0,7,2019-07-01
2019,NORWAY,July,1709.0,7,2019-07-01
2019,OMAN,July,890.0,7,2019-07-01
2019,PAKISTAN,July,782.0,7,2019-07-01
2019,PALESTINIAN TERRITORIES,July,65.0,7,2019-07-01
2019,PANAMA,July,2.0,7,2019-07-01
2019,PAPUA NEW GUINEA,July,2.0,7,2019-07-01
2019,PARAGUAY,July,2.0,7,2019-07-01
2019,PERU,July,17.0,7,2019-07-01
2019,PHILIPPINES,July,1102.0,7,2019-07-01
2019,POLAND,July,763.0,7,2019-07-01
2019,PORTUGAL,July,243.0,7,2019-07-01
2019,QATAR,July,115.0,7,2019-07-01
2019,ROMANIA,July,167.0,7,2019-07-01
2019,RUSSIAN FEDERATION,July,1300.0,7,2019-07-01
2019,RWANDA,July,1.0,7,2019-07-01
2019,SAINT KITTS AND NEVIS,July,3.0,7,2019-07-01
2019,SAINT LUCIA,July,0.0,7,2019-07-01
2019,SAINT VINCENT THE GRENADI,July,0.0,7,2019-07-01
2019,SAMOA,July,0.0,7,2019-07-01
2019,SAN MARINO,July,0.0,7,2019-07-01
2019,SAUDI ARABIA,July,2903.0,7,2019-07-01
2019,SENEGAL,July,1.0,7,2019-07-01
2019,SERBIA.,July,60.0,7,2019-07-01
2019,SEYCHELLES,July,0.0,7,2019-07-01
2019,SEYCHELLS,July,0.0,7,2019-07-01
2019,SIERRA LEONE,July,8.0,7,2019-07-01
2019,SINGAPORE,July,805.0,7,2019-07-01
2019,SLOVAKIA(SLOVAK REPUBLIC),July,179.0,7,2019-07-01
2019,SLOVENIA,July,219.0,7,2019-07-01
2019,SOLOMON ISLANDS,July,0.0,7,2019-07-01
2019,SOMALIA,July,6.0,7,2019-07-01
2019,SOUTH AFRICA-ZUID AFRIKA,July,237.0,7,2019-07-01
2019,SOUTH KOREA,July,647.0,7,2019-07-01
2019,SOUTH SUDAN,July,0.0,7,2019-07-01
2019,SPAIN,July,2383.0,7,2019-07-01
2019,SUDAN,July,56.0,7,2019-07-01
2019,SURINAME,July,0.0,7,2019-07-01
2019,SWAZILAND,July,0.0,7,2019-07-01
2019,SWEDEN,July,574.0,7,2019-07-01
2019,SWITZERLAND,July,3421.0,7,2019-07-01
2019,SYRIAN ARAB REPUBLIC,July,17.0,7,2019-07-01
2019,TAIWAN PROVINCE OF CHINA,July,364.0,7,2019-07-01
2019,TAJIKISTAN,July,1.0,7,2019-07-01
2019,TANZANIA,July,13.0,7,2019-07-01
2019,THAILAND,July,569.0,7,2019-07-01
2019,TIMOR-LESTE,July,2.0,7,2019-07-01
2019,TOGO,July,1.0,7,2019-07-01
2019,TONGA,July,0.0,7,2019-07-01
2019,TRINIDAD AND TOBAGO,July,1.0,7,2019-07-01
2019,TUNISIA,July,36.0,7,2019-07-01
2019,TURKEY,July,183.0,7,2019-07-01
2019,TURKMENISTAN,July,1.0,7,2019-07-01
2019,TUVALU,July,0.0,7,2019-07-01
2019,UGANDA,July,23.0,7,2019-07-01
2019,UKRAINE,July,768.0,7,2019-07-01
2019,UNITED ARAB EMIRATES,July,423.0,7,2019-07-01
2019,UNITED KINGDOM,July,13010.0,7,2019-07-01
2019,UNITED STATES,July,2974.0,7,2019-07-01
2019,URUGUAY,July,4.0,7,2019-07-01
2019,UZBEKISTAN,July,34.0,7,2019-07-01
2019,VANUATU,July,0.0,7,2019-07-01
2019,VENEZUELA,July,16.0,7,2019-07-01
2019,VIET NAM,July,199.0,7,2019-07-01
2019,YEMEN (YEMEN ARAB REP.),July,125.0,7,2019-07-01
2019,ZAMBIA(NORTHERN RHODESIA),July,5.0,7,2019-07-01
2019,ZIMBABWE,July,12.0,7,2019-07-01
2019,AFGHANISTAN,August,54.0,8,2019-08-01
2019,ALBANIA,August,15.0,8,2019-08-01
2019,ALGERIA,August,17.0,8,2019-08-01
2019,ANDORRA,August,7.0,8,2019-08-01
2019,ANGOLA,August,0.0,8,2019-08-01
2019,ANTIGUA AND BARBUDA,August,2.0,8,2019-08-01
2019,ARGENTINA,August,43.0,8,2019-08-01
2019,ARMENIA,August,81.0,8,2019-08-01
2019,AUSTRALIA,August,5985.0,8,2019-08-01
2019,AUSTRIA,August,667.0,8,2019-08-01
2019,AZERBAIJAN,August,24.0,8,2019-08-01
2019,BAHAMAS,August,0.0,8,2019-08-01
2019,BAHRAIN,August,318.0,8,2019-08-01
2019,BANGLADESH,August,804.0,8,2019-08-01
2019,BARBADOS,August,0.0,8,2019-08-01
2019,BELARUS,August,88.0,8,2019-08-01
2019,BELGIUM,August,1508.0,8,2019-08-01
2019,BELIZE,August,3.0,8,2019-08-01
2019,BENIN,August,0.0,8,2019-08-01
2019,BHUTAN,August,13.0,8,2019-08-01
2019,BOLIVIA,August,2.0,8,2019-08-01
2019,BOSNIA AND HERZEGOVINA,August,15.0,8,2019-08-01
2019,BOTSWANA,August,2.0,8,2019-08-01
2019,BRAZIL,August,75.0,8,2019-08-01
2019,BRUNEI DARUSSALAM,August,2.0,8,2019-08-01
2019,BULGARIA,August,75.0,8,2019-08-01
2019,BURKINA FASO,August,1.0,8,2019-08-01
2019,BURUNDI,August,0.0,8,2019-08-01
2019,CAMBODIA,August,22.0,8,2019-08-01
2019,CAMEROON,August,2.0,8,2019-08-01
2019,CANADA,August,4052.0,8,2019-08-01
2019,CAPE VERDE,August,0.0,8,2019-08-01
2019,CHAD,August,0.0,8,2019-08-01
2019,CHILE,August,29.0,8,2019-08-01
2019,CHINA,August,9503.0,8,2019-08-01
2019,COLOMBIA,August,36.0,8,2019-08-01
2019,COMOROS,August,13.0,8,2019-08-01
2019,CONGO THE DEM REPOF THE,August,0.0,8,2019-08-01
2019,"CONGO, REPUBLIC OF.",August,0.0,8,2019-08-01
2019,COSTA RICA,August,9.0,8,2019-08-01
2019,COTE DIVOIRE,August,2.0,8,2019-08-01
2019,CROATIA,August,94.0,8,2019-08-01
2019,CUBA,August,1.0,8,2019-08-01
2019,CYPRUS,August,114.0,8,2019-08-01
2019,CZECH REPUBLIC,August,585.0,8,2019-08-01
2019,Country,August,0.0,8,2019-08-01
2019,Country,August,0.0,8,2019-08-01
2019,Country,August,0.0,8,2019-08-01
2019,Country,August,0.0,8,2019-08-01
2019,Country,August,0.0,8,2019-08-01
2019,DENMARK,August,497.0,8,2019-08-01
2019,DJIBOUTI,August,4.0,8,2019-08-01
2019,DOMINICA,August,5.0,8,2019-08-01
2019,DOMINICAN REPUBLIC,August,7.0,8,2019-08-01
2019,ECUADOR,August,11.0,8,2019-08-01
2019,EGYPT,August,296.0,8,2019-08-01
2019,EL SALVADOR,August,3.0,8,2019-08-01
2019,ERITREA,August,1.0,8,2019-08-01
2019,ESTONIA,August,19.0,8,2019-08-01
2019,ETHIOPIA,August,15.0,8,2019-08-01
2019,FIJI,August,5.0,8,2019-08-01
2019,FINLAND,August,112.0,8,2019-08-01
2019,FRANCE,August,7087.0,8,2019-08-01
2019,GABON,August,1.0,8,2019-08-01
2019,"GAMBIA, THE",August,0.0,8,2019-08-01
2019,GEORGIA,August,34.0,8,2019-08-01
2019,GERMANY,August,7667.0,8,2019-08-01
2019,GHANA,August,8.0,8,2019-08-01
2019,GREECE,August,515.0,8,2019-08-01
2019,GRENADA,August,0.0,8,2019-08-01
2019,GUATEMALA,August,5.0,8,2019-08-01
2019,GUINEA,August,0.0,8,2019-08-01
2019,GUINEA-BISSAU,August,0.0,8,2019-08-01
2019,GUYANA,August,0.0,8,2019-08-01
2019,HAITI,August,0.0,8,2019-08-01
2019,HONDURAS,August,5.0,8,2019-08-01
2019,HONG KONG,August,1.0,8,2019-08-01
2019,HUNGARY,August,90.0,8,2019-08-01
2019,ICELAND,August,8.0,8,2019-08-01
2019,INDIA,August,37568.0,8,2019-08-01
2019,INDONESIA,August,479.0,8,2019-08-01
2019,IRAN,August,117.0,8,2019-08-01
2019,IRAQ,August,133.0,8,2019-08-01
2019,IRELAND,August,472.0,8,2019-08-01
2019,ISRAEL,August,1785.0,8,2019-08-01
2019,ITALY,August,3340.0,8,2019-08-01
2019,JAMAICA,August,3.0,8,2019-08-01
2019,JAPAN,August,2428.0,8,2019-08-01
2019,JORDAN,August,268.0,8,2019-08-01
2019,KAZAKHSTAN,August,35.0,8,2019-08-01
2019,KENYA,August,615.0,8,2019-08-01
2019,KIRIBATI,August,0.0,8,2019-08-01
2019,KOSOVAR,August,3.0,8,2019-08-01
2019,KUWAIT,August,520.0,8,2019-08-01
2019,KYRGYZSTAN,August,17.0,8,2019-08-01
2019,LAO PEOPLES DEM. REP.,August,8.0,8,2019-08-01
2019,LATVIA,August,32.0,8,2019-08-01
2019,LEBANON,August,410.0,8,2019-08-01
2019,LESOTHO,August,1.0,8,2019-08-01
2019,LIBERIA,August,3.0,8,2019-08-01
2019,LIBYA,August,3.0,8,2019-08-01
2019,LIECHTENSTEIN,August,4.0,8,2019-08-01
2019,LITHUANIA,August,75.0,8,2019-08-01
2019,LUXEMBOURG,August,82.0,8,2019-08-01
2019,MACEDONIA,August,10.0,8,2019-08-01
2019,MADAGASCAR,August,113.0,8,2019-08-01
2019,MALAWI,August,0.0,8,2019-08-01
2019,MALAYSIA,August,1533.0,8,2019-08-01
2019,MALDIVES,August,4930.0,8,2019-08-01
2019,MALI,August,0.0,8,2019-08-01
2019,MALTA,August,66.0,8,2019-08-01
2019,MARSHALL ISLANDS,August,0.0,8,2019-08-01
2019,MAURITANIA,August,0.0,8,2019-08-01
2019,MAURITIUS,August,35.0,8,2019-08-01
2019,MEXICO,August,53.0,8,2019-08-01
2019,MICRONESIA,August,0.0,8,2019-08-01
2019,MOLDOVA,August,14.0,8,2019-08-01
2019,MONACO,August,7.0,8,2019-08-01
2019,MONGOLIA,August,4.0,8,2019-08-01
2019,MONTENEGRO,August,23.0,8,2019-08-01
2019,MOROCCO,August,86.0,8,2019-08-01
2019,MOZAMBIQUE,August,5.0,8,2019-08-01
2019,MYANMAR,August,653.0,8,2019-08-01
2019,NAMIBIA,August,1.0,8,2019-08-01
2019,NAURU,August,0.0,8,2019-08-01
2019,NEPAL,August,398.0,8,2019-08-01
2019,NETHERLANDS,August,3520.0,8,2019-08-01
2019,NEW ZEALAND,August,993.0,8,2019-08-01
2019,NICARAGUA,August,1.0,8,2019-08-01
2019,NIGER,August,0.0,8,2019-08-01
2019,NIGERIA,August,8.0,8,2019-08-01
2019,NORTH KOREA,August,0.0,8,2019-08-01
2019,NORWAY,August,675.0,8,2019-08-01
2019,OMAN,August,326.0,8,2019-08-01
2019,PAKISTAN,August,2836.0,8,2019-08-01
2019,PALESTINIAN TERRITORIES,August,142.0,8,2019-08-01
2019,PANAMA,August,0.0,8,2019-08-01
2019,PAPUA NEW GUINEA,August,6.0,8,2019-08-01
2019,PARAGUAY,August,4.0,8,2019-08-01
2019,PERU,August,15.0,8,2019-08-01
2019,PHILIPPINES,August,1121.0,8,2019-08-01
2019,POLAND,August,558.0,8,2019-08-01
2019,PORTUGAL,August,431.0,8,2019-08-01
2019,QATAR,August,135.0,8,2019-08-01
2019,ROMANIA,August,293.0,8,2019-08-01
2019,RUSSIAN FEDERATION,August,1332.0,8,2019-08-01
2019,RWANDA,August,6.0,8,2019-08-01
2019,SAINT KITTS AND NEVIS,August,5.0,8,2019-08-01
2019,SAINT LUCIA,August,0.0,8,2019-08-01
2019,SAINT VINCENT THE GRENADI,August,0.0,8,2019-08-01
2019,SAMOA,August,0.0,8,2019-08-01
2019,SAN MARINO,August,0.0,8,2019-08-01
2019,SAUDI ARABIA,August,2357.0,8,2019-08-01
2019,SENEGAL,August,1.0,8,2019-08-01
2019,SERBIA.,August,86.0,8,2019-08-01
2019,SEYCHELLES,August,0.0,8,2019-08-01
2019,SEYCHELLS,August,0.0,8,2019-08-01
2019,SIERRA LEONE,August,0.0,8,2019-08-01
2019,SINGAPORE,August,1202.0,8,2019-08-01
2019,SLOVAKIA(SLOVAK REPUBLIC),August,188.0,8,2019-08-01
2019,SLOVENIA,August,120.0,8,2019-08-01
2019,SOLOMON ISLANDS,August,0.0,8,2019-08-01
2019,SOMALIA,August,8.0,8,2019-08-01
2019,SOUTH AFRICA-ZUID AFRIKA,August,305.0,8,2019-08-01
2019,SOUTH KOREA,August,799.0,8,2019-08-01
2019,SOUTH SUDAN,August,2.0,8,2019-08-01
2019,SPAIN,August,4419.0,8,2019-08-01
2019,SUDAN,August,54.0,8,2019-08-01
2019,SURINAME,August,2.0,8,2019-08-01
2019,SWAZILAND,August,0.0,8,2019-08-01
2019,SWEDEN,August,371.0,8,2019-08-01
2019,SWITZERLAND,August,1311.0,8,2019-08-01
2019,SYRIAN ARAB REPUBLIC,August,0.0,8,2019-08-01
2019,TAIWAN PROVINCE OF CHINA,August,382.0,8,2019-08-01
2019,TAJIKISTAN,August,0.0,8,2019-08-01
2019,TANZANIA,August,481.0,8,2019-08-01
2019,THAILAND,August,791.0,8,2019-08-01
2019,TIMOR-LESTE,August,1.0,8,2019-08-01
2019,TOGO,August,0.0,8,2019-08-01
2019,TONGA,August,2.0,8,2019-08-01
2019,TRINIDAD AND TOBAGO,August,3.0,8,2019-08-01
2019,TUNISIA,August,43.0,8,2019-08-01
2019,TURKEY,August,339.0,8,2019-08-01
2019,TURKMENISTAN,August,1.0,8,2019-08-01
2019,TUVALU,August,0.0,8,2019-08-01
2019,UGANDA,August,14.0,8,2019-08-01
2019,UKRAINE,August,985.0,8,2019-08-01
2019,UNITED ARAB EMIRATES,August,439.0,8,2019-08-01
2019,UNITED KINGDOM,August,14132.0,8,2019-08-01
2019,UNITED STATES,August,4686.0,8,2019-08-01
2019,URUGUAY,August,8.0,8,2019-08-01
2019,UZBEKISTAN,August,30.0,8,2019-08-01
2019,VANUATU,August,0.0,8,2019-08-01
2019,VENEZUELA,August,13.0,8,2019-08-01
2019,VIET NAM,August,197.0,8,2019-08-01
2019,YEMEN (YEMEN ARAB REP.),August,400.0,8,2019-08-01
2019,ZAMBIA(NORTHERN RHODESIA),August,4.0,8,2019-08-01
2019,ZIMBABWE,August,13.0,8,2019-08-01
2019,AFGHANISTAN,September,50.0,9,2019-09-01
2019,ALBANIA,September,11.0,9,2019-09-01
2019,ALGERIA,September,29.0,9,2019-09-01
2019,ANDORRA,September,2.0,9,2019-09-01
2019,ANGOLA,September,3.0,9,2019-09-01
2019,ANTIGUA AND BARBUDA,September,0.0,9,2019-09-01
2019,ARGENTINA,September,44.0,9,2019-09-01
2019,ARMENIA,September,109.0,9,2019-09-01
2019,AUSTRALIA,September,6895.0,9,2019-09-01
2019,AUSTRIA,September,502.0,9,2019-09-01
2019,AZERBAIJAN,September,20.0,9,2019-09-01
2019,BAHAMAS,September,2.0,9,2019-09-01
2019,BAHRAIN,September,140.0,9,2019-09-01
2019,BANGLADESH,September,693.0,9,2019-09-01
2019,BARBADOS,September,3.0,9,2019-09-01
2019,BELARUS,September,75.0,9,2019-09-01
2019,BELGIUM,September,1082.0,9,2019-09-01
2019,BELIZE,September,1.0,9,2019-09-01
2019,BENIN,September,0.0,9,2019-09-01
2019,BHUTAN,September,23.0,9,2019-09-01
2019,BOLIVIA,September,3.0,9,2019-09-01
2019,BOSNIA AND HERZEGOVINA,September,14.0,9,2019-09-01
2019,BOTSWANA,September,0.0,9,2019-09-01
2019,BRAZIL,September,115.0,9,2019-09-01
2019,BRUNEI DARUSSALAM,September,5.0,9,2019-09-01
2019,BULGARIA,September,67.0,9,2019-09-01
2019,BURKINA FASO,September,2.0,9,2019-09-01
2019,BURUNDI,September,0.0,9,2019-09-01
2019,CAMBODIA,September,36.0,9,2019-09-01
2019,CAMEROON,September,1.0,9,2019-09-01
2019,CANADA,September,2438.0,9,2019-09-01
2019,CAPE VERDE,September,1.0,9,2019-09-01
2019,CHAD,September,0.0,9,2019-09-01
2019,CHILE,September,59.0,9,2019-09-01
2019,CHINA,September,9231.0,9,2019-09-01
2019,COLOMBIA,September,57.0,9,2019-09-01
2019,COMOROS,September,10.0,9,2019-09-01
2019,CONGO THE DEM REPOF THE,September,1.0,9,2019-09-01
2019,"CONGO, REPUBLIC OF.",September,0.0,9,2019-09-01
2019,COSTA RICA,September,8.0,9,2019-09-01
2019,COTE DIVOIRE,September,4.0,9,2019-09-01
2019,CROATIA,September,66.0,9,2019-09-01
2019,CUBA,September,2.0,9,2019-09-01
2019,CYPRUS,September,32.0,9,2019-09-01
2019,CZECH REPUBLIC,September,663.0,9,2019-09-01
2019,Country,September,0.0,9,2019-09-01
2019,Country,September,0.0,9,2019-09-01
2019,Country,September,0.0,9,2019-09-01
2019,Country,September,0.0,9,2019-09-01
2019,Country,September,0.0,9,2019-09-01
2019,DENMARK,September,416.0,9,2019-09-01
2019,DJIBOUTI,September,0.0,9,2019-09-01
2019,DOMINICA,September,4.0,9,2019-09-01
2019,DOMINICAN REPUBLIC,September,7.0,9,2019-09-01
2019,ECUADOR,September,8.0,9,2019-09-01
2019,EGYPT,September,265.0,9,2019-09-01
2019,EL SALVADOR,September,5.0,9,2019-09-01
2019,ERITREA,September,2.0,9,2019-09-01
2019,ESTONIA,September,23.0,9,2019-09-01
2019,ETHIOPIA,September,9.0,9,2019-09-01
2019,FIJI,September,10.0,9,2019-09-01
2019,FINLAND,September,104.0,9,2019-09-01
2019,FRANCE,September,2929.0,9,2019-09-01
2019,GABON,September,1.0,9,2019-09-01
2019,"GAMBIA, THE",September,1.0,9,2019-09-01
2019,GEORGIA,September,26.0,9,2019-09-01
2019,GERMANY,September,6396.0,9,2019-09-01
2019,GHANA,September,11.0,9,2019-09-01
2019,GREECE,September,495.0,9,2019-09-01
2019,GRENADA,September,1.0,9,2019-09-01
2019,GUATEMALA,September,3.0,9,2019-09-01
2019,GUINEA,September,4.0,9,2019-09-01
2019,GUINEA-BISSAU,September,1.0,9,2019-09-01
2019,GUYANA,September,1.0,9,2019-09-01
2019,HAITI,September,0.0,9,2019-09-01
2019,HONDURAS,September,2.0,9,2019-09-01
2019,HONG KONG,September,0.0,9,2019-09-01
2019,HUNGARY,September,99.0,9,2019-09-01
2019,ICELAND,September,13.0,9,2019-09-01
2019,INDIA,September,28917.0,9,2019-09-01
2019,INDONESIA,September,519.0,9,2019-09-01
2019,IRAN,September,253.0,9,2019-09-01
2019,IRAQ,September,49.0,9,2019-09-01
2019,IRELAND,September,315.0,9,2019-09-01
2019,ISRAEL,September,1576.0,9,2019-09-01
2019,ITALY,September,1016.0,9,2019-09-01
2019,JAMAICA,September,1.0,9,2019-09-01
2019,JAPAN,September,2250.0,9,2019-09-01
2019,JORDAN,September,146.0,9,2019-09-01
2019,KAZAKHSTAN,September,58.0,9,2019-09-01
2019,KENYA,September,427.0,9,2019-09-01
2019,KIRIBATI,September,2.0,9,2019-09-01
2019,KOSOVAR,September,5.0,9,2019-09-01
2019,KUWAIT,September,98.0,9,2019-09-01
2019,KYRGYZSTAN,September,21.0,9,2019-09-01
2019,LAO PEOPLES DEM. REP.,September,11.0,9,2019-09-01
2019,LATVIA,September,51.0,9,2019-09-01
2019,LEBANON,September,287.0,9,2019-09-01
2019,LESOTHO,September,0.0,9,2019-09-01
2019,LIBERIA,September,1.0,9,2019-09-01
2019,LIBYA,September,9.0,9,2019-09-01
2019,LIECHTENSTEIN,September,4.0,9,2019-09-01
2019,LITHUANIA,September,72.0,9,2019-09-01
2019,LUXEMBOURG,September,14.0,9,2019-09-01
2019,MACEDONIA,September,4.0,9,2019-09-01
2019,MADAGASCAR,September,42.0,9,2019-09-01
2019,MALAWI,September,3.0,9,2019-09-01
2019,MALAYSIA,September,1461.0,9,2019-09-01
2019,MALDIVES,September,4304.0,9,2019-09-01
2019,MALI,September,1.0,9,2019-09-01
2019,MALTA,September,33.0,9,2019-09-01
2019,MARSHALL ISLANDS,September,0.0,9,2019-09-01
2019,MAURITANIA,September,1.0,9,2019-09-01
2019,MAURITIUS,September,25.0,9,2019-09-01
2019,MEXICO,September,64.0,9,2019-09-01
2019,MICRONESIA,September,1.0,9,2019-09-01
2019,MOLDOVA,September,20.0,9,2019-09-01
2019,MONACO,September,1.0,9,2019-09-01
2019,MONGOLIA,September,11.0,9,2019-09-01
2019,MONTENEGRO,September,4.0,9,2019-09-01
2019,MOROCCO,September,69.0,9,2019-09-01
2019,MOZAMBIQUE,September,6.0,9,2019-09-01
2019,MYANMAR,September,265.0,9,2019-09-01
2019,NAMIBIA,September,1.0,9,2019-09-01
2019,NAURU,September,0.0,9,2019-09-01
2019,NEPAL,September,425.0,9,2019-09-01
2019,NETHERLANDS,September,2673.0,9,2019-09-01
2019,NEW ZEALAND,September,954.0,9,2019-09-01
2019,NICARAGUA,September,0.0,9,2019-09-01
2019,NIGER,September,3.0,9,2019-09-01
2019,NIGERIA,September,17.0,9,2019-09-01
2019,NORTH KOREA,September,34.0,9,2019-09-01
2019,NORWAY,September,522.0,9,2019-09-01
2019,OMAN,September,193.0,9,2019-09-01
2019,PAKISTAN,September,1849.0,9,2019-09-01
2019,PALESTINIAN TERRITORIES,September,67.0,9,2019-09-01
2019,PANAMA,September,4.0,9,2019-09-01
2019,PAPUA NEW GUINEA,September,12.0,9,2019-09-01
2019,PARAGUAY,September,2.0,9,2019-09-01
2019,PERU,September,22.0,9,2019-09-01
2019,PHILIPPINES,September,1372.0,9,2019-09-01
2019,POLAND,September,702.0,9,2019-09-01
2019,PORTUGAL,September,251.0,9,2019-09-01
2019,QATAR,September,31.0,9,2019-09-01
2019,ROMANIA,September,209.0,9,2019-09-01
2019,RUSSIAN FEDERATION,September,1638.0,9,2019-09-01
2019,RWANDA,September,0.0,9,2019-09-01
2019,SAINT KITTS AND NEVIS,September,3.0,9,2019-09-01
2019,SAINT LUCIA,September,4.0,9,2019-09-01
2019,SAINT VINCENT THE GRENADI,September,0.0,9,2019-09-01
2019,SAMOA,September,4.0,9,2019-09-01
2019,SAN MARINO,September,1.0,9,2019-09-01
2019,SAUDI ARABIA,September,985.0,9,2019-09-01
2019,SENEGAL,September,2.0,9,2019-09-01
2019,SERBIA.,September,56.0,9,2019-09-01
2019,SEYCHELLES,September,0.0,9,2019-09-01
2019,SEYCHELLS,September,0.0,9,2019-09-01
2019,SIERRA LEONE,September,1.0,9,2019-09-01
2019,SINGAPORE,September,1017.0,9,2019-09-01
2019,SLOVAKIA(SLOVAK REPUBLIC),September,171.0,9,2019-09-01
2019,SLOVENIA,September,106.0,9,2019-09-01
2019,SOLOMON ISLANDS,September,3.0,9,2019-09-01
2019,SOMALIA,September,0.0,9,2019-09-01
2019,SOUTH AFRICA-ZUID AFRIKA,September,240.0,9,2019-09-01
2019,SOUTH KOREA,September,745.0,9,2019-09-01
2019,SOUTH SUDAN,September,6.0,9,2019-09-01
2019,SPAIN,September,1930.0,9,2019-09-01
2019,SUDAN,September,89.0,9,2019-09-01
2019,SURINAME,September,0.0,9,2019-09-01
2019,SWAZILAND,September,1.0,9,2019-09-01
2019,SWEDEN,September,427.0,9,2019-09-01
2019,SWITZERLAND,September,1304.0,9,2019-09-01
2019,SYRIAN ARAB REPUBLIC,September,24.0,9,2019-09-01
2019,TAIWAN PROVINCE OF CHINA,September,655.0,9,2019-09-01
2019,TAJIKISTAN,September,4.0,9,2019-09-01
2019,TANZANIA,September,193.0,9,2019-09-01
2019,THAILAND,September,611.0,9,2019-09-01
2019,TIMOR-LESTE,September,0.0,9,2019-09-01
2019,TOGO,September,35.0,9,2019-09-01
2019,TONGA,September,1.0,9,2019-09-01
2019,TRINIDAD AND TOBAGO,September,7.0,9,2019-09-01
2019,TUNISIA,September,19.0,9,2019-09-01
2019,TURKEY,September,152.0,9,2019-09-01
2019,TURKMENISTAN,September,35.0,9,2019-09-01
2019,TUVALU,September,1.0,9,2019-09-01
2019,UGANDA,September,16.0,9,2019-09-01
2019,UKRAINE,September,1321.0,9,2019-09-01
2019,UNITED ARAB EMIRATES,September,138.0,9,2019-09-01
2019,UNITED KINGDOM,September,8345.0,9,2019-09-01
2019,UNITED STATES,September,2830.0,9,2019-09-01
2019,URUGUAY,September,6.0,9,2019-09-01
2019,UZBEKISTAN,September,19.0,9,2019-09-01
2019,VANUATU,September,2.0,9,2019-09-01
2019,VENEZUELA,September,8.0,9,2019-09-01
2019,VIET NAM,September,211.0,9,2019-09-01
2019,YEMEN (YEMEN ARAB REP.),September,104.0,9,2019-09-01
2019,ZAMBIA(NORTHERN RHODESIA),September,3.0,9,2019-09-01
2019,ZIMBABWE,September,7.0,9,2019-09-01
2019,AFGHANISTAN,October,22.0,10,2019-10-01
2019,ALBANIA,October,23.0,10,2019-10-01
2019,ALGERIA,October,16.0,10,2019-10-01
2019,ANDORRA,October,7.0,10,2019-10-01
2019,ANGOLA,October,5.0,10,2019-10-01
2019,ANTIGUA AND BARBUDA,October,0.0,10,2019-10-01
2019,ARGENTINA,October,53.0,10,2019-10-01
2019,ARMENIA,October,91.0,10,2019-10-01
2019,AUSTRALIA,October,5562.0,10,2019-10-01
2019,AUSTRIA,October,543.0,10,2019-10-01
2019,AZERBAIJAN,October,15.0,10,2019-10-01
2019,BAHAMAS,October,1.0,10,2019-10-01
2019,BAHRAIN,October,108.0,10,2019-10-01
2019,BANGLADESH,October,665.0,10,2019-10-01
2019,BARBADOS,October,1.0,10,2019-10-01
2019,BELARUS,October,225.0,10,2019-10-01
2019,BELGIUM,October,561.0,10,2019-10-01
2019,BELIZE,October,1.0,10,2019-10-01
2019,BENIN,October,1.0,10,2019-10-01
2019,BHUTAN,October,43.0,10,2019-10-01
2019,BOLIVIA,October,2.0,10,2019-10-01
2019,BOSNIA AND HERZEGOVINA,October,10.0,10,2019-10-01
2019,BOTSWANA,October,2.0,10,2019-10-01
2019,BRAZIL,October,106.0,10,2019-10-01
2019,BRUNEI DARUSSALAM,October,2.0,10,2019-10-01
2019,BULGARIA,October,121.0,10,2019-10-01
2019,BURKINA FASO,October,1.0,10,2019-10-01
2019,BURUNDI,October,0.0,10,2019-10-01
2019,CAMBODIA,October,22.0,10,2019-10-01
2019,CAMEROON,October,2.0,10,2019-10-01
2019,CANADA,October,2385.0,10,2019-10-01
2019,CAPE VERDE,October,2.0,10,2019-10-01
2019,CHAD,October,0.0,10,2019-10-01
2019,CHILE,October,41.0,10,2019-10-01
2019,CHINA,October,11683.0,10,2019-10-01
2019,COLOMBIA,October,46.0,10,2019-10-01
2019,COMOROS,October,5.0,10,2019-10-01
2019,CONGO THE DEM REPOF THE,October,2.0,10,2019-10-01
2019,"CONGO, REPUBLIC OF.",October,0.0,10,2019-10-01
2019,COSTA RICA,October,9.0,10,2019-10-01
2019,COTE DIVOIRE,October,0.0,10,2019-10-01
2019,CROATIA,October,73.0,10,2019-10-01
2019,CUBA,October,4.0,10,2019-10-01
2019,CYPRUS,October,27.0,10,2019-10-01
2019,CZECH REPUBLIC,October,700.0,10,2019-10-01
2019,Country,October,0.0,10,2019-10-01
2019,Country,October,0.0,10,2019-10-01
2019,Country,October,0.0,10,2019-10-01
2019,Country,October,0.0,10,2019-10-01
2019,Country,October,0.0,10,2019-10-01
2019,DENMARK,October,636.0,10,2019-10-01
2019,DJIBOUTI,October,1.0,10,2019-10-01
2019,DOMINICA,October,5.0,10,2019-10-01
2019,DOMINICAN REPUBLIC,October,4.0,10,2019-10-01
2019,ECUADOR,October,3.0,10,2019-10-01
2019,EGYPT,October,290.0,10,2019-10-01
2019,EL SALVADOR,October,6.0,10,2019-10-01
2019,ERITREA,October,8.0,10,2019-10-01
2019,ESTONIA,October,167.0,10,2019-10-01
2019,ETHIOPIA,October,7.0,10,2019-10-01
2019,FIJI,October,10.0,10,2019-10-01
2019,FINLAND,October,216.0,10,2019-10-01
2019,FRANCE,October,3383.0,10,2019-10-01
2019,GABON,October,0.0,10,2019-10-01
2019,"GAMBIA, THE",October,2.0,10,2019-10-01
2019,GEORGIA,October,58.0,10,2019-10-01
2019,GERMANY,October,7820.0,10,2019-10-01
2019,GHANA,October,4.0,10,2019-10-01
2019,GREECE,October,507.0,10,2019-10-01
2019,GRENADA,October,0.0,10,2019-10-01
2019,GUATEMALA,October,4.0,10,2019-10-01
2019,GUINEA,October,2.0,10,2019-10-01
2019,GUINEA-BISSAU,October,0.0,10,2019-10-01
2019,GUYANA,October,2.0,10,2019-10-01
2019,HAITI,October,0.0,10,2019-10-01
2019,HONDURAS,October,1.0,10,2019-10-01
2019,HONG KONG,October,0.0,10,2019-10-01
2019,HUNGARY,October,169.0,10,2019-10-01
2019,ICELAND,October,33.0,10,2019-10-01
2019,INDIA,October,33217.0,10,2019-10-01
2019,INDONESIA,October,454.0,10,2019-10-01
2019,IRAN,October,394.0,10,2019-10-01
2019,IRAQ,October,76.0,10,2019-10-01
2019,IRELAND,October,484.0,10,2019-10-01
2019,ISRAEL,October,1411.0,10,2019-10-01
2019,ITALY,October,947.0,10,2019-10-01
2019,JAMAICA,October,2.0,10,2019-10-01
2019,JAPAN,October,1832.0,10,2019-10-01
2019,JORDAN,October,193.0,10,2019-10-01
2019,KAZAKHSTAN,October,91.0,10,2019-10-01
2019,KENYA,October,30.0,10,2019-10-01
2019,KIRIBATI,October,1.0,10,2019-10-01
2019,KOSOVAR,October,3.0,10,2019-10-01
2019,KUWAIT,October,123.0,10,2019-10-01
2019,KYRGYZSTAN,October,13.0,10,2019-10-01
2019,LAO PEOPLES DEM. REP.,October,8.0,10,2019-10-01
2019,LATVIA,October,125.0,10,2019-10-01
2019,LEBANON,October,163.0,10,2019-10-01
2019,LESOTHO,October,1.0,10,2019-10-01
2019,LIBERIA,October,0.0,10,2019-10-01
2019,LIBYA,October,8.0,10,2019-10-01
2019,LIECHTENSTEIN,October,3.0,10,2019-10-01
2019,LITHUANIA,October,159.0,10,2019-10-01
2019,LUXEMBOURG,October,20.0,10,2019-10-01
2019,MACEDONIA,October,7.0,10,2019-10-01
2019,MADAGASCAR,October,5.0,10,2019-10-01
2019,MALAWI,October,4.0,10,2019-10-01
2019,MALAYSIA,October,1248.0,10,2019-10-01
2019,MALDIVES,October,3934.0,10,2019-10-01
2019,MALI,October,2.0,10,2019-10-01
2019,MALTA,October,24.0,10,2019-10-01
2019,MARSHALL ISLANDS,October,0.0,10,2019-10-01
2019,MAURITANIA,October,2.0,10,2019-10-01
2019,MAURITIUS,October,19.0,10,2019-10-01
2019,MEXICO,October,76.0,10,2019-10-01
2019,MICRONESIA,October,0.0,10,2019-10-01
2019,MOLDOVA,October,19.0,10,2019-10-01
2019,MONACO,October,0.0,10,2019-10-01
2019,MONGOLIA,October,4.0,10,2019-10-01
2019,MONTENEGRO,October,11.0,10,2019-10-01
2019,MOROCCO,October,49.0,10,2019-10-01
2019,MOZAMBIQUE,October,0.0,10,2019-10-01
2019,MYANMAR,October,199.0,10,2019-10-01
2019,NAMIBIA,October,1.0,10,2019-10-01
2019,NAURU,October,0.0,10,2019-10-01
2019,NEPAL,October,656.0,10,2019-10-01
2019,NETHERLANDS,October,1659.0,10,2019-10-01
2019,NEW ZEALAND,October,663.0,10,2019-10-01
2019,NICARAGUA,October,0.0,10,2019-10-01
2019,NIGER,October,0.0,10,2019-10-01
2019,NIGERIA,October,13.0,10,2019-10-01
2019,NORTH KOREA,October,0.0,10,2019-10-01
2019,NORWAY,October,452.0,10,2019-10-01
2019,OMAN,October,162.0,10,2019-10-01
2019,PAKISTAN,October,1060.0,10,2019-10-01
2019,PALESTINIAN TERRITORIES,October,42.0,10,2019-10-01
2019,PANAMA,October,0.0,10,2019-10-01
2019,PAPUA NEW GUINEA,October,3.0,10,2019-10-01
2019,PARAGUAY,October,0.0,10,2019-10-01
2019,PERU,October,18.0,10,2019-10-01
2019,PHILIPPINES,October,1285.0,10,2019-10-01
2019,POLAND,October,805.0,10,2019-10-01
2019,PORTUGAL,October,312.0,10,2019-10-01
2019,QATAR,October,41.0,10,2019-10-01
2019,ROMANIA,October,225.0,10,2019-10-01
2019,RUSSIAN FEDERATION,October,5761.0,10,2019-10-01
2019,RWANDA,October,2.0,10,2019-10-01
2019,SAINT KITTS AND NEVIS,October,2.0,10,2019-10-01
2019,SAINT LUCIA,October,0.0,10,2019-10-01
2019,SAINT VINCENT THE GRENADI,October,0.0,10,2019-10-01
2019,SAMOA,October,0.0,10,2019-10-01
2019,SAN MARINO,October,1.0,10,2019-10-01
2019,SAUDI ARABIA,October,656.0,10,2019-10-01
2019,SENEGAL,October,1.0,10,2019-10-01
2019,SERBIA.,October,47.0,10,2019-10-01
2019,SEYCHELLES,October,0.0,10,2019-10-01
2019,SEYCHELLS,October,0.0,10,2019-10-01
2019,SIERRA LEONE,October,0.0,10,2019-10-01
2019,SINGAPORE,October,959.0,10,2019-10-01
2019,SLOVAKIA(SLOVAK REPUBLIC),October,215.0,10,2019-10-01
2019,SLOVENIA,October,245.0,10,2019-10-01
2019,SOLOMON ISLANDS,October,0.0,10,2019-10-01
2019,SOMALIA,October,1.0,10,2019-10-01
2019,SOUTH AFRICA-ZUID AFRIKA,October,253.0,10,2019-10-01
2019,SOUTH KOREA,October,962.0,10,2019-10-01
2019,SOUTH SUDAN,October,0.0,10,2019-10-01
2019,SPAIN,October,1696.0,10,2019-10-01
2019,SUDAN,October,26.0,10,2019-10-01
2019,SURINAME,October,6.0,10,2019-10-01
2019,SWAZILAND,October,0.0,10,2019-10-01
2019,SWEDEN,October,869.0,10,2019-10-01
2019,SWITZERLAND,October,1453.0,10,2019-10-01
2019,SYRIAN ARAB REPUBLIC,October,2.0,10,2019-10-01
2019,TAIWAN PROVINCE OF CHINA,October,520.0,10,2019-10-01
2019,TAJIKISTAN,October,5.0,10,2019-10-01
2019,TANZANIA,October,10.0,10,2019-10-01
2019,THAILAND,October,853.0,10,2019-10-01
2019,TIMOR-LESTE,October,5.0,10,2019-10-01
2019,TOGO,October,0.0,10,2019-10-01
2019,TONGA,October,0.0,10,2019-10-01
2019,TRINIDAD AND TOBAGO,October,6.0,10,2019-10-01
2019,TUNISIA,October,39.0,10,2019-10-01
2019,TURKEY,October,157.0,10,2019-10-01
2019,TURKMENISTAN,October,1.0,10,2019-10-01
2019,TUVALU,October,0.0,10,2019-10-01
2019,UGANDA,October,6.0,10,2019-10-01
2019,UKRAINE,October,2655.0,10,2019-10-01
2019,UNITED ARAB EMIRATES,October,139.0,10,2019-10-01
2019,UNITED KINGDOM,October,8763.0,10,2019-10-01
2019,UNITED STATES,October,2836.0,10,2019-10-01
2019,URUGUAY,October,5.0,10,2019-10-01
2019,UZBEKISTAN,October,34.0,10,2019-10-01
2019,VANUATU,October,1.0,10,2019-10-01
2019,VENEZUELA,October,4.0,10,2019-10-01
2019,VIET NAM,October,192.0,10,2019-10-01
2019,YEMEN (YEMEN ARAB REP.),October,48.0,10,2019-10-01
2019,ZAMBIA(NORTHERN RHODESIA),October,4.0,10,2019-10-01
2019,ZIMBABWE,October,19.0,10,2019-10-01
2019,AFGHANISTAN,November,55.0,11,2019-11-01
2019,ALBANIA,November,27.0,11,2019-11-01
2019,ALGERIA,November,13.0,11,2019-11-01
2019,ANDORRA,November,2.0,11,2019-11-01
2019,ANGOLA,November,2.0,11,2019-11-01
2019,ANTIGUA AND BARBUDA,November,5.0,11,2019-11-01
2019,ARGENTINA,November,142.0,11,2019-11-01
2019,ARMENIA,November,78.0,11,2019-11-01
2019,AUSTRALIA,November,7067.0,11,2019-11-01
2019,AUSTRIA,November,1349.0,11,2019-11-01
2019,AZERBAIJAN,November,35.0,11,2019-11-01
2019,BAHAMAS,November,0.0,11,2019-11-01
2019,BAHRAIN,November,194.0,11,2019-11-01
2019,BANGLADESH,November,626.0,11,2019-11-01
2019,BARBADOS,November,2.0,11,2019-11-01
2019,BELARUS,November,662.0,11,2019-11-01
2019,BELGIUM,November,933.0,11,2019-11-01
2019,BELIZE,November,5.0,11,2019-11-01
2019,BENIN,November,2.0,11,2019-11-01
2019,BHUTAN,November,38.0,11,2019-11-01
2019,BOLIVIA,November,1.0,11,2019-11-01
2019,BOSNIA AND HERZEGOVINA,November,13.0,11,2019-11-01
2019,BOTSWANA,November,3.0,11,2019-11-01
2019,BRAZIL,November,318.0,11,2019-11-01
2019,BRUNEI DARUSSALAM,November,2.0,11,2019-11-01
2019,BULGARIA,November,268.0,11,2019-11-01
2019,BURKINA FASO,November,0.0,11,2019-11-01
2019,BURUNDI,November,0.0,11,2019-11-01
2019,CAMBODIA,November,94.0,11,2019-11-01
2019,CAMEROON,November,1.0,11,2019-11-01
2019,CANADA,November,3053.0,11,2019-11-01
2019,CAPE VERDE,November,2.0,11,2019-11-01
2019,CHAD,November,0.0,11,2019-11-01
2019,CHILE,November,65.0,11,2019-11-01
2019,CHINA,November,16312.0,11,2019-11-01
2019,COLOMBIA,November,58.0,11,2019-11-01
2019,COMOROS,November,7.0,11,2019-11-01
2019,CONGO THE DEM REPOF THE,November,6.0,11,2019-11-01
2019,"CONGO, REPUBLIC OF.",November,0.0,11,2019-11-01
2019,COSTA RICA,November,6.0,11,2019-11-01
2019,COTE DIVOIRE,November,3.0,11,2019-11-01
2019,CROATIA,November,147.0,11,2019-11-01
2019,CUBA,November,3.0,11,2019-11-01
2019,CYPRUS,November,44.0,11,2019-11-01
2019,CZECH REPUBLIC,November,1631.0,11,2019-11-01
2019,Country,November,0.0,11,2019-11-01
2019,Country,November,0.0,11,2019-11-01
2019,Country,November,0.0,11,2019-11-01
2019,Country,November,0.0,11,2019-11-01
2019,Country,November,0.0,11,2019-11-01
2019,DENMARK,November,763.0,11,2019-11-01
2019,DJIBOUTI,November,1.0,11,2019-11-01
2019,DOMINICA,November,5.0,11,2019-11-01
2019,DOMINICAN REPUBLIC,November,44.0,11,2019-11-01
2019,ECUADOR,November,10.0,11,2019-11-01
2019,EGYPT,November,423.0,11,2019-11-01
2019,EL SALVADOR,November,6.0,11,2019-11-01
2019,ERITREA,November,5.0,11,2019-11-01
2019,ESTONIA,November,156.0,11,2019-11-01
2019,ETHIOPIA,November,16.0,11,2019-11-01
2019,FIJI,November,14.0,11,2019-11-01
2019,FINLAND,November,446.0,11,2019-11-01
2019,FRANCE,November,4857.0,11,2019-11-01
2019,GABON,November,0.0,11,2019-11-01
2019,"GAMBIA, THE",November,1.0,11,2019-11-01
2019,GEORGIA,November,66.0,11,2019-11-01
2019,GERMANY,November,20844.0,11,2019-11-01
2019,GHANA,November,13.0,11,2019-11-01
2019,GREECE,November,539.0,11,2019-11-01
2019,GRENADA,November,1.0,11,2019-11-01
2019,GUATEMALA,November,15.0,11,2019-11-01
2019,GUINEA,November,2.0,11,2019-11-01
2019,GUINEA-BISSAU,November,1.0,11,2019-11-01
2019,GUYANA,November,0.0,11,2019-11-01
2019,HAITI,November,1.0,11,2019-11-01
2019,HONDURAS,November,11.0,11,2019-11-01
2019,HONG KONG,November,0.0,11,2019-11-01
2019,HUNGARY,November,322.0,11,2019-11-01
2019,ICELAND,November,47.0,11,2019-11-01
2019,INDIA,November,31677.0,11,2019-11-01
2019,INDONESIA,November,318.0,11,2019-11-01
2019,IRAN,November,220.0,11,2019-11-01
2019,IRAQ,November,92.0,11,2019-11-01
2019,IRELAND,November,627.0,11,2019-11-01
2019,ISRAEL,November,760.0,11,2019-11-01
2019,ITALY,November,3917.0,11,2019-11-01
2019,JAMAICA,November,0.0,11,2019-11-01
2019,JAPAN,November,1825.0,11,2019-11-01
2019,JORDAN,November,348.0,11,2019-11-01
2019,KAZAKHSTAN,November,220.0,11,2019-11-01
2019,KENYA,November,59.0,11,2019-11-01
2019,KIRIBATI,November,0.0,11,2019-11-01
2019,KOSOVAR,November,4.0,11,2019-11-01
2019,KUWAIT,November,135.0,11,2019-11-01
2019,KYRGYZSTAN,November,12.0,11,2019-11-01
2019,LAO PEOPLES DEM. REP.,November,25.0,11,2019-11-01
2019,LATVIA,November,227.0,11,2019-11-01
2019,LEBANON,November,377.0,11,2019-11-01
2019,LESOTHO,November,3.0,11,2019-11-01
2019,LIBERIA,November,0.0,11,2019-11-01
2019,LIBYA,November,11.0,11,2019-11-01
2019,LIECHTENSTEIN,November,15.0,11,2019-11-01
2019,LITHUANIA,November,363.0,11,2019-11-01
2019,LUXEMBOURG,November,51.0,11,2019-11-01
2019,MACEDONIA,November,23.0,11,2019-11-01
2019,MADAGASCAR,November,5.0,11,2019-11-01
2019,MALAWI,November,10.0,11,2019-11-01
2019,MALAYSIA,November,1461.0,11,2019-11-01
2019,MALDIVES,November,5850.0,11,2019-11-01
2019,MALI,November,2.0,11,2019-11-01
2019,MALTA,November,42.0,11,2019-11-01
2019,MARSHALL ISLANDS,November,0.0,11,2019-11-01
2019,MAURITANIA,November,1.0,11,2019-11-01
2019,MAURITIUS,November,25.0,11,2019-11-01
2019,MEXICO,November,96.0,11,2019-11-01
2019,MICRONESIA,November,0.0,11,2019-11-01
2019,MOLDOVA,November,29.0,11,2019-11-01
2019,MONACO,November,0.0,11,2019-11-01
2019,MONGOLIA,November,4.0,11,2019-11-01
2019,MONTENEGRO,November,14.0,11,2019-11-01
2019,MOROCCO,November,93.0,11,2019-11-01
2019,MOZAMBIQUE,November,3.0,11,2019-11-01
2019,MYANMAR,November,234.0,11,2019-11-01
2019,NAMIBIA,November,6.0,11,2019-11-01
2019,NAURU,November,0.0,11,2019-11-01
2019,NEPAL,November,509.0,11,2019-11-01
2019,NETHERLANDS,November,2213.0,11,2019-11-01
2019,NEW ZEALAND,November,930.0,11,2019-11-01
2019,NICARAGUA,November,0.0,11,2019-11-01
2019,NIGER,November,1.0,11,2019-11-01
2019,NIGERIA,November,13.0,11,2019-11-01
2019,NORTH KOREA,November,0.0,11,2019-11-01
2019,NORWAY,November,747.0,11,2019-11-01
2019,OMAN,November,364.0,11,2019-11-01
2019,PAKISTAN,November,1039.0,11,2019-11-01
2019,PALESTINIAN TERRITORIES,November,68.0,11,2019-11-01
2019,PANAMA,November,12.0,11,2019-11-01
2019,PAPUA NEW GUINEA,November,33.0,11,2019-11-01
2019,PARAGUAY,November,3.0,11,2019-11-01
2019,PERU,November,14.0,11,2019-11-01
2019,PHILIPPINES,November,1329.0,11,2019-11-01
2019,POLAND,November,3496.0,11,2019-11-01
2019,PORTUGAL,November,520.0,11,2019-11-01
2019,QATAR,November,40.0,11,2019-11-01
2019,ROMANIA,November,488.0,11,2019-11-01
2019,RUSSIAN FEDERATION,November,14537.0,11,2019-11-01
2019,RWANDA,November,1.0,11,2019-11-01
2019,SAINT KITTS AND NEVIS,November,4.0,11,2019-11-01
2019,SAINT LUCIA,November,1.0,11,2019-11-01
2019,SAINT VINCENT THE GRENADI,November,0.0,11,2019-11-01
2019,SAMOA,November,0.0,11,2019-11-01
2019,SAN MARINO,November,0.0,11,2019-11-01
2019,SAUDI ARABIA,November,805.0,11,2019-11-01
2019,SENEGAL,November,5.0,11,2019-11-01
2019,SERBIA.,November,97.0,11,2019-11-01
2019,SEYCHELLES,November,0.0,11,2019-11-01
2019,SEYCHELLS,November,0.0,11,2019-11-01
2019,SIERRA LEONE,November,4.0,11,2019-11-01
2019,SINGAPORE,November,1161.0,11,2019-11-01
2019,SLOVAKIA(SLOVAK REPUBLIC),November,524.0,11,2019-11-01
2019,SLOVENIA,November,134.0,11,2019-11-01
2019,SOLOMON ISLANDS,November,0.0,11,2019-11-01
2019,SOMALIA,November,1.0,11,2019-11-01
2019,SOUTH AFRICA-ZUID AFRIKA,November,440.0,11,2019-11-01
2019,SOUTH KOREA,November,971.0,11,2019-11-01
2019,SOUTH SUDAN,November,0.0,11,2019-11-01
2019,SPAIN,November,2212.0,11,2019-11-01
2019,SUDAN,November,56.0,11,2019-11-01
2019,SURINAME,November,0.0,11,2019-11-01
2019,SWAZILAND,November,0.0,11,2019-11-01
2019,SWEDEN,November,1274.0,11,2019-11-01
2019,SWITZERLAND,November,3559.0,11,2019-11-01
2019,SYRIAN ARAB REPUBLIC,November,6.0,11,2019-11-01
2019,TAIWAN PROVINCE OF CHINA,November,399.0,11,2019-11-01
2019,TAJIKISTAN,November,11.0,11,2019-11-01
2019,TANZANIA,November,26.0,11,2019-11-01
2019,THAILAND,November,1120.0,11,2019-11-01
2019,TIMOR-LESTE,November,2.0,11,2019-11-01
2019,TOGO,November,0.0,11,2019-11-01
2019,TONGA,November,2.0,11,2019-11-01
2019,TRINIDAD AND TOBAGO,November,9.0,11,2019-11-01
2019,TUNISIA,November,68.0,11,2019-11-01
2019,TURKEY,November,800.0,11,2019-11-01
2019,TURKMENISTAN,November,3.0,11,2019-11-01
2019,TUVALU,November,0.0,11,2019-11-01
2019,UGANDA,November,25.0,11,2019-11-01
2019,UKRAINE,November,4770.0,11,2019-11-01
2019,UNITED ARAB EMIRATES,November,187.0,11,2019-11-01
2019,UNITED KINGDOM,November,16038.0,11,2019-11-01
2019,UNITED STATES,November,4514.0,11,2019-11-01
2019,URUGUAY,November,8.0,11,2019-11-01
2019,UZBEKISTAN,November,35.0,11,2019-11-01
2019,VANUATU,November,0.0,11,2019-11-01
2019,VENEZUELA,November,8.0,11,2019-11-01
2019,VIET NAM,November,206.0,11,2019-11-01
2019,YEMEN (YEMEN ARAB REP.),November,49.0,11,2019-11-01
2019,ZAMBIA(NORTHERN RHODESIA),November,15.0,11,2019-11-01
2019,ZIMBABWE,November,11.0,11,2019-11-01
2019,AFGHANISTAN,December,38.0,12,2019-12-01
2019,ALBANIA,December,27.0,12,2019-12-01
2019,ALGERIA,December,49.0,12,2019-12-01
2019,ANDORRA,December,5.0,12,2019-12-01
2019,ANGOLA,December,1.0,12,2019-12-01
2019,ANTIGUA AND BARBUDA,December,0.0,12,2019-12-01
2019,ARGENTINA,December,192.0,12,2019-12-01
2019,ARMENIA,December,157.0,12,2019-12-01
2019,AUSTRALIA,December,14467.0,12,2019-12-01
2019,AUSTRIA,December,1824.0,12,2019-12-01
2019,AZERBAIJAN,December,81.0,12,2019-12-01
2019,BAHAMAS,December,1.0,12,2019-12-01
2019,BAHRAIN,December,257.0,12,2019-12-01
2019,BANGLADESH,December,1029.0,12,2019-12-01
2019,BARBADOS,December,1.0,12,2019-12-01
2019,BELARUS,December,662.0,12,2019-12-01
2019,BELGIUM,December,1316.0,12,2019-12-01
2019,BELIZE,December,2.0,12,2019-12-01
2019,BENIN,December,0.0,12,2019-12-01
2019,BHUTAN,December,35.0,12,2019-12-01
2019,BOLIVIA,December,7.0,12,2019-12-01
2019,BOSNIA AND HERZEGOVINA,December,34.0,12,2019-12-01
2019,BOTSWANA,December,9.0,12,2019-12-01
2019,BRAZIL,December,598.0,12,2019-12-01
2019,BRUNEI DARUSSALAM,December,1.0,12,2019-12-01
2019,BULGARIA,December,391.0,12,2019-12-01
2019,BURKINA FASO,December,2.0,12,2019-12-01
2019,BURUNDI,December,1.0,12,2019-12-01
2019,CAMBODIA,December,66.0,12,2019-12-01
2019,CAMEROON,December,1.0,12,2019-12-01
2019,CANADA,December,6512.0,12,2019-12-01
2019,CAPE VERDE,December,0.0,12,2019-12-01
2019,CHAD,December,0.0,12,2019-12-01
2019,CHILE,December,130.0,12,2019-12-01
2019,CHINA,December,16648.0,12,2019-12-01
2019,COLOMBIA,December,110.0,12,2019-12-01
2019,COMOROS,December,6.0,12,2019-12-01
2019,CONGO THE DEM REPOF THE,December,3.0,12,2019-12-01
2019,"CONGO, REPUBLIC OF.",December,1.0,12,2019-12-01
2019,COSTA RICA,December,35.0,12,2019-12-01
2019,COTE DIVOIRE,December,8.0,12,2019-12-01
2019,CROATIA,December,265.0,12,2019-12-01
2019,CUBA,December,12.0,12,2019-12-01
2019,CYPRUS,December,118.0,12,2019-12-01
2019,CZECH REPUBLIC,December,2434.0,12,2019-12-01
2019,Country,December,0.0,12,2019-12-01
2019,Country,December,0.0,12,2019-12-01
2019,Country,December,0.0,12,2019-12-01
2019,Country,December,0.0,12,2019-12-01
2019,Country,December,0.0,12,2019-12-01
2019,DENMARK,December,1445.0,12,2019-12-01
2019,DJIBOUTI,December,1.0,12,2019-12-01
2019,DOMINICA,December,9.0,12,2019-12-01
2019,DOMINICAN REPUBLIC,December,24.0,12,2019-12-01
2019,ECUADOR,December,31.0,12,2019-12-01
2019,EGYPT,December,485.0,12,2019-12-01
2019,EL SALVADOR,December,3.0,12,2019-12-01
2019,ERITREA,December,2.0,12,2019-12-01
2019,ESTONIA,December,613.0,12,2019-12-01
2019,ETHIOPIA,December,14.0,12,2019-12-01
2019,FIJI,December,13.0,12,2019-12-01
2019,FINLAND,December,1144.0,12,2019-12-01
2019,FRANCE,December,6824.0,12,2019-12-01
2019,GABON,December,2.0,12,2019-12-01
2019,"GAMBIA, THE",December,0.0,12,2019-12-01
2019,GEORGIA,December,56.0,12,2019-12-01
2019,GERMANY,December,12349.0,12,2019-12-01
2019,GHANA,December,8.0,12,2019-12-01
2019,GREECE,December,921.0,12,2019-12-01
2019,GRENADA,December,0.0,12,2019-12-01
2019,GUATEMALA,December,6.0,12,2019-12-01
2019,GUINEA,December,0.0,12,2019-12-01
2019,GUINEA-BISSAU,December,0.0,12,2019-12-01
2019,GUYANA,December,0.0,12,2019-12-01
2019,HAITI,December,2.0,12,2019-12-01
2019,HONDURAS,December,10.0,12,2019-12-01
2019,HONG KONG,December,1.0,12,2019-12-01
2019,HUNGARY,December,599.0,12,2019-12-01
2019,ICELAND,December,31.0,12,2019-12-01
2019,INDIA,December,48442.0,12,2019-12-01
2019,INDONESIA,December,543.0,12,2019-12-01
2019,IRAN,December,277.0,12,2019-12-01
2019,IRAQ,December,88.0,12,2019-12-01
2019,IRELAND,December,1066.0,12,2019-12-01
2019,ISRAEL,December,1482.0,12,2019-12-01
2019,ITALY,December,4961.0,12,2019-12-01
2019,JAMAICA,December,8.0,12,2019-12-01
2019,JAPAN,December,3730.0,12,2019-12-01
2019,JORDAN,December,517.0,12,2019-12-01
2019,KAZAKHSTAN,December,698.0,12,2019-12-01
2019,KENYA,December,132.0,12,2019-12-01
2019,KIRIBATI,December,0.0,12,2019-12-01
2019,KOSOVAR,December,4.0,12,2019-12-01
2019,KUWAIT,December,331.0,12,2019-12-01
2019,KYRGYZSTAN,December,84.0,12,2019-12-01
2019,LAO PEOPLES DEM. REP.,December,4.0,12,2019-12-01
2019,LATVIA,December,314.0,12,2019-12-01
2019,LEBANON,December,479.0,12,2019-12-01
2019,LESOTHO,December,2.0,12,2019-12-01
2019,LIBERIA,December,1.0,12,2019-12-01
2019,LIBYA,December,15.0,12,2019-12-01
2019,LIECHTENSTEIN,December,17.0,12,2019-12-01
2019,LITHUANIA,December,385.0,12,2019-12-01
2019,LUXEMBOURG,December,58.0,12,2019-12-01
2019,MACEDONIA,December,14.0,12,2019-12-01
2019,MADAGASCAR,December,5.0,12,2019-12-01
2019,MALAWI,December,11.0,12,2019-12-01
2019,MALAYSIA,December,1977.0,12,2019-12-01
2019,MALDIVES,December,9033.0,12,2019-12-01
2019,MALI,December,0.0,12,2019-12-01
2019,MALTA,December,141.0,12,2019-12-01
2019,MARSHALL ISLANDS,December,0.0,12,2019-12-01
2019,MAURITANIA,December,0.0,12,2019-12-01
2019,MAURITIUS,December,286.0,12,2019-12-01
2019,MEXICO,December,849.0,12,2019-12-01
2019,MICRONESIA,December,1.0,12,2019-12-01
2019,MOLDOVA,December,74.0,12,2019-12-01
2019,MONACO,December,5.0,12,2019-12-01
2019,MONGOLIA,December,37.0,12,2019-12-01
2019,MONTENEGRO,December,20.0,12,2019-12-01
2019,MOROCCO,December,165.0,12,2019-12-01
2019,MOZAMBIQUE,December,15.0,12,2019-12-01
2019,MYANMAR,December,285.0,12,2019-12-01
2019,NAMIBIA,December,4.0,12,2019-12-01
2019,NAURU,December,0.0,12,2019-12-01
2019,NEPAL,December,596.0,12,2019-12-01
2019,NETHERLANDS,December,2858.0,12,2019-12-01
2019,NEW ZEALAND,December,1863.0,12,2019-12-01
2019,NICARAGUA,December,4.0,12,2019-12-01
2019,NIGER,December,0.0,12,2019-12-01
2019,NIGERIA,December,16.0,12,2019-12-01
2019,NORTH KOREA,December,0.0,12,2019-12-01
2019,NORWAY,December,1387.0,12,2019-12-01
2019,OMAN,December,318.0,12,2019-12-01
2019,PAKISTAN,December,1431.0,12,2019-12-01
2019,PALESTINIAN TERRITORIES,December,99.0,12,2019-12-01
2019,PANAMA,December,1.0,12,2019-12-01
2019,PAPUA NEW GUINEA,December,35.0,12,2019-12-01
2019,PARAGUAY,December,2.0,12,2019-12-01
2019,PERU,December,40.0,12,2019-12-01
2019,PHILIPPINES,December,1174.0,12,2019-12-01
2019,POLAND,December,3361.0,12,2019-12-01
2019,PORTUGAL,December,655.0,12,2019-12-01
2019,QATAR,December,143.0,12,2019-12-01
2019,ROMANIA,December,937.0,12,2019-12-01
2019,RUSSIAN FEDERATION,December,17559.0,12,2019-12-01
2019,RWANDA,December,3.0,12,2019-12-01
2019,SAINT KITTS AND NEVIS,December,4.0,12,2019-12-01
2019,SAINT LUCIA,December,0.0,12,2019-12-01
2019,SAINT VINCENT THE GRENADI,December,1.0,12,2019-12-01
2019,SAMOA,December,0.0,12,2019-12-01
2019,SAN MARINO,December,4.0,12,2019-12-01
2019,SAUDI ARABIA,December,896.0,12,2019-12-01
2019,SENEGAL,December,5.0,12,2019-12-01
2019,SERBIA.,December,231.0,12,2019-12-01
2019,SEYCHELLES,December,0.0,12,2019-12-01
2019,SEYCHELLS,December,0.0,12,2019-12-01
2019,SIERRA LEONE,December,0.0,12,2019-12-01
2019,SINGAPORE,December,1881.0,12,2019-12-01
2019,SLOVAKIA(SLOVAK REPUBLIC),December,577.0,12,2019-12-01
2019,SLOVENIA,December,387.0,12,2019-12-01
2019,SOLOMON ISLANDS,December,0.0,12,2019-12-01
2019,SOMALIA,December,10.0,12,2019-12-01
2019,SOUTH AFRICA-ZUID AFRIKA,December,1966.0,12,2019-12-01
2019,SOUTH KOREA,December,1477.0,12,2019-12-01
2019,SOUTH SUDAN,December,4.0,12,2019-12-01
2019,SPAIN,December,2022.0,12,2019-12-01
2019,SUDAN,December,57.0,12,2019-12-01
2019,SURINAME,December,1.0,12,2019-12-01
2019,SWAZILAND,December,0.0,12,2019-12-01
2019,SWEDEN,December,4906.0,12,2019-12-01
2019,SWITZERLAND,December,2721.0,12,2019-12-01
2019,SYRIAN ARAB REPUBLIC,December,3.0,12,2019-12-01
2019,TAIWAN PROVINCE OF CHINA,December,548.0,12,2019-12-01
2019,TAJIKISTAN,December,20.0,12,2019-12-01
2019,TANZANIA,December,36.0,12,2019-12-01
2019,THAILAND,December,1208.0,12,2019-12-01
2019,TIMOR-LESTE,December,1.0,12,2019-12-01
2019,TOGO,December,0.0,12,2019-12-01
2019,TONGA,December,0.0,12,2019-12-01
2019,TRINIDAD AND TOBAGO,December,14.0,12,2019-12-01
2019,TUNISIA,December,278.0,12,2019-12-01
2019,TURKEY,December,1038.0,12,2019-12-01
2019,TURKMENISTAN,December,7.0,12,2019-12-01
2019,TUVALU,December,0.0,12,2019-12-01
2019,UGANDA,December,36.0,12,2019-12-01
2019,UKRAINE,December,6063.0,12,2019-12-01
2019,UNITED ARAB EMIRATES,December,369.0,12,2019-12-01
2019,UNITED KINGDOM,December,20984.0,12,2019-12-01
2019,UNITED STATES,December,12302.0,12,2019-12-01
2019,URUGUAY,December,15.0,12,2019-12-01
2019,UZBEKISTAN,December,118.0,12,2019-12-01
2019,VANUATU,December,0.0,12,2019-12-01
2019,VENEZUELA,December,17.0,12,2019-12-01
2019,VIET NAM,December,187.0,12,2019-12-01
2019,YEMEN (YEMEN ARAB REP.),December,47.0,12,2019-12-01
2019,ZAMBIA(NORTHERN RHODESIA),December,14.0,12,2019-12-01
2019,ZIMBABWE,December,37.0,12,2019-12-01
2020,AFGHANISTAN,January,65.0,1,2020-01-01
2020,ALBANIA,January,33.0,1,2020-01-01
2020,ALGERIA,January,34.0,1,2020-01-01
2020,ANDORRA,January,2.0,1,2020-01-01
2020,ANGOLA,January,1.0,1,2020-01-01
2020,ANTIGUA AND BARBUDA,January,4.0,1,2020-01-01
2020,ARGENTINA,January,224.0,1,2020-01-01
2020,ARMENIA,January,156.0,1,2020-01-01
2020,AUSTRALIA,January,8115.0,1,2020-01-01
2020,AUSTRIA,January,1674.0,1,2020-01-01
2020,AZERBAIJAN,January,56.0,1,2020-01-01
2020,BAHAMAS,January,0.0,1,2020-01-01
2020,BAHRAIN,January,404.0,1,2020-01-01
2020,BANGLADESH,January,1014.0,1,2020-01-01
2020,BARBADOS,January,2.0,1,2020-01-01
2020,BELARUS,January,1099.0,1,2020-01-01
2020,BELGIUM,January,1243.0,1,2020-01-01
2020,BELIZE,January,2.0,1,2020-01-01
2020,BENIN,January,0.0,1,2020-01-01
2020,BHUTAN,January,137.0,1,2020-01-01
2020,BOLIVIA,January,12.0,1,2020-01-01
2020,BOSNIA AND HERZEGOVINA,January,30.0,1,2020-01-01
2020,BOTSWANA,January,11.0,1,2020-01-01
2020,BRAZIL,January,467.0,1,2020-01-01
2020,BRUNEI DARUSSALAM,January,4.0,1,2020-01-01
2020,BULGARIA,January,305.0,1,2020-01-01
2020,BURKINA FASO,January,0.0,1,2020-01-01
2020,BURUNDI,January,0.0,1,2020-01-01
2020,CAMBODIA,January,146.0,1,2020-01-01
2020,CAMEROON,January,3.0,1,2020-01-01
2020,CANADA,January,5510.0,1,2020-01-01
2020,CAPE VERDE,January,1.0,1,2020-01-01
2020,CENTRAL AFRICAN,January,0.0,1,2020-01-01
2020,CHAD,January,0.0,1,2020-01-01
2020,CHILE,January,128.0,1,2020-01-01
2020,CHINA,January,22363.0,1,2020-01-01
2020,COLOMBIA,January,88.0,1,2020-01-01
2020,COMOROS,January,6.0,1,2020-01-01
2020,CONGO THE DEM REPOF THE,January,3.0,1,2020-01-01
2020,COSTA RICA,January,9.0,1,2020-01-01
2020,COTE DIVOIRE,January,1.0,1,2020-01-01
2020,CROATIA,January,331.0,1,2020-01-01
2020,CUBA,January,0.0,1,2020-01-01
2020,CYPRUS,January,99.0,1,2020-01-01
2020,CZECH REPUBLIC,January,2673.0,1,2020-01-01
2020,DENMARK,January,2176.0,1,2020-01-01
2020,DJIBOUTI,January,1.0,1,2020-01-01
2020,DOMINICA,January,6.0,1,2020-01-01
2020,DOMINICAN,January,3.0,1,2020-01-01
2020,ECUADOR,January,19.0,1,2020-01-01
2020,EGYPT,January,404.0,1,2020-01-01
2020,EL SALVADOR,January,0.0,1,2020-01-01
2020,EQUATORIAL,January,0.0,1,2020-01-01
2020,ERITREA,January,2.0,1,2020-01-01
2020,ESTONIA,January,394.0,1,2020-01-01
2020,ETHIOPIA,January,9.0,1,2020-01-01
2020,FIJI,January,34.0,1,2020-01-01
2020,FINLAND,January,986.0,1,2020-01-01
2020,FRANCE,January,9352.0,1,2020-01-01
2020,GABON,January,1.0,1,2020-01-01
2020,"GAMBIA, THE",January,0.0,1,2020-01-01
2020,GEORGIA,January,102.0,1,2020-01-01
2020,GERMANY,January,11494.0,1,2020-01-01
2020,GHANA,January,3.0,1,2020-01-01
2020,GREECE,January,598.0,1,2020-01-01
2020,GRENADA,January,3.0,1,2020-01-01
2020,GUATEMALA,January,6.0,1,2020-01-01
2020,GUINEA,January,0.0,1,2020-01-01
2020,GUINEA,January,1.0,1,2020-01-01
2020,GUINEA-BISSAU,January,0.0,1,2020-01-01
2020,GUYANA,January,0.0,1,2020-01-01
2020,HAITI,January,2.0,1,2020-01-01
2020,HONDURAS,January,7.0,1,2020-01-01
2020,HONG KONG,January,8.0,1,2020-01-01
2020,HUNGARY,January,758.0,1,2020-01-01
2020,ICELAND,January,48.0,1,2020-01-01
2020,INDIA,January,41448.0,1,2020-01-01
2020,INDONESIA,January,401.0,1,2020-01-01
2020,IRAN,January,330.0,1,2020-01-01
2020,IRAQ,January,71.0,1,2020-01-01
2020,IRELAND,January,948.0,1,2020-01-01
2020,ISRAEL,January,1688.0,1,2020-01-01
2020,ITALY,January,4454.0,1,2020-01-01
2020,JAMAICA,January,7.0,1,2020-01-01
2020,JAPAN,January,2917.0,1,2020-01-01
2020,JORDAN,January,361.0,1,2020-01-01
2020,KAZAKHSTAN,January,1182.0,1,2020-01-01
2020,KENYA,January,45.0,1,2020-01-01
2020,KOSOVAR,January,11.0,1,2020-01-01
2020,KUWAIT,January,465.0,1,2020-01-01
2020,KYRGYZSTAN,January,122.0,1,2020-01-01
2020,LAO PEOPLES DEM.REP.,January,8.0,1,2020-01-01
2020,LATVIA,January,235.0,1,2020-01-01
2020,LEBANON,January,212.0,1,2020-01-01
2020,LESOTHO,January,2.0,1,2020-01-01
2020,LIBERIA,January,2.0,1,2020-01-01
2020,LIBYA(LIBYAN ARAB JAMAHIR,January,6.0,1,2020-01-01
2020,LIECHTENSTEIN,January,6.0,1,2020-01-01
2020,LITHUANIA,January,514.0,1,2020-01-01
2020,LUXEMBOURG,January,55.0,1,2020-01-01
2020,MACEDONIA,January,23.0,1,2020-01-01
2020,MADAGASCAR,January,3.0,1,2020-01-01
2020,MALAWI,January,5.0,1,2020-01-01
2020,MALAYSIA,January,1399.0,1,2020-01-01
2020,MALDIVES,January,4264.0,1,2020-01-01
2020,MALI,January,0.0,1,2020-01-01
2020,MALTA,January,87.0,1,2020-01-01
2020,MAURITANIA,January,1.0,1,2020-01-01
2020,MAURITIUS,January,107.0,1,2020-01-01
2020,MEXICO,January,138.0,1,2020-01-01
2020,MOLDOVA,January,120.0,1,2020-01-01
2020,MONACO,January,0.0,1,2020-01-01
2020,MONGOLIA,January,20.0,1,2020-01-01
2020,MONTENEGRO,January,33.0,1,2020-01-01
2020,MOROCCO,January,125.0,1,2020-01-01
2020,MOZAMBIQUE,January,9.0,1,2020-01-01
2020,MYANMAR,January,190.0,1,2020-01-01
2020,NAMIBIA,January,0.0,1,2020-01-01
2020,NAURU,January,0.0,1,2020-01-01
2020,NEPAL,January,589.0,1,2020-01-01
2020,NETHERLANDS,January,3538.0,1,2020-01-01
2020,NEW ZEALAND,January,1035.0,1,2020-01-01
2020,NIGER,January,0.0,1,2020-01-01
2020,NIGERIA,January,12.0,1,2020-01-01
2020,NORWAY,January,1379.0,1,2020-01-01
2020,OMAN,January,768.0,1,2020-01-01
2020,PAKISTAN,January,1397.0,1,2020-01-01
2020,PALESTINIAN TERRITORIES,January,85.0,1,2020-01-01
2020,PANAMA,January,6.0,1,2020-01-01
2020,PAPUA NEW GUINEA,January,3.0,1,2020-01-01
2020,PARAGUAY,January,6.0,1,2020-01-01
2020,PERU,January,30.0,1,2020-01-01
2020,PHILIPPINES,January,1199.0,1,2020-01-01
2020,POLAND,January,5577.0,1,2020-01-01
2020,PORTUGAL,January,568.0,1,2020-01-01
2020,QATAR,January,69.0,1,2020-01-01
2020,REPUBLIC,January,0.0,1,2020-01-01
2020,REPUBLIC,January,0.0,1,2020-01-01
2020,REPUBLIC OF ZIMBABWE,January,7.0,1,2020-01-01
2020,ROMANIA,January,785.0,1,2020-01-01
2020,RUSSIAN FEDERATION,January,19616.0,1,2020-01-01
2020,RWANDA,January,3.0,1,2020-01-01
2020,SAINT KITTS AND NEVIS,January,8.0,1,2020-01-01
2020,SAINT LUCIA,January,0.0,1,2020-01-01
2020,SAINT VINCENT THE GRENADI,January,2.0,1,2020-01-01
2020,SAINT VINCENT THE GRENADI,January,0.0,1,2020-01-01
2020,SAMOA,January,0.0,1,2020-01-01
2020,SAN MARINO,January,0.0,1,2020-01-01
2020,SAUDI ARABIA,January,3914.0,1,2020-01-01
2020,SENEGAL,January,0.0,1,2020-01-01
2020,SERBIA,January,202.0,1,2020-01-01
2020,SEYCHELLES,January,0.0,1,2020-01-01
2020,SIERRA LEONE,January,2.0,1,2020-01-01
2020,SINGAPORE,January,1214.0,1,2020-01-01
2020,SLOVAKIA(SLOVAK REPUBLIC),January,539.0,1,2020-01-01
2020,SLOVENIA,January,261.0,1,2020-01-01
2020,SOMALIA,January,5.0,1,2020-01-01
2020,SOUTH AFRICA- ZUID AFRIKA,January,686.0,1,2020-01-01
2020,SOUTH KOREA,January,1577.0,1,2020-01-01
2020,SOUTH SUDAN,January,0.0,1,2020-01-01
2020,SPAIN,January,1509.0,1,2020-01-01
2020,SUDAN,January,67.0,1,2020-01-01
2020,SURINAME,January,0.0,1,2020-01-01
2020,SWAZILAND,January,0.0,1,2020-01-01
2020,SWEDEN,January,3099.0,1,2020-01-01
2020,SWITZERLAND,January,2508.0,1,2020-01-01
2020,SYRIAN ARAB REPUBLIC,January,37.0,1,2020-01-01
2020,TAIWAN PROVINCE OF CHINA,January,1296.0,1,2020-01-01
2020,TAJIKISTAN,January,18.0,1,2020-01-01
2020,TANZANIA,January,16.0,1,2020-01-01
2020,THAILAND,January,736.0,1,2020-01-01
2020,TIMOR-LESTE,January,0.0,1,2020-01-01
2020,TOGO,January,0.0,1,2020-01-01
2020,TONGA,January,0.0,1,2020-01-01
2020,TRINIDAD AND TOBAGO,January,7.0,1,2020-01-01
2020,TUNISIA,January,80.0,1,2020-01-01
2020,TURKEY,January,1145.0,1,2020-01-01
2020,TURKMENISTAN,January,9.0,1,2020-01-01
2020,UGANDA,January,16.0,1,2020-01-01
2020,UKRAINE,January,8549.0,1,2020-01-01
2020,UNITED ARAB EMIRATES,January,199.0,1,2020-01-01
2020,UNITED KINGDOM,January,21138.0,1,2020-01-01
2020,UNITED STATES,January,7494.0,1,2020-01-01
2020,URUGUAY,January,21.0,1,2020-01-01
2020,UZBEKISTAN,January,74.0,1,2020-01-01
2020,VANUATU,January,5.0,1,2020-01-01
2020,VENEZUELA,January,13.0,1,2020-01-01
2020,VIET NAM,January,287.0,1,2020-01-01
2020,YEMEN (YEMEN ARAB REP.),January,116.0,1,2020-01-01
2020,ZAMBIA (NORTHERNRHODESIA),January,16.0,1,2020-01-01
2020,ZIMBABWE,January,11.0,1,2020-01-01
2020,AFGHANISTAN,February,64.0,2,2020-02-01
2020,ALBANIA,February,38.0,2,2020-02-01
2020,ALGERIA,February,41.0,2,2020-02-01
2020,ANDORRA,February,1.0,2,2020-02-01
2020,ANGOLA,February,1.0,2,2020-02-01
2020,ANTIGUA AND BARBUDA,February,6.0,2,2020-02-01
2020,ARGENTINA,February,140.0,2,2020-02-01
2020,ARMENIA,February,82.0,2,2020-02-01
2020,AUSTRALIA,February,9578.0,2,2020-02-01
2020,AUSTRIA,February,2024.0,2,2020-02-01
2020,AZERBAIJAN,February,50.0,2,2020-02-01
2020,BAHAMAS,February,4.0,2,2020-02-01
2020,BAHRAIN,February,131.0,2,2020-02-01
2020,BANGLADESH,February,760.0,2,2020-02-01
2020,BARBADOS,February,6.0,2,2020-02-01
2020,BELARUS,February,1101.0,2,2020-02-01
2020,BELGIUM,February,1500.0,2,2020-02-01
2020,BELIZE,February,3.0,2,2020-02-01
2020,BENIN,February,2.0,2,2020-02-01
2020,BHUTAN,February,69.0,2,2020-02-01
2020,BOLIVIA,February,3.0,2,2020-02-01
2020,BOSNIA AND HERZEGOVINA,February,21.0,2,2020-02-01
2020,BOTSWANA,February,2.0,2,2020-02-01
2020,BRAZIL,February,337.0,2,2020-02-01
2020,BRUNEI DARUSSALAM,February,5.0,2,2020-02-01
2020,BULGARIA,February,303.0,2,2020-02-01
2020,BURKINA FASO,February,1.0,2,2020-02-01
2020,BURUNDI,February,0.0,2,2020-02-01
2020,CAMBODIA,February,152.0,2,2020-02-01
2020,CAMEROON,February,2.0,2,2020-02-01
2020,CANADA,February,5482.0,2,2020-02-01
2020,CAPE VERDE,February,1.0,2,2020-02-01
2020,CENTRAL AFRICAN,February,0.0,2,2020-02-01
2020,CHAD,February,0.0,2,2020-02-01
2020,CHILE,February,117.0,2,2020-02-01
2020,CHINA,February,2096.0,2,2020-02-01
2020,COLOMBIA,February,72.0,2,2020-02-01
2020,COMOROS,February,9.0,2,2020-02-01
2020,CONGO THE DEM REPOF THE,February,35.0,2,2020-02-01
2020,COSTA RICA,February,24.0,2,2020-02-01
2020,COTE DIVOIRE,February,1.0,2,2020-02-01
2020,CROATIA,February,250.0,2,2020-02-01
2020,CUBA,February,1.0,2,2020-02-01
2020,CYPRUS,February,53.0,2,2020-02-01
2020,CZECH REPUBLIC,February,3646.0,2,2020-02-01
2020,DENMARK,February,2223.0,2,2020-02-01
2020,DJIBOUTI,February,2.0,2,2020-02-01
2020,DOMINICA,February,3.0,2,2020-02-01
2020,DOMINICAN,February,0.0,2,2020-02-01
2020,ECUADOR,February,7.0,2,2020-02-01
2020,EGYPT,February,400.0,2,2020-02-01
2020,EL SALVADOR,February,4.0,2,2020-02-01
2020,EQUATORIAL,February,0.0,2,2020-02-01
2020,ERITREA,February,5.0,2,2020-02-01
2020,ESTONIA,February,651.0,2,2020-02-01
2020,ETHIOPIA,February,21.0,2,2020-02-01
2020,FIJI,February,49.0,2,2020-02-01
2020,FINLAND,February,1037.0,2,2020-02-01
2020,FRANCE,February,11430.0,2,2020-02-01
2020,GABON,February,0.0,2,2020-02-01
2020,"GAMBIA, THE",February,1.0,2,2020-02-01
2020,GEORGIA,February,108.0,2,2020-02-01
2020,GERMANY,February,16405.0,2,2020-02-01
2020,GHANA,February,5.0,2,2020-02-01
2020,GREECE,February,618.0,2,2020-02-01
2020,GRENADA,February,5.0,2,2020-02-01
2020,GUATEMALA,February,1.0,2,2020-02-01
2020,GUINEA,February,0.0,2,2020-02-01
2020,GUINEA,February,0.0,2,2020-02-01
2020,GUINEA-BISSAU,February,0.0,2,2020-02-01
2020,GUYANA,February,5.0,2,2020-02-01
2020,HAITI,February,1.0,2,2020-02-01
2020,HONDURAS,February,6.0,2,2020-02-01
2020,HONG KONG,February,0.0,2,2020-02-01
2020,HUNGARY,February,655.0,2,2020-02-01
2020,ICELAND,February,38.0,2,2020-02-01
2020,INDIA,February,35309.0,2,2020-02-01
2020,INDONESIA,February,515.0,2,2020-02-01
2020,IRAN,February,293.0,2,2020-02-01
2020,IRAQ,February,52.0,2,2020-02-01
2020,IRELAND,February,1084.0,2,2020-02-01
2020,ISRAEL,February,1539.0,2,2020-02-01
2020,ITALY,February,3743.0,2,2020-02-01
2020,JAMAICA,February,18.0,2,2020-02-01
2020,JAPAN,February,3015.0,2,2020-02-01
2020,JORDAN,February,206.0,2,2020-02-01
2020,KAZAKHSTAN,February,673.0,2,2020-02-01
2020,KENYA,February,50.0,2,2020-02-01
2020,KOSOVAR,February,5.0,2,2020-02-01
2020,KUWAIT,February,326.0,2,2020-02-01
2020,KYRGYZSTAN,February,75.0,2,2020-02-01
2020,LAO PEOPLES DEM.REP.,February,8.0,2,2020-02-01
2020,LATVIA,February,208.0,2,2020-02-01
2020,LEBANON,February,223.0,2,2020-02-01
2020,LESOTHO,February,0.0,2,2020-02-01
2020,LIBERIA,February,0.0,2,2020-02-01
2020,LIBYA(LIBYAN ARAB JAMAHIR,February,7.0,2,2020-02-01
2020,LIECHTENSTEIN,February,15.0,2,2020-02-01
2020,LITHUANIA,February,397.0,2,2020-02-01
2020,LUXEMBOURG,February,57.0,2,2020-02-01
2020,MACEDONIA,February,20.0,2,2020-02-01
2020,MADAGASCAR,February,21.0,2,2020-02-01
2020,MALAWI,February,5.0,2,2020-02-01
2020,MALAYSIA,February,1400.0,2,2020-02-01
2020,MALDIVES,February,2960.0,2,2020-02-01
2020,MALI,February,3.0,2,2020-02-01
2020,MALTA,February,40.0,2,2020-02-01
2020,MAURITANIA,February,0.0,2,2020-02-01
2020,MAURITIUS,February,44.0,2,2020-02-01
2020,MEXICO,February,181.0,2,2020-02-01
2020,MOLDOVA,February,103.0,2,2020-02-01
2020,MONACO,February,6.0,2,2020-02-01
2020,MONGOLIA,February,13.0,2,2020-02-01
2020,MONTENEGRO,February,40.0,2,2020-02-01
2020,MOROCCO,February,136.0,2,2020-02-01
2020,MOZAMBIQUE,February,3.0,2,2020-02-01
2020,MYANMAR,February,214.0,2,2020-02-01
2020,NAMIBIA,February,6.0,2,2020-02-01
2020,NAURU,February,0.0,2,2020-02-01
2020,NEPAL,February,560.0,2,2020-02-01
2020,NETHERLANDS,February,3763.0,2,2020-02-01
2020,NEW ZEALAND,February,987.0,2,2020-02-01
2020,NIGER,February,0.0,2,2020-02-01
2020,NIGERIA,February,13.0,2,2020-02-01
2020,NORWAY,February,1304.0,2,2020-02-01
2020,OMAN,February,229.0,2,2020-02-01
2020,PAKISTAN,February,1166.0,2,2020-02-01
2020,PALESTINIAN TERRITORIES,February,33.0,2,2020-02-01
2020,PANAMA,February,8.0,2,2020-02-01
2020,PAPUA NEW GUINEA,February,3.0,2,2020-02-01
2020,PARAGUAY,February,5.0,2,2020-02-01
2020,PERU,February,44.0,2,2020-02-01
2020,PHILIPPINES,February,1890.0,2,2020-02-01
2020,POLAND,February,4693.0,2,2020-02-01
2020,PORTUGAL,February,850.0,2,2020-02-01
2020,QATAR,February,53.0,2,2020-02-01
2020,REPUBLIC,February,0.0,2,2020-02-01
2020,REPUBLIC,February,0.0,2,2020-02-01
2020,REPUBLIC OF ZIMBABWE,February,4.0,2,2020-02-01
2020,ROMANIA,February,693.0,2,2020-02-01
2020,RUSSIAN FEDERATION,February,20948.0,2,2020-02-01
2020,RWANDA,February,6.0,2,2020-02-01
2020,SAINT KITTS AND NEVIS,February,6.0,2,2020-02-01
2020,SAINT LUCIA,February,1.0,2,2020-02-01
2020,SAINT VINCENT THE GRENADI,February,0.0,2,2020-02-01
2020,SAINT VINCENT THE GRENADI,February,3.0,2,2020-02-01
2020,SAMOA,February,1.0,2,2020-02-01
2020,SAN MARINO,February,3.0,2,2020-02-01
2020,SAUDI ARABIA,February,662.0,2,2020-02-01
2020,SENEGAL,February,3.0,2,2020-02-01
2020,SERBIA,February,204.0,2,2020-02-01
2020,SEYCHELLES,February,77.0,2,2020-02-01
2020,SIERRA LEONE,February,0.0,2,2020-02-01
2020,SINGAPORE,February,878.0,2,2020-02-01
2020,SLOVAKIA(SLOVAK REPUBLIC),February,730.0,2,2020-02-01
2020,SLOVENIA,February,463.0,2,2020-02-01
2020,SOMALIA,February,9.0,2,2020-02-01
2020,SOUTH AFRICA- ZUID AFRIKA,February,544.0,2,2020-02-01
2020,SOUTH KOREA,February,835.0,2,2020-02-01
2020,SOUTH SUDAN,February,1.0,2,2020-02-01
2020,SPAIN,February,1380.0,2,2020-02-01
2020,SUDAN,February,40.0,2,2020-02-01
2020,SURINAME,February,3.0,2,2020-02-01
2020,SWAZILAND,February,1.0,2,2020-02-01
2020,SWEDEN,February,3239.0,2,2020-02-01
2020,SWITZERLAND,February,2924.0,2,2020-02-01
2020,SYRIAN ARAB REPUBLIC,February,16.0,2,2020-02-01
2020,TAIWAN PROVINCE OF CHINA,February,580.0,2,2020-02-01
2020,TAJIKISTAN,February,15.0,2,2020-02-01
2020,TANZANIA,February,27.0,2,2020-02-01
2020,THAILAND,February,927.0,2,2020-02-01
2020,TIMOR-LESTE,February,1.0,2,2020-02-01
2020,TOGO,February,2.0,2,2020-02-01
2020,TONGA,February,0.0,2,2020-02-01
2020,TRINIDAD AND TOBAGO,February,19.0,2,2020-02-01
2020,TUNISIA,February,45.0,2,2020-02-01
2020,TURKEY,February,813.0,2,2020-02-01
2020,TURKMENISTAN,February,9.0,2,2020-02-01
2020,UGANDA,February,15.0,2,2020-02-01
2020,UKRAINE,February,6072.0,2,2020-02-01
2020,UNITED ARAB EMIRATES,February,123.0,2,2020-02-01
2020,UNITED KINGDOM,February,26348.0,2,2020-02-01
2020,UNITED STATES,February,7803.0,2,2020-02-01
2020,URUGUAY,February,11.0,2,2020-02-01
2020,UZBEKISTAN,February,108.0,2,2020-02-01
2020,VANUATU,February,1.0,2,2020-02-01
2020,VENEZUELA,February,17.0,2,2020-02-01
2020,VIET NAM,February,325.0,2,2020-02-01
2020,YEMEN (YEMEN ARAB REP.),February,38.0,2,2020-02-01
2020,ZAMBIA (NORTHERNRHODESIA),February,5.0,2,2020-02-01
2020,ZIMBABWE,February,21.0,2,2020-02-01
2020,AFGHANISTAN,March,17.0,3,2020-03-01
2020,ALBANIA,March,26.0,3,2020-03-01
2020,ALGERIA,March,8.0,3,2020-03-01
2020,ANDORRA,March,0.0,3,2020-03-01
2020,ANGOLA,March,1.0,3,2020-03-01
2020,ANTIGUA AND BARBUDA,March,4.0,3,2020-03-01
2020,ARGENTINA,March,52.0,3,2020-03-01
2020,ARMENIA,March,32.0,3,2020-03-01
2020,AUSTRALIA,March,2590.0,3,2020-03-01
2020,AUSTRIA,March,602.0,3,2020-03-01
2020,AZERBAIJAN,March,14.0,3,2020-03-01
2020,BAHAMAS,March,1.0,3,2020-03-01
2020,BAHRAIN,March,14.0,3,2020-03-01
2020,BANGLADESH,March,212.0,3,2020-03-01
2020,BARBADOS,March,1.0,3,2020-03-01
2020,BELARUS,March,438.0,3,2020-03-01
2020,BELGIUM,March,628.0,3,2020-03-01
2020,BELIZE,March,0.0,3,2020-03-01
2020,BENIN,March,0.0,3,2020-03-01
2020,BHUTAN,March,2.0,3,2020-03-01
2020,BOLIVIA,March,3.0,3,2020-03-01
2020,BOSNIA AND HERZEGOVINA,March,17.0,3,2020-03-01
2020,BOTSWANA,March,1.0,3,2020-03-01
2020,BRAZIL,March,71.0,3,2020-03-01
2020,BRUNEI DARUSSALAM,March,3.0,3,2020-03-01
2020,BULGARIA,March,79.0,3,2020-03-01
2020,BURKINA FASO,March,0.0,3,2020-03-01
2020,BURUNDI,March,0.0,3,2020-03-01
2020,CAMBODIA,March,74.0,3,2020-03-01
2020,CAMEROON,March,1.0,3,2020-03-01
2020,CANADA,March,1444.0,3,2020-03-01
2020,CAPE VERDE,March,0.0,3,2020-03-01
2020,CENTRAL AFRICAN,March,0.0,3,2020-03-01
2020,CHAD,March,1.0,3,2020-03-01
2020,CHILE,March,26.0,3,2020-03-01
2020,CHINA,March,1688.0,3,2020-03-01
2020,COLOMBIA,March,41.0,3,2020-03-01
2020,COMOROS,March,2.0,3,2020-03-01
2020,CONGO THE DEM REPOF THE,March,0.0,3,2020-03-01
2020,COSTA RICA,March,0.0,3,2020-03-01
2020,COTE DIVOIRE,March,0.0,3,2020-03-01
2020,CROATIA,March,81.0,3,2020-03-01
2020,CUBA,March,1.0,3,2020-03-01
2020,CYPRUS,March,31.0,3,2020-03-01
2020,CZECH REPUBLIC,March,1280.0,3,2020-03-01
2020,DENMARK,March,506.0,3,2020-03-01
2020,DJIBOUTI,March,0.0,3,2020-03-01
2020,DOMINICA,March,1.0,3,2020-03-01
2020,DOMINICAN,March,0.0,3,2020-03-01
2020,ECUADOR,March,4.0,3,2020-03-01
2020,EGYPT,March,152.0,3,2020-03-01
2020,EL SALVADOR,March,1.0,3,2020-03-01
2020,EQUATORIAL,March,0.0,3,2020-03-01
2020,ERITREA,March,2.0,3,2020-03-01
2020,ESTONIA,March,140.0,3,2020-03-01
2020,ETHIOPIA,March,6.0,3,2020-03-01
2020,FIJI,March,3.0,3,2020-03-01
2020,FINLAND,March,275.0,3,2020-03-01
2020,FRANCE,March,4056.0,3,2020-03-01
2020,GABON,March,0.0,3,2020-03-01
2020,"GAMBIA, THE",March,1.0,3,2020-03-01
2020,GEORGIA,March,26.0,3,2020-03-01
2020,GERMANY,March,6608.0,3,2020-03-01
2020,GHANA,March,1.0,3,2020-03-01
2020,GREECE,March,357.0,3,2020-03-01
2020,GRENADA,March,8.0,3,2020-03-01
2020,GUATEMALA,March,0.0,3,2020-03-01
2020,GUINEA,March,0.0,3,2020-03-01
2020,GUINEA,March,0.0,3,2020-03-01
2020,GUINEA-BISSAU,March,0.0,3,2020-03-01
2020,GUYANA,March,4.0,3,2020-03-01
2020,HAITI,March,0.0,3,2020-03-01
2020,HONDURAS,March,1.0,3,2020-03-01
2020,HONG KONG,March,2.0,3,2020-03-01
2020,HUNGARY,March,175.0,3,2020-03-01
2020,ICELAND,March,28.0,3,2020-03-01
2020,INDIA,March,12600.0,3,2020-03-01
2020,INDONESIA,March,198.0,3,2020-03-01
2020,IRAN,March,25.0,3,2020-03-01
2020,IRAQ,March,15.0,3,2020-03-01
2020,IRELAND,March,262.0,3,2020-03-01
2020,ISRAEL,March,329.0,3,2020-03-01
2020,ITALY,March,406.0,3,2020-03-01
2020,JAMAICA,March,0.0,3,2020-03-01
2020,JAPAN,March,712.0,3,2020-03-01
2020,JORDAN,March,60.0,3,2020-03-01
2020,KAZAKHSTAN,March,478.0,3,2020-03-01
2020,KENYA,March,15.0,3,2020-03-01
2020,KOSOVAR,March,0.0,3,2020-03-01
2020,KUWAIT,March,34.0,3,2020-03-01
2020,KYRGYZSTAN,March,24.0,3,2020-03-01
2020,LAO PEOPLES DEM.REP.,March,3.0,3,2020-03-01
2020,LATVIA,March,155.0,3,2020-03-01
2020,LEBANON,March,48.0,3,2020-03-01
2020,LESOTHO,March,0.0,3,2020-03-01
2020,LIBERIA,March,0.0,3,2020-03-01
2020,LIBYA(LIBYAN ARAB JAMAHIR,March,1.0,3,2020-03-01
2020,LIECHTENSTEIN,March,3.0,3,2020-03-01
2020,LITHUANIA,March,143.0,3,2020-03-01
2020,LUXEMBOURG,March,26.0,3,2020-03-01
2020,MACEDONIA,March,10.0,3,2020-03-01
2020,MADAGASCAR,March,3.0,3,2020-03-01
2020,MALAWI,March,2.0,3,2020-03-01
2020,MALAYSIA,March,695.0,3,2020-03-01
2020,MALDIVES,March,2183.0,3,2020-03-01
2020,MALI,March,0.0,3,2020-03-01
2020,MALTA,March,21.0,3,2020-03-01
2020,MAURITANIA,March,0.0,3,2020-03-01
2020,MAURITIUS,March,19.0,3,2020-03-01
2020,MEXICO,March,30.0,3,2020-03-01
2020,MOLDOVA,March,23.0,3,2020-03-01
2020,MONACO,March,0.0,3,2020-03-01
2020,MONGOLIA,March,2.0,3,2020-03-01
2020,MONTENEGRO,March,12.0,3,2020-03-01
2020,MOROCCO,March,50.0,3,2020-03-01
2020,MOZAMBIQUE,March,0.0,3,2020-03-01
2020,MYANMAR,March,128.0,3,2020-03-01
2020,NAMIBIA,March,0.0,3,2020-03-01
2020,NAURU,March,0.0,3,2020-03-01
2020,NEPAL,March,235.0,3,2020-03-01
2020,NETHERLANDS,March,1355.0,3,2020-03-01
2020,NEW ZEALAND,March,302.0,3,2020-03-01
2020,NIGER,March,3.0,3,2020-03-01
2020,NIGERIA,March,0.0,3,2020-03-01
2020,NORWAY,March,336.0,3,2020-03-01
2020,OMAN,March,48.0,3,2020-03-01
2020,PAKISTAN,March,502.0,3,2020-03-01
2020,PALESTINIAN TERRITORIES,March,10.0,3,2020-03-01
2020,PANAMA,March,1.0,3,2020-03-01
2020,PAPUA NEW GUINEA,March,0.0,3,2020-03-01
2020,PARAGUAY,March,2.0,3,2020-03-01
2020,PERU,March,21.0,3,2020-03-01
2020,PHILIPPINES,March,1160.0,3,2020-03-01
2020,POLAND,March,1638.0,3,2020-03-01
2020,PORTUGAL,March,184.0,3,2020-03-01
2020,QATAR,March,7.0,3,2020-03-01
2020,REPUBLIC,March,1.0,3,2020-03-01
2020,REPUBLIC,March,1.0,3,2020-03-01
2020,REPUBLIC OF ZIMBABWE,March,1.0,3,2020-03-01
2020,ROMANIA,March,246.0,3,2020-03-01
2020,RUSSIAN FEDERATION,March,8833.0,3,2020-03-01
2020,RWANDA,March,0.0,3,2020-03-01
2020,SAINT KITTS AND NEVIS,March,1.0,3,2020-03-01
2020,SAINT LUCIA,March,0.0,3,2020-03-01
2020,SAINT VINCENT THE GRENADI,March,1.0,3,2020-03-01
2020,SAINT VINCENT THE GRENADI,March,0.0,3,2020-03-01
2020,SAMOA,March,0.0,3,2020-03-01
2020,SAN MARINO,March,0.0,3,2020-03-01
2020,SAUDI ARABIA,March,179.0,3,2020-03-01
2020,SENEGAL,March,0.0,3,2020-03-01
2020,SERBIA,March,91.0,3,2020-03-01
2020,SEYCHELLES,March,29.0,3,2020-03-01
2020,SIERRA LEONE,March,1.0,3,2020-03-01
2020,SINGAPORE,March,453.0,3,2020-03-01
2020,SLOVAKIA(SLOVAK REPUBLIC),March,244.0,3,2020-03-01
2020,SLOVENIA,March,76.0,3,2020-03-01
2020,SOMALIA,March,1.0,3,2020-03-01
2020,SOUTH AFRICA- ZUID AFRIKA,March,134.0,3,2020-03-01
2020,SOUTH KOREA,March,87.0,3,2020-03-01
2020,SOUTH SUDAN,March,0.0,3,2020-03-01
2020,SPAIN,March,496.0,3,2020-03-01
2020,SUDAN,March,36.0,3,2020-03-01
2020,SURINAME,March,1.0,3,2020-03-01
2020,SWAZILAND,March,0.0,3,2020-03-01
2020,SWEDEN,March,723.0,3,2020-03-01
2020,SWITZERLAND,March,957.0,3,2020-03-01
2020,SYRIAN ARAB REPUBLIC,March,4.0,3,2020-03-01
2020,TAIWAN PROVINCE OF CHINA,March,109.0,3,2020-03-01
2020,TAJIKISTAN,March,9.0,3,2020-03-01
2020,TANZANIA,March,9.0,3,2020-03-01
2020,THAILAND,March,217.0,3,2020-03-01
2020,TIMOR-LESTE,March,0.0,3,2020-03-01
2020,TOGO,March,0.0,3,2020-03-01
2020,TONGA,March,0.0,3,2020-03-01
2020,TRINIDAD AND TOBAGO,March,0.0,3,2020-03-01
2020,TUNISIA,March,24.0,3,2020-03-01
2020,TURKEY,March,163.0,3,2020-03-01
2020,TURKMENISTAN,March,3.0,3,2020-03-01
2020,UGANDA,March,5.0,3,2020-03-01
2020,UKRAINE,March,2155.0,3,2020-03-01
2020,UNITED ARAB EMIRATES,March,30.0,3,2020-03-01
2020,UNITED KINGDOM,March,7969.0,3,2020-03-01
2020,UNITED STATES,March,1545.0,3,2020-03-01
2020,URUGUAY,March,4.0,3,2020-03-01
2020,UZBEKISTAN,March,35.0,3,2020-03-01
2020,VANUATU,March,0.0,3,2020-03-01
2020,VENEZUELA,March,3.0,3,2020-03-01
2020,VIET NAM,March,97.0,3,2020-03-01
2020,YEMEN (YEMEN ARAB REP.),March,19.0,3,2020-03-01
2020,ZAMBIA (NORTHERNRHODESIA),March,2.0,3,2020-03-01
2020,ZIMBABWE,March,14.0,3,2020-03-01
2020,AFGHANISTAN,April,0.0,4,2020-04-01
2020,ALBANIA,April,0.0,4,2020-04-01
2020,ALGERIA,April,0.0,4,2020-04-01
2020,ANDORRA,April,0.0,4,2020-04-01
2020,ANGOLA,April,0.0,4,2020-04-01
2020,ANTIGUA AND BARBUDA,April,0.0,4,2020-04-01
2020,ARGENTINA,April,0.0,4,2020-04-01
2020,ARMENIA,April,0.0,4,2020-04-01
2020,AUSTRALIA,April,0.0,4,2020-04-01
2020,AUSTRIA,April,0.0,4,2020-04-01
2020,AZERBAIJAN,April,0.0,4,2020-04-01
2020,BAHAMAS,April,0.0,4,2020-04-01
2020,BAHRAIN,April,0.0,4,2020-04-01
2020,BANGLADESH,April,0.0,4,2020-04-01
2020,BARBADOS,April,0.0,4,2020-04-01
2020,BELARUS,April,0.0,4,2020-04-01
2020,BELGIUM,April,0.0,4,2020-04-01
2020,BELIZE,April,0.0,4,2020-04-01
2020,BENIN,April,0.0,4,2020-04-01
2020,BHUTAN,April,0.0,4,2020-04-01
2020,BOLIVIA,April,0.0,4,2020-04-01
2020,BOSNIA AND HERZEGOVINA,April,0.0,4,2020-04-01
2020,BOTSWANA,April,0.0,4,2020-04-01
2020,BRAZIL,April,0.0,4,2020-04-01
2020,BRUNEI DARUSSALAM,April,0.0,4,2020-04-01
2020,BULGARIA,April,0.0,4,2020-04-01
2020,BURKINA FASO,April,0.0,4,2020-04-01
2020,BURUNDI,April,0.0,4,2020-04-01
2020,CAMBODIA,April,0.0,4,2020-04-01
2020,CAMEROON,April,0.0,4,2020-04-01
2020,CANADA,April,0.0,4,2020-04-01
2020,CAPE VERDE,April,0.0,4,2020-04-01
2020,CENTRAL AFRICAN,April,0.0,4,2020-04-01
2020,CHAD,April,0.0,4,2020-04-01
2020,CHILE,April,0.0,4,2020-04-01
2020,CHINA,April,0.0,4,2020-04-01
2020,COLOMBIA,April,0.0,4,2020-04-01
2020,COMOROS,April,0.0,4,2020-04-01
2020,CONGO THE DEM REPOF THE,April,0.0,4,2020-04-01
2020,COSTA RICA,April,0.0,4,2020-04-01
2020,COTE DIVOIRE,April,0.0,4,2020-04-01
2020,CROATIA,April,0.0,4,2020-04-01
2020,CUBA,April,0.0,4,2020-04-01
2020,CYPRUS,April,0.0,4,2020-04-01
2020,CZECH REPUBLIC,April,0.0,4,2020-04-01
2020,DENMARK,April,0.0,4,2020-04-01
2020,DJIBOUTI,April,0.0,4,2020-04-01
2020,DOMINICA,April,0.0,4,2020-04-01
2020,DOMINICAN,April,0.0,4,2020-04-01
2020,ECUADOR,April,0.0,4,2020-04-01
2020,EGYPT,April,0.0,4,2020-04-01
2020,EL SALVADOR,April,0.0,4,2020-04-01
2020,EQUATORIAL,April,0.0,4,2020-04-01
2020,ERITREA,April,0.0,4,2020-04-01
2020,ESTONIA,April,0.0,4,2020-04-01
2020,ETHIOPIA,April,0.0,4,2020-04-01
2020,FIJI,April,0.0,4,2020-04-01
2020,FINLAND,April,0.0,4,2020-04-01
2020,FRANCE,April,0.0,4,2020-04-01
2020,GABON,April,0.0,4,2020-04-01
2020,"GAMBIA, THE",April,0.0,4,2020-04-01
2020,GEORGIA,April,0.0,4,2020-04-01
2020,GERMANY,April,0.0,4,2020-04-01
2020,GHANA,April,0.0,4,2020-04-01
2020,GREECE,April,0.0,4,2020-04-01
2020,GRENADA,April,0.0,4,2020-04-01
2020,GUATEMALA,April,0.0,4,2020-04-01
2020,GUINEA,April,0.0,4,2020-04-01
2020,GUINEA,April,0.0,4,2020-04-01
2020,GUINEA-BISSAU,April,0.0,4,2020-04-01
2020,GUYANA,April,0.0,4,2020-04-01
2020,HAITI,April,0.0,4,2020-04-01
2020,HONDURAS,April,0.0,4,2020-04-01
2020,HONG KONG,April,0.0,4,2020-04-01
2020,HUNGARY,April,0.0,4,2020-04-01
2020,ICELAND,April,0.0,4,2020-04-01
2020,INDIA,April,0.0,4,2020-04-01
2020,INDONESIA,April,0.0,4,2020-04-01
2020,IRAN,April,0.0,4,2020-04-01
2020,IRAQ,April,0.0,4,2020-04-01
2020,IRELAND,April,0.0,4,2020-04-01
2020,ISRAEL,April,0.0,4,2020-04-01
2020,ITALY,April,0.0,4,2020-04-01
2020,JAMAICA,April,0.0,4,2020-04-01
2020,JAPAN,April,0.0,4,2020-04-01
2020,JORDAN,April,0.0,4,2020-04-01
2020,KAZAKHSTAN,April,0.0,4,2020-04-01
2020,KENYA,April,0.0,4,2020-04-01
2020,KOSOVAR,April,0.0,4,2020-04-01
2020,KUWAIT,April,0.0,4,2020-04-01
2020,KYRGYZSTAN,April,0.0,4,2020-04-01
2020,LAO PEOPLES DEM.REP.,April,0.0,4,2020-04-01
2020,LATVIA,April,0.0,4,2020-04-01
2020,LEBANON,April,0.0,4,2020-04-01
2020,LESOTHO,April,0.0,4,2020-04-01
2020,LIBERIA,April,0.0,4,2020-04-01
2020,LIBYA(LIBYAN ARAB JAMAHIR,April,0.0,4,2020-04-01
2020,LIECHTENSTEIN,April,0.0,4,2020-04-01
2020,LITHUANIA,April,0.0,4,2020-04-01
2020,LUXEMBOURG,April,0.0,4,2020-04-01
2020,MACEDONIA,April,0.0,4,2020-04-01
2020,MADAGASCAR,April,0.0,4,2020-04-01
2020,MALAWI,April,0.0,4,2020-04-01
2020,MALAYSIA,April,0.0,4,2020-04-01
2020,MALDIVES,April,0.0,4,2020-04-01
2020,MALI,April,0.0,4,2020-04-01
2020,MALTA,April,0.0,4,2020-04-01
2020,MAURITANIA,April,0.0,4,2020-04-01
2020,MAURITIUS,April,0.0,4,2020-04-01
2020,MEXICO,April,0.0,4,2020-04-01
2020,MOLDOVA,April,0.0,4,2020-04-01
2020,MONACO,April,0.0,4,2020-04-01
2020,MONGOLIA,April,0.0,4,2020-04-01
2020,MONTENEGRO,April,0.0,4,2020-04-01
2020,MOROCCO,April,0.0,4,2020-04-01
2020,MOZAMBIQUE,April,0.0,4,2020-04-01
2020,MYANMAR,April,0.0,4,2020-04-01
2020,NAMIBIA,April,0.0,4,2020-04-01
2020,NAURU,April,0.0,4,2020-04-01
2020,NEPAL,April,0.0,4,2020-04-01
2020,NETHERLANDS,April,0.0,4,2020-04-01
2020,NEW ZEALAND,April,0.0,4,2020-04-01
2020,NIGER,April,0.0,4,2020-04-01
2020,NIGERIA,April,0.0,4,2020-04-01
2020,NORWAY,April,0.0,4,2020-04-01
2020,OMAN,April,0.0,4,2020-04-01
2020,PAKISTAN,April,0.0,4,2020-04-01
2020,PALESTINIAN TERRITORIES,April,0.0,4,2020-04-01
2020,PANAMA,April,0.0,4,2020-04-01
2020,PAPUA NEW GUINEA,April,0.0,4,2020-04-01
2020,PARAGUAY,April,0.0,4,2020-04-01
2020,PERU,April,0.0,4,2020-04-01
2020,PHILIPPINES,April,0.0,4,2020-04-01
2020,POLAND,April,0.0,4,2020-04-01
2020,PORTUGAL,April,0.0,4,2020-04-01
2020,QATAR,April,0.0,4,2020-04-01
2020,REPUBLIC,April,0.0,4,2020-04-01
2020,REPUBLIC,April,0.0,4,2020-04-01
2020,REPUBLIC OF ZIMBABWE,April,0.0,4,2020-04-01
2020,ROMANIA,April,0.0,4,2020-04-01
2020,RUSSIAN FEDERATION,April,0.0,4,2020-04-01
2020,RWANDA,April,0.0,4,2020-04-01
2020,SAINT KITTS AND NEVIS,April,0.0,4,2020-04-01
2020,SAINT LUCIA,April,0.0,4,2020-04-01
2020,SAINT VINCENT THE GRENADI,April,0.0,4,2020-04-01
2020,SAINT VINCENT THE GRENADI,April,0.0,4,2020-04-01
2020,SAMOA,April,0.0,4,2020-04-01
2020,SAN MARINO,April,0.0,4,2020-04-01
2020,SAUDI ARABIA,April,0.0,4,2020-04-01
2020,SENEGAL,April,0.0,4,2020-04-01
2020,SERBIA,April,0.0,4,2020-04-01
2020,SEYCHELLES,April,0.0,4,2020-04-01
2020,SIERRA LEONE,April,0.0,4,2020-04-01
2020,SINGAPORE,April,0.0,4,2020-04-01
2020,SLOVAKIA(SLOVAK REPUBLIC),April,0.0,4,2020-04-01
2020,SLOVENIA,April,0.0,4,2020-04-01
2020,SOMALIA,April,0.0,4,2020-04-01
2020,SOUTH AFRICA- ZUID AFRIKA,April,0.0,4,2020-04-01
2020,SOUTH KOREA,April,0.0,4,2020-04-01
2020,SOUTH SUDAN,April,0.0,4,2020-04-01
2020,SPAIN,April,0.0,4,2020-04-01
2020,SUDAN,April,0.0,4,2020-04-01
2020,SURINAME,April,0.0,4,2020-04-01
2020,SWAZILAND,April,0.0,4,2020-04-01
2020,SWEDEN,April,0.0,4,2020-04-01
2020,SWITZERLAND,April,0.0,4,2020-04-01
2020,SYRIAN ARAB REPUBLIC,April,0.0,4,2020-04-01
2020,TAIWAN PROVINCE OF CHINA,April,0.0,4,2020-04-01
2020,TAJIKISTAN,April,0.0,4,2020-04-01
2020,TANZANIA,April,0.0,4,2020-04-01
2020,THAILAND,April,0.0,4,2020-04-01
2020,TIMOR-LESTE,April,0.0,4,2020-04-01
2020,TOGO,April,0.0,4,2020-04-01
2020,TONGA,April,0.0,4,2020-04-01
2020,TRINIDAD AND TOBAGO,April,0.0,4,2020-04-01
2020,TUNISIA,April,0.0,4,2020-04-01
2020,TURKEY,April,0.0,4,2020-04-01
2020,TURKMENISTAN,April,0.0,4,2020-04-01
2020,UGANDA,April,0.0,4,2020-04-01
2020,UKRAINE,April,0.0,4,2020-04-01
2020,UNITED ARAB EMIRATES,April,0.0,4,2020-04-01
2020,UNITED KINGDOM,April,0.0,4,2020-04-01
2020,UNITED STATES,April,0.0,4,2020-04-01
2020,URUGUAY,April,0.0,4,2020-04-01
2020,UZBEKISTAN,April,0.0,4,2020-04-01
2020,VANUATU,April,0.0,4,2020-04-01
2020,VENEZUELA,April,0.0,4,2020-04-01
2020,VIET NAM,April,0.0,4,2020-04-01
2020,YEMEN (YEMEN ARAB REP.),April,0.0,4,2020-04-01
2020,ZAMBIA (NORTHERNRHODESIA),April,0.0,4,2020-04-01
2020,ZIMBABWE,April,0.0,4,2020-04-01
2020,AFGHANISTAN,May,0.0,5,2020-05-01
2020,ALBANIA,May,0.0,5,2020-05-01
2020,ALGERIA,May,0.0,5,2020-05-01
2020,ANDORRA,May,0.0,5,2020-05-01
2020,ANGOLA,May,0.0,5,2020-05-01
2020,ANTIGUA AND BARBUDA,May,0.0,5,2020-05-01
2020,ARGENTINA,May,0.0,5,2020-05-01
2020,ARMENIA,May,0.0,5,2020-05-01
2020,AUSTRALIA,May,0.0,5,2020-05-01
2020,AUSTRIA,May,0.0,5,2020-05-01
2020,AZERBAIJAN,May,0.0,5,2020-05-01
2020,BAHAMAS,May,0.0,5,2020-05-01
2020,BAHRAIN,May,0.0,5,2020-05-01
2020,BANGLADESH,May,0.0,5,2020-05-01
2020,BARBADOS,May,0.0,5,2020-05-01
2020,BELARUS,May,0.0,5,2020-05-01
2020,BELGIUM,May,0.0,5,2020-05-01
2020,BELIZE,May,0.0,5,2020-05-01
2020,BENIN,May,0.0,5,2020-05-01
2020,BHUTAN,May,0.0,5,2020-05-01
2020,BOLIVIA,May,0.0,5,2020-05-01
2020,BOSNIA AND HERZEGOVINA,May,0.0,5,2020-05-01
2020,BOTSWANA,May,0.0,5,2020-05-01
2020,BRAZIL,May,0.0,5,2020-05-01
2020,BRUNEI DARUSSALAM,May,0.0,5,2020-05-01
2020,BULGARIA,May,0.0,5,2020-05-01
2020,BURKINA FASO,May,0.0,5,2020-05-01
2020,BURUNDI,May,0.0,5,2020-05-01
2020,CAMBODIA,May,0.0,5,2020-05-01
2020,CAMEROON,May,0.0,5,2020-05-01
2020,CANADA,May,0.0,5,2020-05-01
2020,CAPE VERDE,May,0.0,5,2020-05-01
2020,CENTRAL AFRICAN,May,0.0,5,2020-05-01
2020,CHAD,May,0.0,5,2020-05-01
2020,CHILE,May,0.0,5,2020-05-01
2020,CHINA,May,0.0,5,2020-05-01
2020,COLOMBIA,May,0.0,5,2020-05-01
2020,COMOROS,May,0.0,5,2020-05-01
2020,CONGO THE DEM REPOF THE,May,0.0,5,2020-05-01
2020,COSTA RICA,May,0.0,5,2020-05-01
2020,COTE DIVOIRE,May,0.0,5,2020-05-01
2020,CROATIA,May,0.0,5,2020-05-01
2020,CUBA,May,0.0,5,2020-05-01
2020,CYPRUS,May,0.0,5,2020-05-01
2020,CZECH REPUBLIC,May,0.0,5,2020-05-01
2020,DENMARK,May,0.0,5,2020-05-01
2020,DJIBOUTI,May,0.0,5,2020-05-01
2020,DOMINICA,May,0.0,5,2020-05-01
2020,DOMINICAN,May,0.0,5,2020-05-01
2020,ECUADOR,May,0.0,5,2020-05-01
2020,EGYPT,May,0.0,5,2020-05-01
2020,EL SALVADOR,May,0.0,5,2020-05-01
2020,EQUATORIAL,May,0.0,5,2020-05-01
2020,ERITREA,May,0.0,5,2020-05-01
2020,ESTONIA,May,0.0,5,2020-05-01
2020,ETHIOPIA,May,0.0,5,2020-05-01
2020,FIJI,May,0.0,5,2020-05-01
2020,FINLAND,May,0.0,5,2020-05-01
2020,FRANCE,May,0.0,5,2020-05-01
2020,GABON,May,0.0,5,2020-05-01
2020,"GAMBIA, THE",May,0.0,5,2020-05-01
2020,GEORGIA,May,0.0,5,2020-05-01
2020,GERMANY,May,0.0,5,2020-05-01
2020,GHANA,May,0.0,5,2020-05-01
2020,GREECE,May,0.0,5,2020-05-01
2020,GRENADA,May,0.0,5,2020-05-01
2020,GUATEMALA,May,0.0,5,2020-05-01
2020,GUINEA,May,0.0,5,2020-05-01
2020,GUINEA,May,0.0,5,2020-05-01
2020,GUINEA-BISSAU,May,0.0,5,2020-05-01
2020,GUYANA,May,0.0,5,2020-05-01
2020,HAITI,May,0.0,5,2020-05-01
2020,HONDURAS,May,0.0,5,2020-05-01
2020,HONG KONG,May,0.0,5,2020-05-01
2020,HUNGARY,May,0.0,5,2020-05-01
2020,ICELAND,May,0.0,5,2020-05-01
2020,INDIA,May,0.0,5,2020-05-01
2020,INDONESIA,May,0.0,5,2020-05-01
2020,IRAN,May,0.0,5,2020-05-01
2020,IRAQ,May,0.0,5,2020-05-01
2020,IRELAND,May,0.0,5,2020-05-01
2020,ISRAEL,May,0.0,5,2020-05-01
2020,ITALY,May,0.0,5,2020-05-01
2020,JAMAICA,May,0.0,5,2020-05-01
2020,JAPAN,May,0.0,5,2020-05-01
2020,JORDAN,May,0.0,5,2020-05-01
2020,KAZAKHSTAN,May,0.0,5,2020-05-01
2020,KENYA,May,0.0,5,2020-05-01
2020,KOSOVAR,May,0.0,5,2020-05-01
2020,KUWAIT,May,0.0,5,2020-05-01
2020,KYRGYZSTAN,May,0.0,5,2020-05-01
2020,LAO PEOPLES DEM.REP.,May,0.0,5,2020-05-01
2020,LATVIA,May,0.0,5,2020-05-01
2020,LEBANON,May,0.0,5,2020-05-01
2020,LESOTHO,May,0.0,5,2020-05-01
2020,LIBERIA,May,0.0,5,2020-05-01
2020,LIBYA(LIBYAN ARAB JAMAHIR,May,0.0,5,2020-05-01
2020,LIECHTENSTEIN,May,0.0,5,2020-05-01
2020,LITHUANIA,May,0.0,5,2020-05-01
2020,LUXEMBOURG,May,0.0,5,2020-05-01
2020,MACEDONIA,May,0.0,5,2020-05-01
2020,MADAGASCAR,May,0.0,5,2020-05-01
2020,MALAWI,May,0.0,5,2020-05-01
2020,MALAYSIA,May,0.0,5,2020-05-01
2020,MALDIVES,May,0.0,5,2020-05-01
2020,MALI,May,0.0,5,2020-05-01
2020,MALTA,May,0.0,5,2020-05-01
2020,MAURITANIA,May,0.0,5,2020-05-01
2020,MAURITIUS,May,0.0,5,2020-05-01
2020,MEXICO,May,0.0,5,2020-05-01
2020,MOLDOVA,May,0.0,5,2020-05-01
2020,MONACO,May,0.0,5,2020-05-01
2020,MONGOLIA,May,0.0,5,2020-05-01
2020,MONTENEGRO,May,0.0,5,2020-05-01
2020,MOROCCO,May,0.0,5,2020-05-01
2020,MOZAMBIQUE,May,0.0,5,2020-05-01
2020,MYANMAR,May,0.0,5,2020-05-01
2020,NAMIBIA,May,0.0,5,2020-05-01
2020,NAURU,May,0.0,5,2020-05-01
2020,NEPAL,May,0.0,5,2020-05-01
2020,NETHERLANDS,May,0.0,5,2020-05-01
2020,NEW ZEALAND,May,0.0,5,2020-05-01
2020,NIGER,May,0.0,5,2020-05-01
2020,NIGERIA,May,0.0,5,2020-05-01
2020,NORWAY,May,0.0,5,2020-05-01
2020,OMAN,May,0.0,5,2020-05-01
2020,PAKISTAN,May,0.0,5,2020-05-01
2020,PALESTINIAN TERRITORIES,May,0.0,5,2020-05-01
2020,PANAMA,May,0.0,5,2020-05-01
2020,PAPUA NEW GUINEA,May,0.0,5,2020-05-01
2020,PARAGUAY,May,0.0,5,2020-05-01
2020,PERU,May,0.0,5,2020-05-01
2020,PHILIPPINES,May,0.0,5,2020-05-01
2020,POLAND,May,0.0,5,2020-05-01
2020,PORTUGAL,May,0.0,5,2020-05-01
2020,QATAR,May,0.0,5,2020-05-01
2020,REPUBLIC,May,0.0,5,2020-05-01
2020,REPUBLIC,May,0.0,5,2020-05-01
2020,REPUBLIC OF ZIMBABWE,May,0.0,5,2020-05-01
2020,ROMANIA,May,0.0,5,2020-05-01
2020,RUSSIAN FEDERATION,May,0.0,5,2020-05-01
2020,RWANDA,May,0.0,5,2020-05-01
2020,SAINT KITTS AND NEVIS,May,0.0,5,2020-05-01
2020,SAINT LUCIA,May,0.0,5,2020-05-01
2020,SAINT VINCENT THE GRENADI,May,0.0,5,2020-05-01
2020,SAINT VINCENT THE GRENADI,May,0.0,5,2020-05-01
2020,SAMOA,May,0.0,5,2020-05-01
2020,SAN MARINO,May,0.0,5,2020-05-01
2020,SAUDI ARABIA,May,0.0,5,2020-05-01
2020,SENEGAL,May,0.0,5,2020-05-01
2020,SERBIA,May,0.0,5,2020-05-01
2020,SEYCHELLES,May,0.0,5,2020-05-01
2020,SIERRA LEONE,May,0.0,5,2020-05-01
2020,SINGAPORE,May,0.0,5,2020-05-01
2020,SLOVAKIA(SLOVAK REPUBLIC),May,0.0,5,2020-05-01
2020,SLOVENIA,May,0.0,5,2020-05-01
2020,SOMALIA,May,0.0,5,2020-05-01
2020,SOUTH AFRICA- ZUID AFRIKA,May,0.0,5,2020-05-01
2020,SOUTH KOREA,May,0.0,5,2020-05-01
2020,SOUTH SUDAN,May,0.0,5,2020-05-01
2020,SPAIN,May,0.0,5,2020-05-01
2020,SUDAN,May,0.0,5,2020-05-01
2020,SURINAME,May,0.0,5,2020-05-01
2020,SWAZILAND,May,0.0,5,2020-05-01
2020,SWEDEN,May,0.0,5,2020-05-01
2020,SWITZERLAND,May,0.0,5,2020-05-01
2020,SYRIAN ARAB REPUBLIC,May,0.0,5,2020-05-01
2020,TAIWAN PROVINCE OF CHINA,May,0.0,5,2020-05-01
2020,TAJIKISTAN,May,0.0,5,2020-05-01
2020,TANZANIA,May,0.0,5,2020-05-01
2020,THAILAND,May,0.0,5,2020-05-01
2020,TIMOR-LESTE,May,0.0,5,2020-05-01
2020,TOGO,May,0.0,5,2020-05-01
2020,TONGA,May,0.0,5,2020-05-01
2020,TRINIDAD AND TOBAGO,May,0.0,5,2020-05-01
2020,TUNISIA,May,0.0,5,2020-05-01
2020,TURKEY,May,0.0,5,2020-05-01
2020,TURKMENISTAN,May,0.0,5,2020-05-01
2020,UGANDA,May,0.0,5,2020-05-01
2020,UKRAINE,May,0.0,5,2020-05-01
2020,UNITED ARAB EMIRATES,May,0.0,5,2020-05-01
2020,UNITED KINGDOM,May,0.0,5,2020-05-01
2020,UNITED STATES,May,0.0,5,2020-05-01
2020,URUGUAY,May,0.0,5,2020-05-01
2020,UZBEKISTAN,May,0.0,5,2020-05-01
2020,VANUATU,May,0.0,5,2020-05-01
2020,VENEZUELA,May,0.0,5,2020-05-01
2020,VIET NAM,May,0.0,5,2020-05-01
2020,YEMEN (YEMEN ARAB REP.),May,0.0,5,2020-05-01
2020,ZAMBIA (NORTHERNRHODESIA),May,0.0,5,2020-05-01
2020,ZIMBABWE,May,0.0,5,2020-05-01
2020,AFGHANISTAN,June,0.0,6,2020-06-01
2020,ALBANIA,June,0.0,6,2020-06-01
2020,ALGERIA,June,0.0,6,2020-06-01
2020,ANDORRA,June,0.0,6,2020-06-01
2020,ANGOLA,June,0.0,6,2020-06-01
2020,ANTIGUA AND BARBUDA,June,0.0,6,2020-06-01
2020,ARGENTINA,June,0.0,6,2020-06-01
2020,ARMENIA,June,0.0,6,2020-06-01
2020,AUSTRALIA,June,0.0,6,2020-06-01
2020,AUSTRIA,June,0.0,6,2020-06-01
2020,AZERBAIJAN,June,0.0,6,2020-06-01
2020,BAHAMAS,June,0.0,6,2020-06-01
2020,BAHRAIN,June,0.0,6,2020-06-01
2020,BANGLADESH,June,0.0,6,2020-06-01
2020,BARBADOS,June,0.0,6,2020-06-01
2020,BELARUS,June,0.0,6,2020-06-01
2020,BELGIUM,June,0.0,6,2020-06-01
2020,BELIZE,June,0.0,6,2020-06-01
2020,BENIN,June,0.0,6,2020-06-01
2020,BHUTAN,June,0.0,6,2020-06-01
2020,BOLIVIA,June,0.0,6,2020-06-01
2020,BOSNIA AND HERZEGOVINA,June,0.0,6,2020-06-01
2020,BOTSWANA,June,0.0,6,2020-06-01
2020,BRAZIL,June,0.0,6,2020-06-01
2020,BRUNEI DARUSSALAM,June,0.0,6,2020-06-01
2020,BULGARIA,June,0.0,6,2020-06-01
2020,BURKINA FASO,June,0.0,6,2020-06-01
2020,BURUNDI,June,0.0,6,2020-06-01
2020,CAMBODIA,June,0.0,6,2020-06-01
2020,CAMEROON,June,0.0,6,2020-06-01
2020,CANADA,June,0.0,6,2020-06-01
2020,CAPE VERDE,June,0.0,6,2020-06-01
2020,CENTRAL AFRICAN,June,0.0,6,2020-06-01
2020,CHAD,June,0.0,6,2020-06-01
2020,CHILE,June,0.0,6,2020-06-01
2020,CHINA,June,0.0,6,2020-06-01
2020,COLOMBIA,June,0.0,6,2020-06-01
2020,COMOROS,June,0.0,6,2020-06-01
2020,CONGO THE DEM REPOF THE,June,0.0,6,2020-06-01
2020,COSTA RICA,June,0.0,6,2020-06-01
2020,COTE DIVOIRE,June,0.0,6,2020-06-01
2020,CROATIA,June,0.0,6,2020-06-01
2020,CUBA,June,0.0,6,2020-06-01
2020,CYPRUS,June,0.0,6,2020-06-01
2020,CZECH REPUBLIC,June,0.0,6,2020-06-01
2020,DENMARK,June,0.0,6,2020-06-01
2020,DJIBOUTI,June,0.0,6,2020-06-01
2020,DOMINICA,June,0.0,6,2020-06-01
2020,DOMINICAN,June,0.0,6,2020-06-01
2020,ECUADOR,June,0.0,6,2020-06-01
2020,EGYPT,June,0.0,6,2020-06-01
2020,EL SALVADOR,June,0.0,6,2020-06-01
2020,EQUATORIAL,June,0.0,6,2020-06-01
2020,ERITREA,June,0.0,6,2020-06-01
2020,ESTONIA,June,0.0,6,2020-06-01
2020,ETHIOPIA,June,0.0,6,2020-06-01
2020,FIJI,June,0.0,6,2020-06-01
2020,FINLAND,June,0.0,6,2020-06-01
2020,FRANCE,June,0.0,6,2020-06-01
2020,GABON,June,0.0,6,2020-06-01
2020,"GAMBIA, THE",June,0.0,6,2020-06-01
2020,GEORGIA,June,0.0,6,2020-06-01
2020,GERMANY,June,0.0,6,2020-06-01
2020,GHANA,June,0.0,6,2020-06-01
2020,GREECE,June,0.0,6,2020-06-01
2020,GRENADA,June,0.0,6,2020-06-01
2020,GUATEMALA,June,0.0,6,2020-06-01
2020,GUINEA,June,0.0,6,2020-06-01
2020,GUINEA,June,0.0,6,2020-06-01
2020,GUINEA-BISSAU,June,0.0,6,2020-06-01
2020,GUYANA,June,0.0,6,2020-06-01
2020,HAITI,June,0.0,6,2020-06-01
2020,HONDURAS,June,0.0,6,2020-06-01
2020,HONG KONG,June,0.0,6,2020-06-01
2020,HUNGARY,June,0.0,6,2020-06-01
2020,ICELAND,June,0.0,6,2020-06-01
2020,INDIA,June,0.0,6,2020-06-01
2020,INDONESIA,June,0.0,6,2020-06-01
2020,IRAN,June,0.0,6,2020-06-01
2020,IRAQ,June,0.0,6,2020-06-01
2020,IRELAND,June,0.0,6,2020-06-01
2020,ISRAEL,June,0.0,6,2020-06-01
2020,ITALY,June,0.0,6,2020-06-01
2020,JAMAICA,June,0.0,6,2020-06-01
2020,JAPAN,June,0.0,6,2020-06-01
2020,JORDAN,June,0.0,6,2020-06-01
2020,KAZAKHSTAN,June,0.0,6,2020-06-01
2020,KENYA,June,0.0,6,2020-06-01
2020,KOSOVAR,June,0.0,6,2020-06-01
2020,KUWAIT,June,0.0,6,2020-06-01
2020,KYRGYZSTAN,June,0.0,6,2020-06-01
2020,LAO PEOPLES DEM.REP.,June,0.0,6,2020-06-01
2020,LATVIA,June,0.0,6,2020-06-01
2020,LEBANON,June,0.0,6,2020-06-01
2020,LESOTHO,June,0.0,6,2020-06-01
2020,LIBERIA,June,0.0,6,2020-06-01
2020,LIBYA(LIBYAN ARAB JAMAHIR,June,0.0,6,2020-06-01
2020,LIECHTENSTEIN,June,0.0,6,2020-06-01
2020,LITHUANIA,June,0.0,6,2020-06-01
2020,LUXEMBOURG,June,0.0,6,2020-06-01
2020,MACEDONIA,June,0.0,6,2020-06-01
2020,MADAGASCAR,June,0.0,6,2020-06-01
2020,MALAWI,June,0.0,6,2020-06-01
2020,MALAYSIA,June,0.0,6,2020-06-01
2020,MALDIVES,June,0.0,6,2020-06-01
2020,MALI,June,0.0,6,2020-06-01
2020,MALTA,June,0.0,6,2020-06-01
2020,MAURITANIA,June,0.0,6,2020-06-01
2020,MAURITIUS,June,0.0,6,2020-06-01
2020,MEXICO,June,0.0,6,2020-06-01
2020,MOLDOVA,June,0.0,6,2020-06-01
2020,MONACO,June,0.0,6,2020-06-01
2020,MONGOLIA,June,0.0,6,2020-06-01
2020,MONTENEGRO,June,0.0,6,2020-06-01
2020,MOROCCO,June,0.0,6,2020-06-01
2020,MOZAMBIQUE,June,0.0,6,2020-06-01
2020,MYANMAR,June,0.0,6,2020-06-01
2020,NAMIBIA,June,0.0,6,2020-06-01
2020,NAURU,June,0.0,6,2020-06-01
2020,NEPAL,June,0.0,6,2020-06-01
2020,NETHERLANDS,June,0.0,6,2020-06-01
2020,NEW ZEALAND,June,0.0,6,2020-06-01
2020,NIGER,June,0.0,6,2020-06-01
2020,NIGERIA,June,0.0,6,2020-06-01
2020,NORWAY,June,0.0,6,2020-06-01
2020,OMAN,June,0.0,6,2020-06-01
2020,PAKISTAN,June,0.0,6,2020-06-01
2020,PALESTINIAN TERRITORIES,June,0.0,6,2020-06-01
2020,PANAMA,June,0.0,6,2020-06-01
2020,PAPUA NEW GUINEA,June,0.0,6,2020-06-01
2020,PARAGUAY,June,0.0,6,2020-06-01
2020,PERU,June,0.0,6,2020-06-01
2020,PHILIPPINES,June,0.0,6,2020-06-01
2020,POLAND,June,0.0,6,2020-06-01
2020,PORTUGAL,June,0.0,6,2020-06-01
2020,QATAR,June,0.0,6,2020-06-01
2020,REPUBLIC,June,0.0,6,2020-06-01
2020,REPUBLIC,June,0.0,6,2020-06-01
2020,REPUBLIC OF ZIMBABWE,June,0.0,6,2020-06-01
2020,ROMANIA,June,0.0,6,2020-06-01
2020,RUSSIAN FEDERATION,June,0.0,6,2020-06-01
2020,RWANDA,June,0.0,6,2020-06-01
2020,SAINT KITTS AND NEVIS,June,0.0,6,2020-06-01
2020,SAINT LUCIA,June,0.0,6,2020-06-01
2020,SAINT VINCENT THE GRENADI,June,0.0,6,2020-06-01
2020,SAINT VINCENT THE GRENADI,June,0.0,6,2020-06-01
2020,SAMOA,June,0.0,6,2020-06-01
2020,SAN MARINO,June,0.0,6,2020-06-01
2020,SAUDI ARABIA,June,0.0,6,2020-06-01
2020,SENEGAL,June,0.0,6,2020-06-01
2020,SERBIA,June,0.0,6,2020-06-01
2020,SEYCHELLES,June,0.0,6,2020-06-01
2020,SIERRA LEONE,June,0.0,6,2020-06-01
2020,SINGAPORE,June,0.0,6,2020-06-01
2020,SLOVAKIA(SLOVAK REPUBLIC),June,0.0,6,2020-06-01
2020,SLOVENIA,June,0.0,6,2020-06-01
2020,SOMALIA,June,0.0,6,2020-06-01
2020,SOUTH AFRICA- ZUID AFRIKA,June,0.0,6,2020-06-01
2020,SOUTH KOREA,June,0.0,6,2020-06-01
2020,SOUTH SUDAN,June,0.0,6,2020-06-01
2020,SPAIN,June,0.0,6,2020-06-01
2020,SUDAN,June,0.0,6,2020-06-01
2020,SURINAME,June,0.0,6,2020-06-01
2020,SWAZILAND,June,0.0,6,2020-06-01
2020,SWEDEN,June,0.0,6,2020-06-01
2020,SWITZERLAND,June,0.0,6,2020-06-01
2020,SYRIAN ARAB REPUBLIC,June,0.0,6,2020-06-01
2020,TAIWAN PROVINCE OF CHINA,June,0.0,6,2020-06-01
2020,TAJIKISTAN,June,0.0,6,2020-06-01
2020,TANZANIA,June,0.0,6,2020-06-01
2020,THAILAND,June,0.0,6,2020-06-01
2020,TIMOR-LESTE,June,0.0,6,2020-06-01
2020,TOGO,June,0.0,6,2020-06-01
2020,TONGA,June,0.0,6,2020-06-01
2020,TRINIDAD AND TOBAGO,June,0.0,6,2020-06-01
2020,TUNISIA,June,0.0,6,2020-06-01
2020,TURKEY,June,0.0,6,2020-06-01
2020,TURKMENISTAN,June,0.0,6,2020-06-01
2020,UGANDA,June,0.0,6,2020-06-01
2020,UKRAINE,June,0.0,6,2020-06-01
2020,UNITED ARAB EMIRATES,June,0.0,6,2020-06-01
2020,UNITED KINGDOM,June,0.0,6,2020-06-01
2020,UNITED STATES,June,0.0,6,2020-06-01
2020,URUGUAY,June,0.0,6,2020-06-01
2020,UZBEKISTAN,June,0.0,6,2020-06-01
2020,VANUATU,June,0.0,6,2020-06-01
2020,VENEZUELA,June,0.0,6,2020-06-01
2020,VIET NAM,June,0.0,6,2020-06-01
2020,YEMEN (YEMEN ARAB REP.),June,0.0,6,2020-06-01
2020,ZAMBIA (NORTHERNRHODESIA),June,0.0,6,2020-06-01
2020,ZIMBABWE,June,0.0,6,2020-06-01
2020,AFGHANISTAN,July,0.0,7,2020-07-01
2020,ALBANIA,July,0.0,7,2020-07-01
2020,ALGERIA,July,0.0,7,2020-07-01
2020,ANDORRA,July,0.0,7,2020-07-01
2020,ANGOLA,July,0.0,7,2020-07-01
2020,ANTIGUA AND BARBUDA,July,0.0,7,2020-07-01
2020,ARGENTINA,July,0.0,7,2020-07-01
2020,ARMENIA,July,0.0,7,2020-07-01
2020,AUSTRALIA,July,0.0,7,2020-07-01
2020,AUSTRIA,July,0.0,7,2020-07-01
2020,AZERBAIJAN,July,0.0,7,2020-07-01
2020,BAHAMAS,July,0.0,7,2020-07-01
2020,BAHRAIN,July,0.0,7,2020-07-01
2020,BANGLADESH,July,0.0,7,2020-07-01
2020,BARBADOS,July,0.0,7,2020-07-01
2020,BELARUS,July,0.0,7,2020-07-01
2020,BELGIUM,July,0.0,7,2020-07-01
2020,BELIZE,July,0.0,7,2020-07-01
2020,BENIN,July,0.0,7,2020-07-01
2020,BHUTAN,July,0.0,7,2020-07-01
2020,BOLIVIA,July,0.0,7,2020-07-01
2020,BOSNIA AND HERZEGOVINA,July,0.0,7,2020-07-01
2020,BOTSWANA,July,0.0,7,2020-07-01
2020,BRAZIL,July,0.0,7,2020-07-01
2020,BRUNEI DARUSSALAM,July,0.0,7,2020-07-01
2020,BULGARIA,July,0.0,7,2020-07-01
2020,BURKINA FASO,July,0.0,7,2020-07-01
2020,BURUNDI,July,0.0,7,2020-07-01
2020,CAMBODIA,July,0.0,7,2020-07-01
2020,CAMEROON,July,0.0,7,2020-07-01
2020,CANADA,July,0.0,7,2020-07-01
2020,CAPE VERDE,July,0.0,7,2020-07-01
2020,CENTRAL AFRICAN,July,0.0,7,2020-07-01
2020,CHAD,July,0.0,7,2020-07-01
2020,CHILE,July,0.0,7,2020-07-01
2020,CHINA,July,0.0,7,2020-07-01
2020,COLOMBIA,July,0.0,7,2020-07-01
2020,COMOROS,July,0.0,7,2020-07-01
2020,CONGO THE DEM REPOF THE,July,0.0,7,2020-07-01
2020,COSTA RICA,July,0.0,7,2020-07-01
2020,COTE DIVOIRE,July,0.0,7,2020-07-01
2020,CROATIA,July,0.0,7,2020-07-01
2020,CUBA,July,0.0,7,2020-07-01
2020,CYPRUS,July,0.0,7,2020-07-01
2020,CZECH REPUBLIC,July,0.0,7,2020-07-01
2020,DENMARK,July,0.0,7,2020-07-01
2020,DJIBOUTI,July,0.0,7,2020-07-01
2020,DOMINICA,July,0.0,7,2020-07-01
2020,DOMINICAN,July,0.0,7,2020-07-01
2020,ECUADOR,July,0.0,7,2020-07-01
2020,EGYPT,July,0.0,7,2020-07-01
2020,EL SALVADOR,July,0.0,7,2020-07-01
2020,EQUATORIAL,July,0.0,7,2020-07-01
2020,ERITREA,July,0.0,7,2020-07-01
2020,ESTONIA,July,0.0,7,2020-07-01
2020,ETHIOPIA,July,0.0,7,2020-07-01
2020,FIJI,July,0.0,7,2020-07-01
2020,FINLAND,July,0.0,7,2020-07-01
2020,FRANCE,July,0.0,7,2020-07-01
2020,GABON,July,0.0,7,2020-07-01
2020,"GAMBIA, THE",July,0.0,7,2020-07-01
2020,GEORGIA,July,0.0,7,2020-07-01
2020,GERMANY,July,0.0,7,2020-07-01
2020,GHANA,July,0.0,7,2020-07-01
2020,GREECE,July,0.0,7,2020-07-01
2020,GRENADA,July,0.0,7,2020-07-01
2020,GUATEMALA,July,0.0,7,2020-07-01
2020,GUINEA,July,0.0,7,2020-07-01
2020,GUINEA,July,0.0,7,2020-07-01
2020,GUINEA-BISSAU,July,0.0,7,2020-07-01
2020,GUYANA,July,0.0,7,2020-07-01
2020,HAITI,July,0.0,7,2020-07-01
2020,HONDURAS,July,0.0,7,2020-07-01
2020,HONG KONG,July,0.0,7,2020-07-01
2020,HUNGARY,July,0.0,7,2020-07-01
2020,ICELAND,July,0.0,7,2020-07-01
2020,INDIA,July,0.0,7,2020-07-01
2020,INDONESIA,July,0.0,7,2020-07-01
2020,IRAN,July,0.0,7,2020-07-01
2020,IRAQ,July,0.0,7,2020-07-01
2020,IRELAND,July,0.0,7,2020-07-01
2020,ISRAEL,July,0.0,7,2020-07-01
2020,ITALY,July,0.0,7,2020-07-01
2020,JAMAICA,July,0.0,7,2020-07-01
2020,JAPAN,July,0.0,7,2020-07-01
2020,JORDAN,July,0.0,7,2020-07-01
2020,KAZAKHSTAN,July,0.0,7,2020-07-01
2020,KENYA,July,0.0,7,2020-07-01
2020,KOSOVAR,July,0.0,7,2020-07-01
2020,KUWAIT,July,0.0,7,2020-07-01
2020,KYRGYZSTAN,July,0.0,7,2020-07-01
2020,LAO PEOPLES DEM.REP.,July,0.0,7,2020-07-01
2020,LATVIA,July,0.0,7,2020-07-01
2020,LEBANON,July,0.0,7,2020-07-01
2020,LESOTHO,July,0.0,7,2020-07-01
2020,LIBERIA,July,0.0,7,2020-07-01
2020,LIBYA(LIBYAN ARAB JAMAHIR,July,0.0,7,2020-07-01
2020,LIECHTENSTEIN,July,0.0,7,2020-07-01
2020,LITHUANIA,July,0.0,7,2020-07-01
2020,LUXEMBOURG,July,0.0,7,2020-07-01
2020,MACEDONIA,July,0.0,7,2020-07-01
2020,MADAGASCAR,July,0.0,7,2020-07-01
2020,MALAWI,July,0.0,7,2020-07-01
2020,MALAYSIA,July,0.0,7,2020-07-01
2020,MALDIVES,July,0.0,7,2020-07-01
2020,MALI,July,0.0,7,2020-07-01
2020,MALTA,July,0.0,7,2020-07-01
2020,MAURITANIA,July,0.0,7,2020-07-01
2020,MAURITIUS,July,0.0,7,2020-07-01
2020,MEXICO,July,0.0,7,2020-07-01
2020,MOLDOVA,July,0.0,7,2020-07-01
2020,MONACO,July,0.0,7,2020-07-01
2020,MONGOLIA,July,0.0,7,2020-07-01
2020,MONTENEGRO,July,0.0,7,2020-07-01
2020,MOROCCO,July,0.0,7,2020-07-01
2020,MOZAMBIQUE,July,0.0,7,2020-07-01
2020,MYANMAR,July,0.0,7,2020-07-01
2020,NAMIBIA,July,0.0,7,2020-07-01
2020,NAURU,July,0.0,7,2020-07-01
2020,NEPAL,July,0.0,7,2020-07-01
2020,NETHERLANDS,July,0.0,7,2020-07-01
2020,NEW ZEALAND,July,0.0,7,2020-07-01
2020,NIGER,July,0.0,7,2020-07-01
2020,NIGERIA,July,0.0,7,2020-07-01
2020,NORWAY,July,0.0,7,2020-07-01
2020,OMAN,July,0.0,7,2020-07-01
2020,PAKISTAN,July,0.0,7,2020-07-01
2020,PALESTINIAN TERRITORIES,July,0.0,7,2020-07-01
2020,PANAMA,July,0.0,7,2020-07-01
2020,PAPUA NEW GUINEA,July,0.0,7,2020-07-01
2020,PARAGUAY,July,0.0,7,2020-07-01
2020,PERU,July,0.0,7,2020-07-01
2020,PHILIPPINES,July,0.0,7,2020-07-01
2020,POLAND,July,0.0,7,2020-07-01
2020,PORTUGAL,July,0.0,7,2020-07-01
2020,QATAR,July,0.0,7,2020-07-01
2020,REPUBLIC,July,0.0,7,2020-07-01
2020,REPUBLIC,July,0.0,7,2020-07-01
2020,REPUBLIC OF ZIMBABWE,July,0.0,7,2020-07-01
2020,ROMANIA,July,0.0,7,2020-07-01
2020,RUSSIAN FEDERATION,July,0.0,7,2020-07-01
2020,RWANDA,July,0.0,7,2020-07-01
2020,SAINT KITTS AND NEVIS,July,0.0,7,2020-07-01
2020,SAINT LUCIA,July,0.0,7,2020-07-01
2020,SAINT VINCENT THE GRENADI,July,0.0,7,2020-07-01
2020,SAINT VINCENT THE GRENADI,July,0.0,7,2020-07-01
2020,SAMOA,July,0.0,7,2020-07-01
2020,SAN MARINO,July,0.0,7,2020-07-01
2020,SAUDI ARABIA,July,0.0,7,2020-07-01
2020,SENEGAL,July,0.0,7,2020-07-01
2020,SERBIA,July,0.0,7,2020-07-01
2020,SEYCHELLES,July,0.0,7,2020-07-01
2020,SIERRA LEONE,July,0.0,7,2020-07-01
2020,SINGAPORE,July,0.0,7,2020-07-01
2020,SLOVAKIA(SLOVAK REPUBLIC),July,0.0,7,2020-07-01
2020,SLOVENIA,July,0.0,7,2020-07-01
2020,SOMALIA,July,0.0,7,2020-07-01
2020,SOUTH AFRICA- ZUID AFRIKA,July,0.0,7,2020-07-01
2020,SOUTH KOREA,July,0.0,7,2020-07-01
2020,SOUTH SUDAN,July,0.0,7,2020-07-01
2020,SPAIN,July,0.0,7,2020-07-01
2020,SUDAN,July,0.0,7,2020-07-01
2020,SURINAME,July,0.0,7,2020-07-01
2020,SWAZILAND,July,0.0,7,2020-07-01
2020,SWEDEN,July,0.0,7,2020-07-01
2020,SWITZERLAND,July,0.0,7,2020-07-01
2020,SYRIAN ARAB REPUBLIC,July,0.0,7,2020-07-01
2020,TAIWAN PROVINCE OF CHINA,July,0.0,7,2020-07-01
2020,TAJIKISTAN,July,0.0,7,2020-07-01
2020,TANZANIA,July,0.0,7,2020-07-01
2020,THAILAND,July,0.0,7,2020-07-01
2020,TIMOR-LESTE,July,0.0,7,2020-07-01
2020,TOGO,July,0.0,7,2020-07-01
2020,TONGA,July,0.0,7,2020-07-01
2020,TRINIDAD AND TOBAGO,July,0.0,7,2020-07-01
2020,TUNISIA,July,0.0,7,2020-07-01
2020,TURKEY,July,0.0,7,2020-07-01
2020,TURKMENISTAN,July,0.0,7,2020-07-01
2020,UGANDA,July,0.0,7,2020-07-01
2020,UKRAINE,July,0.0,7,2020-07-01
2020,UNITED ARAB EMIRATES,July,0.0,7,2020-07-01
2020,UNITED KINGDOM,July,0.0,7,2020-07-01
2020,UNITED STATES,July,0.0,7,2020-07-01
2020,URUGUAY,July,0.0,7,2020-07-01
2020,UZBEKISTAN,July,0.0,7,2020-07-01
2020,VANUATU,July,0.0,7,2020-07-01
2020,VENEZUELA,July,0.0,7,2020-07-01
2020,VIET NAM,July,0.0,7,2020-07-01
2020,YEMEN (YEMEN ARAB REP.),July,0.0,7,2020-07-01
2020,ZAMBIA (NORTHERNRHODESIA),July,0.0,7,2020-07-01
2020,ZIMBABWE,July,0.0,7,2020-07-01
2020,AFGHANISTAN,August,0.0,8,2020-08-01
2020,ALBANIA,August,0.0,8,2020-08-01
2020,ALGERIA,August,0.0,8,2020-08-01
2020,ANDORRA,August,0.0,8,2020-08-01
2020,ANGOLA,August,0.0,8,2020-08-01
2020,ANTIGUA AND BARBUDA,August,0.0,8,2020-08-01
2020,ARGENTINA,August,0.0,8,2020-08-01
2020,ARMENIA,August,0.0,8,2020-08-01
2020,AUSTRALIA,August,0.0,8,2020-08-01
2020,AUSTRIA,August,0.0,8,2020-08-01
2020,AZERBAIJAN,August,0.0,8,2020-08-01
2020,BAHAMAS,August,0.0,8,2020-08-01
2020,BAHRAIN,August,0.0,8,2020-08-01
2020,BANGLADESH,August,0.0,8,2020-08-01
2020,BARBADOS,August,0.0,8,2020-08-01
2020,BELARUS,August,0.0,8,2020-08-01
2020,BELGIUM,August,0.0,8,2020-08-01
2020,BELIZE,August,0.0,8,2020-08-01
2020,BENIN,August,0.0,8,2020-08-01
2020,BHUTAN,August,0.0,8,2020-08-01
2020,BOLIVIA,August,0.0,8,2020-08-01
2020,BOSNIA AND HERZEGOVINA,August,0.0,8,2020-08-01
2020,BOTSWANA,August,0.0,8,2020-08-01
2020,BRAZIL,August,0.0,8,2020-08-01
2020,BRUNEI DARUSSALAM,August,0.0,8,2020-08-01
2020,BULGARIA,August,0.0,8,2020-08-01
2020,BURKINA FASO,August,0.0,8,2020-08-01
2020,BURUNDI,August,0.0,8,2020-08-01
2020,CAMBODIA,August,0.0,8,2020-08-01
2020,CAMEROON,August,0.0,8,2020-08-01
2020,CANADA,August,0.0,8,2020-08-01
2020,CAPE VERDE,August,0.0,8,2020-08-01
2020,CENTRAL AFRICAN,August,0.0,8,2020-08-01
2020,CHAD,August,0.0,8,2020-08-01
2020,CHILE,August,0.0,8,2020-08-01
2020,CHINA,August,0.0,8,2020-08-01
2020,COLOMBIA,August,0.0,8,2020-08-01
2020,COMOROS,August,0.0,8,2020-08-01
2020,CONGO THE DEM REPOF THE,August,0.0,8,2020-08-01
2020,COSTA RICA,August,0.0,8,2020-08-01
2020,COTE DIVOIRE,August,0.0,8,2020-08-01
2020,CROATIA,August,0.0,8,2020-08-01
2020,CUBA,August,0.0,8,2020-08-01
2020,CYPRUS,August,0.0,8,2020-08-01
2020,CZECH REPUBLIC,August,0.0,8,2020-08-01
2020,DENMARK,August,0.0,8,2020-08-01
2020,DJIBOUTI,August,0.0,8,2020-08-01
2020,DOMINICA,August,0.0,8,2020-08-01
2020,DOMINICAN,August,0.0,8,2020-08-01
2020,ECUADOR,August,0.0,8,2020-08-01
2020,EGYPT,August,0.0,8,2020-08-01
2020,EL SALVADOR,August,0.0,8,2020-08-01
2020,EQUATORIAL,August,0.0,8,2020-08-01
2020,ERITREA,August,0.0,8,2020-08-01
2020,ESTONIA,August,0.0,8,2020-08-01
2020,ETHIOPIA,August,0.0,8,2020-08-01
2020,FIJI,August,0.0,8,2020-08-01
2020,FINLAND,August,0.0,8,2020-08-01
2020,FRANCE,August,0.0,8,2020-08-01
2020,GABON,August,0.0,8,2020-08-01
2020,"GAMBIA, THE",August,0.0,8,2020-08-01
2020,GEORGIA,August,0.0,8,2020-08-01
2020,GERMANY,August,0.0,8,2020-08-01
2020,GHANA,August,0.0,8,2020-08-01
2020,GREECE,August,0.0,8,2020-08-01
2020,GRENADA,August,0.0,8,2020-08-01
2020,GUATEMALA,August,0.0,8,2020-08-01
2020,GUINEA,August,0.0,8,2020-08-01
2020,GUINEA,August,0.0,8,2020-08-01
2020,GUINEA-BISSAU,August,0.0,8,2020-08-01
2020,GUYANA,August,0.0,8,2020-08-01
2020,HAITI,August,0.0,8,2020-08-01
2020,HONDURAS,August,0.0,8,2020-08-01
2020,HONG KONG,August,0.0,8,2020-08-01
2020,HUNGARY,August,0.0,8,2020-08-01
2020,ICELAND,August,0.0,8,2020-08-01
2020,INDIA,August,0.0,8,2020-08-01
2020,INDONESIA,August,0.0,8,2020-08-01
2020,IRAN,August,0.0,8,2020-08-01
2020,IRAQ,August,0.0,8,2020-08-01
2020,IRELAND,August,0.0,8,2020-08-01
2020,ISRAEL,August,0.0,8,2020-08-01
2020,ITALY,August,0.0,8,2020-08-01
2020,JAMAICA,August,0.0,8,2020-08-01
2020,JAPAN,August,0.0,8,2020-08-01
2020,JORDAN,August,0.0,8,2020-08-01
2020,KAZAKHSTAN,August,0.0,8,2020-08-01
2020,KENYA,August,0.0,8,2020-08-01
2020,KOSOVAR,August,0.0,8,2020-08-01
2020,KUWAIT,August,0.0,8,2020-08-01
2020,KYRGYZSTAN,August,0.0,8,2020-08-01
2020,LAO PEOPLES DEM.REP.,August,0.0,8,2020-08-01
2020,LATVIA,August,0.0,8,2020-08-01
2020,LEBANON,August,0.0,8,2020-08-01
2020,LESOTHO,August,0.0,8,2020-08-01
2020,LIBERIA,August,0.0,8,2020-08-01
2020,LIBYA(LIBYAN ARAB JAMAHIR,August,0.0,8,2020-08-01
2020,LIECHTENSTEIN,August,0.0,8,2020-08-01
2020,LITHUANIA,August,0.0,8,2020-08-01
2020,LUXEMBOURG,August,0.0,8,2020-08-01
2020,MACEDONIA,August,0.0,8,2020-08-01
2020,MADAGASCAR,August,0.0,8,2020-08-01
2020,MALAWI,August,0.0,8,2020-08-01
2020,MALAYSIA,August,0.0,8,2020-08-01
2020,MALDIVES,August,0.0,8,2020-08-01
2020,MALI,August,0.0,8,2020-08-01
2020,MALTA,August,0.0,8,2020-08-01
2020,MAURITANIA,August,0.0,8,2020-08-01
2020,MAURITIUS,August,0.0,8,2020-08-01
2020,MEXICO,August,0.0,8,2020-08-01
2020,MOLDOVA,August,0.0,8,2020-08-01
2020,MONACO,August,0.0,8,2020-08-01
2020,MONGOLIA,August,0.0,8,2020-08-01
2020,MONTENEGRO,August,0.0,8,2020-08-01
2020,MOROCCO,August,0.0,8,2020-08-01
2020,MOZAMBIQUE,August,0.0,8,2020-08-01
2020,MYANMAR,August,0.0,8,2020-08-01
2020,NAMIBIA,August,0.0,8,2020-08-01
2020,NAURU,August,0.0,8,2020-08-01
2020,NEPAL,August,0.0,8,2020-08-01
2020,NETHERLANDS,August,0.0,8,2020-08-01
2020,NEW ZEALAND,August,0.0,8,2020-08-01
2020,NIGER,August,0.0,8,2020-08-01
2020,NIGERIA,August,0.0,8,2020-08-01
2020,NORWAY,August,0.0,8,2020-08-01
2020,OMAN,August,0.0,8,2020-08-01
2020,PAKISTAN,August,0.0,8,2020-08-01
2020,PALESTINIAN TERRITORIES,August,0.0,8,2020-08-01
2020,PANAMA,August,0.0,8,2020-08-01
2020,PAPUA NEW GUINEA,August,0.0,8,2020-08-01
2020,PARAGUAY,August,0.0,8,2020-08-01
2020,PERU,August,0.0,8,2020-08-01
2020,PHILIPPINES,August,0.0,8,2020-08-01
2020,POLAND,August,0.0,8,2020-08-01
2020,PORTUGAL,August,0.0,8,2020-08-01
2020,QATAR,August,0.0,8,2020-08-01
2020,REPUBLIC,August,0.0,8,2020-08-01
2020,REPUBLIC,August,0.0,8,2020-08-01
2020,REPUBLIC OF ZIMBABWE,August,0.0,8,2020-08-01
2020,ROMANIA,August,0.0,8,2020-08-01
2020,RUSSIAN FEDERATION,August,0.0,8,2020-08-01
2020,RWANDA,August,0.0,8,2020-08-01
2020,SAINT KITTS AND NEVIS,August,0.0,8,2020-08-01
2020,SAINT LUCIA,August,0.0,8,2020-08-01
2020,SAINT VINCENT THE GRENADI,August,0.0,8,2020-08-01
2020,SAINT VINCENT THE GRENADI,August,0.0,8,2020-08-01
2020,SAMOA,August,0.0,8,2020-08-01
2020,SAN MARINO,August,0.0,8,2020-08-01
2020,SAUDI ARABIA,August,0.0,8,2020-08-01
2020,SENEGAL,August,0.0,8,2020-08-01
2020,SERBIA,August,0.0,8,2020-08-01
2020,SEYCHELLES,August,0.0,8,2020-08-01
2020,SIERRA LEONE,August,0.0,8,2020-08-01
2020,SINGAPORE,August,0.0,8,2020-08-01
2020,SLOVAKIA(SLOVAK REPUBLIC),August,0.0,8,2020-08-01
2020,SLOVENIA,August,0.0,8,2020-08-01
2020,SOMALIA,August,0.0,8,2020-08-01
2020,SOUTH AFRICA- ZUID AFRIKA,August,0.0,8,2020-08-01
2020,SOUTH KOREA,August,0.0,8,2020-08-01
2020,SOUTH SUDAN,August,0.0,8,2020-08-01
2020,SPAIN,August,0.0,8,2020-08-01
2020,SUDAN,August,0.0,8,2020-08-01
2020,SURINAME,August,0.0,8,2020-08-01
2020,SWAZILAND,August,0.0,8,2020-08-01
2020,SWEDEN,August,0.0,8,2020-08-01
2020,SWITZERLAND,August,0.0,8,2020-08-01
2020,SYRIAN ARAB REPUBLIC,August,0.0,8,2020-08-01
2020,TAIWAN PROVINCE OF CHINA,August,0.0,8,2020-08-01
2020,TAJIKISTAN,August,0.0,8,2020-08-01
2020,TANZANIA,August,0.0,8,2020-08-01
2020,THAILAND,August,0.0,8,2020-08-01
2020,TIMOR-LESTE,August,0.0,8,2020-08-01
2020,TOGO,August,0.0,8,2020-08-01
2020,TONGA,August,0.0,8,2020-08-01
2020,TRINIDAD AND TOBAGO,August,0.0,8,2020-08-01
2020,TUNISIA,August,0.0,8,2020-08-01
2020,TURKEY,August,0.0,8,2020-08-01
2020,TURKMENISTAN,August,0.0,8,2020-08-01
2020,UGANDA,August,0.0,8,2020-08-01
2020,UKRAINE,August,0.0,8,2020-08-01
2020,UNITED ARAB EMIRATES,August,0.0,8,2020-08-01
2020,UNITED KINGDOM,August,0.0,8,2020-08-01
2020,UNITED STATES,August,0.0,8,2020-08-01
2020,URUGUAY,August,0.0,8,2020-08-01
2020,UZBEKISTAN,August,0.0,8,2020-08-01
2020,VANUATU,August,0.0,8,2020-08-01
2020,VENEZUELA,August,0.0,8,2020-08-01
2020,VIET NAM,August,0.0,8,2020-08-01
2020,YEMEN (YEMEN ARAB REP.),August,0.0,8,2020-08-01
2020,ZAMBIA (NORTHERNRHODESIA),August,0.0,8,2020-08-01
2020,ZIMBABWE,August,0.0,8,2020-08-01
2020,AFGHANISTAN,September,0.0,9,2020-09-01
2020,ALBANIA,September,0.0,9,2020-09-01
2020,ALGERIA,September,0.0,9,2020-09-01
2020,ANDORRA,September,0.0,9,2020-09-01
2020,ANGOLA,September,0.0,9,2020-09-01
2020,ANTIGUA AND BARBUDA,September,0.0,9,2020-09-01
2020,ARGENTINA,September,0.0,9,2020-09-01
2020,ARMENIA,September,0.0,9,2020-09-01
2020,AUSTRALIA,September,0.0,9,2020-09-01
2020,AUSTRIA,September,0.0,9,2020-09-01
2020,AZERBAIJAN,September,0.0,9,2020-09-01
2020,BAHAMAS,September,0.0,9,2020-09-01
2020,BAHRAIN,September,0.0,9,2020-09-01
2020,BANGLADESH,September,0.0,9,2020-09-01
2020,BARBADOS,September,0.0,9,2020-09-01
2020,BELARUS,September,0.0,9,2020-09-01
2020,BELGIUM,September,0.0,9,2020-09-01
2020,BELIZE,September,0.0,9,2020-09-01
2020,BENIN,September,0.0,9,2020-09-01
2020,BHUTAN,September,0.0,9,2020-09-01
2020,BOLIVIA,September,0.0,9,2020-09-01
2020,BOSNIA AND HERZEGOVINA,September,0.0,9,2020-09-01
2020,BOTSWANA,September,0.0,9,2020-09-01
2020,BRAZIL,September,0.0,9,2020-09-01
2020,BRUNEI DARUSSALAM,September,0.0,9,2020-09-01
2020,BULGARIA,September,0.0,9,2020-09-01
2020,BURKINA FASO,September,0.0,9,2020-09-01
2020,BURUNDI,September,0.0,9,2020-09-01
2020,CAMBODIA,September,0.0,9,2020-09-01
2020,CAMEROON,September,0.0,9,2020-09-01
2020,CANADA,September,0.0,9,2020-09-01
2020,CAPE VERDE,September,0.0,9,2020-09-01
2020,CENTRAL AFRICAN,September,0.0,9,2020-09-01
2020,CHAD,September,0.0,9,2020-09-01
2020,CHILE,September,0.0,9,2020-09-01
2020,CHINA,September,0.0,9,2020-09-01
2020,COLOMBIA,September,0.0,9,2020-09-01
2020,COMOROS,September,0.0,9,2020-09-01
2020,CONGO THE DEM REPOF THE,September,0.0,9,2020-09-01
2020,COSTA RICA,September,0.0,9,2020-09-01
2020,COTE DIVOIRE,September,0.0,9,2020-09-01
2020,CROATIA,September,0.0,9,2020-09-01
2020,CUBA,September,0.0,9,2020-09-01
2020,CYPRUS,September,0.0,9,2020-09-01
2020,CZECH REPUBLIC,September,0.0,9,2020-09-01
2020,DENMARK,September,0.0,9,2020-09-01
2020,DJIBOUTI,September,0.0,9,2020-09-01
2020,DOMINICA,September,0.0,9,2020-09-01
2020,DOMINICAN,September,0.0,9,2020-09-01
2020,ECUADOR,September,0.0,9,2020-09-01
2020,EGYPT,September,0.0,9,2020-09-01
2020,EL SALVADOR,September,0.0,9,2020-09-01
2020,EQUATORIAL,September,0.0,9,2020-09-01
2020,ERITREA,September,0.0,9,2020-09-01
2020,ESTONIA,September,0.0,9,2020-09-01
2020,ETHIOPIA,September,0.0,9,2020-09-01
2020,FIJI,September,0.0,9,2020-09-01
2020,FINLAND,September,0.0,9,2020-09-01
2020,FRANCE,September,0.0,9,2020-09-01
2020,GABON,September,0.0,9,2020-09-01
2020,"GAMBIA, THE",September,0.0,9,2020-09-01
2020,GEORGIA,September,0.0,9,2020-09-01
2020,GERMANY,September,0.0,9,2020-09-01
2020,GHANA,September,0.0,9,2020-09-01
2020,GREECE,September,0.0,9,2020-09-01
2020,GRENADA,September,0.0,9,2020-09-01
2020,GUATEMALA,September,0.0,9,2020-09-01
2020,GUINEA,September,0.0,9,2020-09-01
2020,GUINEA,September,0.0,9,2020-09-01
2020,GUINEA-BISSAU,September,0.0,9,2020-09-01
2020,GUYANA,September,0.0,9,2020-09-01
2020,HAITI,September,0.0,9,2020-09-01
2020,HONDURAS,September,0.0,9,2020-09-01
2020,HONG KONG,September,0.0,9,2020-09-01
2020,HUNGARY,September,0.0,9,2020-09-01
2020,ICELAND,September,0.0,9,2020-09-01
2020,INDIA,September,0.0,9,2020-09-01
2020,INDONESIA,September,0.0,9,2020-09-01
2020,IRAN,September,0.0,9,2020-09-01
2020,IRAQ,September,0.0,9,2020-09-01
2020,IRELAND,September,0.0,9,2020-09-01
2020,ISRAEL,September,0.0,9,2020-09-01
2020,ITALY,September,0.0,9,2020-09-01
2020,JAMAICA,September,0.0,9,2020-09-01
2020,JAPAN,September,0.0,9,2020-09-01
2020,JORDAN,September,0.0,9,2020-09-01
2020,KAZAKHSTAN,September,0.0,9,2020-09-01
2020,KENYA,September,0.0,9,2020-09-01
2020,KOSOVAR,September,0.0,9,2020-09-01
2020,KUWAIT,September,0.0,9,2020-09-01
2020,KYRGYZSTAN,September,0.0,9,2020-09-01
2020,LAO PEOPLES DEM.REP.,September,0.0,9,2020-09-01
2020,LATVIA,September,0.0,9,2020-09-01
2020,LEBANON,September,0.0,9,2020-09-01
2020,LESOTHO,September,0.0,9,2020-09-01
2020,LIBERIA,September,0.0,9,2020-09-01
2020,LIBYA(LIBYAN ARAB JAMAHIR,September,0.0,9,2020-09-01
2020,LIECHTENSTEIN,September,0.0,9,2020-09-01
2020,LITHUANIA,September,0.0,9,2020-09-01
2020,LUXEMBOURG,September,0.0,9,2020-09-01
2020,MACEDONIA,September,0.0,9,2020-09-01
2020,MADAGASCAR,September,0.0,9,2020-09-01
2020,MALAWI,September,0.0,9,2020-09-01
2020,MALAYSIA,September,0.0,9,2020-09-01
2020,MALDIVES,September,0.0,9,2020-09-01
2020,MALI,September,0.0,9,2020-09-01
2020,MALTA,September,0.0,9,2020-09-01
2020,MAURITANIA,September,0.0,9,2020-09-01
2020,MAURITIUS,September,0.0,9,2020-09-01
2020,MEXICO,September,0.0,9,2020-09-01
2020,MOLDOVA,September,0.0,9,2020-09-01
2020,MONACO,September,0.0,9,2020-09-01
2020,MONGOLIA,September,0.0,9,2020-09-01
2020,MONTENEGRO,September,0.0,9,2020-09-01
2020,MOROCCO,September,0.0,9,2020-09-01
2020,MOZAMBIQUE,September,0.0,9,2020-09-01
2020,MYANMAR,September,0.0,9,2020-09-01
2020,NAMIBIA,September,0.0,9,2020-09-01
2020,NAURU,September,0.0,9,2020-09-01
2020,NEPAL,September,0.0,9,2020-09-01
2020,NETHERLANDS,September,0.0,9,2020-09-01
2020,NEW ZEALAND,September,0.0,9,2020-09-01
2020,NIGER,September,0.0,9,2020-09-01
2020,NIGERIA,September,0.0,9,2020-09-01
2020,NORWAY,September,0.0,9,2020-09-01
2020,OMAN,September,0.0,9,2020-09-01
2020,PAKISTAN,September,0.0,9,2020-09-01
2020,PALESTINIAN TERRITORIES,September,0.0,9,2020-09-01
2020,PANAMA,September,0.0,9,2020-09-01
2020,PAPUA NEW GUINEA,September,0.0,9,2020-09-01
2020,PARAGUAY,September,0.0,9,2020-09-01
2020,PERU,September,0.0,9,2020-09-01
2020,PHILIPPINES,September,0.0,9,2020-09-01
2020,POLAND,September,0.0,9,2020-09-01
2020,PORTUGAL,September,0.0,9,2020-09-01
2020,QATAR,September,0.0,9,2020-09-01
2020,REPUBLIC,September,0.0,9,2020-09-01
2020,REPUBLIC,September,0.0,9,2020-09-01
2020,REPUBLIC OF ZIMBABWE,September,0.0,9,2020-09-01
2020,ROMANIA,September,0.0,9,2020-09-01
2020,RUSSIAN FEDERATION,September,0.0,9,2020-09-01
2020,RWANDA,September,0.0,9,2020-09-01
2020,SAINT KITTS AND NEVIS,September,0.0,9,2020-09-01
2020,SAINT LUCIA,September,0.0,9,2020-09-01
2020,SAINT VINCENT THE GRENADI,September,0.0,9,2020-09-01
2020,SAINT VINCENT THE GRENADI,September,0.0,9,2020-09-01
2020,SAMOA,September,0.0,9,2020-09-01
2020,SAN MARINO,September,0.0,9,2020-09-01
2020,SAUDI ARABIA,September,0.0,9,2020-09-01
2020,SENEGAL,September,0.0,9,2020-09-01
2020,SERBIA,September,0.0,9,2020-09-01
2020,SEYCHELLES,September,0.0,9,2020-09-01
2020,SIERRA LEONE,September,0.0,9,2020-09-01
2020,SINGAPORE,September,0.0,9,2020-09-01
2020,SLOVAKIA(SLOVAK REPUBLIC),September,0.0,9,2020-09-01
2020,SLOVENIA,September,0.0,9,2020-09-01
2020,SOMALIA,September,0.0,9,2020-09-01
2020,SOUTH AFRICA- ZUID AFRIKA,September,0.0,9,2020-09-01
2020,SOUTH KOREA,September,0.0,9,2020-09-01
2020,SOUTH SUDAN,September,0.0,9,2020-09-01
2020,SPAIN,September,0.0,9,2020-09-01
2020,SUDAN,September,0.0,9,2020-09-01
2020,SURINAME,September,0.0,9,2020-09-01
2020,SWAZILAND,September,0.0,9,2020-09-01
2020,SWEDEN,September,0.0,9,2020-09-01
2020,SWITZERLAND,September,0.0,9,2020-09-01
2020,SYRIAN ARAB REPUBLIC,September,0.0,9,2020-09-01
2020,TAIWAN PROVINCE OF CHINA,September,0.0,9,2020-09-01
2020,TAJIKISTAN,September,0.0,9,2020-09-01
2020,TANZANIA,September,0.0,9,2020-09-01
2020,THAILAND,September,0.0,9,2020-09-01
2020,TIMOR-LESTE,September,0.0,9,2020-09-01
2020,TOGO,September,0.0,9,2020-09-01
2020,TONGA,September,0.0,9,2020-09-01
2020,TRINIDAD AND TOBAGO,September,0.0,9,2020-09-01
2020,TUNISIA,September,0.0,9,2020-09-01
2020,TURKEY,September,0.0,9,2020-09-01
2020,TURKMENISTAN,September,0.0,9,2020-09-01
2020,UGANDA,September,0.0,9,2020-09-01
2020,UKRAINE,September,0.0,9,2020-09-01
2020,UNITED ARAB EMIRATES,September,0.0,9,2020-09-01
2020,UNITED KINGDOM,September,0.0,9,2020-09-01
2020,UNITED STATES,September,0.0,9,2020-09-01
2020,URUGUAY,September,0.0,9,2020-09-01
2020,UZBEKISTAN,September,0.0,9,2020-09-01
2020,VANUATU,September,0.0,9,2020-09-01
2020,VENEZUELA,September,0.0,9,2020-09-01
2020,VIET NAM,September,0.0,9,2020-09-01
2020,YEMEN (YEMEN ARAB REP.),September,0.0,9,2020-09-01
2020,ZAMBIA (NORTHERNRHODESIA),September,0.0,9,2020-09-01
2020,ZIMBABWE,September,0.0,9,2020-09-01
2020,AFGHANISTAN,October,0.0,10,2020-10-01
2020,ALBANIA,October,0.0,10,2020-10-01
2020,ALGERIA,October,0.0,10,2020-10-01
2020,ANDORRA,October,0.0,10,2020-10-01
2020,ANGOLA,October,0.0,10,2020-10-01
2020,ANTIGUA AND BARBUDA,October,0.0,10,2020-10-01
2020,ARGENTINA,October,0.0,10,2020-10-01
2020,ARMENIA,October,0.0,10,2020-10-01
2020,AUSTRALIA,October,0.0,10,2020-10-01
2020,AUSTRIA,October,0.0,10,2020-10-01
2020,AZERBAIJAN,October,0.0,10,2020-10-01
2020,BAHAMAS,October,0.0,10,2020-10-01
2020,BAHRAIN,October,0.0,10,2020-10-01
2020,BANGLADESH,October,0.0,10,2020-10-01
2020,BARBADOS,October,0.0,10,2020-10-01
2020,BELARUS,October,0.0,10,2020-10-01
2020,BELGIUM,October,0.0,10,2020-10-01
2020,BELIZE,October,0.0,10,2020-10-01
2020,BENIN,October,0.0,10,2020-10-01
2020,BHUTAN,October,0.0,10,2020-10-01
2020,BOLIVIA,October,0.0,10,2020-10-01
2020,BOSNIA AND HERZEGOVINA,October,0.0,10,2020-10-01
2020,BOTSWANA,October,0.0,10,2020-10-01
2020,BRAZIL,October,0.0,10,2020-10-01
2020,BRUNEI DARUSSALAM,October,0.0,10,2020-10-01
2020,BULGARIA,October,0.0,10,2020-10-01
2020,BURKINA FASO,October,0.0,10,2020-10-01
2020,BURUNDI,October,0.0,10,2020-10-01
2020,CAMBODIA,October,0.0,10,2020-10-01
2020,CAMEROON,October,0.0,10,2020-10-01
2020,CANADA,October,0.0,10,2020-10-01
2020,CAPE VERDE,October,0.0,10,2020-10-01
2020,CENTRAL AFRICAN,October,0.0,10,2020-10-01
2020,CHAD,October,0.0,10,2020-10-01
2020,CHILE,October,0.0,10,2020-10-01
2020,CHINA,October,0.0,10,2020-10-01
2020,COLOMBIA,October,0.0,10,2020-10-01
2020,COMOROS,October,0.0,10,2020-10-01
2020,CONGO THE DEM REPOF THE,October,0.0,10,2020-10-01
2020,COSTA RICA,October,0.0,10,2020-10-01
2020,COTE DIVOIRE,October,0.0,10,2020-10-01
2020,CROATIA,October,0.0,10,2020-10-01
2020,CUBA,October,0.0,10,2020-10-01
2020,CYPRUS,October,0.0,10,2020-10-01
2020,CZECH REPUBLIC,October,0.0,10,2020-10-01
2020,DENMARK,October,0.0,10,2020-10-01
2020,DJIBOUTI,October,0.0,10,2020-10-01
2020,DOMINICA,October,0.0,10,2020-10-01
2020,DOMINICAN,October,0.0,10,2020-10-01
2020,ECUADOR,October,0.0,10,2020-10-01
2020,EGYPT,October,0.0,10,2020-10-01
2020,EL SALVADOR,October,0.0,10,2020-10-01
2020,EQUATORIAL,October,0.0,10,2020-10-01
2020,ERITREA,October,0.0,10,2020-10-01
2020,ESTONIA,October,0.0,10,2020-10-01
2020,ETHIOPIA,October,0.0,10,2020-10-01
2020,FIJI,October,0.0,10,2020-10-01
2020,FINLAND,October,0.0,10,2020-10-01
2020,FRANCE,October,0.0,10,2020-10-01
2020,GABON,October,0.0,10,2020-10-01
2020,"GAMBIA, THE",October,0.0,10,2020-10-01
2020,GEORGIA,October,0.0,10,2020-10-01
2020,GERMANY,October,0.0,10,2020-10-01
2020,GHANA,October,0.0,10,2020-10-01
2020,GREECE,October,0.0,10,2020-10-01
2020,GRENADA,October,0.0,10,2020-10-01
2020,GUATEMALA,October,0.0,10,2020-10-01
2020,GUINEA,October,0.0,10,2020-10-01
2020,GUINEA,October,0.0,10,2020-10-01
2020,GUINEA-BISSAU,October,0.0,10,2020-10-01
2020,GUYANA,October,0.0,10,2020-10-01
2020,HAITI,October,0.0,10,2020-10-01
2020,HONDURAS,October,0.0,10,2020-10-01
2020,HONG KONG,October,0.0,10,2020-10-01
2020,HUNGARY,October,0.0,10,2020-10-01
2020,ICELAND,October,0.0,10,2020-10-01
2020,INDIA,October,0.0,10,2020-10-01
2020,INDONESIA,October,0.0,10,2020-10-01
2020,IRAN,October,0.0,10,2020-10-01
2020,IRAQ,October,0.0,10,2020-10-01
2020,IRELAND,October,0.0,10,2020-10-01
2020,ISRAEL,October,0.0,10,2020-10-01
2020,ITALY,October,0.0,10,2020-10-01
2020,JAMAICA,October,0.0,10,2020-10-01
2020,JAPAN,October,0.0,10,2020-10-01
2020,JORDAN,October,0.0,10,2020-10-01
2020,KAZAKHSTAN,October,0.0,10,2020-10-01
2020,KENYA,October,0.0,10,2020-10-01
2020,KOSOVAR,October,0.0,10,2020-10-01
2020,KUWAIT,October,0.0,10,2020-10-01
2020,KYRGYZSTAN,October,0.0,10,2020-10-01
2020,LAO PEOPLES DEM.REP.,October,0.0,10,2020-10-01
2020,LATVIA,October,0.0,10,2020-10-01
2020,LEBANON,October,0.0,10,2020-10-01
2020,LESOTHO,October,0.0,10,2020-10-01
2020,LIBERIA,October,0.0,10,2020-10-01
2020,LIBYA(LIBYAN ARAB JAMAHIR,October,0.0,10,2020-10-01
2020,LIECHTENSTEIN,October,0.0,10,2020-10-01
2020,LITHUANIA,October,0.0,10,2020-10-01
2020,LUXEMBOURG,October,0.0,10,2020-10-01
2020,MACEDONIA,October,0.0,10,2020-10-01
2020,MADAGASCAR,October,0.0,10,2020-10-01
2020,MALAWI,October,0.0,10,2020-10-01
2020,MALAYSIA,October,0.0,10,2020-10-01
2020,MALDIVES,October,0.0,10,2020-10-01
2020,MALI,October,0.0,10,2020-10-01
2020,MALTA,October,0.0,10,2020-10-01
2020,MAURITANIA,October,0.0,10,2020-10-01
2020,MAURITIUS,October,0.0,10,2020-10-01
2020,MEXICO,October,0.0,10,2020-10-01
2020,MOLDOVA,October,0.0,10,2020-10-01
2020,MONACO,October,0.0,10,2020-10-01
2020,MONGOLIA,October,0.0,10,2020-10-01
2020,MONTENEGRO,October,0.0,10,2020-10-01
2020,MOROCCO,October,0.0,10,2020-10-01
2020,MOZAMBIQUE,October,0.0,10,2020-10-01
2020,MYANMAR,October,0.0,10,2020-10-01
2020,NAMIBIA,October,0.0,10,2020-10-01
2020,NAURU,October,0.0,10,2020-10-01
2020,NEPAL,October,0.0,10,2020-10-01
2020,NETHERLANDS,October,0.0,10,2020-10-01
2020,NEW ZEALAND,October,0.0,10,2020-10-01
2020,NIGER,October,0.0,10,2020-10-01
2020,NIGERIA,October,0.0,10,2020-10-01
2020,NORWAY,October,0.0,10,2020-10-01
2020,OMAN,October,0.0,10,2020-10-01
2020,PAKISTAN,October,0.0,10,2020-10-01
2020,PALESTINIAN TERRITORIES,October,0.0,10,2020-10-01
2020,PANAMA,October,0.0,10,2020-10-01
2020,PAPUA NEW GUINEA,October,0.0,10,2020-10-01
2020,PARAGUAY,October,0.0,10,2020-10-01
2020,PERU,October,0.0,10,2020-10-01
2020,PHILIPPINES,October,0.0,10,2020-10-01
2020,POLAND,October,0.0,10,2020-10-01
2020,PORTUGAL,October,0.0,10,2020-10-01
2020,QATAR,October,0.0,10,2020-10-01
2020,REPUBLIC,October,0.0,10,2020-10-01
2020,REPUBLIC,October,0.0,10,2020-10-01
2020,REPUBLIC OF ZIMBABWE,October,0.0,10,2020-10-01
2020,ROMANIA,October,0.0,10,2020-10-01
2020,RUSSIAN FEDERATION,October,0.0,10,2020-10-01
2020,RWANDA,October,0.0,10,2020-10-01
2020,SAINT KITTS AND NEVIS,October,0.0,10,2020-10-01
2020,SAINT LUCIA,October,0.0,10,2020-10-01
2020,SAINT VINCENT THE GRENADI,October,0.0,10,2020-10-01
2020,SAINT VINCENT THE GRENADI,October,0.0,10,2020-10-01
2020,SAMOA,October,0.0,10,2020-10-01
2020,SAN MARINO,October,0.0,10,2020-10-01
2020,SAUDI ARABIA,October,0.0,10,2020-10-01
2020,SENEGAL,October,0.0,10,2020-10-01
2020,SERBIA,October,0.0,10,2020-10-01
2020,SEYCHELLES,October,0.0,10,2020-10-01
2020,SIERRA LEONE,October,0.0,10,2020-10-01
2020,SINGAPORE,October,0.0,10,2020-10-01
2020,SLOVAKIA(SLOVAK REPUBLIC),October,0.0,10,2020-10-01
2020,SLOVENIA,October,0.0,10,2020-10-01
2020,SOMALIA,October,0.0,10,2020-10-01
2020,SOUTH AFRICA- ZUID AFRIKA,October,0.0,10,2020-10-01
2020,SOUTH KOREA,October,0.0,10,2020-10-01
2020,SOUTH SUDAN,October,0.0,10,2020-10-01
2020,SPAIN,October,0.0,10,2020-10-01
2020,SUDAN,October,0.0,10,2020-10-01
2020,SURINAME,October,0.0,10,2020-10-01
2020,SWAZILAND,October,0.0,10,2020-10-01
2020,SWEDEN,October,0.0,10,2020-10-01
2020,SWITZERLAND,October,0.0,10,2020-10-01
2020,SYRIAN ARAB REPUBLIC,October,0.0,10,2020-10-01
2020,TAIWAN PROVINCE OF CHINA,October,0.0,10,2020-10-01
2020,TAJIKISTAN,October,0.0,10,2020-10-01
2020,TANZANIA,October,0.0,10,2020-10-01
2020,THAILAND,October,0.0,10,2020-10-01
2020,TIMOR-LESTE,October,0.0,10,2020-10-01
2020,TOGO,October,0.0,10,2020-10-01
2020,TONGA,October,0.0,10,2020-10-01
2020,TRINIDAD AND TOBAGO,October,0.0,10,2020-10-01
2020,TUNISIA,October,0.0,10,2020-10-01
2020,TURKEY,October,0.0,10,2020-10-01
2020,TURKMENISTAN,October,0.0,10,2020-10-01
2020,UGANDA,October,0.0,10,2020-10-01
2020,UKRAINE,October,0.0,10,2020-10-01
2020,UNITED ARAB EMIRATES,October,0.0,10,2020-10-01
2020,UNITED KINGDOM,October,0.0,10,2020-10-01
2020,UNITED STATES,October,0.0,10,2020-10-01
2020,URUGUAY,October,0.0,10,2020-10-01
2020,UZBEKISTAN,October,0.0,10,2020-10-01
2020,VANUATU,October,0.0,10,2020-10-01
2020,VENEZUELA,October,0.0,10,2020-10-01
2020,VIET NAM,October,0.0,10,2020-10-01
2020,YEMEN (YEMEN ARAB REP.),October,0.0,10,2020-10-01
2020,ZAMBIA (NORTHERNRHODESIA),October,0.0,10,2020-10-01
2020,ZIMBABWE,October,0.0,10,2020-10-01
2020,AFGHANISTAN,November,0.0,11,2020-11-01
2020,ALBANIA,November,0.0,11,2020-11-01
2020,ALGERIA,November,0.0,11,2020-11-01
2020,ANDORRA,November,0.0,11,2020-11-01
2020,ANGOLA,November,0.0,11,2020-11-01
2020,ANTIGUA AND BARBUDA,November,0.0,11,2020-11-01
2020,ARGENTINA,November,0.0,11,2020-11-01
2020,ARMENIA,November,0.0,11,2020-11-01
2020,AUSTRALIA,November,0.0,11,2020-11-01
2020,AUSTRIA,November,0.0,11,2020-11-01
2020,AZERBAIJAN,November,0.0,11,2020-11-01
2020,BAHAMAS,November,0.0,11,2020-11-01
2020,BAHRAIN,November,0.0,11,2020-11-01
2020,BANGLADESH,November,0.0,11,2020-11-01
2020,BARBADOS,November,0.0,11,2020-11-01
2020,BELARUS,November,0.0,11,2020-11-01
2020,BELGIUM,November,0.0,11,2020-11-01
2020,BELIZE,November,0.0,11,2020-11-01
2020,BENIN,November,0.0,11,2020-11-01
2020,BHUTAN,November,0.0,11,2020-11-01
2020,BOLIVIA,November,0.0,11,2020-11-01
2020,BOSNIA AND HERZEGOVINA,November,0.0,11,2020-11-01
2020,BOTSWANA,November,0.0,11,2020-11-01
2020,BRAZIL,November,0.0,11,2020-11-01
2020,BRUNEI DARUSSALAM,November,0.0,11,2020-11-01
2020,BULGARIA,November,0.0,11,2020-11-01
2020,BURKINA FASO,November,0.0,11,2020-11-01
2020,BURUNDI,November,0.0,11,2020-11-01
2020,CAMBODIA,November,0.0,11,2020-11-01
2020,CAMEROON,November,0.0,11,2020-11-01
2020,CANADA,November,0.0,11,2020-11-01
2020,CAPE VERDE,November,0.0,11,2020-11-01
2020,CENTRAL AFRICAN,November,0.0,11,2020-11-01
2020,CHAD,November,0.0,11,2020-11-01
2020,CHILE,November,0.0,11,2020-11-01
2020,CHINA,November,0.0,11,2020-11-01
2020,COLOMBIA,November,0.0,11,2020-11-01
2020,COMOROS,November,0.0,11,2020-11-01
2020,CONGO THE DEM REPOF THE,November,0.0,11,2020-11-01
2020,COSTA RICA,November,0.0,11,2020-11-01
2020,COTE DIVOIRE,November,0.0,11,2020-11-01
2020,CROATIA,November,0.0,11,2020-11-01
2020,CUBA,November,0.0,11,2020-11-01
2020,CYPRUS,November,0.0,11,2020-11-01
2020,CZECH REPUBLIC,November,0.0,11,2020-11-01
2020,DENMARK,November,0.0,11,2020-11-01
2020,DJIBOUTI,November,0.0,11,2020-11-01
2020,DOMINICA,November,0.0,11,2020-11-01
2020,DOMINICAN,November,0.0,11,2020-11-01
2020,ECUADOR,November,0.0,11,2020-11-01
2020,EGYPT,November,0.0,11,2020-11-01
2020,EL SALVADOR,November,0.0,11,2020-11-01
2020,EQUATORIAL,November,0.0,11,2020-11-01
2020,ERITREA,November,0.0,11,2020-11-01
2020,ESTONIA,November,0.0,11,2020-11-01
2020,ETHIOPIA,November,0.0,11,2020-11-01
2020,FIJI,November,0.0,11,2020-11-01
2020,FINLAND,November,0.0,11,2020-11-01
2020,FRANCE,November,0.0,11,2020-11-01
2020,GABON,November,0.0,11,2020-11-01
2020,"GAMBIA, THE",November,0.0,11,2020-11-01
2020,GEORGIA,November,0.0,11,2020-11-01
2020,GERMANY,November,0.0,11,2020-11-01
2020,GHANA,November,0.0,11,2020-11-01
2020,GREECE,November,0.0,11,2020-11-01
2020,GRENADA,November,0.0,11,2020-11-01
2020,GUATEMALA,November,0.0,11,2020-11-01
2020,GUINEA,November,0.0,11,2020-11-01
2020,GUINEA,November,0.0,11,2020-11-01
2020,GUINEA-BISSAU,November,0.0,11,2020-11-01
2020,GUYANA,November,0.0,11,2020-11-01
2020,HAITI,November,0.0,11,2020-11-01
2020,HONDURAS,November,0.0,11,2020-11-01
2020,HONG KONG,November,0.0,11,2020-11-01
2020,HUNGARY,November,0.0,11,2020-11-01
2020,ICELAND,November,0.0,11,2020-11-01
2020,INDIA,November,0.0,11,2020-11-01
2020,INDONESIA,November,0.0,11,2020-11-01
2020,IRAN,November,0.0,11,2020-11-01
2020,IRAQ,November,0.0,11,2020-11-01
2020,IRELAND,November,0.0,11,2020-11-01
2020,ISRAEL,November,0.0,11,2020-11-01
2020,ITALY,November,0.0,11,2020-11-01
2020,JAMAICA,November,0.0,11,2020-11-01
2020,JAPAN,November,0.0,11,2020-11-01
2020,JORDAN,November,0.0,11,2020-11-01
2020,KAZAKHSTAN,November,0.0,11,2020-11-01
2020,KENYA,November,0.0,11,2020-11-01
2020,KOSOVAR,November,0.0,11,2020-11-01
2020,KUWAIT,November,0.0,11,2020-11-01
2020,KYRGYZSTAN,November,0.0,11,2020-11-01
2020,LAO PEOPLES DEM.REP.,November,0.0,11,2020-11-01
2020,LATVIA,November,0.0,11,2020-11-01
2020,LEBANON,November,0.0,11,2020-11-01
2020,LESOTHO,November,0.0,11,2020-11-01
2020,LIBERIA,November,0.0,11,2020-11-01
2020,LIBYA(LIBYAN ARAB JAMAHIR,November,0.0,11,2020-11-01
2020,LIECHTENSTEIN,November,0.0,11,2020-11-01
2020,LITHUANIA,November,0.0,11,2020-11-01
2020,LUXEMBOURG,November,0.0,11,2020-11-01
2020,MACEDONIA,November,0.0,11,2020-11-01
2020,MADAGASCAR,November,0.0,11,2020-11-01
2020,MALAWI,November,0.0,11,2020-11-01
2020,MALAYSIA,November,0.0,11,2020-11-01
2020,MALDIVES,November,0.0,11,2020-11-01
2020,MALI,November,0.0,11,2020-11-01
2020,MALTA,November,0.0,11,2020-11-01
2020,MAURITANIA,November,0.0,11,2020-11-01
2020,MAURITIUS,November,0.0,11,2020-11-01
2020,MEXICO,November,0.0,11,2020-11-01
2020,MOLDOVA,November,0.0,11,2020-11-01
2020,MONACO,November,0.0,11,2020-11-01
2020,MONGOLIA,November,0.0,11,2020-11-01
2020,MONTENEGRO,November,0.0,11,2020-11-01
2020,MOROCCO,November,0.0,11,2020-11-01
2020,MOZAMBIQUE,November,0.0,11,2020-11-01
2020,MYANMAR,November,0.0,11,2020-11-01
2020,NAMIBIA,November,0.0,11,2020-11-01
2020,NAURU,November,0.0,11,2020-11-01
2020,NEPAL,November,0.0,11,2020-11-01
2020,NETHERLANDS,November,0.0,11,2020-11-01
2020,NEW ZEALAND,November,0.0,11,2020-11-01
2020,NIGER,November,0.0,11,2020-11-01
2020,NIGERIA,November,0.0,11,2020-11-01
2020,NORWAY,November,0.0,11,2020-11-01
2020,OMAN,November,0.0,11,2020-11-01
2020,PAKISTAN,November,0.0,11,2020-11-01
2020,PALESTINIAN TERRITORIES,November,0.0,11,2020-11-01
2020,PANAMA,November,0.0,11,2020-11-01
2020,PAPUA NEW GUINEA,November,0.0,11,2020-11-01
2020,PARAGUAY,November,0.0,11,2020-11-01
2020,PERU,November,0.0,11,2020-11-01
2020,PHILIPPINES,November,0.0,11,2020-11-01
2020,POLAND,November,0.0,11,2020-11-01
2020,PORTUGAL,November,0.0,11,2020-11-01
2020,QATAR,November,0.0,11,2020-11-01
2020,REPUBLIC,November,0.0,11,2020-11-01
2020,REPUBLIC,November,0.0,11,2020-11-01
2020,REPUBLIC OF ZIMBABWE,November,0.0,11,2020-11-01
2020,ROMANIA,November,0.0,11,2020-11-01
2020,RUSSIAN FEDERATION,November,0.0,11,2020-11-01
2020,RWANDA,November,0.0,11,2020-11-01
2020,SAINT KITTS AND NEVIS,November,0.0,11,2020-11-01
2020,SAINT LUCIA,November,0.0,11,2020-11-01
2020,SAINT VINCENT THE GRENADI,November,0.0,11,2020-11-01
2020,SAINT VINCENT THE GRENADI,November,0.0,11,2020-11-01
2020,SAMOA,November,0.0,11,2020-11-01
2020,SAN MARINO,November,0.0,11,2020-11-01
2020,SAUDI ARABIA,November,0.0,11,2020-11-01
2020,SENEGAL,November,0.0,11,2020-11-01
2020,SERBIA,November,0.0,11,2020-11-01
2020,SEYCHELLES,November,0.0,11,2020-11-01
2020,SIERRA LEONE,November,0.0,11,2020-11-01
2020,SINGAPORE,November,0.0,11,2020-11-01
2020,SLOVAKIA(SLOVAK REPUBLIC),November,0.0,11,2020-11-01
2020,SLOVENIA,November,0.0,11,2020-11-01
2020,SOMALIA,November,0.0,11,2020-11-01
2020,SOUTH AFRICA- ZUID AFRIKA,November,0.0,11,2020-11-01
2020,SOUTH KOREA,November,0.0,11,2020-11-01
2020,SOUTH SUDAN,November,0.0,11,2020-11-01
2020,SPAIN,November,0.0,11,2020-11-01
2020,SUDAN,November,0.0,11,2020-11-01
2020,SURINAME,November,0.0,11,2020-11-01
2020,SWAZILAND,November,0.0,11,2020-11-01
2020,SWEDEN,November,0.0,11,2020-11-01
2020,SWITZERLAND,November,0.0,11,2020-11-01
2020,SYRIAN ARAB REPUBLIC,November,0.0,11,2020-11-01
2020,TAIWAN PROVINCE OF CHINA,November,0.0,11,2020-11-01
2020,TAJIKISTAN,November,0.0,11,2020-11-01
2020,TANZANIA,November,0.0,11,2020-11-01
2020,THAILAND,November,0.0,11,2020-11-01
2020,TIMOR-LESTE,November,0.0,11,2020-11-01
2020,TOGO,November,0.0,11,2020-11-01
2020,TONGA,November,0.0,11,2020-11-01
2020,TRINIDAD AND TOBAGO,November,0.0,11,2020-11-01
2020,TUNISIA,November,0.0,11,2020-11-01
2020,TURKEY,November,0.0,11,2020-11-01
2020,TURKMENISTAN,November,0.0,11,2020-11-01
2020,UGANDA,November,0.0,11,2020-11-01
2020,UKRAINE,November,0.0,11,2020-11-01
2020,UNITED ARAB EMIRATES,November,0.0,11,2020-11-01
2020,UNITED KINGDOM,November,0.0,11,2020-11-01
2020,UNITED STATES,November,0.0,11,2020-11-01
2020,URUGUAY,November,0.0,11,2020-11-01
2020,UZBEKISTAN,November,0.0,11,2020-11-01
2020,VANUATU,November,0.0,11,2020-11-01
2020,VENEZUELA,November,0.0,11,2020-11-01
2020,VIET NAM,November,0.0,11,2020-11-01
2020,YEMEN (YEMEN ARAB REP.),November,0.0,11,2020-11-01
2020,ZAMBIA (NORTHERNRHODESIA),November,0.0,11,2020-11-01
2020,ZIMBABWE,November,0.0,11,2020-11-01
2020,AFGHANISTAN,December,0.0,12,2020-12-01
2020,ALBANIA,December,0.0,12,2020-12-01
2020,ALGERIA,December,0.0,12,2020-12-01
2020,ANDORRA,December,0.0,12,2020-12-01
2020,ANGOLA,December,0.0,12,2020-12-01
2020,ANTIGUA AND BARBUDA,December,0.0,12,2020-12-01
2020,ARGENTINA,December,0.0,12,2020-12-01
2020,ARMENIA,December,0.0,12,2020-12-01
2020,AUSTRALIA,December,0.0,12,2020-12-01
2020,AUSTRIA,December,0.0,12,2020-12-01
2020,AZERBAIJAN,December,0.0,12,2020-12-01
2020,BAHAMAS,December,0.0,12,2020-12-01
2020,BAHRAIN,December,0.0,12,2020-12-01
2020,BANGLADESH,December,0.0,12,2020-12-01
2020,BARBADOS,December,0.0,12,2020-12-01
2020,BELARUS,December,0.0,12,2020-12-01
2020,BELGIUM,December,0.0,12,2020-12-01
2020,BELIZE,December,0.0,12,2020-12-01
2020,BENIN,December,0.0,12,2020-12-01
2020,BHUTAN,December,0.0,12,2020-12-01
2020,BOLIVIA,December,0.0,12,2020-12-01
2020,BOSNIA AND HERZEGOVINA,December,0.0,12,2020-12-01
2020,BOTSWANA,December,0.0,12,2020-12-01
2020,BRAZIL,December,0.0,12,2020-12-01
2020,BRUNEI DARUSSALAM,December,0.0,12,2020-12-01
2020,BULGARIA,December,0.0,12,2020-12-01
2020,BURKINA FASO,December,0.0,12,2020-12-01
2020,BURUNDI,December,0.0,12,2020-12-01
2020,CAMBODIA,December,0.0,12,2020-12-01
2020,CAMEROON,December,0.0,12,2020-12-01
2020,CANADA,December,0.0,12,2020-12-01
2020,CAPE VERDE,December,0.0,12,2020-12-01
2020,CENTRAL AFRICAN,December,0.0,12,2020-12-01
2020,CHAD,December,0.0,12,2020-12-01
2020,CHILE,December,0.0,12,2020-12-01
2020,CHINA,December,0.0,12,2020-12-01
2020,COLOMBIA,December,0.0,12,2020-12-01
2020,COMOROS,December,0.0,12,2020-12-01
2020,CONGO THE DEM REPOF THE,December,0.0,12,2020-12-01
2020,COSTA RICA,December,0.0,12,2020-12-01
2020,COTE DIVOIRE,December,0.0,12,2020-12-01
2020,CROATIA,December,0.0,12,2020-12-01
2020,CUBA,December,0.0,12,2020-12-01
2020,CYPRUS,December,0.0,12,2020-12-01
2020,CZECH REPUBLIC,December,0.0,12,2020-12-01
2020,DENMARK,December,0.0,12,2020-12-01
2020,DJIBOUTI,December,0.0,12,2020-12-01
2020,DOMINICA,December,0.0,12,2020-12-01
2020,DOMINICAN,December,0.0,12,2020-12-01
2020,ECUADOR,December,0.0,12,2020-12-01
2020,EGYPT,December,0.0,12,2020-12-01
2020,EL SALVADOR,December,0.0,12,2020-12-01
2020,EQUATORIAL,December,0.0,12,2020-12-01
2020,ERITREA,December,0.0,12,2020-12-01
2020,ESTONIA,December,0.0,12,2020-12-01
2020,ETHIOPIA,December,0.0,12,2020-12-01
2020,FIJI,December,0.0,12,2020-12-01
2020,FINLAND,December,0.0,12,2020-12-01
2020,FRANCE,December,0.0,12,2020-12-01
2020,GABON,December,0.0,12,2020-12-01
2020,"GAMBIA, THE",December,0.0,12,2020-12-01
2020,GEORGIA,December,0.0,12,2020-12-01
2020,GERMANY,December,0.0,12,2020-12-01
2020,GHANA,December,0.0,12,2020-12-01
2020,GREECE,December,0.0,12,2020-12-01
2020,GRENADA,December,0.0,12,2020-12-01
2020,GUATEMALA,December,0.0,12,2020-12-01
2020,GUINEA,December,0.0,12,2020-12-01
2020,GUINEA,December,0.0,12,2020-12-01
2020,GUINEA-BISSAU,December,0.0,12,2020-12-01
2020,GUYANA,December,0.0,12,2020-12-01
2020,HAITI,December,0.0,12,2020-12-01
2020,HONDURAS,December,0.0,12,2020-12-01
2020,HONG KONG,December,0.0,12,2020-12-01
2020,HUNGARY,December,0.0,12,2020-12-01
2020,ICELAND,December,0.0,12,2020-12-01
2020,INDIA,December,0.0,12,2020-12-01
2020,INDONESIA,December,0.0,12,2020-12-01
2020,IRAN,December,0.0,12,2020-12-01
2020,IRAQ,December,0.0,12,2020-12-01
2020,IRELAND,December,0.0,12,2020-12-01
2020,ISRAEL,December,0.0,12,2020-12-01
2020,ITALY,December,0.0,12,2020-12-01
2020,JAMAICA,December,0.0,12,2020-12-01
2020,JAPAN,December,0.0,12,2020-12-01
2020,JORDAN,December,0.0,12,2020-12-01
2020,KAZAKHSTAN,December,0.0,12,2020-12-01
2020,KENYA,December,0.0,12,2020-12-01
2020,KOSOVAR,December,0.0,12,2020-12-01
2020,KUWAIT,December,0.0,12,2020-12-01
2020,KYRGYZSTAN,December,0.0,12,2020-12-01
2020,LAO PEOPLES DEM.REP.,December,0.0,12,2020-12-01
2020,LATVIA,December,0.0,12,2020-12-01
2020,LEBANON,December,0.0,12,2020-12-01
2020,LESOTHO,December,0.0,12,2020-12-01
2020,LIBERIA,December,0.0,12,2020-12-01
2020,LIBYA(LIBYAN ARAB JAMAHIR,December,0.0,12,2020-12-01
2020,LIECHTENSTEIN,December,0.0,12,2020-12-01
2020,LITHUANIA,December,0.0,12,2020-12-01
2020,LUXEMBOURG,December,0.0,12,2020-12-01
2020,MACEDONIA,December,0.0,12,2020-12-01
2020,MADAGASCAR,December,0.0,12,2020-12-01
2020,MALAWI,December,0.0,12,2020-12-01
2020,MALAYSIA,December,0.0,12,2020-12-01
2020,MALDIVES,December,0.0,12,2020-12-01
2020,MALI,December,0.0,12,2020-12-01
2020,MALTA,December,0.0,12,2020-12-01
2020,MAURITANIA,December,0.0,12,2020-12-01
2020,MAURITIUS,December,0.0,12,2020-12-01
2020,MEXICO,December,0.0,12,2020-12-01
2020,MOLDOVA,December,0.0,12,2020-12-01
2020,MONACO,December,0.0,12,2020-12-01
2020,MONGOLIA,December,0.0,12,2020-12-01
2020,MONTENEGRO,December,0.0,12,2020-12-01
2020,MOROCCO,December,0.0,12,2020-12-01
2020,MOZAMBIQUE,December,0.0,12,2020-12-01
2020,MYANMAR,December,0.0,12,2020-12-01
2020,NAMIBIA,December,0.0,12,2020-12-01
2020,NAURU,December,0.0,12,2020-12-01
2020,NEPAL,December,0.0,12,2020-12-01
2020,NETHERLANDS,December,0.0,12,2020-12-01
2020,NEW ZEALAND,December,0.0,12,2020-12-01
2020,NIGER,December,0.0,12,2020-12-01
2020,NIGERIA,December,0.0,12,2020-12-01
2020,NORWAY,December,0.0,12,2020-12-01
2020,OMAN,December,0.0,12,2020-12-01
2020,PAKISTAN,December,0.0,12,2020-12-01
2020,PALESTINIAN TERRITORIES,December,0.0,12,2020-12-01
2020,PANAMA,December,0.0,12,2020-12-01
2020,PAPUA NEW GUINEA,December,0.0,12,2020-12-01
2020,PARAGUAY,December,0.0,12,2020-12-01
2020,PERU,December,0.0,12,2020-12-01
2020,PHILIPPINES,December,0.0,12,2020-12-01
2020,POLAND,December,0.0,12,2020-12-01
2020,PORTUGAL,December,0.0,12,2020-12-01
2020,QATAR,December,0.0,12,2020-12-01
2020,REPUBLIC,December,0.0,12,2020-12-01
2020,REPUBLIC,December,0.0,12,2020-12-01
2020,REPUBLIC OF ZIMBABWE,December,0.0,12,2020-12-01
2020,ROMANIA,December,0.0,12,2020-12-01
2020,RUSSIAN FEDERATION,December,0.0,12,2020-12-01
2020,RWANDA,December,0.0,12,2020-12-01
2020,SAINT KITTS AND NEVIS,December,0.0,12,2020-12-01
2020,SAINT LUCIA,December,0.0,12,2020-12-01
2020,SAINT VINCENT THE GRENADI,December,0.0,12,2020-12-01
2020,SAINT VINCENT THE GRENADI,December,0.0,12,2020-12-01
2020,SAMOA,December,0.0,12,2020-12-01
2020,SAN MARINO,December,0.0,12,2020-12-01
2020,SAUDI ARABIA,December,0.0,12,2020-12-01
2020,SENEGAL,December,0.0,12,2020-12-01
2020,SERBIA,December,0.0,12,2020-12-01
2020,SEYCHELLES,December,0.0,12,2020-12-01
2020,SIERRA LEONE,December,0.0,12,2020-12-01
2020,SINGAPORE,December,0.0,12,2020-12-01
2020,SLOVAKIA(SLOVAK REPUBLIC),December,0.0,12,2020-12-01
2020,SLOVENIA,December,0.0,12,2020-12-01
2020,SOMALIA,December,0.0,12,2020-12-01
2020,SOUTH AFRICA- ZUID AFRIKA,December,0.0,12,2020-12-01
2020,SOUTH KOREA,December,0.0,12,2020-12-01
2020,SOUTH SUDAN,December,0.0,12,2020-12-01
2020,SPAIN,December,0.0,12,2020-12-01
2020,SUDAN,December,0.0,12,2020-12-01
2020,SURINAME,December,0.0,12,2020-12-01
2020,SWAZILAND,December,0.0,12,2020-12-01
2020,SWEDEN,December,0.0,12,2020-12-01
2020,SWITZERLAND,December,0.0,12,2020-12-01
2020,SYRIAN ARAB REPUBLIC,December,0.0,12,2020-12-01
2020,TAIWAN PROVINCE OF CHINA,December,0.0,12,2020-12-01
2020,TAJIKISTAN,December,0.0,12,2020-12-01
2020,TANZANIA,December,0.0,12,2020-12-01
2020,THAILAND,December,0.0,12,2020-12-01
2020,TIMOR-LESTE,December,0.0,12,2020-12-01
2020,TOGO,December,0.0,12,2020-12-01
2020,TONGA,December,0.0,12,2020-12-01
2020,TRINIDAD AND TOBAGO,December,0.0,12,2020-12-01
2020,TUNISIA,December,0.0,12,2020-12-01
2020,TURKEY,December,0.0,12,2020-12-01
2020,TURKMENISTAN,December,0.0,12,2020-12-01
2020,UGANDA,December,0.0,12,2020-12-01
2020,UKRAINE,December,393.0,12,2020-12-01
2020,UNITED ARAB EMIRATES,December,0.0,12,2020-12-01
2020,UNITED KINGDOM,December,0.0,12,2020-12-01
2020,UNITED STATES,December,0.0,12,2020-12-01
2020,URUGUAY,December,0.0,12,2020-12-01
2020,UZBEKISTAN,December,0.0,12,2020-12-01
2020,VANUATU,December,0.0,12,2020-12-01
2020,VENEZUELA,December,0.0,12,2020-12-01
2020,VIET NAM,December,0.0,12,2020-12-01
2020,YEMEN (YEMEN ARAB REP.),December,0.0,12,2020-12-01
2020,ZAMBIA (NORTHERNRHODESIA),December,0.0,12,2020-12-01
2020,ZIMBABWE,December,0.0,12,2020-12-01
2021,A,January,0.0,1,2021-01-01
2021,AFGHANISTAN,January,0.0,1,2021-01-01
2021,ALBANIA,January,0.0,1,2021-01-01
2021,ALGERIA,January,0.0,1,2021-01-01
2021,ANDORRA,January,0.0,1,2021-01-01
2021,ANGOLA,January,0.0,1,2021-01-01
2021,ANTIGUA AND BARBUDA,January,0.0,1,2021-01-01
2021,ARGENTINA,January,0.0,1,2021-01-01
2021,ARMENIA,January,2.0,1,2021-01-01
2021,AUSTRALIA,January,3.0,1,2021-01-01
2021,AUSTRIA,January,5.0,1,2021-01-01
2021,AZERBAIJAN,January,0.0,1,2021-01-01
2021,B,January,0.0,1,2021-01-01
2021,BAHAMAS,January,0.0,1,2021-01-01
2021,BAHRAIN,January,0.0,1,2021-01-01
2021,BANGLADESH,January,0.0,1,2021-01-01
2021,BARBADOS,January,0.0,1,2021-01-01
2021,BELARUS,January,30.0,1,2021-01-01
2021,BELGIUM,January,0.0,1,2021-01-01
2021,BELIZE,January,0.0,1,2021-01-01
2021,BENIN,January,0.0,1,2021-01-01
2021,BHUTAN,January,0.0,1,2021-01-01
2021,BOLIVIA,January,0.0,1,2021-01-01
2021,BOSNIA,January,0.0,1,2021-01-01
2021,BOTSWANA,January,0.0,1,2021-01-01
2021,BRAZIL,January,0.0,1,2021-01-01
2021,BRUNEI,January,0.0,1,2021-01-01
2021,BULGARIA,January,0.0,1,2021-01-01
2021,BURKINA,January,0.0,1,2021-01-01
2021,BURUNDI,January,0.0,1,2021-01-01
2021,C,January,0.0,1,2021-01-01
2021,CAMBODIA,January,0.0,1,2021-01-01
2021,CAMEROON,January,0.0,1,2021-01-01
2021,CANADA,January,17.0,1,2021-01-01
2021,CAPE VERDE,January,0.0,1,2021-01-01
2021,CENTRAL AFRICAN REPUBLIC,January,0.0,1,2021-01-01
2021,CHAD,January,0.0,1,2021-01-01
2021,CHILE,January,0.0,1,2021-01-01
2021,CHINA,January,27.0,1,2021-01-01
2021,COLOMBIA,January,0.0,1,2021-01-01
2021,COMOROS,January,0.0,1,2021-01-01
2021,CONGO THE DEM REPOF THE,January,0.0,1,2021-01-01
2021,COSTA RICA,January,0.0,1,2021-01-01
2021,COTE DIVOIRE,January,0.0,1,2021-01-01
2021,CROATIA,January,0.0,1,2021-01-01
2021,CUBA,January,0.0,1,2021-01-01
2021,CYPRUS,January,0.0,1,2021-01-01
2021,CZECH REPUBLIC,January,0.0,1,2021-01-01
2021,D,January,0.0,1,2021-01-01
2021,DENMARK,January,0.0,1,2021-01-01
2021,DJIBOUTI,January,0.0,1,2021-01-01
2021,DOMINICA,January,0.0,1,2021-01-01
2021,DOMINICAN REPUBLIC,January,0.0,1,2021-01-01
2021,E,January,0.0,1,2021-01-01
2021,ECUADOR,January,0.0,1,2021-01-01
2021,EGYPT,January,0.0,1,2021-01-01
2021,EL SALVADOR,January,0.0,1,2021-01-01
2021,EQUATORIAL GUINEA,January,0.0,1,2021-01-01
2021,ERITREA,January,0.0,1,2021-01-01
2021,ESTONIA,January,0.0,1,2021-01-01
2021,ETHIOPIA,January,0.0,1,2021-01-01
2021,EUROPEAN UNION,January,0.0,1,2021-01-01
2021,F,January,0.0,1,2021-01-01
2021,FIJI,January,0.0,1,2021-01-01
2021,FINLAND,January,0.0,1,2021-01-01
2021,FRANCE,January,4.0,1,2021-01-01
2021,G,January,0.0,1,2021-01-01
2021,GABON,January,0.0,1,2021-01-01
2021,"GAMBIA, THE",January,0.0,1,2021-01-01
2021,GEORGIA,January,0.0,1,2021-01-01
2021,GERMANY,January,19.0,1,2021-01-01
2021,GHANA,January,0.0,1,2021-01-01
2021,GREECE,January,0.0,1,2021-01-01
2021,GRENADA,January,0.0,1,2021-01-01
2021,GUATEMALA,January,0.0,1,2021-01-01
2021,GUINEA,January,0.0,1,2021-01-01
2021,GUINEA-BISSAU,January,0.0,1,2021-01-01
2021,GUYANA,January,0.0,1,2021-01-01
2021,H,January,0.0,1,2021-01-01
2021,HAITI,January,0.0,1,2021-01-01
2021,HONDURAS,January,0.0,1,2021-01-01
2021,HONG KONG,January,0.0,1,2021-01-01
2021,HUNGARY,January,0.0,1,2021-01-01
2021,I,January,0.0,1,2021-01-01
2021,ICELAND,January,0.0,1,2021-01-01
2021,INDIA,January,17.0,1,2021-01-01
2021,INDONESIA,January,3.0,1,2021-01-01
2021,IRAN,January,0.0,1,2021-01-01
2021,IRAQ,January,0.0,1,2021-01-01
2021,IRELAND,January,0.0,1,2021-01-01
2021,ISLE OF MAN,January,0.0,1,2021-01-01
2021,ISRAEL,January,0.0,1,2021-01-01
2021,ITALY,January,2.0,1,2021-01-01
2021,J,January,0.0,1,2021-01-01
2021,JAMAICA,January,0.0,1,2021-01-01
2021,JAPAN,January,1.0,1,2021-01-01
2021,JORDAN,January,0.0,1,2021-01-01
2021,K,January,0.0,1,2021-01-01
2021,KAZAKHSTAN,January,1.0,1,2021-01-01
2021,KENYA,January,0.0,1,2021-01-01
2021,KOSOVAR,January,0.0,1,2021-01-01
2021,KUWAIT,January,0.0,1,2021-01-01
2021,KYRGYZSTAN,January,0.0,1,2021-01-01
2021,L,January,0.0,1,2021-01-01
2021,LAO PEOPLES DEM. REP.,January,0.0,1,2021-01-01
2021,LATVIA,January,1.0,1,2021-01-01
2021,LEBANON,January,0.0,1,2021-01-01
2021,LESOTHO,January,0.0,1,2021-01-01
2021,LIBERIA,January,0.0,1,2021-01-01
2021,LIBYA(LIBYAN ARAB JAMAHIR),January,0.0,1,2021-01-01
2021,LIECHTENSTEIN,January,0.0,1,2021-01-01
2021,LITHUANIA,January,0.0,1,2021-01-01
2021,LUXEMBOURG,January,0.0,1,2021-01-01
2021,M,January,0.0,1,2021-01-01
2021,MACEDONIA,January,0.0,1,2021-01-01
2021,MADAGASCAR,January,0.0,1,2021-01-01
2021,MALAWI,January,0.0,1,2021-01-01
2021,MALAYSIA,January,1.0,1,2021-01-01
2021,MALDIVES,January,17.0,1,2021-01-01
2021,MALI,January,0.0,1,2021-01-01
2021,MALTA,January,0.0,1,2021-01-01
2021,MAURITANIA,January,0.0,1,2021-01-01
2021,MAURITIUS,January,0.0,1,2021-01-01
2021,MEXICO,January,0.0,1,2021-01-01
2021,MICRONESIA,January,0.0,1,2021-01-01
2021,MOLDOVA,January,6.0,1,2021-01-01
2021,MONACO,January,0.0,1,2021-01-01
2021,MONGOLIA,January,0.0,1,2021-01-01
2021,MONTENEGRO,January,0.0,1,2021-01-01
2021,MOROCCO,January,0.0,1,2021-01-01
2021,MOZAMBIQUE,January,0.0,1,2021-01-01
2021,MYANMAR,January,1.0,1,2021-01-01
2021,N,January,0.0,1,2021-01-01
2021,NAMIBIA,January,0.0,1,2021-01-01
2021,NAURU,January,0.0,1,2021-01-01
2021,NEPAL,January,0.0,1,2021-01-01
2021,NETHERLANDS,January,18.0,1,2021-01-01
2021,NEW ZEALAND,January,3.0,1,2021-01-01
2021,NIGER,January,0.0,1,2021-01-01
2021,NIGERIA,January,0.0,1,2021-01-01
2021,NORWAY,January,0.0,1,2021-01-01
2021,O,January,0.0,1,2021-01-01
2021,OMAN,January,0.0,1,2021-01-01
2021,P,January,0.0,1,2021-01-01
2021,PAKISTAN,January,0.0,1,2021-01-01
2021,PALESTINIAN TERRITORIES,January,0.0,1,2021-01-01
2021,PANAMA,January,0.0,1,2021-01-01
2021,PAPUA NEW GUINEA,January,0.0,1,2021-01-01
2021,PARAGUAY,January,0.0,1,2021-01-01
2021,PERU,January,0.0,1,2021-01-01
2021,PHILIPPINES,January,6.0,1,2021-01-01
2021,POLAND,January,0.0,1,2021-01-01
2021,PORTUGAL,January,0.0,1,2021-01-01
2021,Q,January,0.0,1,2021-01-01
2021,QATAR,January,0.0,1,2021-01-01
2021,R,January,0.0,1,2021-01-01
2021,REPUBLIC OF ZIMBABWE,January,0.0,1,2021-01-01
2021,ROMANIA,January,0.0,1,2021-01-01
2021,RUSSIAN FEDERATION,January,20.0,1,2021-01-01
2021,RWANDA,January,0.0,1,2021-01-01
2021,S,January,0.0,1,2021-01-01
2021,SAINT KITTS AND NEVIS,January,0.0,1,2021-01-01
2021,SAINT LUCIA,January,0.0,1,2021-01-01
2021,SAINT VINCENT THE GRENADI,January,0.0,1,2021-01-01
2021,SAMOA,January,0.0,1,2021-01-01
2021,SAN MARINO,January,0.0,1,2021-01-01
2021,SAUDI ARABIA,January,0.0,1,2021-01-01
2021,SENEGAL,January,0.0,1,2021-01-01
2021,SERBIA,January,0.0,1,2021-01-01
2021,SEYCHELLES,January,0.0,1,2021-01-01
2021,SIERRA LEONE,January,0.0,1,2021-01-01
2021,SINGAPORE,January,1.0,1,2021-01-01
2021,SLOVAKIA(SLOVAK REPUBLIC),January,0.0,1,2021-01-01
2021,SLOVENIA,January,0.0,1,2021-01-01
2021,SOMALIA,January,0.0,1,2021-01-01
2021,SOUTH AFRICA-ZUID AFRIKA,January,0.0,1,2021-01-01
2021,SOUTH KOREA,January,0.0,1,2021-01-01
2021,SOUTH SUDAN,January,0.0,1,2021-01-01
2021,SPAIN,January,0.0,1,2021-01-01
2021,SUDAN,January,0.0,1,2021-01-01
2021,SURINAME,January,0.0,1,2021-01-01
2021,SWAZILAND,January,0.0,1,2021-01-01
2021,SWEDEN,January,0.0,1,2021-01-01
2021,SWITZERLAND,January,3.0,1,2021-01-01
2021,SYRIAN ARAB REPUBLIC,January,0.0,1,2021-01-01
2021,T,January,0.0,1,2021-01-01
2021,TAIWAN PROVINCE OF CHINA,January,0.0,1,2021-01-01
2021,TAJIKISTAN,January,0.0,1,2021-01-01
2021,TANZANIA,January,0.0,1,2021-01-01
2021,THAILAND,January,0.0,1,2021-01-01
2021,TIMOR-LESTE,January,0.0,1,2021-01-01
2021,TOGO,January,0.0,1,2021-01-01
2021,TONGA,January,0.0,1,2021-01-01
2021,TRINIDAD AND TOBAGO,January,0.0,1,2021-01-01
2021,TUNISIA,January,0.0,1,2021-01-01
2021,TURKEY,January,1.0,1,2021-01-01
2021,TURKMENISTAN,January,0.0,1,2021-01-01
2021,U,January,0.0,1,2021-01-01
2021,UGANDA,January,0.0,1,2021-01-01
2021,UKRAINE,January,1460.0,1,2021-01-01
2021,UNITED ARAB EMIRATES,January,0.0,1,2021-01-01
2021,UNITED KINGDOM,January,3.0,1,2021-01-01
2021,UNITED STATES,January,10.0,1,2021-01-01
2021,URUGUAY,January,0.0,1,2021-01-01
2021,UZBEKISTAN,January,0.0,1,2021-01-01
2021,V,January,0.0,1,2021-01-01
2021,VANUATU,January,0.0,1,2021-01-01
2021,VENEZUELA,January,0.0,1,2021-01-01
2021,VIETNAM,January,0.0,1,2021-01-01
2021,Y,January,0.0,1,2021-01-01
2021,YEMEN (YEMEN ARAB REP.),January,0.0,1,2021-01-01
2021,Z,January,0.0,1,2021-01-01
2021,ZAMBIA (NORTHERN RHODESIA),January,0.0,1,2021-01-01
2021,ZIMBABWE,January,0.0,1,2021-01-01
2021,A,February,0.0,2,2021-02-01
2021,AFGHANISTAN,February,0.0,2,2021-02-01
2021,ALBANIA,February,0.0,2,2021-02-01
2021,ALGERIA,February,0.0,2,2021-02-01
2021,ANDORRA,February,0.0,2,2021-02-01
2021,ANGOLA,February,0.0,2,2021-02-01
2021,ANTIGUA AND BARBUDA,February,1.0,2,2021-02-01
2021,ARGENTINA,February,0.0,2,2021-02-01
2021,ARMENIA,February,1.0,2,2021-02-01
2021,AUSTRALIA,February,24.0,2,2021-02-01
2021,AUSTRIA,February,19.0,2,2021-02-01
2021,AZERBAIJAN,February,2.0,2,2021-02-01
2021,B,February,0.0,2,2021-02-01
2021,BAHAMAS,February,0.0,2,2021-02-01
2021,BAHRAIN,February,0.0,2,2021-02-01
2021,BANGLADESH,February,6.0,2,2021-02-01
2021,BARBADOS,February,0.0,2,2021-02-01
2021,BELARUS,February,44.0,2,2021-02-01
2021,BELGIUM,February,7.0,2,2021-02-01
2021,BELIZE,February,0.0,2,2021-02-01
2021,BENIN,February,0.0,2,2021-02-01
2021,BHUTAN,February,0.0,2,2021-02-01
2021,BOLIVIA,February,0.0,2,2021-02-01
2021,BOSNIA,February,1.0,2,2021-02-01
2021,BOTSWANA,February,0.0,2,2021-02-01
2021,BRAZIL,February,3.0,2,2021-02-01
2021,BRUNEI,February,0.0,2,2021-02-01
2021,BULGARIA,February,0.0,2,2021-02-01
2021,BURKINA,February,0.0,2,2021-02-01
2021,BURUNDI,February,1.0,2,2021-02-01
2021,C,February,0.0,2,2021-02-01
2021,CAMBODIA,February,0.0,2,2021-02-01
2021,CAMEROON,February,0.0,2,2021-02-01
2021,CANADA,February,71.0,2,2021-02-01
2021,CAPE VERDE,February,0.0,2,2021-02-01
2021,CENTRAL AFRICAN REPUBLIC,February,0.0,2,2021-02-01
2021,CHAD,February,0.0,2,2021-02-01
2021,CHILE,February,1.0,2,2021-02-01
2021,CHINA,February,117.0,2,2021-02-01
2021,COLOMBIA,February,2.0,2,2021-02-01
2021,COMOROS,February,0.0,2,2021-02-01
2021,CONGO THE DEM REPOF THE,February,0.0,2,2021-02-01
2021,COSTA RICA,February,0.0,2,2021-02-01
2021,COTE DIVOIRE,February,1.0,2,2021-02-01
2021,CROATIA,February,0.0,2,2021-02-01
2021,CUBA,February,0.0,2,2021-02-01
2021,CYPRUS,February,0.0,2,2021-02-01
2021,CZECH REPUBLIC,February,17.0,2,2021-02-01
2021,D,February,0.0,2,2021-02-01
2021,DENMARK,February,11.0,2,2021-02-01
2021,DJIBOUTI,February,0.0,2,2021-02-01
2021,DOMINICA,February,0.0,2,2021-02-01
2021,DOMINICAN REPUBLIC,February,0.0,2,2021-02-01
2021,E,February,0.0,2,2021-02-01
2021,ECUADOR,February,0.0,2,2021-02-01
2021,EGYPT,February,3.0,2,2021-02-01
2021,EL SALVADOR,February,0.0,2,2021-02-01
2021,EQUATORIAL GUINEA,February,0.0,2,2021-02-01
2021,ERITREA,February,0.0,2,2021-02-01
2021,ESTONIA,February,3.0,2,2021-02-01
2021,ETHIOPIA,February,0.0,2,2021-02-01
2021,EUROPEAN UNION,February,0.0,2,2021-02-01
2021,F,February,0.0,2,2021-02-01
2021,FIJI,February,0.0,2,2021-02-01
2021,FINLAND,February,2.0,2,2021-02-01
2021,FRANCE,February,40.0,2,2021-02-01
2021,G,February,0.0,2,2021-02-01
2021,GABON,February,0.0,2,2021-02-01
2021,"GAMBIA, THE",February,0.0,2,2021-02-01
2021,GEORGIA,February,0.0,2,2021-02-01
2021,GERMANY,February,245.0,2,2021-02-01
2021,GHANA,February,0.0,2,2021-02-01
2021,GREECE,February,1.0,2,2021-02-01
2021,GRENADA,February,0.0,2,2021-02-01
2021,GUATEMALA,February,0.0,2,2021-02-01
2021,GUINEA,February,0.0,2,2021-02-01
2021,GUINEA-BISSAU,February,0.0,2,2021-02-01
2021,GUYANA,February,0.0,2,2021-02-01
2021,H,February,0.0,2,2021-02-01
2021,HAITI,February,0.0,2,2021-02-01
2021,HONDURAS,February,0.0,2,2021-02-01
2021,HONG KONG,February,0.0,2,2021-02-01
2021,HUNGARY,February,6.0,2,2021-02-01
2021,I,February,0.0,2,2021-02-01
2021,ICELAND,February,0.0,2,2021-02-01
2021,INDIA,February,79.0,2,2021-02-01
2021,INDONESIA,February,5.0,2,2021-02-01
2021,IRAN,February,0.0,2,2021-02-01
2021,IRAQ,February,0.0,2,2021-02-01
2021,IRELAND,February,18.0,2,2021-02-01
2021,ISLE OF MAN,February,0.0,2,2021-02-01
2021,ISRAEL,February,1.0,2,2021-02-01
2021,ITALY,February,23.0,2,2021-02-01
2021,J,February,0.0,2,2021-02-01
2021,JAMAICA,February,0.0,2,2021-02-01
2021,JAPAN,February,9.0,2,2021-02-01
2021,JORDAN,February,4.0,2,2021-02-01
2021,K,February,0.0,2,2021-02-01
2021,KAZAKHSTAN,February,1231.0,2,2021-02-01
2021,KENYA,February,0.0,2,2021-02-01
2021,KOSOVAR,February,1.0,2,2021-02-01
2021,KUWAIT,February,0.0,2,2021-02-01
2021,KYRGYZSTAN,February,1.0,2,2021-02-01
2021,L,February,0.0,2,2021-02-01
2021,LAO PEOPLES DEM. REP.,February,0.0,2,2021-02-01
2021,LATVIA,February,13.0,2,2021-02-01
2021,LEBANON,February,6.0,2,2021-02-01
2021,LESOTHO,February,0.0,2,2021-02-01
2021,LIBERIA,February,0.0,2,2021-02-01
2021,LIBYA(LIBYAN ARAB JAMAHIR),February,0.0,2,2021-02-01
2021,LIECHTENSTEIN,February,0.0,2,2021-02-01
2021,LITHUANIA,February,5.0,2,2021-02-01
2021,LUXEMBOURG,February,2.0,2,2021-02-01
2021,M,February,0.0,2,2021-02-01
2021,MACEDONIA,February,0.0,2,2021-02-01
2021,MADAGASCAR,February,0.0,2,2021-02-01
2021,MALAWI,February,0.0,2,2021-02-01
2021,MALAYSIA,February,3.0,2,2021-02-01
2021,MALDIVES,February,13.0,2,2021-02-01
2021,MALI,February,0.0,2,2021-02-01
2021,MALTA,February,0.0,2,2021-02-01
2021,MAURITANIA,February,0.0,2,2021-02-01
2021,MAURITIUS,February,1.0,2,2021-02-01
2021,MEXICO,February,3.0,2,2021-02-01
2021,MICRONESIA,February,0.0,2,2021-02-01
2021,MOLDOVA,February,7.0,2,2021-02-01
2021,MONACO,February,0.0,2,2021-02-01
2021,MONGOLIA,February,0.0,2,2021-02-01
2021,MONTENEGRO,February,0.0,2,2021-02-01
2021,MOROCCO,February,1.0,2,2021-02-01
2021,MOZAMBIQUE,February,0.0,2,2021-02-01
2021,MYANMAR,February,4.0,2,2021-02-01
2021,N,February,0.0,2,2021-02-01
2021,NAMIBIA,February,0.0,2,2021-02-01
2021,NAURU,February,0.0,2,2021-02-01
2021,NEPAL,February,1.0,2,2021-02-01
2021,NETHERLANDS,February,21.0,2,2021-02-01
2021,NEW ZEALAND,February,5.0,2,2021-02-01
2021,NIGER,February,0.0,2,2021-02-01
2021,NIGERIA,February,0.0,2,2021-02-01
2021,NORWAY,February,14.0,2,2021-02-01
2021,O,February,0.0,2,2021-02-01
2021,OMAN,February,0.0,2,2021-02-01
2021,P,February,0.0,2,2021-02-01
2021,PAKISTAN,February,13.0,2,2021-02-01
2021,PALESTINIAN TERRITORIES,February,0.0,2,2021-02-01
2021,PANAMA,February,1.0,2,2021-02-01
2021,PAPUA NEW GUINEA,February,0.0,2,2021-02-01
2021,PARAGUAY,February,0.0,2,2021-02-01
2021,PERU,February,0.0,2,2021-02-01
2021,PHILIPPINES,February,15.0,2,2021-02-01
2021,POLAND,February,11.0,2,2021-02-01
2021,PORTUGAL,February,4.0,2,2021-02-01
2021,Q,February,0.0,2,2021-02-01
2021,QATAR,February,1.0,2,2021-02-01
2021,R,February,0.0,2,2021-02-01
2021,REPUBLIC OF ZIMBABWE,February,0.0,2,2021-02-01
2021,ROMANIA,February,2.0,2,2021-02-01
2021,RUSSIAN FEDERATION,February,119.0,2,2021-02-01
2021,RWANDA,February,0.0,2,2021-02-01
2021,S,February,0.0,2,2021-02-01
2021,SAINT KITTS AND NEVIS,February,2.0,2,2021-02-01
2021,SAINT LUCIA,February,0.0,2,2021-02-01
2021,SAINT VINCENT THE GRENADI,February,0.0,2,2021-02-01
2021,SAMOA,February,0.0,2,2021-02-01
2021,SAN MARINO,February,0.0,2,2021-02-01
2021,SAUDI ARABIA,February,0.0,2,2021-02-01
2021,SENEGAL,February,0.0,2,2021-02-01
2021,SERBIA,February,2.0,2,2021-02-01
2021,SEYCHELLES,February,0.0,2,2021-02-01
2021,SIERRA LEONE,February,0.0,2,2021-02-01
2021,SINGAPORE,February,0.0,2,2021-02-01
2021,SLOVAKIA(SLOVAK REPUBLIC),February,14.0,2,2021-02-01
2021,SLOVENIA,February,5.0,2,2021-02-01
2021,SOMALIA,February,0.0,2,2021-02-01
2021,SOUTH AFRICA-ZUID AFRIKA,February,1.0,2,2021-02-01
2021,SOUTH KOREA,February,5.0,2,2021-02-01
2021,SOUTH SUDAN,February,0.0,2,2021-02-01
2021,SPAIN,February,18.0,2,2021-02-01
2021,SUDAN,February,1.0,2,2021-02-01
2021,SURINAME,February,0.0,2,2021-02-01
2021,SWAZILAND,February,0.0,2,2021-02-01
2021,SWEDEN,February,9.0,2,2021-02-01
2021,SWITZERLAND,February,33.0,2,2021-02-01
2021,SYRIAN ARAB REPUBLIC,February,0.0,2,2021-02-01
2021,T,February,0.0,2,2021-02-01
2021,TAIWAN PROVINCE OF CHINA,February,0.0,2,2021-02-01
2021,TAJIKISTAN,February,0.0,2,2021-02-01
2021,TANZANIA,February,0.0,2,2021-02-01
2021,THAILAND,February,2.0,2,2021-02-01
2021,TIMOR-LESTE,February,0.0,2,2021-02-01
2021,TOGO,February,0.0,2,2021-02-01
2021,TONGA,February,0.0,2,2021-02-01
2021,TRINIDAD AND TOBAGO,February,0.0,2,2021-02-01
2021,TUNISIA,February,0.0,2,2021-02-01
2021,TURKEY,February,3.0,2,2021-02-01
2021,TURKMENISTAN,February,1.0,2,2021-02-01
2021,U,February,0.0,2,2021-02-01
2021,UGANDA,February,0.0,2,2021-02-01
2021,UKRAINE,February,845.0,2,2021-02-01
2021,UNITED ARAB EMIRATES,February,0.0,2,2021-02-01
2021,UNITED KINGDOM,February,79.0,2,2021-02-01
2021,UNITED STATES,February,75.0,2,2021-02-01
2021,URUGUAY,February,0.0,2,2021-02-01
2021,UZBEKISTAN,February,5.0,2,2021-02-01
2021,V,February,0.0,2,2021-02-01
2021,VANUATU,February,0.0,2,2021-02-01
2021,VENEZUELA,February,0.0,2,2021-02-01
2021,VIETNAM,February,0.0,2,2021-02-01
2021,Y,February,0.0,2,2021-02-01
2021,YEMEN (YEMEN ARAB REP.),February,0.0,2,2021-02-01
2021,Z,February,0.0,2,2021-02-01
2021,ZAMBIA (NORTHERN RHODESIA),February,0.0,2,2021-02-01
2021,ZIMBABWE,February,0.0,2,2021-02-01
2021,A,March,0.0,3,2021-03-01
2021,AFGHANISTAN,March,1.0,3,2021-03-01
2021,ALBANIA,March,0.0,3,2021-03-01
2021,ALGERIA,March,0.0,3,2021-03-01
2021,ANDORRA,March,1.0,3,2021-03-01
2021,ANGOLA,March,0.0,3,2021-03-01
2021,ANTIGUA AND BARBUDA,March,0.0,3,2021-03-01
2021,ARGENTINA,March,0.0,3,2021-03-01
2021,ARMENIA,March,9.0,3,2021-03-01
2021,AUSTRALIA,March,29.0,3,2021-03-01
2021,AUSTRIA,March,38.0,3,2021-03-01
2021,AZERBAIJAN,March,7.0,3,2021-03-01
2021,B,March,0.0,3,2021-03-01
2021,BAHAMAS,March,0.0,3,2021-03-01
2021,BAHRAIN,March,8.0,3,2021-03-01
2021,BANGLADESH,March,3.0,3,2021-03-01
2021,BARBADOS,March,0.0,3,2021-03-01
2021,BELARUS,March,23.0,3,2021-03-01
2021,BELGIUM,March,9.0,3,2021-03-01
2021,BELIZE,March,0.0,3,2021-03-01
2021,BENIN,March,0.0,3,2021-03-01
2021,BHUTAN,March,1.0,3,2021-03-01
2021,BOLIVIA,March,2.0,3,2021-03-01
2021,BOSNIA,March,0.0,3,2021-03-01
2021,BOTSWANA,March,1.0,3,2021-03-01
2021,BRAZIL,March,3.0,3,2021-03-01
2021,BRUNEI,March,0.0,3,2021-03-01
2021,BULGARIA,March,2.0,3,2021-03-01
2021,BURKINA,March,0.0,3,2021-03-01
2021,BURUNDI,March,0.0,3,2021-03-01
2021,C,March,0.0,3,2021-03-01
2021,CAMBODIA,March,1.0,3,2021-03-01
2021,CAMEROON,March,0.0,3,2021-03-01
2021,CANADA,March,120.0,3,2021-03-01
2021,CAPE VERDE,March,0.0,3,2021-03-01
2021,CENTRAL AFRICAN REPUBLIC,March,0.0,3,2021-03-01
2021,CHAD,March,0.0,3,2021-03-01
2021,CHILE,March,0.0,3,2021-03-01
2021,CHINA,March,223.0,3,2021-03-01
2021,COLOMBIA,March,3.0,3,2021-03-01
2021,COMOROS,March,0.0,3,2021-03-01
2021,CONGO THE DEM REPOF THE,March,0.0,3,2021-03-01
2021,COSTA RICA,March,0.0,3,2021-03-01
2021,COTE DIVOIRE,March,0.0,3,2021-03-01
2021,CROATIA,March,1.0,3,2021-03-01
2021,CUBA,March,0.0,3,2021-03-01
2021,CYPRUS,March,1.0,3,2021-03-01
2021,CZECH REPUBLIC,March,52.0,3,2021-03-01
2021,D,March,0.0,3,2021-03-01
2021,DENMARK,March,21.0,3,2021-03-01
2021,DJIBOUTI,March,0.0,3,2021-03-01
2021,DOMINICA,March,0.0,3,2021-03-01
2021,DOMINICAN REPUBLIC,March,0.0,3,2021-03-01
2021,E,March,0.0,3,2021-03-01
2021,ECUADOR,March,0.0,3,2021-03-01
2021,EGYPT,March,9.0,3,2021-03-01
2021,EL SALVADOR,March,0.0,3,2021-03-01
2021,EQUATORIAL GUINEA,March,0.0,3,2021-03-01
2021,ERITREA,March,0.0,3,2021-03-01
2021,ESTONIA,March,8.0,3,2021-03-01
2021,ETHIOPIA,March,0.0,3,2021-03-01
2021,EUROPEAN UNION,March,0.0,3,2021-03-01
2021,F,March,0.0,3,2021-03-01
2021,FIJI,March,0.0,3,2021-03-01
2021,FINLAND,March,7.0,3,2021-03-01
2021,FRANCE,March,72.0,3,2021-03-01
2021,G,March,0.0,3,2021-03-01
2021,GABON,March,0.0,3,2021-03-01
2021,"GAMBIA, THE",March,0.0,3,2021-03-01
2021,GEORGIA,March,1.0,3,2021-03-01
2021,GERMANY,March,502.0,3,2021-03-01
2021,GHANA,March,0.0,3,2021-03-01
2021,GREECE,March,3.0,3,2021-03-01
2021,GRENADA,March,0.0,3,2021-03-01
2021,GUATEMALA,March,0.0,3,2021-03-01
2021,GUINEA,March,0.0,3,2021-03-01
2021,GUINEA-BISSAU,March,0.0,3,2021-03-01
2021,GUYANA,March,0.0,3,2021-03-01
2021,H,March,0.0,3,2021-03-01
2021,HAITI,March,0.0,3,2021-03-01
2021,HONDURAS,March,0.0,3,2021-03-01
2021,HONG KONG,March,0.0,3,2021-03-01
2021,HUNGARY,March,6.0,3,2021-03-01
2021,I,March,0.0,3,2021-03-01
2021,ICELAND,March,1.0,3,2021-03-01
2021,INDIA,March,183.0,3,2021-03-01
2021,INDONESIA,March,3.0,3,2021-03-01
2021,IRAN,March,65.0,3,2021-03-01
2021,IRAQ,March,3.0,3,2021-03-01
2021,IRELAND,March,15.0,3,2021-03-01
2021,ISLE OF MAN,March,0.0,3,2021-03-01
2021,ISRAEL,March,14.0,3,2021-03-01
2021,ITALY,March,34.0,3,2021-03-01
2021,J,March,0.0,3,2021-03-01
2021,JAMAICA,March,1.0,3,2021-03-01
2021,JAPAN,March,12.0,3,2021-03-01
2021,JORDAN,March,34.0,3,2021-03-01
2021,K,March,0.0,3,2021-03-01
2021,KAZAKHSTAN,March,1514.0,3,2021-03-01
2021,KENYA,March,1.0,3,2021-03-01
2021,KOSOVAR,March,0.0,3,2021-03-01
2021,KUWAIT,March,3.0,3,2021-03-01
2021,KYRGYZSTAN,March,2.0,3,2021-03-01
2021,L,March,0.0,3,2021-03-01
2021,LAO PEOPLES DEM. REP.,March,0.0,3,2021-03-01
2021,LATVIA,March,12.0,3,2021-03-01
2021,LEBANON,March,48.0,3,2021-03-01
2021,LESOTHO,March,0.0,3,2021-03-01
2021,LIBERIA,March,0.0,3,2021-03-01
2021,LIBYA(LIBYAN ARAB JAMAHIR),March,0.0,3,2021-03-01
2021,LIECHTENSTEIN,March,1.0,3,2021-03-01
2021,LITHUANIA,March,11.0,3,2021-03-01
2021,LUXEMBOURG,March,2.0,3,2021-03-01
2021,M,March,0.0,3,2021-03-01
2021,MACEDONIA,March,0.0,3,2021-03-01
2021,MADAGASCAR,March,1.0,3,2021-03-01
2021,MALAWI,March,0.0,3,2021-03-01
2021,MALAYSIA,March,3.0,3,2021-03-01
2021,MALDIVES,March,56.0,3,2021-03-01
2021,MALI,March,0.0,3,2021-03-01
2021,MALTA,March,1.0,3,2021-03-01
2021,MAURITANIA,March,0.0,3,2021-03-01
2021,MAURITIUS,March,2.0,3,2021-03-01
2021,MEXICO,March,2.0,3,2021-03-01
2021,MICRONESIA,March,0.0,3,2021-03-01
2021,MOLDOVA,March,1.0,3,2021-03-01
2021,MONACO,March,0.0,3,2021-03-01
2021,MONGOLIA,March,0.0,3,2021-03-01
2021,MONTENEGRO,March,0.0,3,2021-03-01
2021,MOROCCO,March,0.0,3,2021-03-01
2021,MOZAMBIQUE,March,0.0,3,2021-03-01
2021,MYANMAR,March,1.0,3,2021-03-01
2021,N,March,0.0,3,2021-03-01
2021,NAMIBIA,March,0.0,3,2021-03-01
2021,NAURU,March,0.0,3,2021-03-01
2021,NEPAL,March,1.0,3,2021-03-01
2021,NETHERLANDS,March,35.0,3,2021-03-01
2021,NEW ZEALAND,March,7.0,3,2021-03-01
2021,NIGER,March,0.0,3,2021-03-01
2021,NIGERIA,March,0.0,3,2021-03-01
2021,NORWAY,March,21.0,3,2021-03-01
2021,O,March,0.0,3,2021-03-01
2021,OMAN,March,1.0,3,2021-03-01
2021,P,March,0.0,3,2021-03-01
2021,PAKISTAN,March,17.0,3,2021-03-01
2021,PALESTINIAN TERRITORIES,March,1.0,3,2021-03-01
2021,PANAMA,March,0.0,3,2021-03-01
2021,PAPUA NEW GUINEA,March,0.0,3,2021-03-01
2021,PARAGUAY,March,2.0,3,2021-03-01
2021,PERU,March,0.0,3,2021-03-01
2021,PHILIPPINES,March,8.0,3,2021-03-01
2021,POLAND,March,45.0,3,2021-03-01
2021,PORTUGAL,March,4.0,3,2021-03-01
2021,Q,March,0.0,3,2021-03-01
2021,QATAR,March,0.0,3,2021-03-01
2021,R,March,0.0,3,2021-03-01
2021,REPUBLIC OF ZIMBABWE,March,0.0,3,2021-03-01
2021,ROMANIA,March,4.0,3,2021-03-01
2021,RUSSIAN FEDERATION,March,197.0,3,2021-03-01
2021,RWANDA,March,0.0,3,2021-03-01
2021,S,March,0.0,3,2021-03-01
2021,SAINT KITTS AND NEVIS,March,0.0,3,2021-03-01
2021,SAINT LUCIA,March,0.0,3,2021-03-01
2021,SAINT VINCENT THE GRENADI,March,0.0,3,2021-03-01
2021,SAMOA,March,0.0,3,2021-03-01
2021,SAN MARINO,March,0.0,3,2021-03-01
2021,SAUDI ARABIA,March,1.0,3,2021-03-01
2021,SENEGAL,March,0.0,3,2021-03-01
2021,SERBIA,March,9.0,3,2021-03-01
2021,SEYCHELLES,March,1.0,3,2021-03-01
2021,SIERRA LEONE,March,0.0,3,2021-03-01
2021,SINGAPORE,March,4.0,3,2021-03-01
2021,SLOVAKIA(SLOVAK REPUBLIC),March,26.0,3,2021-03-01
2021,SLOVENIA,March,2.0,3,2021-03-01
2021,SOMALIA,March,0.0,3,2021-03-01
2021,SOUTH AFRICA-ZUID AFRIKA,March,23.0,3,2021-03-01
2021,SOUTH KOREA,March,7.0,3,2021-03-01
2021,SOUTH SUDAN,March,0.0,3,2021-03-01
2021,SPAIN,March,36.0,3,2021-03-01
2021,SUDAN,March,0.0,3,2021-03-01
2021,SURINAME,March,0.0,3,2021-03-01
2021,SWAZILAND,March,0.0,3,2021-03-01
2021,SWEDEN,March,22.0,3,2021-03-01
2021,SWITZERLAND,March,84.0,3,2021-03-01
2021,SYRIAN ARAB REPUBLIC,March,1.0,3,2021-03-01
2021,T,March,0.0,3,2021-03-01
2021,TAIWAN PROVINCE OF CHINA,March,3.0,3,2021-03-01
2021,TAJIKISTAN,March,0.0,3,2021-03-01
2021,TANZANIA,March,0.0,3,2021-03-01
2021,THAILAND,March,6.0,3,2021-03-01
2021,TIMOR-LESTE,March,0.0,3,2021-03-01
2021,TOGO,March,0.0,3,2021-03-01
2021,TONGA,March,0.0,3,2021-03-01
2021,TRINIDAD AND TOBAGO,March,0.0,3,2021-03-01
2021,TUNISIA,March,0.0,3,2021-03-01
2021,TURKEY,March,15.0,3,2021-03-01
2021,TURKMENISTAN,March,0.0,3,2021-03-01
2021,U,March,0.0,3,2021-03-01
2021,UGANDA,March,0.0,3,2021-03-01
2021,UKRAINE,March,287.0,3,2021-03-01
2021,UNITED ARAB EMIRATES,March,4.0,3,2021-03-01
2021,UNITED KINGDOM,March,316.0,3,2021-03-01
2021,UNITED STATES,March,182.0,3,2021-03-01
2021,URUGUAY,March,1.0,3,2021-03-01
2021,UZBEKISTAN,March,10.0,3,2021-03-01
2021,V,March,0.0,3,2021-03-01
2021,VANUATU,March,0.0,3,2021-03-01
2021,VENEZUELA,March,0.0,3,2021-03-01
2021,VIETNAM,March,5.0,3,2021-03-01
2021,Y,March,0.0,3,2021-03-01
2021,YEMEN (YEMEN ARAB REP.),March,0.0,3,2021-03-01
2021,Z,March,0.0,3,2021-03-01
2021,ZAMBIA (NORTHERN RHODESIA),March,0.0,3,2021-03-01
2021,ZIMBABWE,March,0.0,3,2021-03-01
2021,A,April,0.0,4,2021-04-01
2021,AFGHANISTAN,April,1.0,4,2021-04-01
2021,ALBANIA,April,0.0,4,2021-04-01
2021,ALGERIA,April,0.0,4,2021-04-01
2021,ANDORRA,April,0.0,4,2021-04-01
2021,ANGOLA,April,0.0,4,2021-04-01
2021,ANTIGUA AND BARBUDA,April,0.0,4,2021-04-01
2021,ARGENTINA,April,5.0,4,2021-04-01
2021,ARMENIA,April,5.0,4,2021-04-01
2021,AUSTRALIA,April,60.0,4,2021-04-01
2021,AUSTRIA,April,32.0,4,2021-04-01
2021,AZERBAIJAN,April,2.0,4,2021-04-01
2021,B,April,0.0,4,2021-04-01
2021,BAHAMAS,April,0.0,4,2021-04-01
2021,BAHRAIN,April,2.0,4,2021-04-01
2021,BANGLADESH,April,5.0,4,2021-04-01
2021,BARBADOS,April,0.0,4,2021-04-01
2021,BELARUS,April,14.0,4,2021-04-01
2021,BELGIUM,April,22.0,4,2021-04-01
2021,BELIZE,April,0.0,4,2021-04-01
2021,BENIN,April,0.0,4,2021-04-01
2021,BHUTAN,April,0.0,4,2021-04-01
2021,BOLIVIA,April,0.0,4,2021-04-01
2021,BOSNIA,April,0.0,4,2021-04-01
2021,BOTSWANA,April,1.0,4,2021-04-01
2021,BRAZIL,April,6.0,4,2021-04-01
2021,BRUNEI,April,0.0,4,2021-04-01
2021,BULGARIA,April,15.0,4,2021-04-01
2021,BURKINA,April,0.0,4,2021-04-01
2021,BURUNDI,April,0.0,4,2021-04-01
2021,C,April,0.0,4,2021-04-01
2021,CAMBODIA,April,0.0,4,2021-04-01
2021,CAMEROON,April,0.0,4,2021-04-01
2021,CANADA,April,144.0,4,2021-04-01
2021,CAPE VERDE,April,0.0,4,2021-04-01
2021,CENTRAL AFRICAN REPUBLIC,April,0.0,4,2021-04-01
2021,CHAD,April,0.0,4,2021-04-01
2021,CHILE,April,0.0,4,2021-04-01
2021,CHINA,April,475.0,4,2021-04-01
2021,COLOMBIA,April,4.0,4,2021-04-01
2021,COMOROS,April,0.0,4,2021-04-01
2021,CONGO THE DEM REPOF THE,April,0.0,4,2021-04-01
2021,COSTA RICA,April,0.0,4,2021-04-01
2021,COTE DIVOIRE,April,1.0,4,2021-04-01
2021,CROATIA,April,1.0,4,2021-04-01
2021,CUBA,April,2.0,4,2021-04-01
2021,CYPRUS,April,1.0,4,2021-04-01
2021,CZECH REPUBLIC,April,52.0,4,2021-04-01
2021,D,April,0.0,4,2021-04-01
2021,DENMARK,April,10.0,4,2021-04-01
2021,DJIBOUTI,April,0.0,4,2021-04-01
2021,DOMINICA,April,1.0,4,2021-04-01
2021,DOMINICAN REPUBLIC,April,0.0,4,2021-04-01
2021,E,April,0.0,4,2021-04-01
2021,ECUADOR,April,0.0,4,2021-04-01
2021,EGYPT,April,8.0,4,2021-04-01
2021,EL SALVADOR,April,0.0,4,2021-04-01
2021,EQUATORIAL GUINEA,April,0.0,4,2021-04-01
2021,ERITREA,April,0.0,4,2021-04-01
2021,ESTONIA,April,22.0,4,2021-04-01
2021,ETHIOPIA,April,3.0,4,2021-04-01
2021,EUROPEAN UNION,April,0.0,4,2021-04-01
2021,F,April,0.0,4,2021-04-01
2021,FIJI,April,0.0,4,2021-04-01
2021,FINLAND,April,10.0,4,2021-04-01
2021,FRANCE,April,84.0,4,2021-04-01
2021,G,April,0.0,4,2021-04-01
2021,GABON,April,0.0,4,2021-04-01
2021,"GAMBIA, THE",April,0.0,4,2021-04-01
2021,GEORGIA,April,9.0,4,2021-04-01
2021,GERMANY,April,383.0,4,2021-04-01
2021,GHANA,April,0.0,4,2021-04-01
2021,GREECE,April,4.0,4,2021-04-01
2021,GRENADA,April,0.0,4,2021-04-01
2021,GUATEMALA,April,0.0,4,2021-04-01
2021,GUINEA,April,1.0,4,2021-04-01
2021,GUINEA-BISSAU,April,0.0,4,2021-04-01
2021,GUYANA,April,0.0,4,2021-04-01
2021,H,April,0.0,4,2021-04-01
2021,HAITI,April,0.0,4,2021-04-01
2021,HONDURAS,April,1.0,4,2021-04-01
2021,HONG KONG,April,0.0,4,2021-04-01
2021,HUNGARY,April,7.0,4,2021-04-01
2021,I,April,0.0,4,2021-04-01
2021,ICELAND,April,0.0,4,2021-04-01
2021,INDIA,April,796.0,4,2021-04-01
2021,INDONESIA,April,6.0,4,2021-04-01
2021,IRAN,April,4.0,4,2021-04-01
2021,IRAQ,April,1.0,4,2021-04-01
2021,IRELAND,April,17.0,4,2021-04-01
2021,ISLE OF MAN,April,0.0,4,2021-04-01
2021,ISRAEL,April,33.0,4,2021-04-01
2021,ITALY,April,43.0,4,2021-04-01
2021,J,April,0.0,4,2021-04-01
2021,JAMAICA,April,0.0,4,2021-04-01
2021,JAPAN,April,19.0,4,2021-04-01
2021,JORDAN,April,14.0,4,2021-04-01
2021,K,April,0.0,4,2021-04-01
2021,KAZAKHSTAN,April,440.0,4,2021-04-01
2021,KENYA,April,1.0,4,2021-04-01
2021,KOSOVAR,April,0.0,4,2021-04-01
2021,KUWAIT,April,3.0,4,2021-04-01
2021,KYRGYZSTAN,April,0.0,4,2021-04-01
2021,L,April,0.0,4,2021-04-01
2021,LAO PEOPLES DEM. REP.,April,0.0,4,2021-04-01
2021,LATVIA,April,6.0,4,2021-04-01
2021,LEBANON,April,45.0,4,2021-04-01
2021,LESOTHO,April,0.0,4,2021-04-01
2021,LIBERIA,April,0.0,4,2021-04-01
2021,LIBYA(LIBYAN ARAB JAMAHIR),April,0.0,4,2021-04-01
2021,LIECHTENSTEIN,April,1.0,4,2021-04-01
2021,LITHUANIA,April,2.0,4,2021-04-01
2021,LUXEMBOURG,April,6.0,4,2021-04-01
2021,M,April,0.0,4,2021-04-01
2021,MACEDONIA,April,1.0,4,2021-04-01
2021,MADAGASCAR,April,0.0,4,2021-04-01
2021,MALAWI,April,0.0,4,2021-04-01
2021,MALAYSIA,April,8.0,4,2021-04-01
2021,MALDIVES,April,32.0,4,2021-04-01
2021,MALI,April,0.0,4,2021-04-01
2021,MALTA,April,0.0,4,2021-04-01
2021,MAURITANIA,April,0.0,4,2021-04-01
2021,MAURITIUS,April,0.0,4,2021-04-01
2021,MEXICO,April,1.0,4,2021-04-01
2021,MICRONESIA,April,1.0,4,2021-04-01
2021,MOLDOVA,April,1.0,4,2021-04-01
2021,MONACO,April,0.0,4,2021-04-01
2021,MONGOLIA,April,0.0,4,2021-04-01
2021,MONTENEGRO,April,0.0,4,2021-04-01
2021,MOROCCO,April,2.0,4,2021-04-01
2021,MOZAMBIQUE,April,1.0,4,2021-04-01
2021,MYANMAR,April,5.0,4,2021-04-01
2021,N,April,0.0,4,2021-04-01
2021,NAMIBIA,April,4.0,4,2021-04-01
2021,NAURU,April,0.0,4,2021-04-01
2021,NEPAL,April,3.0,4,2021-04-01
2021,NETHERLANDS,April,52.0,4,2021-04-01
2021,NEW ZEALAND,April,14.0,4,2021-04-01
2021,NIGER,April,0.0,4,2021-04-01
2021,NIGERIA,April,2.0,4,2021-04-01
2021,NORWAY,April,17.0,4,2021-04-01
2021,O,April,0.0,4,2021-04-01
2021,OMAN,April,0.0,4,2021-04-01
2021,P,April,0.0,4,2021-04-01
2021,PAKISTAN,April,18.0,4,2021-04-01
2021,PALESTINIAN TERRITORIES,April,0.0,4,2021-04-01
2021,PANAMA,April,0.0,4,2021-04-01
2021,PAPUA NEW GUINEA,April,0.0,4,2021-04-01
2021,PARAGUAY,April,0.0,4,2021-04-01
2021,PERU,April,1.0,4,2021-04-01
2021,PHILIPPINES,April,28.0,4,2021-04-01
2021,POLAND,April,26.0,4,2021-04-01
2021,PORTUGAL,April,8.0,4,2021-04-01
2021,Q,April,0.0,4,2021-04-01
2021,QATAR,April,2.0,4,2021-04-01
2021,R,April,0.0,4,2021-04-01
2021,REPUBLIC OF ZIMBABWE,April,0.0,4,2021-04-01
2021,ROMANIA,April,32.0,4,2021-04-01
2021,RUSSIAN FEDERATION,April,173.0,4,2021-04-01
2021,RWANDA,April,0.0,4,2021-04-01
2021,S,April,0.0,4,2021-04-01
2021,SAINT KITTS AND NEVIS,April,3.0,4,2021-04-01
2021,SAINT LUCIA,April,0.0,4,2021-04-01
2021,SAINT VINCENT THE GRENADI,April,0.0,4,2021-04-01
2021,SAMOA,April,0.0,4,2021-04-01
2021,SAN MARINO,April,0.0,4,2021-04-01
2021,SAUDI ARABIA,April,1.0,4,2021-04-01
2021,SENEGAL,April,0.0,4,2021-04-01
2021,SERBIA,April,3.0,4,2021-04-01
2021,SEYCHELLES,April,5.0,4,2021-04-01
2021,SIERRA LEONE,April,0.0,4,2021-04-01
2021,SINGAPORE,April,4.0,4,2021-04-01
2021,SLOVAKIA(SLOVAK REPUBLIC),April,39.0,4,2021-04-01
2021,SLOVENIA,April,5.0,4,2021-04-01
2021,SOMALIA,April,0.0,4,2021-04-01
2021,SOUTH AFRICA-ZUID AFRIKA,April,31.0,4,2021-04-01
2021,SOUTH KOREA,April,2.0,4,2021-04-01
2021,SOUTH SUDAN,April,0.0,4,2021-04-01
2021,SPAIN,April,30.0,4,2021-04-01
2021,SUDAN,April,1.0,4,2021-04-01
2021,SURINAME,April,0.0,4,2021-04-01
2021,SWAZILAND,April,0.0,4,2021-04-01
2021,SWEDEN,April,19.0,4,2021-04-01
2021,SWITZERLAND,April,93.0,4,2021-04-01
2021,SYRIAN ARAB REPUBLIC,April,1.0,4,2021-04-01
2021,T,April,0.0,4,2021-04-01
2021,TAIWAN PROVINCE OF CHINA,April,5.0,4,2021-04-01
2021,TAJIKISTAN,April,2.0,4,2021-04-01
2021,TANZANIA,April,0.0,4,2021-04-01
2021,THAILAND,April,3.0,4,2021-04-01
2021,TIMOR-LESTE,April,0.0,4,2021-04-01
2021,TOGO,April,0.0,4,2021-04-01
2021,TONGA,April,0.0,4,2021-04-01
2021,TRINIDAD AND TOBAGO,April,0.0,4,2021-04-01
2021,TUNISIA,April,1.0,4,2021-04-01
2021,TURKEY,April,11.0,4,2021-04-01
2021,TURKMENISTAN,April,0.0,4,2021-04-01
2021,U,April,0.0,4,2021-04-01
2021,UGANDA,April,2.0,4,2021-04-01
2021,UKRAINE,April,47.0,4,2021-04-01
2021,UNITED ARAB EMIRATES,April,7.0,4,2021-04-01
2021,UNITED KINGDOM,April,334.0,4,2021-04-01
2021,UNITED STATES,April,248.0,4,2021-04-01
2021,URUGUAY,April,0.0,4,2021-04-01
2021,UZBEKISTAN,April,5.0,4,2021-04-01
2021,V,April,0.0,4,2021-04-01
2021,VANUATU,April,0.0,4,2021-04-01
2021,VENEZUELA,April,0.0,4,2021-04-01
2021,VIETNAM,April,2.0,4,2021-04-01
2021,Y,April,0.0,4,2021-04-01
2021,YEMEN (YEMEN ARAB REP.),April,2.0,4,2021-04-01
2021,Z,April,0.0,4,2021-04-01
2021,ZAMBIA (NORTHERN RHODESIA),April,0.0,4,2021-04-01
2021,ZIMBABWE,April,0.0,4,2021-04-01
2021,A,May,0.0,5,2021-05-01
2021,AFGHANISTAN,May,1.0,5,2021-05-01
2021,ALBANIA,May,0.0,5,2021-05-01
2021,ALGERIA,May,0.0,5,2021-05-01
2021,ANDORRA,May,0.0,5,2021-05-01
2021,ANGOLA,May,0.0,5,2021-05-01
2021,ANTIGUA AND BARBUDA,May,0.0,5,2021-05-01
2021,ARGENTINA,May,1.0,5,2021-05-01
2021,ARMENIA,May,1.0,5,2021-05-01
2021,AUSTRALIA,May,34.0,5,2021-05-01
2021,AUSTRIA,May,9.0,5,2021-05-01
2021,AZERBAIJAN,May,0.0,5,2021-05-01
2021,B,May,0.0,5,2021-05-01
2021,BAHAMAS,May,0.0,5,2021-05-01
2021,BAHRAIN,May,13.0,5,2021-05-01
2021,BANGLADESH,May,6.0,5,2021-05-01
2021,BARBADOS,May,0.0,5,2021-05-01
2021,BELARUS,May,0.0,5,2021-05-01
2021,BELGIUM,May,1.0,5,2021-05-01
2021,BELIZE,May,0.0,5,2021-05-01
2021,BENIN,May,0.0,5,2021-05-01
2021,BHUTAN,May,1.0,5,2021-05-01
2021,BOLIVIA,May,0.0,5,2021-05-01
2021,BOSNIA,May,0.0,5,2021-05-01
2021,BOTSWANA,May,0.0,5,2021-05-01
2021,BRAZIL,May,2.0,5,2021-05-01
2021,BRUNEI,May,0.0,5,2021-05-01
2021,BULGARIA,May,4.0,5,2021-05-01
2021,BURKINA,May,0.0,5,2021-05-01
2021,BURUNDI,May,0.0,5,2021-05-01
2021,C,May,0.0,5,2021-05-01
2021,CAMBODIA,May,0.0,5,2021-05-01
2021,CAMEROON,May,0.0,5,2021-05-01
2021,CANADA,May,69.0,5,2021-05-01
2021,CAPE VERDE,May,0.0,5,2021-05-01
2021,CENTRAL AFRICAN REPUBLIC,May,0.0,5,2021-05-01
2021,CHAD,May,0.0,5,2021-05-01
2021,CHILE,May,0.0,5,2021-05-01
2021,CHINA,May,237.0,5,2021-05-01
2021,COLOMBIA,May,3.0,5,2021-05-01
2021,COMOROS,May,0.0,5,2021-05-01
2021,CONGO THE DEM REPOF THE,May,0.0,5,2021-05-01
2021,COSTA RICA,May,0.0,5,2021-05-01
2021,COTE DIVOIRE,May,0.0,5,2021-05-01
2021,CROATIA,May,1.0,5,2021-05-01
2021,CUBA,May,0.0,5,2021-05-01
2021,CYPRUS,May,3.0,5,2021-05-01
2021,CZECH REPUBLIC,May,5.0,5,2021-05-01
2021,D,May,0.0,5,2021-05-01
2021,DENMARK,May,5.0,5,2021-05-01
2021,DJIBOUTI,May,0.0,5,2021-05-01
2021,DOMINICA,May,0.0,5,2021-05-01
2021,DOMINICAN REPUBLIC,May,0.0,5,2021-05-01
2021,E,May,0.0,5,2021-05-01
2021,ECUADOR,May,0.0,5,2021-05-01
2021,EGYPT,May,3.0,5,2021-05-01
2021,EL SALVADOR,May,0.0,5,2021-05-01
2021,EQUATORIAL GUINEA,May,0.0,5,2021-05-01
2021,ERITREA,May,0.0,5,2021-05-01
2021,ESTONIA,May,0.0,5,2021-05-01
2021,ETHIOPIA,May,0.0,5,2021-05-01
2021,EUROPEAN UNION,May,0.0,5,2021-05-01
2021,F,May,0.0,5,2021-05-01
2021,FIJI,May,0.0,5,2021-05-01
2021,FINLAND,May,5.0,5,2021-05-01
2021,FRANCE,May,27.0,5,2021-05-01
2021,G,May,0.0,5,2021-05-01
2021,GABON,May,0.0,5,2021-05-01
2021,"GAMBIA, THE",May,0.0,5,2021-05-01
2021,GEORGIA,May,0.0,5,2021-05-01
2021,GERMANY,May,222.0,5,2021-05-01
2021,GHANA,May,1.0,5,2021-05-01
2021,GREECE,May,2.0,5,2021-05-01
2021,GRENADA,May,0.0,5,2021-05-01
2021,GUATEMALA,May,0.0,5,2021-05-01
2021,GUINEA,May,0.0,5,2021-05-01
2021,GUINEA-BISSAU,May,0.0,5,2021-05-01
2021,GUYANA,May,0.0,5,2021-05-01
2021,H,May,0.0,5,2021-05-01
2021,HAITI,May,0.0,5,2021-05-01
2021,HONDURAS,May,0.0,5,2021-05-01
2021,HONG KONG,May,0.0,5,2021-05-01
2021,HUNGARY,May,0.0,5,2021-05-01
2021,I,May,0.0,5,2021-05-01
2021,ICELAND,May,0.0,5,2021-05-01
2021,INDIA,May,39.0,5,2021-05-01
2021,INDONESIA,May,1.0,5,2021-05-01
2021,IRAN,May,3.0,5,2021-05-01
2021,IRAQ,May,3.0,5,2021-05-01
2021,IRELAND,May,8.0,5,2021-05-01
2021,ISLE OF MAN,May,0.0,5,2021-05-01
2021,ISRAEL,May,8.0,5,2021-05-01
2021,ITALY,May,29.0,5,2021-05-01
2021,J,May,0.0,5,2021-05-01
2021,JAMAICA,May,0.0,5,2021-05-01
2021,JAPAN,May,8.0,5,2021-05-01
2021,JORDAN,May,12.0,5,2021-05-01
2021,K,May,0.0,5,2021-05-01
2021,KAZAKHSTAN,May,2.0,5,2021-05-01
2021,KENYA,May,0.0,5,2021-05-01
2021,KOSOVAR,May,0.0,5,2021-05-01
2021,KUWAIT,May,0.0,5,2021-05-01
2021,KYRGYZSTAN,May,7.0,5,2021-05-01
2021,L,May,0.0,5,2021-05-01
2021,LAO PEOPLES DEM. REP.,May,0.0,5,2021-05-01
2021,LATVIA,May,3.0,5,2021-05-01
2021,LEBANON,May,16.0,5,2021-05-01
2021,LESOTHO,May,0.0,5,2021-05-01
2021,LIBERIA,May,0.0,5,2021-05-01
2021,LIBYA(LIBYAN ARAB JAMAHIR),May,0.0,5,2021-05-01
2021,LIECHTENSTEIN,May,0.0,5,2021-05-01
2021,LITHUANIA,May,1.0,5,2021-05-01
2021,LUXEMBOURG,May,0.0,5,2021-05-01
2021,M,May,0.0,5,2021-05-01
2021,MACEDONIA,May,0.0,5,2021-05-01
2021,MADAGASCAR,May,0.0,5,2021-05-01
2021,MALAWI,May,0.0,5,2021-05-01
2021,MALAYSIA,May,2.0,5,2021-05-01
2021,MALDIVES,May,73.0,5,2021-05-01
2021,MALI,May,0.0,5,2021-05-01
2021,MALTA,May,0.0,5,2021-05-01
2021,MAURITANIA,May,0.0,5,2021-05-01
2021,MAURITIUS,May,0.0,5,2021-05-01
2021,MEXICO,May,0.0,5,2021-05-01
2021,MICRONESIA,May,0.0,5,2021-05-01
2021,MOLDOVA,May,0.0,5,2021-05-01
2021,MONACO,May,0.0,5,2021-05-01
2021,MONGOLIA,May,0.0,5,2021-05-01
2021,MONTENEGRO,May,1.0,5,2021-05-01
2021,MOROCCO,May,0.0,5,2021-05-01
2021,MOZAMBIQUE,May,0.0,5,2021-05-01
2021,MYANMAR,May,2.0,5,2021-05-01
2021,N,May,0.0,5,2021-05-01
2021,NAMIBIA,May,0.0,5,2021-05-01
2021,NAURU,May,0.0,5,2021-05-01
2021,NEPAL,May,2.0,5,2021-05-01
2021,NETHERLANDS,May,11.0,5,2021-05-01
2021,NEW ZEALAND,May,5.0,5,2021-05-01
2021,NIGER,May,0.0,5,2021-05-01
2021,NIGERIA,May,0.0,5,2021-05-01
2021,NORWAY,May,2.0,5,2021-05-01
2021,O,May,0.0,5,2021-05-01
2021,OMAN,May,0.0,5,2021-05-01
2021,P,May,0.0,5,2021-05-01
2021,PAKISTAN,May,9.0,5,2021-05-01
2021,PALESTINIAN TERRITORIES,May,2.0,5,2021-05-01
2021,PANAMA,May,0.0,5,2021-05-01
2021,PAPUA NEW GUINEA,May,0.0,5,2021-05-01
2021,PARAGUAY,May,0.0,5,2021-05-01
2021,PERU,May,0.0,5,2021-05-01
2021,PHILIPPINES,May,26.0,5,2021-05-01
2021,POLAND,May,9.0,5,2021-05-01
2021,PORTUGAL,May,1.0,5,2021-05-01
2021,Q,May,0.0,5,2021-05-01
2021,QATAR,May,0.0,5,2021-05-01
2021,R,May,0.0,5,2021-05-01
2021,REPUBLIC OF ZIMBABWE,May,0.0,5,2021-05-01
2021,ROMANIA,May,2.0,5,2021-05-01
2021,RUSSIAN FEDERATION,May,94.0,5,2021-05-01
2021,RWANDA,May,0.0,5,2021-05-01
2021,S,May,0.0,5,2021-05-01
2021,SAINT KITTS AND NEVIS,May,0.0,5,2021-05-01
2021,SAINT LUCIA,May,0.0,5,2021-05-01
2021,SAINT VINCENT THE GRENADI,May,0.0,5,2021-05-01
2021,SAMOA,May,0.0,5,2021-05-01
2021,SAN MARINO,May,0.0,5,2021-05-01
2021,SAUDI ARABIA,May,7.0,5,2021-05-01
2021,SENEGAL,May,0.0,5,2021-05-01
2021,SERBIA,May,0.0,5,2021-05-01
2021,SEYCHELLES,May,0.0,5,2021-05-01
2021,SIERRA LEONE,May,0.0,5,2021-05-01
2021,SINGAPORE,May,11.0,5,2021-05-01
2021,SLOVAKIA(SLOVAK REPUBLIC),May,8.0,5,2021-05-01
2021,SLOVENIA,May,2.0,5,2021-05-01
2021,SOMALIA,May,0.0,5,2021-05-01
2021,SOUTH AFRICA-ZUID AFRIKA,May,9.0,5,2021-05-01
2021,SOUTH KOREA,May,1.0,5,2021-05-01
2021,SOUTH SUDAN,May,0.0,5,2021-05-01
2021,SPAIN,May,20.0,5,2021-05-01
2021,SUDAN,May,0.0,5,2021-05-01
2021,SURINAME,May,0.0,5,2021-05-01
2021,SWAZILAND,May,0.0,5,2021-05-01
2021,SWEDEN,May,7.0,5,2021-05-01
2021,SWITZERLAND,May,45.0,5,2021-05-01
2021,SYRIAN ARAB REPUBLIC,May,0.0,5,2021-05-01
2021,T,May,0.0,5,2021-05-01
2021,TAIWAN PROVINCE OF CHINA,May,0.0,5,2021-05-01
2021,TAJIKISTAN,May,0.0,5,2021-05-01
2021,TANZANIA,May,0.0,5,2021-05-01
2021,THAILAND,May,3.0,5,2021-05-01
2021,TIMOR-LESTE,May,0.0,5,2021-05-01
2021,TOGO,May,0.0,5,2021-05-01
2021,TONGA,May,0.0,5,2021-05-01
2021,TRINIDAD AND TOBAGO,May,0.0,5,2021-05-01
2021,TUNISIA,May,0.0,5,2021-05-01
2021,TURKEY,May,9.0,5,2021-05-01
2021,TURKMENISTAN,May,0.0,5,2021-05-01
2021,U,May,0.0,5,2021-05-01
2021,UGANDA,May,0.0,5,2021-05-01
2021,UKRAINE,May,18.0,5,2021-05-01
2021,UNITED ARAB EMIRATES,May,6.0,5,2021-05-01
2021,UNITED KINGDOM,May,149.0,5,2021-05-01
2021,UNITED STATES,May,153.0,5,2021-05-01
2021,URUGUAY,May,0.0,5,2021-05-01
2021,UZBEKISTAN,May,5.0,5,2021-05-01
2021,V,May,0.0,5,2021-05-01
2021,VANUATU,May,0.0,5,2021-05-01
2021,VENEZUELA,May,0.0,5,2021-05-01
2021,VIETNAM,May,5.0,5,2021-05-01
2021,Y,May,0.0,5,2021-05-01
2021,YEMEN (YEMEN ARAB REP.),May,2.0,5,2021-05-01
2021,Z,May,0.0,5,2021-05-01
2021,ZAMBIA (NORTHERN RHODESIA),May,0.0,5,2021-05-01
2021,ZIMBABWE,May,0.0,5,2021-05-01
2021,A,June,0.0,6,2021-06-01
2021,AFGHANISTAN,June,1.0,6,2021-06-01
2021,ALBANIA,June,0.0,6,2021-06-01
2021,ALGERIA,June,0.0,6,2021-06-01
2021,ANDORRA,June,0.0,6,2021-06-01
2021,ANGOLA,June,0.0,6,2021-06-01
2021,ANTIGUA AND BARBUDA,June,0.0,6,2021-06-01
2021,ARGENTINA,June,0.0,6,2021-06-01
2021,ARMENIA,June,0.0,6,2021-06-01
2021,AUSTRALIA,June,13.0,6,2021-06-01
2021,AUSTRIA,June,8.0,6,2021-06-01
2021,AZERBAIJAN,June,0.0,6,2021-06-01
2021,B,June,0.0,6,2021-06-01
2021,BAHAMAS,June,0.0,6,2021-06-01
2021,BAHRAIN,June,0.0,6,2021-06-01
2021,BANGLADESH,June,2.0,6,2021-06-01
2021,BARBADOS,June,0.0,6,2021-06-01
2021,BELARUS,June,0.0,6,2021-06-01
2021,BELGIUM,June,3.0,6,2021-06-01
2021,BELIZE,June,0.0,6,2021-06-01
2021,BENIN,June,0.0,6,2021-06-01
2021,BHUTAN,June,0.0,6,2021-06-01
2021,BOLIVIA,June,0.0,6,2021-06-01
2021,BOSNIA,June,0.0,6,2021-06-01
2021,BOTSWANA,June,0.0,6,2021-06-01
2021,BRAZIL,June,1.0,6,2021-06-01
2021,BRUNEI,June,0.0,6,2021-06-01
2021,BULGARIA,June,0.0,6,2021-06-01
2021,BURKINA,June,0.0,6,2021-06-01
2021,BURUNDI,June,0.0,6,2021-06-01
2021,C,June,0.0,6,2021-06-01
2021,CAMBODIA,June,0.0,6,2021-06-01
2021,CAMEROON,June,0.0,6,2021-06-01
2021,CANADA,June,67.0,6,2021-06-01
2021,CAPE VERDE,June,0.0,6,2021-06-01
2021,CENTRAL AFRICAN REPUBLIC,June,1.0,6,2021-06-01
2021,CHAD,June,0.0,6,2021-06-01
2021,CHILE,June,0.0,6,2021-06-01
2021,CHINA,June,176.0,6,2021-06-01
2021,COLOMBIA,June,1.0,6,2021-06-01
2021,COMOROS,June,0.0,6,2021-06-01
2021,CONGO THE DEM REPOF THE,June,0.0,6,2021-06-01
2021,COSTA RICA,June,0.0,6,2021-06-01
2021,COTE DIVOIRE,June,0.0,6,2021-06-01
2021,CROATIA,June,0.0,6,2021-06-01
2021,CUBA,June,0.0,6,2021-06-01
2021,CYPRUS,June,1.0,6,2021-06-01
2021,CZECH REPUBLIC,June,4.0,6,2021-06-01
2021,D,June,0.0,6,2021-06-01
2021,DENMARK,June,1.0,6,2021-06-01
2021,DJIBOUTI,June,0.0,6,2021-06-01
2021,DOMINICA,June,0.0,6,2021-06-01
2021,DOMINICAN REPUBLIC,June,0.0,6,2021-06-01
2021,E,June,0.0,6,2021-06-01
2021,ECUADOR,June,0.0,6,2021-06-01
2021,EGYPT,June,0.0,6,2021-06-01
2021,EL SALVADOR,June,0.0,6,2021-06-01
2021,EQUATORIAL GUINEA,June,0.0,6,2021-06-01
2021,ERITREA,June,0.0,6,2021-06-01
2021,ESTONIA,June,1.0,6,2021-06-01
2021,ETHIOPIA,June,0.0,6,2021-06-01
2021,EUROPEAN UNION,June,0.0,6,2021-06-01
2021,F,June,0.0,6,2021-06-01
2021,FIJI,June,3.0,6,2021-06-01
2021,FINLAND,June,0.0,6,2021-06-01
2021,FRANCE,June,654.0,6,2021-06-01
2021,G,June,0.0,6,2021-06-01
2021,GABON,June,0.0,6,2021-06-01
2021,"GAMBIA, THE",June,0.0,6,2021-06-01
2021,GEORGIA,June,0.0,6,2021-06-01
2021,GERMANY,June,137.0,6,2021-06-01
2021,GHANA,June,0.0,6,2021-06-01
2021,GREECE,June,0.0,6,2021-06-01
2021,GRENADA,June,0.0,6,2021-06-01
2021,GUATEMALA,June,0.0,6,2021-06-01
2021,GUINEA,June,0.0,6,2021-06-01
2021,GUINEA-BISSAU,June,0.0,6,2021-06-01
2021,GUYANA,June,0.0,6,2021-06-01
2021,H,June,0.0,6,2021-06-01
2021,HAITI,June,0.0,6,2021-06-01
2021,HONDURAS,June,0.0,6,2021-06-01
2021,HONG KONG,June,0.0,6,2021-06-01
2021,HUNGARY,June,0.0,6,2021-06-01
2021,I,June,0.0,6,2021-06-01
2021,ICELAND,June,0.0,6,2021-06-01
2021,INDIA,June,5.0,6,2021-06-01
2021,INDONESIA,June,9.0,6,2021-06-01
2021,IRAN,June,2.0,6,2021-06-01
2021,IRAQ,June,0.0,6,2021-06-01
2021,IRELAND,June,1.0,6,2021-06-01
2021,ISLE OF MAN,June,0.0,6,2021-06-01
2021,ISRAEL,June,3.0,6,2021-06-01
2021,ITALY,June,16.0,6,2021-06-01
2021,J,June,0.0,6,2021-06-01
2021,JAMAICA,June,0.0,6,2021-06-01
2021,JAPAN,June,11.0,6,2021-06-01
2021,JORDAN,June,17.0,6,2021-06-01
2021,K,June,0.0,6,2021-06-01
2021,KAZAKHSTAN,June,0.0,6,2021-06-01
2021,KENYA,June,0.0,6,2021-06-01
2021,KOSOVAR,June,0.0,6,2021-06-01
2021,KUWAIT,June,0.0,6,2021-06-01
2021,KYRGYZSTAN,June,0.0,6,2021-06-01
2021,L,June,0.0,6,2021-06-01
2021,LAO PEOPLES DEM. REP.,June,0.0,6,2021-06-01
2021,LATVIA,June,2.0,6,2021-06-01
2021,LEBANON,June,0.0,6,2021-06-01
2021,LESOTHO,June,0.0,6,2021-06-01
2021,LIBERIA,June,0.0,6,2021-06-01
2021,LIBYA(LIBYAN ARAB JAMAHIR),June,0.0,6,2021-06-01
2021,LIECHTENSTEIN,June,0.0,6,2021-06-01
2021,LITHUANIA,June,4.0,6,2021-06-01
2021,LUXEMBOURG,June,0.0,6,2021-06-01
2021,M,June,0.0,6,2021-06-01
2021,MACEDONIA,June,0.0,6,2021-06-01
2021,MADAGASCAR,June,0.0,6,2021-06-01
2021,MALAWI,June,0.0,6,2021-06-01
2021,MALAYSIA,June,0.0,6,2021-06-01
2021,MALDIVES,June,22.0,6,2021-06-01
2021,MALI,June,0.0,6,2021-06-01
2021,MALTA,June,0.0,6,2021-06-01
2021,MAURITANIA,June,0.0,6,2021-06-01
2021,MAURITIUS,June,0.0,6,2021-06-01
2021,MEXICO,June,1.0,6,2021-06-01
2021,MICRONESIA,June,0.0,6,2021-06-01
2021,MOLDOVA,June,0.0,6,2021-06-01
2021,MONACO,June,0.0,6,2021-06-01
2021,MONGOLIA,June,0.0,6,2021-06-01
2021,MONTENEGRO,June,0.0,6,2021-06-01
2021,MOROCCO,June,1.0,6,2021-06-01
2021,MOZAMBIQUE,June,0.0,6,2021-06-01
2021,MYANMAR,June,2.0,6,2021-06-01
2021,N,June,0.0,6,2021-06-01
2021,NAMIBIA,June,0.0,6,2021-06-01
2021,NAURU,June,0.0,6,2021-06-01
2021,NEPAL,June,3.0,6,2021-06-01
2021,NETHERLANDS,June,20.0,6,2021-06-01
2021,NEW ZEALAND,June,6.0,6,2021-06-01
2021,NIGER,June,0.0,6,2021-06-01
2021,NIGERIA,June,0.0,6,2021-06-01
2021,NORWAY,June,32.0,6,2021-06-01
2021,O,June,0.0,6,2021-06-01
2021,OMAN,June,0.0,6,2021-06-01
2021,P,June,0.0,6,2021-06-01
2021,PAKISTAN,June,13.0,6,2021-06-01
2021,PALESTINIAN TERRITORIES,June,0.0,6,2021-06-01
2021,PANAMA,June,0.0,6,2021-06-01
2021,PAPUA NEW GUINEA,June,0.0,6,2021-06-01
2021,PARAGUAY,June,0.0,6,2021-06-01
2021,PERU,June,0.0,6,2021-06-01
2021,PHILIPPINES,June,6.0,6,2021-06-01
2021,POLAND,June,2.0,6,2021-06-01
2021,PORTUGAL,June,3.0,6,2021-06-01
2021,Q,June,0.0,6,2021-06-01
2021,QATAR,June,0.0,6,2021-06-01
2021,R,June,0.0,6,2021-06-01
2021,REPUBLIC OF ZIMBABWE,June,0.0,6,2021-06-01
2021,ROMANIA,June,6.0,6,2021-06-01
2021,RUSSIAN FEDERATION,June,33.0,6,2021-06-01
2021,RWANDA,June,0.0,6,2021-06-01
2021,S,June,0.0,6,2021-06-01
2021,SAINT KITTS AND NEVIS,June,0.0,6,2021-06-01
2021,SAINT LUCIA,June,0.0,6,2021-06-01
2021,SAINT VINCENT THE GRENADI,June,0.0,6,2021-06-01
2021,SAMOA,June,0.0,6,2021-06-01
2021,SAN MARINO,June,0.0,6,2021-06-01
2021,SAUDI ARABIA,June,4.0,6,2021-06-01
2021,SENEGAL,June,0.0,6,2021-06-01
2021,SERBIA,June,3.0,6,2021-06-01
2021,SEYCHELLES,June,0.0,6,2021-06-01
2021,SIERRA LEONE,June,0.0,6,2021-06-01
2021,SINGAPORE,June,1.0,6,2021-06-01
2021,SLOVAKIA(SLOVAK REPUBLIC),June,6.0,6,2021-06-01
2021,SLOVENIA,June,0.0,6,2021-06-01
2021,SOMALIA,June,0.0,6,2021-06-01
2021,SOUTH AFRICA-ZUID AFRIKA,June,2.0,6,2021-06-01
2021,SOUTH KOREA,June,0.0,6,2021-06-01
2021,SOUTH SUDAN,June,0.0,6,2021-06-01
2021,SPAIN,June,10.0,6,2021-06-01
2021,SUDAN,June,0.0,6,2021-06-01
2021,SURINAME,June,0.0,6,2021-06-01
2021,SWAZILAND,June,0.0,6,2021-06-01
2021,SWEDEN,June,14.0,6,2021-06-01
2021,SWITZERLAND,June,27.0,6,2021-06-01
2021,SYRIAN ARAB REPUBLIC,June,0.0,6,2021-06-01
2021,T,June,0.0,6,2021-06-01
2021,TAIWAN PROVINCE OF CHINA,June,0.0,6,2021-06-01
2021,TAJIKISTAN,June,0.0,6,2021-06-01
2021,TANZANIA,June,0.0,6,2021-06-01
2021,THAILAND,June,0.0,6,2021-06-01
2021,TIMOR-LESTE,June,0.0,6,2021-06-01
2021,TOGO,June,0.0,6,2021-06-01
2021,TONGA,June,0.0,6,2021-06-01
2021,TRINIDAD AND TOBAGO,June,0.0,6,2021-06-01
2021,TUNISIA,June,0.0,6,2021-06-01
2021,TURKEY,June,3.0,6,2021-06-01
2021,TURKMENISTAN,June,0.0,6,2021-06-01
2021,U,June,0.0,6,2021-06-01
2021,UGANDA,June,0.0,6,2021-06-01
2021,UKRAINE,June,9.0,6,2021-06-01
2021,UNITED ARAB EMIRATES,June,0.0,6,2021-06-01
2021,UNITED KINGDOM,June,121.0,6,2021-06-01
2021,UNITED STATES,June,118.0,6,2021-06-01
2021,URUGUAY,June,0.0,6,2021-06-01
2021,UZBEKISTAN,June,1.0,6,2021-06-01
2021,V,June,0.0,6,2021-06-01
2021,VANUATU,June,0.0,6,2021-06-01
2021,VENEZUELA,June,0.0,6,2021-06-01
2021,VIETNAM,June,0.0,6,2021-06-01
2021,Y,June,0.0,6,2021-06-01
2021,YEMEN (YEMEN ARAB REP.),June,0.0,6,2021-06-01
2021,Z,June,0.0,6,2021-06-01
2021,ZAMBIA (NORTHERN RHODESIA),June,1.0,6,2021-06-01
2021,ZIMBABWE,June,0.0,6,2021-06-01
2021,A,July,0.0,7,2021-07-01
2021,AFGHANISTAN,July,0.0,7,2021-07-01
2021,ALBANIA,July,0.0,7,2021-07-01
2021,ALGERIA,July,0.0,7,2021-07-01
2021,ANDORRA,July,0.0,7,2021-07-01
2021,ANGOLA,July,0.0,7,2021-07-01
2021,ANTIGUA AND BARBUDA,July,0.0,7,2021-07-01
2021,ARGENTINA,July,1.0,7,2021-07-01
2021,ARMENIA,July,0.0,7,2021-07-01
2021,AUSTRALIA,July,15.0,7,2021-07-01
2021,AUSTRIA,July,47.0,7,2021-07-01
2021,AZERBAIJAN,July,7.0,7,2021-07-01
2021,B,July,0.0,7,2021-07-01
2021,BAHAMAS,July,0.0,7,2021-07-01
2021,BAHRAIN,July,3.0,7,2021-07-01
2021,BANGLADESH,July,31.0,7,2021-07-01
2021,BARBADOS,July,0.0,7,2021-07-01
2021,BELARUS,July,0.0,7,2021-07-01
2021,BELGIUM,July,17.0,7,2021-07-01
2021,BELIZE,July,0.0,7,2021-07-01
2021,BENIN,July,0.0,7,2021-07-01
2021,BHUTAN,July,0.0,7,2021-07-01
2021,BOLIVIA,July,0.0,7,2021-07-01
2021,BOSNIA,July,0.0,7,2021-07-01
2021,BOTSWANA,July,0.0,7,2021-07-01
2021,BRAZIL,July,0.0,7,2021-07-01
2021,BRUNEI,July,0.0,7,2021-07-01
2021,BULGARIA,July,0.0,7,2021-07-01
2021,BURKINA,July,0.0,7,2021-07-01
2021,BURUNDI,July,0.0,7,2021-07-01
2021,C,July,0.0,7,2021-07-01
2021,CAMBODIA,July,0.0,7,2021-07-01
2021,CAMEROON,July,0.0,7,2021-07-01
2021,CANADA,July,178.0,7,2021-07-01
2021,CAPE VERDE,July,0.0,7,2021-07-01
2021,CENTRAL AFRICAN REPUBLIC,July,0.0,7,2021-07-01
2021,CHAD,July,0.0,7,2021-07-01
2021,CHILE,July,0.0,7,2021-07-01
2021,CHINA,July,167.0,7,2021-07-01
2021,COLOMBIA,July,0.0,7,2021-07-01
2021,COMOROS,July,0.0,7,2021-07-01
2021,CONGO THE DEM REPOF THE,July,0.0,7,2021-07-01
2021,COSTA RICA,July,0.0,7,2021-07-01
2021,COTE DIVOIRE,July,0.0,7,2021-07-01
2021,CROATIA,July,1.0,7,2021-07-01
2021,CUBA,July,0.0,7,2021-07-01
2021,CYPRUS,July,0.0,7,2021-07-01
2021,CZECH REPUBLIC,July,17.0,7,2021-07-01
2021,D,July,0.0,7,2021-07-01
2021,DENMARK,July,34.0,7,2021-07-01
2021,DJIBOUTI,July,0.0,7,2021-07-01
2021,DOMINICA,July,1.0,7,2021-07-01
2021,DOMINICAN REPUBLIC,July,0.0,7,2021-07-01
2021,E,July,0.0,7,2021-07-01
2021,ECUADOR,July,0.0,7,2021-07-01
2021,EGYPT,July,3.0,7,2021-07-01
2021,EL SALVADOR,July,0.0,7,2021-07-01
2021,EQUATORIAL GUINEA,July,0.0,7,2021-07-01
2021,ERITREA,July,0.0,7,2021-07-01
2021,ESTONIA,July,0.0,7,2021-07-01
2021,ETHIOPIA,July,0.0,7,2021-07-01
2021,EUROPEAN UNION,July,0.0,7,2021-07-01
2021,F,July,0.0,7,2021-07-01
2021,FIJI,July,0.0,7,2021-07-01
2021,FINLAND,July,1.0,7,2021-07-01
2021,FRANCE,July,147.0,7,2021-07-01
2021,G,July,0.0,7,2021-07-01
2021,GABON,July,0.0,7,2021-07-01
2021,"GAMBIA, THE",July,0.0,7,2021-07-01
2021,GEORGIA,July,0.0,7,2021-07-01
2021,GERMANY,July,215.0,7,2021-07-01
2021,GHANA,July,0.0,7,2021-07-01
2021,GREECE,July,3.0,7,2021-07-01
2021,GRENADA,July,0.0,7,2021-07-01
2021,GUATEMALA,July,0.0,7,2021-07-01
2021,GUINEA,July,0.0,7,2021-07-01
2021,GUINEA-BISSAU,July,1.0,7,2021-07-01
2021,GUYANA,July,0.0,7,2021-07-01
2021,H,July,0.0,7,2021-07-01
2021,HAITI,July,0.0,7,2021-07-01
2021,HONDURAS,July,0.0,7,2021-07-01
2021,HONG KONG,July,0.0,7,2021-07-01
2021,HUNGARY,July,2.0,7,2021-07-01
2021,I,July,0.0,7,2021-07-01
2021,ICELAND,July,0.0,7,2021-07-01
2021,INDIA,July,8.0,7,2021-07-01
2021,INDONESIA,July,21.0,7,2021-07-01
2021,IRAN,July,6.0,7,2021-07-01
2021,IRAQ,July,8.0,7,2021-07-01
2021,IRELAND,July,7.0,7,2021-07-01
2021,ISLE OF MAN,July,0.0,7,2021-07-01
2021,ISRAEL,July,22.0,7,2021-07-01
2021,ITALY,July,32.0,7,2021-07-01
2021,J,July,0.0,7,2021-07-01
2021,JAMAICA,July,0.0,7,2021-07-01
2021,JAPAN,July,7.0,7,2021-07-01
2021,JORDAN,July,10.0,7,2021-07-01
2021,K,July,0.0,7,2021-07-01
2021,KAZAKHSTAN,July,2.0,7,2021-07-01
2021,KENYA,July,0.0,7,2021-07-01
2021,KOSOVAR,July,1.0,7,2021-07-01
2021,KUWAIT,July,1.0,7,2021-07-01
2021,KYRGYZSTAN,July,0.0,7,2021-07-01
2021,L,July,0.0,7,2021-07-01
2021,LAO PEOPLES DEM. REP.,July,0.0,7,2021-07-01
2021,LATVIA,July,0.0,7,2021-07-01
2021,LEBANON,July,7.0,7,2021-07-01
2021,LESOTHO,July,0.0,7,2021-07-01
2021,LIBERIA,July,0.0,7,2021-07-01
2021,LIBYA(LIBYAN ARAB JAMAHIR),July,0.0,7,2021-07-01
2021,LIECHTENSTEIN,July,0.0,7,2021-07-01
2021,LITHUANIA,July,2.0,7,2021-07-01
2021,LUXEMBOURG,July,5.0,7,2021-07-01
2021,M,July,0.0,7,2021-07-01
2021,MACEDONIA,July,0.0,7,2021-07-01
2021,MADAGASCAR,July,0.0,7,2021-07-01
2021,MALAWI,July,0.0,7,2021-07-01
2021,MALAYSIA,July,2.0,7,2021-07-01
2021,MALDIVES,July,249.0,7,2021-07-01
2021,MALI,July,0.0,7,2021-07-01
2021,MALTA,July,1.0,7,2021-07-01
2021,MAURITANIA,July,0.0,7,2021-07-01
2021,MAURITIUS,July,1.0,7,2021-07-01
2021,MEXICO,July,0.0,7,2021-07-01
2021,MICRONESIA,July,0.0,7,2021-07-01
2021,MOLDOVA,July,0.0,7,2021-07-01
2021,MONACO,July,0.0,7,2021-07-01
2021,MONGOLIA,July,0.0,7,2021-07-01
2021,MONTENEGRO,July,1.0,7,2021-07-01
2021,MOROCCO,July,1.0,7,2021-07-01
2021,MOZAMBIQUE,July,0.0,7,2021-07-01
2021,MYANMAR,July,0.0,7,2021-07-01
2021,N,July,0.0,7,2021-07-01
2021,NAMIBIA,July,0.0,7,2021-07-01
2021,NAURU,July,0.0,7,2021-07-01
2021,NEPAL,July,1.0,7,2021-07-01
2021,NETHERLANDS,July,72.0,7,2021-07-01
2021,NEW ZEALAND,July,0.0,7,2021-07-01
2021,NIGER,July,0.0,7,2021-07-01
2021,NIGERIA,July,0.0,7,2021-07-01
2021,NORWAY,July,39.0,7,2021-07-01
2021,O,July,0.0,7,2021-07-01
2021,OMAN,July,1.0,7,2021-07-01
2021,P,July,0.0,7,2021-07-01
2021,PAKISTAN,July,111.0,7,2021-07-01
2021,PALESTINIAN TERRITORIES,July,0.0,7,2021-07-01
2021,PANAMA,July,0.0,7,2021-07-01
2021,PAPUA NEW GUINEA,July,0.0,7,2021-07-01
2021,PARAGUAY,July,0.0,7,2021-07-01
2021,PERU,July,0.0,7,2021-07-01
2021,PHILIPPINES,July,18.0,7,2021-07-01
2021,POLAND,July,8.0,7,2021-07-01
2021,PORTUGAL,July,1.0,7,2021-07-01
2021,Q,July,0.0,7,2021-07-01
2021,QATAR,July,0.0,7,2021-07-01
2021,R,July,0.0,7,2021-07-01
2021,REPUBLIC OF ZIMBABWE,July,0.0,7,2021-07-01
2021,ROMANIA,July,0.0,7,2021-07-01
2021,RUSSIAN FEDERATION,July,66.0,7,2021-07-01
2021,RWANDA,July,0.0,7,2021-07-01
2021,S,July,0.0,7,2021-07-01
2021,SAINT KITTS AND NEVIS,July,0.0,7,2021-07-01
2021,SAINT LUCIA,July,0.0,7,2021-07-01
2021,SAINT VINCENT THE GRENADI,July,0.0,7,2021-07-01
2021,SAMOA,July,0.0,7,2021-07-01
2021,SAN MARINO,July,0.0,7,2021-07-01
2021,SAUDI ARABIA,July,11.0,7,2021-07-01
2021,SENEGAL,July,0.0,7,2021-07-01
2021,SERBIA,July,0.0,7,2021-07-01
2021,SEYCHELLES,July,1.0,7,2021-07-01
2021,SIERRA LEONE,July,0.0,7,2021-07-01
2021,SINGAPORE,July,4.0,7,2021-07-01
2021,SLOVAKIA(SLOVAK REPUBLIC),July,11.0,7,2021-07-01
2021,SLOVENIA,July,0.0,7,2021-07-01
2021,SOMALIA,July,0.0,7,2021-07-01
2021,SOUTH AFRICA-ZUID AFRIKA,July,3.0,7,2021-07-01
2021,SOUTH KOREA,July,2.0,7,2021-07-01
2021,SOUTH SUDAN,July,0.0,7,2021-07-01
2021,SPAIN,July,15.0,7,2021-07-01
2021,SUDAN,July,2.0,7,2021-07-01
2021,SURINAME,July,0.0,7,2021-07-01
2021,SWAZILAND,July,0.0,7,2021-07-01
2021,SWEDEN,July,29.0,7,2021-07-01
2021,SWITZERLAND,July,123.0,7,2021-07-01
2021,SYRIAN ARAB REPUBLIC,July,0.0,7,2021-07-01
2021,T,July,0.0,7,2021-07-01
2021,TAIWAN PROVINCE OF CHINA,July,2.0,7,2021-07-01
2021,TAJIKISTAN,July,1.0,7,2021-07-01
2021,TANZANIA,July,0.0,7,2021-07-01
2021,THAILAND,July,3.0,7,2021-07-01
2021,TIMOR-LESTE,July,0.0,7,2021-07-01
2021,TOGO,July,0.0,7,2021-07-01
2021,TONGA,July,0.0,7,2021-07-01
2021,TRINIDAD AND TOBAGO,July,0.0,7,2021-07-01
2021,TUNISIA,July,5.0,7,2021-07-01
2021,TURKEY,July,6.0,7,2021-07-01
2021,TURKMENISTAN,July,0.0,7,2021-07-01
2021,U,July,0.0,7,2021-07-01
2021,UGANDA,July,0.0,7,2021-07-01
2021,UKRAINE,July,13.0,7,2021-07-01
2021,UNITED ARAB EMIRATES,July,3.0,7,2021-07-01
2021,UNITED KINGDOM,July,342.0,7,2021-07-01
2021,UNITED STATES,July,242.0,7,2021-07-01
2021,URUGUAY,July,0.0,7,2021-07-01
2021,UZBEKISTAN,July,6.0,7,2021-07-01
2021,V,July,0.0,7,2021-07-01
2021,VANUATU,July,2.0,7,2021-07-01
2021,VENEZUELA,July,0.0,7,2021-07-01
2021,VIETNAM,July,1.0,7,2021-07-01
2021,Y,July,0.0,7,2021-07-01
2021,YEMEN (YEMEN ARAB REP.),July,0.0,7,2021-07-01
2021,Z,July,0.0,7,2021-07-01
2021,ZAMBIA (NORTHERN RHODESIA),July,0.0,7,2021-07-01
2021,ZIMBABWE,July,0.0,7,2021-07-01
2021,A,August,0.0,8,2021-08-01
2021,AFGHANISTAN,August,1.0,8,2021-08-01
2021,ALBANIA,August,0.0,8,2021-08-01
2021,ALGERIA,August,0.0,8,2021-08-01
2021,ANDORRA,August,0.0,8,2021-08-01
2021,ANGOLA,August,0.0,8,2021-08-01
2021,ANTIGUA AND BARBUDA,August,0.0,8,2021-08-01
2021,ARGENTINA,August,0.0,8,2021-08-01
2021,ARMENIA,August,4.0,8,2021-08-01
2021,AUSTRALIA,August,26.0,8,2021-08-01
2021,AUSTRIA,August,55.0,8,2021-08-01
2021,AZERBAIJAN,August,0.0,8,2021-08-01
2021,B,August,0.0,8,2021-08-01
2021,BAHAMAS,August,0.0,8,2021-08-01
2021,BAHRAIN,August,5.0,8,2021-08-01
2021,BANGLADESH,August,19.0,8,2021-08-01
2021,BARBADOS,August,0.0,8,2021-08-01
2021,BELARUS,August,7.0,8,2021-08-01
2021,BELGIUM,August,54.0,8,2021-08-01
2021,BELIZE,August,0.0,8,2021-08-01
2021,BENIN,August,0.0,8,2021-08-01
2021,BHUTAN,August,0.0,8,2021-08-01
2021,BOLIVIA,August,0.0,8,2021-08-01
2021,BOSNIA,August,1.0,8,2021-08-01
2021,BOTSWANA,August,0.0,8,2021-08-01
2021,BRAZIL,August,4.0,8,2021-08-01
2021,BRUNEI,August,0.0,8,2021-08-01
2021,BULGARIA,August,4.0,8,2021-08-01
2021,BURKINA,August,0.0,8,2021-08-01
2021,BURUNDI,August,0.0,8,2021-08-01
2021,C,August,0.0,8,2021-08-01
2021,CAMBODIA,August,0.0,8,2021-08-01
2021,CAMEROON,August,0.0,8,2021-08-01
2021,CANADA,August,594.0,8,2021-08-01
2021,CAPE VERDE,August,0.0,8,2021-08-01
2021,CENTRAL AFRICAN REPUBLIC,August,0.0,8,2021-08-01
2021,CHAD,August,0.0,8,2021-08-01
2021,CHILE,August,0.0,8,2021-08-01
2021,CHINA,August,178.0,8,2021-08-01
2021,COLOMBIA,August,1.0,8,2021-08-01
2021,COMOROS,August,0.0,8,2021-08-01
2021,CONGO THE DEM REPOF THE,August,0.0,8,2021-08-01
2021,COSTA RICA,August,0.0,8,2021-08-01
2021,COTE DIVOIRE,August,0.0,8,2021-08-01
2021,CROATIA,August,0.0,8,2021-08-01
2021,CUBA,August,0.0,8,2021-08-01
2021,CYPRUS,August,9.0,8,2021-08-01
2021,CZECH REPUBLIC,August,30.0,8,2021-08-01
2021,D,August,0.0,8,2021-08-01
2021,DENMARK,August,27.0,8,2021-08-01
2021,DJIBOUTI,August,0.0,8,2021-08-01
2021,DOMINICA,August,0.0,8,2021-08-01
2021,DOMINICAN REPUBLIC,August,0.0,8,2021-08-01
2021,E,August,0.0,8,2021-08-01
2021,ECUADOR,August,0.0,8,2021-08-01
2021,EGYPT,August,5.0,8,2021-08-01
2021,EL SALVADOR,August,0.0,8,2021-08-01
2021,EQUATORIAL GUINEA,August,0.0,8,2021-08-01
2021,ERITREA,August,1.0,8,2021-08-01
2021,ESTONIA,August,1.0,8,2021-08-01
2021,ETHIOPIA,August,0.0,8,2021-08-01
2021,EUROPEAN UNION,August,0.0,8,2021-08-01
2021,F,August,0.0,8,2021-08-01
2021,FIJI,August,0.0,8,2021-08-01
2021,FINLAND,August,4.0,8,2021-08-01
2021,FRANCE,August,248.0,8,2021-08-01
2021,G,August,0.0,8,2021-08-01
2021,GABON,August,0.0,8,2021-08-01
2021,"GAMBIA, THE",August,0.0,8,2021-08-01
2021,GEORGIA,August,4.0,8,2021-08-01
2021,GERMANY,August,515.0,8,2021-08-01
2021,GHANA,August,0.0,8,2021-08-01
2021,GREECE,August,3.0,8,2021-08-01
2021,GRENADA,August,0.0,8,2021-08-01
2021,GUATEMALA,August,0.0,8,2021-08-01
2021,GUINEA,August,0.0,8,2021-08-01
2021,GUINEA-BISSAU,August,0.0,8,2021-08-01
2021,GUYANA,August,0.0,8,2021-08-01
2021,H,August,0.0,8,2021-08-01
2021,HAITI,August,0.0,8,2021-08-01
2021,HONDURAS,August,0.0,8,2021-08-01
2021,HONG KONG,August,0.0,8,2021-08-01
2021,HUNGARY,August,3.0,8,2021-08-01
2021,I,August,0.0,8,2021-08-01
2021,ICELAND,August,1.0,8,2021-08-01
2021,INDIA,August,405.0,8,2021-08-01
2021,INDONESIA,August,96.0,8,2021-08-01
2021,IRAN,August,7.0,8,2021-08-01
2021,IRAQ,August,0.0,8,2021-08-01
2021,IRELAND,August,9.0,8,2021-08-01
2021,ISLE OF MAN,August,0.0,8,2021-08-01
2021,ISRAEL,August,78.0,8,2021-08-01
2021,ITALY,August,54.0,8,2021-08-01
2021,J,August,0.0,8,2021-08-01
2021,JAMAICA,August,0.0,8,2021-08-01
2021,JAPAN,August,9.0,8,2021-08-01
2021,JORDAN,August,16.0,8,2021-08-01
2021,K,August,0.0,8,2021-08-01
2021,KAZAKHSTAN,August,7.0,8,2021-08-01
2021,KENYA,August,1.0,8,2021-08-01
2021,KOSOVAR,August,0.0,8,2021-08-01
2021,KUWAIT,August,3.0,8,2021-08-01
2021,KYRGYZSTAN,August,0.0,8,2021-08-01
2021,L,August,0.0,8,2021-08-01
2021,LAO PEOPLES DEM. REP.,August,0.0,8,2021-08-01
2021,LATVIA,August,2.0,8,2021-08-01
2021,LEBANON,August,6.0,8,2021-08-01
2021,LESOTHO,August,0.0,8,2021-08-01
2021,LIBERIA,August,0.0,8,2021-08-01
2021,LIBYA(LIBYAN ARAB JAMAHIR),August,0.0,8,2021-08-01
2021,LIECHTENSTEIN,August,0.0,8,2021-08-01
2021,LITHUANIA,August,2.0,8,2021-08-01
2021,LUXEMBOURG,August,2.0,8,2021-08-01
2021,M,August,0.0,8,2021-08-01
2021,MACEDONIA,August,0.0,8,2021-08-01
2021,MADAGASCAR,August,0.0,8,2021-08-01
2021,MALAWI,August,0.0,8,2021-08-01
2021,MALAYSIA,August,2.0,8,2021-08-01
2021,MALDIVES,August,341.0,8,2021-08-01
2021,MALI,August,0.0,8,2021-08-01
2021,MALTA,August,0.0,8,2021-08-01
2021,MAURITANIA,August,0.0,8,2021-08-01
2021,MAURITIUS,August,2.0,8,2021-08-01
2021,MEXICO,August,3.0,8,2021-08-01
2021,MICRONESIA,August,0.0,8,2021-08-01
2021,MOLDOVA,August,0.0,8,2021-08-01
2021,MONACO,August,0.0,8,2021-08-01
2021,MONGOLIA,August,0.0,8,2021-08-01
2021,MONTENEGRO,August,1.0,8,2021-08-01
2021,MOROCCO,August,1.0,8,2021-08-01
2021,MOZAMBIQUE,August,0.0,8,2021-08-01
2021,MYANMAR,August,3.0,8,2021-08-01
2021,N,August,0.0,8,2021-08-01
2021,NAMIBIA,August,0.0,8,2021-08-01
2021,NAURU,August,0.0,8,2021-08-01
2021,NEPAL,August,4.0,8,2021-08-01
2021,NETHERLANDS,August,115.0,8,2021-08-01
2021,NEW ZEALAND,August,11.0,8,2021-08-01
2021,NIGER,August,0.0,8,2021-08-01
2021,NIGERIA,August,0.0,8,2021-08-01
2021,NORWAY,August,64.0,8,2021-08-01
2021,O,August,0.0,8,2021-08-01
2021,OMAN,August,11.0,8,2021-08-01
2021,P,August,0.0,8,2021-08-01
2021,PAKISTAN,August,456.0,8,2021-08-01
2021,PALESTINIAN TERRITORIES,August,1.0,8,2021-08-01
2021,PANAMA,August,0.0,8,2021-08-01
2021,PAPUA NEW GUINEA,August,0.0,8,2021-08-01
2021,PARAGUAY,August,0.0,8,2021-08-01
2021,PERU,August,0.0,8,2021-08-01
2021,PHILIPPINES,August,21.0,8,2021-08-01
2021,POLAND,August,34.0,8,2021-08-01
2021,PORTUGAL,August,6.0,8,2021-08-01
2021,Q,August,0.0,8,2021-08-01
2021,QATAR,August,0.0,8,2021-08-01
2021,R,August,0.0,8,2021-08-01
2021,REPUBLIC OF ZIMBABWE,August,0.0,8,2021-08-01
2021,ROMANIA,August,20.0,8,2021-08-01
2021,RUSSIAN FEDERATION,August,247.0,8,2021-08-01
2021,RWANDA,August,0.0,8,2021-08-01
2021,S,August,0.0,8,2021-08-01
2021,SAINT KITTS AND NEVIS,August,1.0,8,2021-08-01
2021,SAINT LUCIA,August,0.0,8,2021-08-01
2021,SAINT VINCENT THE GRENADI,August,0.0,8,2021-08-01
2021,SAMOA,August,0.0,8,2021-08-01
2021,SAN MARINO,August,0.0,8,2021-08-01
2021,SAUDI ARABIA,August,36.0,8,2021-08-01
2021,SENEGAL,August,0.0,8,2021-08-01
2021,SERBIA,August,3.0,8,2021-08-01
2021,SEYCHELLES,August,3.0,8,2021-08-01
2021,SIERRA LEONE,August,0.0,8,2021-08-01
2021,SINGAPORE,August,12.0,8,2021-08-01
2021,SLOVAKIA(SLOVAK REPUBLIC),August,18.0,8,2021-08-01
2021,SLOVENIA,August,6.0,8,2021-08-01
2021,SOMALIA,August,0.0,8,2021-08-01
2021,SOUTH AFRICA-ZUID AFRIKA,August,4.0,8,2021-08-01
2021,SOUTH KOREA,August,3.0,8,2021-08-01
2021,SOUTH SUDAN,August,0.0,8,2021-08-01
2021,SPAIN,August,78.0,8,2021-08-01
2021,SUDAN,August,3.0,8,2021-08-01
2021,SURINAME,August,0.0,8,2021-08-01
2021,SWAZILAND,August,0.0,8,2021-08-01
2021,SWEDEN,August,40.0,8,2021-08-01
2021,SWITZERLAND,August,152.0,8,2021-08-01
2021,SYRIAN ARAB REPUBLIC,August,0.0,8,2021-08-01
2021,T,August,0.0,8,2021-08-01
2021,TAIWAN PROVINCE OF CHINA,August,2.0,8,2021-08-01
2021,TAJIKISTAN,August,0.0,8,2021-08-01
2021,TANZANIA,August,0.0,8,2021-08-01
2021,THAILAND,August,5.0,8,2021-08-01
2021,TIMOR-LESTE,August,0.0,8,2021-08-01
2021,TOGO,August,0.0,8,2021-08-01
2021,TONGA,August,0.0,8,2021-08-01
2021,TRINIDAD AND TOBAGO,August,0.0,8,2021-08-01
2021,TUNISIA,August,0.0,8,2021-08-01
2021,TURKEY,August,8.0,8,2021-08-01
2021,TURKMENISTAN,August,0.0,8,2021-08-01
2021,U,August,0.0,8,2021-08-01
2021,UGANDA,August,0.0,8,2021-08-01
2021,UKRAINE,August,20.0,8,2021-08-01
2021,UNITED ARAB EMIRATES,August,0.0,8,2021-08-01
2021,UNITED KINGDOM,August,489.0,8,2021-08-01
2021,UNITED STATES,August,311.0,8,2021-08-01
2021,URUGUAY,August,0.0,8,2021-08-01
2021,UZBEKISTAN,August,0.0,8,2021-08-01
2021,V,August,0.0,8,2021-08-01
2021,VANUATU,August,0.0,8,2021-08-01
2021,VENEZUELA,August,0.0,8,2021-08-01
2021,VIETNAM,August,1.0,8,2021-08-01
2021,Y,August,0.0,8,2021-08-01
2021,YEMEN (YEMEN ARAB REP.),August,1.0,8,2021-08-01
2021,Z,August,0.0,8,2021-08-01
2021,ZAMBIA (NORTHERN RHODESIA),August,0.0,8,2021-08-01
2021,ZIMBABWE,August,0.0,8,2021-08-01
2021,A,September,0.0,9,2021-09-01
2021,AFGHANISTAN,September,4.0,9,2021-09-01
2021,ALBANIA,September,0.0,9,2021-09-01
2021,ALGERIA,September,1.0,9,2021-09-01
2021,ANDORRA,September,0.0,9,2021-09-01
2021,ANGOLA,September,0.0,9,2021-09-01
2021,ANTIGUA AND BARBUDA,September,0.0,9,2021-09-01
2021,ARGENTINA,September,3.0,9,2021-09-01
2021,ARMENIA,September,1.0,9,2021-09-01
2021,AUSTRALIA,September,27.0,9,2021-09-01
2021,AUSTRIA,September,44.0,9,2021-09-01
2021,AZERBAIJAN,September,1.0,9,2021-09-01
2021,B,September,0.0,9,2021-09-01
2021,BAHAMAS,September,0.0,9,2021-09-01
2021,BAHRAIN,September,0.0,9,2021-09-01
2021,BANGLADESH,September,235.0,9,2021-09-01
2021,BARBADOS,September,0.0,9,2021-09-01
2021,BELARUS,September,13.0,9,2021-09-01
2021,BELGIUM,September,61.0,9,2021-09-01
2021,BELIZE,September,0.0,9,2021-09-01
2021,BENIN,September,1.0,9,2021-09-01
2021,BHUTAN,September,0.0,9,2021-09-01
2021,BOLIVIA,September,0.0,9,2021-09-01
2021,BOSNIA,September,0.0,9,2021-09-01
2021,BOTSWANA,September,0.0,9,2021-09-01
2021,BRAZIL,September,6.0,9,2021-09-01
2021,BRUNEI,September,0.0,9,2021-09-01
2021,BULGARIA,September,1.0,9,2021-09-01
2021,BURKINA,September,0.0,9,2021-09-01
2021,BURUNDI,September,0.0,9,2021-09-01
2021,C,September,0.0,9,2021-09-01
2021,CAMBODIA,September,0.0,9,2021-09-01
2021,CAMEROON,September,0.0,9,2021-09-01
2021,CANADA,September,265.0,9,2021-09-01
2021,CAPE VERDE,September,0.0,9,2021-09-01
2021,CENTRAL AFRICAN REPUBLIC,September,0.0,9,2021-09-01
2021,CHAD,September,0.0,9,2021-09-01
2021,CHILE,September,0.0,9,2021-09-01
2021,CHINA,September,176.0,9,2021-09-01
2021,COLOMBIA,September,2.0,9,2021-09-01
2021,COMOROS,September,0.0,9,2021-09-01
2021,CONGO THE DEM REPOF THE,September,0.0,9,2021-09-01
2021,COSTA RICA,September,0.0,9,2021-09-01
2021,COTE DIVOIRE,September,0.0,9,2021-09-01
2021,CROATIA,September,2.0,9,2021-09-01
2021,CUBA,September,0.0,9,2021-09-01
2021,CYPRUS,September,4.0,9,2021-09-01
2021,CZECH REPUBLIC,September,39.0,9,2021-09-01
2021,D,September,0.0,9,2021-09-01
2021,DENMARK,September,62.0,9,2021-09-01
2021,DJIBOUTI,September,0.0,9,2021-09-01
2021,DOMINICA,September,0.0,9,2021-09-01
2021,DOMINICAN REPUBLIC,September,1.0,9,2021-09-01
2021,E,September,0.0,9,2021-09-01
2021,ECUADOR,September,0.0,9,2021-09-01
2021,EGYPT,September,8.0,9,2021-09-01
2021,EL SALVADOR,September,0.0,9,2021-09-01
2021,EQUATORIAL GUINEA,September,0.0,9,2021-09-01
2021,ERITREA,September,0.0,9,2021-09-01
2021,ESTONIA,September,0.0,9,2021-09-01
2021,ETHIOPIA,September,0.0,9,2021-09-01
2021,EUROPEAN UNION,September,0.0,9,2021-09-01
2021,F,September,0.0,9,2021-09-01
2021,FIJI,September,0.0,9,2021-09-01
2021,FINLAND,September,20.0,9,2021-09-01
2021,FRANCE,September,181.0,9,2021-09-01
2021,G,September,0.0,9,2021-09-01
2021,GABON,September,0.0,9,2021-09-01
2021,"GAMBIA, THE",September,0.0,9,2021-09-01
2021,GEORGIA,September,2.0,9,2021-09-01
2021,GERMANY,September,466.0,9,2021-09-01
2021,GHANA,September,0.0,9,2021-09-01
2021,GREECE,September,14.0,9,2021-09-01
2021,GRENADA,September,0.0,9,2021-09-01
2021,GUATEMALA,September,3.0,9,2021-09-01
2021,GUINEA,September,0.0,9,2021-09-01
2021,GUINEA-BISSAU,September,0.0,9,2021-09-01
2021,GUYANA,September,0.0,9,2021-09-01
2021,H,September,0.0,9,2021-09-01
2021,HAITI,September,0.0,9,2021-09-01
2021,HONDURAS,September,0.0,9,2021-09-01
2021,HONG KONG,September,0.0,9,2021-09-01
2021,HUNGARY,September,12.0,9,2021-09-01
2021,I,September,0.0,9,2021-09-01
2021,ICELAND,September,0.0,9,2021-09-01
2021,INDIA,September,8528.0,9,2021-09-01
2021,INDONESIA,September,245.0,9,2021-09-01
2021,IRAN,September,7.0,9,2021-09-01
2021,IRAQ,September,2.0,9,2021-09-01
2021,IRELAND,September,19.0,9,2021-09-01
2021,ISLE OF MAN,September,0.0,9,2021-09-01
2021,ISRAEL,September,147.0,9,2021-09-01
2021,ITALY,September,47.0,9,2021-09-01
2021,J,September,0.0,9,2021-09-01
2021,JAMAICA,September,0.0,9,2021-09-01
2021,JAPAN,September,9.0,9,2021-09-01
2021,JORDAN,September,8.0,9,2021-09-01
2021,K,September,0.0,9,2021-09-01
2021,KAZAKHSTAN,September,3.0,9,2021-09-01
2021,KENYA,September,1.0,9,2021-09-01
2021,KOSOVAR,September,0.0,9,2021-09-01
2021,KUWAIT,September,4.0,9,2021-09-01
2021,KYRGYZSTAN,September,0.0,9,2021-09-01
2021,L,September,0.0,9,2021-09-01
2021,LAO PEOPLES DEM. REP.,September,0.0,9,2021-09-01
2021,LATVIA,September,4.0,9,2021-09-01
2021,LEBANON,September,4.0,9,2021-09-01
2021,LESOTHO,September,0.0,9,2021-09-01
2021,LIBERIA,September,0.0,9,2021-09-01
2021,LIBYA(LIBYAN ARAB JAMAHIR),September,1.0,9,2021-09-01
2021,LIECHTENSTEIN,September,0.0,9,2021-09-01
2021,LITHUANIA,September,11.0,9,2021-09-01
2021,LUXEMBOURG,September,0.0,9,2021-09-01
2021,M,September,0.0,9,2021-09-01
2021,MACEDONIA,September,1.0,9,2021-09-01
2021,MADAGASCAR,September,0.0,9,2021-09-01
2021,MALAWI,September,0.0,9,2021-09-01
2021,MALAYSIA,September,3.0,9,2021-09-01
2021,MALDIVES,September,146.0,9,2021-09-01
2021,MALI,September,0.0,9,2021-09-01
2021,MALTA,September,0.0,9,2021-09-01
2021,MAURITANIA,September,0.0,9,2021-09-01
2021,MAURITIUS,September,1.0,9,2021-09-01
2021,MEXICO,September,4.0,9,2021-09-01
2021,MICRONESIA,September,0.0,9,2021-09-01
2021,MOLDOVA,September,0.0,9,2021-09-01
2021,MONACO,September,0.0,9,2021-09-01
2021,MONGOLIA,September,0.0,9,2021-09-01
2021,MONTENEGRO,September,0.0,9,2021-09-01
2021,MOROCCO,September,1.0,9,2021-09-01
2021,MOZAMBIQUE,September,0.0,9,2021-09-01
2021,MYANMAR,September,2.0,9,2021-09-01
2021,N,September,0.0,9,2021-09-01
2021,NAMIBIA,September,0.0,9,2021-09-01
2021,NAURU,September,0.0,9,2021-09-01
2021,NEPAL,September,7.0,9,2021-09-01
2021,NETHERLANDS,September,94.0,9,2021-09-01
2021,NEW ZEALAND,September,3.0,9,2021-09-01
2021,NIGER,September,0.0,9,2021-09-01
2021,NIGERIA,September,1.0,9,2021-09-01
2021,NORWAY,September,56.0,9,2021-09-01
2021,O,September,0.0,9,2021-09-01
2021,OMAN,September,5.0,9,2021-09-01
2021,P,September,0.0,9,2021-09-01
2021,PAKISTAN,September,1225.0,9,2021-09-01
2021,PALESTINIAN TERRITORIES,September,3.0,9,2021-09-01
2021,PANAMA,September,0.0,9,2021-09-01
2021,PAPUA NEW GUINEA,September,0.0,9,2021-09-01
2021,PARAGUAY,September,0.0,9,2021-09-01
2021,PERU,September,0.0,9,2021-09-01
2021,PHILIPPINES,September,31.0,9,2021-09-01
2021,POLAND,September,20.0,9,2021-09-01
2021,PORTUGAL,September,17.0,9,2021-09-01
2021,Q,September,0.0,9,2021-09-01
2021,QATAR,September,0.0,9,2021-09-01
2021,R,September,0.0,9,2021-09-01
2021,REPUBLIC OF ZIMBABWE,September,0.0,9,2021-09-01
2021,ROMANIA,September,7.0,9,2021-09-01
2021,RUSSIAN FEDERATION,September,304.0,9,2021-09-01
2021,RWANDA,September,0.0,9,2021-09-01
2021,S,September,0.0,9,2021-09-01
2021,SAINT KITTS AND NEVIS,September,1.0,9,2021-09-01
2021,SAINT LUCIA,September,0.0,9,2021-09-01
2021,SAINT VINCENT THE GRENADI,September,0.0,9,2021-09-01
2021,SAMOA,September,0.0,9,2021-09-01
2021,SAN MARINO,September,0.0,9,2021-09-01
2021,SAUDI ARABIA,September,23.0,9,2021-09-01
2021,SENEGAL,September,0.0,9,2021-09-01
2021,SERBIA,September,3.0,9,2021-09-01
2021,SEYCHELLES,September,1.0,9,2021-09-01
2021,SIERRA LEONE,September,0.0,9,2021-09-01
2021,SINGAPORE,September,16.0,9,2021-09-01
2021,SLOVAKIA(SLOVAK REPUBLIC),September,21.0,9,2021-09-01
2021,SLOVENIA,September,5.0,9,2021-09-01
2021,SOMALIA,September,0.0,9,2021-09-01
2021,SOUTH AFRICA-ZUID AFRIKA,September,4.0,9,2021-09-01
2021,SOUTH KOREA,September,11.0,9,2021-09-01
2021,SOUTH SUDAN,September,0.0,9,2021-09-01
2021,SPAIN,September,182.0,9,2021-09-01
2021,SUDAN,September,1.0,9,2021-09-01
2021,SURINAME,September,0.0,9,2021-09-01
2021,SWAZILAND,September,0.0,9,2021-09-01
2021,SWEDEN,September,29.0,9,2021-09-01
2021,SWITZERLAND,September,88.0,9,2021-09-01
2021,SYRIAN ARAB REPUBLIC,September,0.0,9,2021-09-01
2021,T,September,0.0,9,2021-09-01
2021,TAIWAN PROVINCE OF CHINA,September,3.0,9,2021-09-01
2021,TAJIKISTAN,September,1.0,9,2021-09-01
2021,TANZANIA,September,0.0,9,2021-09-01
2021,THAILAND,September,5.0,9,2021-09-01
2021,TIMOR-LESTE,September,0.0,9,2021-09-01
2021,TOGO,September,0.0,9,2021-09-01
2021,TONGA,September,0.0,9,2021-09-01
2021,TRINIDAD AND TOBAGO,September,2.0,9,2021-09-01
2021,TUNISIA,September,2.0,9,2021-09-01
2021,TURKEY,September,16.0,9,2021-09-01
2021,TURKMENISTAN,September,0.0,9,2021-09-01
2021,U,September,0.0,9,2021-09-01
2021,UGANDA,September,1.0,9,2021-09-01
2021,UKRAINE,September,43.0,9,2021-09-01
2021,UNITED ARAB EMIRATES,September,0.0,9,2021-09-01
2021,UNITED KINGDOM,September,309.0,9,2021-09-01
2021,UNITED STATES,September,150.0,9,2021-09-01
2021,URUGUAY,September,0.0,9,2021-09-01
2021,UZBEKISTAN,September,0.0,9,2021-09-01
2021,V,September,0.0,9,2021-09-01
2021,VANUATU,September,0.0,9,2021-09-01
2021,VENEZUELA,September,1.0,9,2021-09-01
2021,VIETNAM,September,2.0,9,2021-09-01
2021,Y,September,0.0,9,2021-09-01
2021,YEMEN (YEMEN ARAB REP.),September,0.0,9,2021-09-01
2021,Z,September,0.0,9,2021-09-01
2021,ZAMBIA (NORTHERN RHODESIA),September,0.0,9,2021-09-01
2021,ZIMBABWE,September,1.0,9,2021-09-01
2021,A,October,0.0,10,2021-10-01
2021,AFGHANISTAN,October,0.0,10,2021-10-01
2021,ALBANIA,October,0.0,10,2021-10-01
2021,ALGERIA,October,0.0,10,2021-10-01
2021,ANDORRA,October,0.0,10,2021-10-01
2021,ANGOLA,October,1.0,10,2021-10-01
2021,ANTIGUA AND BARBUDA,October,0.0,10,2021-10-01
2021,ARGENTINA,October,2.0,10,2021-10-01
2021,ARMENIA,October,5.0,10,2021-10-01
2021,AUSTRALIA,October,121.0,10,2021-10-01
2021,AUSTRIA,October,151.0,10,2021-10-01
2021,AZERBAIJAN,October,0.0,10,2021-10-01
2021,B,October,0.0,10,2021-10-01
2021,BAHAMAS,October,1.0,10,2021-10-01
2021,BAHRAIN,October,6.0,10,2021-10-01
2021,BANGLADESH,October,273.0,10,2021-10-01
2021,BARBADOS,October,0.0,10,2021-10-01
2021,BELARUS,October,36.0,10,2021-10-01
2021,BELGIUM,October,152.0,10,2021-10-01
2021,BELIZE,October,0.0,10,2021-10-01
2021,BENIN,October,0.0,10,2021-10-01
2021,BHUTAN,October,0.0,10,2021-10-01
2021,BOLIVIA,October,0.0,10,2021-10-01
2021,BOSNIA,October,2.0,10,2021-10-01
2021,BOTSWANA,October,0.0,10,2021-10-01
2021,BRAZIL,October,6.0,10,2021-10-01
2021,BRUNEI,October,0.0,10,2021-10-01
2021,BULGARIA,October,5.0,10,2021-10-01
2021,BURKINA,October,2.0,10,2021-10-01
2021,BURUNDI,October,0.0,10,2021-10-01
2021,C,October,0.0,10,2021-10-01
2021,CAMBODIA,October,2.0,10,2021-10-01
2021,CAMEROON,October,1.0,10,2021-10-01
2021,CANADA,October,688.0,10,2021-10-01
2021,CAPE VERDE,October,0.0,10,2021-10-01
2021,CENTRAL AFRICAN REPUBLIC,October,0.0,10,2021-10-01
2021,CHAD,October,0.0,10,2021-10-01
2021,CHILE,October,3.0,10,2021-10-01
2021,CHINA,October,182.0,10,2021-10-01
2021,COLOMBIA,October,4.0,10,2021-10-01
2021,COMOROS,October,1.0,10,2021-10-01
2021,CONGO THE DEM REPOF THE,October,0.0,10,2021-10-01
2021,COSTA RICA,October,1.0,10,2021-10-01
2021,COTE DIVOIRE,October,0.0,10,2021-10-01
2021,CROATIA,October,10.0,10,2021-10-01
2021,CUBA,October,0.0,10,2021-10-01
2021,CYPRUS,October,3.0,10,2021-10-01
2021,CZECH REPUBLIC,October,132.0,10,2021-10-01
2021,D,October,0.0,10,2021-10-01
2021,DENMARK,October,159.0,10,2021-10-01
2021,DJIBOUTI,October,0.0,10,2021-10-01
2021,DOMINICA,October,0.0,10,2021-10-01
2021,DOMINICAN REPUBLIC,October,0.0,10,2021-10-01
2021,E,October,0.0,10,2021-10-01
2021,ECUADOR,October,1.0,10,2021-10-01
2021,EGYPT,October,13.0,10,2021-10-01
2021,EL SALVADOR,October,0.0,10,2021-10-01
2021,EQUATORIAL GUINEA,October,0.0,10,2021-10-01
2021,ERITREA,October,0.0,10,2021-10-01
2021,ESTONIA,October,31.0,10,2021-10-01
2021,ETHIOPIA,October,6.0,10,2021-10-01
2021,EUROPEAN UNION,October,1.0,10,2021-10-01
2021,F,October,0.0,10,2021-10-01
2021,FIJI,October,0.0,10,2021-10-01
2021,FINLAND,October,32.0,10,2021-10-01
2021,FRANCE,October,624.0,10,2021-10-01
2021,G,October,0.0,10,2021-10-01
2021,GABON,October,0.0,10,2021-10-01
2021,"GAMBIA, THE",October,0.0,10,2021-10-01
2021,GEORGIA,October,14.0,10,2021-10-01
2021,GERMANY,October,1196.0,10,2021-10-01
2021,GHANA,October,1.0,10,2021-10-01
2021,GREECE,October,14.0,10,2021-10-01
2021,GRENADA,October,0.0,10,2021-10-01
2021,GUATEMALA,October,0.0,10,2021-10-01
2021,GUINEA,October,0.0,10,2021-10-01
2021,GUINEA-BISSAU,October,0.0,10,2021-10-01
2021,GUYANA,October,0.0,10,2021-10-01
2021,H,October,0.0,10,2021-10-01
2021,HAITI,October,0.0,10,2021-10-01
2021,HONDURAS,October,0.0,10,2021-10-01
2021,HONG KONG,October,0.0,10,2021-10-01
2021,HUNGARY,October,24.0,10,2021-10-01
2021,I,October,0.0,10,2021-10-01
2021,ICELAND,October,6.0,10,2021-10-01
2021,INDIA,October,8406.0,10,2021-10-01
2021,INDONESIA,October,473.0,10,2021-10-01
2021,IRAN,October,16.0,10,2021-10-01
2021,IRAQ,October,39.0,10,2021-10-01
2021,IRELAND,October,49.0,10,2021-10-01
2021,ISLE OF MAN,October,0.0,10,2021-10-01
2021,ISRAEL,October,110.0,10,2021-10-01
2021,ITALY,October,160.0,10,2021-10-01
2021,J,October,0.0,10,2021-10-01
2021,JAMAICA,October,0.0,10,2021-10-01
2021,JAPAN,October,45.0,10,2021-10-01
2021,JORDAN,October,61.0,10,2021-10-01
2021,K,October,0.0,10,2021-10-01
2021,KAZAKHSTAN,October,7.0,10,2021-10-01
2021,KENYA,October,7.0,10,2021-10-01
2021,KOSOVAR,October,0.0,10,2021-10-01
2021,KUWAIT,October,20.0,10,2021-10-01
2021,KYRGYZSTAN,October,6.0,10,2021-10-01
2021,L,October,0.0,10,2021-10-01
2021,LAO PEOPLES DEM. REP.,October,0.0,10,2021-10-01
2021,LATVIA,October,15.0,10,2021-10-01
2021,LEBANON,October,37.0,10,2021-10-01
2021,LESOTHO,October,0.0,10,2021-10-01
2021,LIBERIA,October,0.0,10,2021-10-01
2021,LIBYA(LIBYAN ARAB JAMAHIR),October,0.0,10,2021-10-01
2021,LIECHTENSTEIN,October,2.0,10,2021-10-01
2021,LITHUANIA,October,60.0,10,2021-10-01
2021,LUXEMBOURG,October,1.0,10,2021-10-01
2021,M,October,0.0,10,2021-10-01
2021,MACEDONIA,October,1.0,10,2021-10-01
2021,MADAGASCAR,October,0.0,10,2021-10-01
2021,MALAWI,October,2.0,10,2021-10-01
2021,MALAYSIA,October,44.0,10,2021-10-01
2021,MALDIVES,October,963.0,10,2021-10-01
2021,MALI,October,0.0,10,2021-10-01
2021,MALTA,October,1.0,10,2021-10-01
2021,MAURITANIA,October,0.0,10,2021-10-01
2021,MAURITIUS,October,3.0,10,2021-10-01
2021,MEXICO,October,10.0,10,2021-10-01
2021,MICRONESIA,October,0.0,10,2021-10-01
2021,MOLDOVA,October,0.0,10,2021-10-01
2021,MONACO,October,0.0,10,2021-10-01
2021,MONGOLIA,October,0.0,10,2021-10-01
2021,MONTENEGRO,October,0.0,10,2021-10-01
2021,MOROCCO,October,7.0,10,2021-10-01
2021,MOZAMBIQUE,October,0.0,10,2021-10-01
2021,MYANMAR,October,1.0,10,2021-10-01
2021,N,October,0.0,10,2021-10-01
2021,NAMIBIA,October,1.0,10,2021-10-01
2021,NAURU,October,0.0,10,2021-10-01
2021,NEPAL,October,29.0,10,2021-10-01
2021,NETHERLANDS,October,242.0,10,2021-10-01
2021,NEW ZEALAND,October,24.0,10,2021-10-01
2021,NIGER,October,0.0,10,2021-10-01
2021,NIGERIA,October,0.0,10,2021-10-01
2021,NORWAY,October,212.0,10,2021-10-01
2021,O,October,0.0,10,2021-10-01
2021,OMAN,October,27.0,10,2021-10-01
2021,P,October,0.0,10,2021-10-01
2021,PAKISTAN,October,2042.0,10,2021-10-01
2021,PALESTINIAN TERRITORIES,October,3.0,10,2021-10-01
2021,PANAMA,October,0.0,10,2021-10-01
2021,PAPUA NEW GUINEA,October,0.0,10,2021-10-01
2021,PARAGUAY,October,0.0,10,2021-10-01
2021,PERU,October,0.0,10,2021-10-01
2021,PHILIPPINES,October,76.0,10,2021-10-01
2021,POLAND,October,116.0,10,2021-10-01
2021,PORTUGAL,October,53.0,10,2021-10-01
2021,Q,October,0.0,10,2021-10-01
2021,QATAR,October,7.0,10,2021-10-01
2021,R,October,0.0,10,2021-10-01
2021,REPUBLIC OF ZIMBABWE,October,0.0,10,2021-10-01
2021,ROMANIA,October,21.0,10,2021-10-01
2021,RUSSIAN FEDERATION,October,1328.0,10,2021-10-01
2021,RWANDA,October,0.0,10,2021-10-01
2021,S,October,0.0,10,2021-10-01
2021,SAINT KITTS AND NEVIS,October,0.0,10,2021-10-01
2021,SAINT LUCIA,October,0.0,10,2021-10-01
2021,SAINT VINCENT THE GRENADI,October,0.0,10,2021-10-01
2021,SAMOA,October,0.0,10,2021-10-01
2021,SAN MARINO,October,0.0,10,2021-10-01
2021,SAUDI ARABIA,October,79.0,10,2021-10-01
2021,SENEGAL,October,0.0,10,2021-10-01
2021,SERBIA,October,4.0,10,2021-10-01
2021,SEYCHELLES,October,5.0,10,2021-10-01
2021,SIERRA LEONE,October,0.0,10,2021-10-01
2021,SINGAPORE,October,31.0,10,2021-10-01
2021,SLOVAKIA(SLOVAK REPUBLIC),October,42.0,10,2021-10-01
2021,SLOVENIA,October,10.0,10,2021-10-01
2021,SOMALIA,October,1.0,10,2021-10-01
2021,SOUTH AFRICA-ZUID AFRIKA,October,26.0,10,2021-10-01
2021,SOUTH KOREA,October,76.0,10,2021-10-01
2021,SOUTH SUDAN,October,0.0,10,2021-10-01
2021,SPAIN,October,269.0,10,2021-10-01
2021,SUDAN,October,1.0,10,2021-10-01
2021,SURINAME,October,0.0,10,2021-10-01
2021,SWAZILAND,October,0.0,10,2021-10-01
2021,SWEDEN,October,98.0,10,2021-10-01
2021,SWITZERLAND,October,403.0,10,2021-10-01
2021,SYRIAN ARAB REPUBLIC,October,1.0,10,2021-10-01
2021,T,October,0.0,10,2021-10-01
2021,TAIWAN PROVINCE OF CHINA,October,6.0,10,2021-10-01
2021,TAJIKISTAN,October,7.0,10,2021-10-01
2021,TANZANIA,October,1.0,10,2021-10-01
2021,THAILAND,October,29.0,10,2021-10-01
2021,TIMOR-LESTE,October,0.0,10,2021-10-01
2021,TOGO,October,0.0,10,2021-10-01
2021,TONGA,October,0.0,10,2021-10-01
2021,TRINIDAD AND TOBAGO,October,2.0,10,2021-10-01
2021,TUNISIA,October,5.0,10,2021-10-01
2021,TURKEY,October,31.0,10,2021-10-01
2021,TURKMENISTAN,October,0.0,10,2021-10-01
2021,U,October,0.0,10,2021-10-01
2021,UGANDA,October,2.0,10,2021-10-01
2021,UKRAINE,October,168.0,10,2021-10-01
2021,UNITED ARAB EMIRATES,October,5.0,10,2021-10-01
2021,UNITED KINGDOM,October,2241.0,10,2021-10-01
2021,UNITED STATES,October,573.0,10,2021-10-01
2021,URUGUAY,October,0.0,10,2021-10-01
2021,UZBEKISTAN,October,6.0,10,2021-10-01
2021,V,October,0.0,10,2021-10-01
2021,VANUATU,October,1.0,10,2021-10-01
2021,VENEZUELA,October,1.0,10,2021-10-01
2021,VIETNAM,October,4.0,10,2021-10-01
2021,Y,October,0.0,10,2021-10-01
2021,YEMEN (YEMEN ARAB REP.),October,4.0,10,2021-10-01
2021,Z,October,0.0,10,2021-10-01
2021,ZAMBIA (NORTHERN RHODESIA),October,0.0,10,2021-10-01
2021,ZIMBABWE,October,0.0,10,2021-10-01
2021,A,November,0.0,11,2021-11-01
2021,AFGHANISTAN,November,1.0,11,2021-11-01
2021,ALBANIA,November,0.0,11,2021-11-01
2021,ALGERIA,November,8.0,11,2021-11-01
2021,ANDORRA,November,3.0,11,2021-11-01
2021,ANGOLA,November,1.0,11,2021-11-01
2021,ANTIGUA AND BARBUDA,November,2.0,11,2021-11-01
2021,ARGENTINA,November,12.0,11,2021-11-01
2021,ARMENIA,November,6.0,11,2021-11-01
2021,AUSTRALIA,November,940.0,11,2021-11-01
2021,AUSTRIA,November,267.0,11,2021-11-01
2021,AZERBAIJAN,November,16.0,11,2021-11-01
2021,B,November,0.0,11,2021-11-01
2021,BAHAMAS,November,2.0,11,2021-11-01
2021,BAHRAIN,November,10.0,11,2021-11-01
2021,BANGLADESH,November,372.0,11,2021-11-01
2021,BARBADOS,November,8.0,11,2021-11-01
2021,BELARUS,November,120.0,11,2021-11-01
2021,BELGIUM,November,318.0,11,2021-11-01
2021,BELIZE,November,0.0,11,2021-11-01
2021,BENIN,November,0.0,11,2021-11-01
2021,BHUTAN,November,2.0,11,2021-11-01
2021,BOLIVIA,November,16.0,11,2021-11-01
2021,BOSNIA,November,6.0,11,2021-11-01
2021,BOTSWANA,November,0.0,11,2021-11-01
2021,BRAZIL,November,30.0,11,2021-11-01
2021,BRUNEI,November,0.0,11,2021-11-01
2021,BULGARIA,November,58.0,11,2021-11-01
2021,BURKINA,November,0.0,11,2021-11-01
2021,BURUNDI,November,1.0,11,2021-11-01
2021,C,November,0.0,11,2021-11-01
2021,CAMBODIA,November,4.0,11,2021-11-01
2021,CAMEROON,November,1.0,11,2021-11-01
2021,CANADA,November,1161.0,11,2021-11-01
2021,CAPE VERDE,November,0.0,11,2021-11-01
2021,CENTRAL AFRICAN REPUBLIC,November,0.0,11,2021-11-01
2021,CHAD,November,0.0,11,2021-11-01
2021,CHILE,November,4.0,11,2021-11-01
2021,CHINA,November,201.0,11,2021-11-01
2021,COLOMBIA,November,19.0,11,2021-11-01
2021,COMOROS,November,0.0,11,2021-11-01
2021,CONGO THE DEM REPOF THE,November,0.0,11,2021-11-01
2021,COSTA RICA,November,1.0,11,2021-11-01
2021,COTE DIVOIRE,November,0.0,11,2021-11-01
2021,CROATIA,November,33.0,11,2021-11-01
2021,CUBA,November,0.0,11,2021-11-01
2021,CYPRUS,November,12.0,11,2021-11-01
2021,CZECH REPUBLIC,November,429.0,11,2021-11-01
2021,D,November,0.0,11,2021-11-01
2021,DENMARK,November,316.0,11,2021-11-01
2021,DJIBOUTI,November,0.0,11,2021-11-01
2021,DOMINICA,November,4.0,11,2021-11-01
2021,DOMINICAN REPUBLIC,November,1.0,11,2021-11-01
2021,E,November,0.0,11,2021-11-01
2021,ECUADOR,November,1.0,11,2021-11-01
2021,EGYPT,November,80.0,11,2021-11-01
2021,EL SALVADOR,November,1.0,11,2021-11-01
2021,EQUATORIAL GUINEA,November,0.0,11,2021-11-01
2021,ERITREA,November,2.0,11,2021-11-01
2021,ESTONIA,November,50.0,11,2021-11-01
2021,ETHIOPIA,November,5.0,11,2021-11-01
2021,EUROPEAN UNION,November,0.0,11,2021-11-01
2021,F,November,0.0,11,2021-11-01
2021,FIJI,November,5.0,11,2021-11-01
2021,FINLAND,November,65.0,11,2021-11-01
2021,FRANCE,November,1447.0,11,2021-11-01
2021,G,November,0.0,11,2021-11-01
2021,GABON,November,0.0,11,2021-11-01
2021,"GAMBIA, THE",November,0.0,11,2021-11-01
2021,GEORGIA,November,23.0,11,2021-11-01
2021,GERMANY,November,2667.0,11,2021-11-01
2021,GHANA,November,1.0,11,2021-11-01
2021,GREECE,November,46.0,11,2021-11-01
2021,GRENADA,November,1.0,11,2021-11-01
2021,GUATEMALA,November,3.0,11,2021-11-01
2021,GUINEA,November,0.0,11,2021-11-01
2021,GUINEA-BISSAU,November,0.0,11,2021-11-01
2021,GUYANA,November,3.0,11,2021-11-01
2021,H,November,0.0,11,2021-11-01
2021,HAITI,November,0.0,11,2021-11-01
2021,HONDURAS,November,0.0,11,2021-11-01
2021,HONG KONG,November,0.0,11,2021-11-01
2021,HUNGARY,November,63.0,11,2021-11-01
2021,I,November,0.0,11,2021-11-01
2021,ICELAND,November,15.0,11,2021-11-01
2021,INDIA,November,14236.0,11,2021-11-01
2021,INDONESIA,November,806.0,11,2021-11-01
2021,IRAN,November,106.0,11,2021-11-01
2021,IRAQ,November,91.0,11,2021-11-01
2021,IRELAND,November,86.0,11,2021-11-01
2021,ISLE OF MAN,November,0.0,11,2021-11-01
2021,ISRAEL,November,624.0,11,2021-11-01
2021,ITALY,November,313.0,11,2021-11-01
2021,J,November,0.0,11,2021-11-01
2021,JAMAICA,November,2.0,11,2021-11-01
2021,JAPAN,November,103.0,11,2021-11-01
2021,JORDAN,November,183.0,11,2021-11-01
2021,K,November,0.0,11,2021-11-01
2021,KAZAKHSTAN,November,85.0,11,2021-11-01
2021,KENYA,November,7.0,11,2021-11-01
2021,KOSOVAR,November,3.0,11,2021-11-01
2021,KUWAIT,November,34.0,11,2021-11-01
2021,KYRGYZSTAN,November,6.0,11,2021-11-01
2021,L,November,0.0,11,2021-11-01
2021,LAO PEOPLES DEM. REP.,November,0.0,11,2021-11-01
2021,LATVIA,November,106.0,11,2021-11-01
2021,LEBANON,November,126.0,11,2021-11-01
2021,LESOTHO,November,0.0,11,2021-11-01
2021,LIBERIA,November,0.0,11,2021-11-01
2021,LIBYA(LIBYAN ARAB JAMAHIR),November,2.0,11,2021-11-01
2021,LIECHTENSTEIN,November,2.0,11,2021-11-01
2021,LITHUANIA,November,130.0,11,2021-11-01
2021,LUXEMBOURG,November,19.0,11,2021-11-01
2021,M,November,0.0,11,2021-11-01
2021,MACEDONIA,November,6.0,11,2021-11-01
2021,MADAGASCAR,November,5.0,11,2021-11-01
2021,MALAWI,November,0.0,11,2021-11-01
2021,MALAYSIA,November,97.0,11,2021-11-01
2021,MALDIVES,November,1464.0,11,2021-11-01
2021,MALI,November,1.0,11,2021-11-01
2021,MALTA,November,6.0,11,2021-11-01
2021,MAURITANIA,November,0.0,11,2021-11-01
2021,MAURITIUS,November,0.0,11,2021-11-01
2021,MEXICO,November,13.0,11,2021-11-01
2021,MICRONESIA,November,0.0,11,2021-11-01
2021,MOLDOVA,November,12.0,11,2021-11-01
2021,MONACO,November,1.0,11,2021-11-01
2021,MONGOLIA,November,0.0,11,2021-11-01
2021,MONTENEGRO,November,0.0,11,2021-11-01
2021,MOROCCO,November,20.0,11,2021-11-01
2021,MOZAMBIQUE,November,0.0,11,2021-11-01
2021,MYANMAR,November,9.0,11,2021-11-01
2021,N,November,0.0,11,2021-11-01
2021,NAMIBIA,November,0.0,11,2021-11-01
2021,NAURU,November,0.0,11,2021-11-01
2021,NEPAL,November,65.0,11,2021-11-01
2021,NETHERLANDS,November,598.0,11,2021-11-01
2021,NEW ZEALAND,November,80.0,11,2021-11-01
2021,NIGER,November,0.0,11,2021-11-01
2021,NIGERIA,November,1.0,11,2021-11-01
2021,NORWAY,November,237.0,11,2021-11-01
2021,O,November,0.0,11,2021-11-01
2021,OMAN,November,69.0,11,2021-11-01
2021,P,November,0.0,11,2021-11-01
2021,PAKISTAN,November,2612.0,11,2021-11-01
2021,PALESTINIAN TERRITORIES,November,20.0,11,2021-11-01
2021,PANAMA,November,0.0,11,2021-11-01
2021,PAPUA NEW GUINEA,November,0.0,11,2021-11-01
2021,PARAGUAY,November,0.0,11,2021-11-01
2021,PERU,November,7.0,11,2021-11-01
2021,PHILIPPINES,November,116.0,11,2021-11-01
2021,POLAND,November,460.0,11,2021-11-01
2021,PORTUGAL,November,141.0,11,2021-11-01
2021,Q,November,0.0,11,2021-11-01
2021,QATAR,November,12.0,11,2021-11-01
2021,R,November,0.0,11,2021-11-01
2021,REPUBLIC OF ZIMBABWE,November,1.0,11,2021-11-01
2021,ROMANIA,November,145.0,11,2021-11-01
2021,RUSSIAN FEDERATION,November,3520.0,11,2021-11-01
2021,RWANDA,November,0.0,11,2021-11-01
2021,S,November,0.0,11,2021-11-01
2021,SAINT KITTS AND NEVIS,November,3.0,11,2021-11-01
2021,SAINT LUCIA,November,1.0,11,2021-11-01
2021,SAINT VINCENT THE GRENADI,November,2.0,11,2021-11-01
2021,SAMOA,November,0.0,11,2021-11-01
2021,SAN MARINO,November,1.0,11,2021-11-01
2021,SAUDI ARABIA,November,693.0,11,2021-11-01
2021,SENEGAL,November,0.0,11,2021-11-01
2021,SERBIA,November,55.0,11,2021-11-01
2021,SEYCHELLES,November,71.0,11,2021-11-01
2021,SIERRA LEONE,November,1.0,11,2021-11-01
2021,SINGAPORE,November,167.0,11,2021-11-01
2021,SLOVAKIA(SLOVAK REPUBLIC),November,168.0,11,2021-11-01
2021,SLOVENIA,November,18.0,11,2021-11-01
2021,SOMALIA,November,5.0,11,2021-11-01
2021,SOUTH AFRICA-ZUID AFRIKA,November,60.0,11,2021-11-01
2021,SOUTH KOREA,November,162.0,11,2021-11-01
2021,SOUTH SUDAN,November,0.0,11,2021-11-01
2021,SPAIN,November,463.0,11,2021-11-01
2021,SUDAN,November,19.0,11,2021-11-01
2021,SURINAME,November,0.0,11,2021-11-01
2021,SWAZILAND,November,0.0,11,2021-11-01
2021,SWEDEN,November,264.0,11,2021-11-01
2021,SWITZERLAND,November,698.0,11,2021-11-01
2021,SYRIAN ARAB REPUBLIC,November,2.0,11,2021-11-01
2021,T,November,0.0,11,2021-11-01
2021,TAIWAN PROVINCE OF CHINA,November,2.0,11,2021-11-01
2021,TAJIKISTAN,November,1.0,11,2021-11-01
2021,TANZANIA,November,2.0,11,2021-11-01
2021,THAILAND,November,62.0,11,2021-11-01
2021,TIMOR-LESTE,November,0.0,11,2021-11-01
2021,TOGO,November,0.0,11,2021-11-01
2021,TONGA,November,0.0,11,2021-11-01
2021,TRINIDAD AND TOBAGO,November,9.0,11,2021-11-01
2021,TUNISIA,November,13.0,11,2021-11-01
2021,TURKEY,November,65.0,11,2021-11-01
2021,TURKMENISTAN,November,2.0,11,2021-11-01
2021,U,November,0.0,11,2021-11-01
2021,UGANDA,November,2.0,11,2021-11-01
2021,UKRAINE,November,565.0,11,2021-11-01
2021,UNITED ARAB EMIRATES,November,60.0,11,2021-11-01
2021,UNITED KINGDOM,November,3770.0,11,2021-11-01
2021,UNITED STATES,November,1178.0,11,2021-11-01
2021,URUGUAY,November,3.0,11,2021-11-01
2021,UZBEKISTAN,November,15.0,11,2021-11-01
2021,V,November,0.0,11,2021-11-01
2021,VANUATU,November,3.0,11,2021-11-01
2021,VENEZUELA,November,2.0,11,2021-11-01
2021,VIETNAM,November,8.0,11,2021-11-01
2021,Y,November,0.0,11,2021-11-01
2021,YEMEN (YEMEN ARAB REP.),November,26.0,11,2021-11-01
2021,Z,November,0.0,11,2021-11-01
2021,ZAMBIA (NORTHERN RHODESIA),November,0.0,11,2021-11-01
2021,ZIMBABWE,November,2.0,11,2021-11-01
2021,A,December,0.0,12,2021-12-01
2021,AFGHANISTAN,December,5.0,12,2021-12-01
2021,ALBANIA,December,3.0,12,2021-12-01
2021,ALGERIA,December,21.0,12,2021-12-01
2021,ANDORRA,December,1.0,12,2021-12-01
2021,ANGOLA,December,0.0,12,2021-12-01
2021,ANTIGUA AND BARBUDA,December,1.0,12,2021-12-01
2021,ARGENTINA,December,26.0,12,2021-12-01
2021,ARMENIA,December,78.0,12,2021-12-01
2021,AUSTRALIA,December,3129.0,12,2021-12-01
2021,AUSTRIA,December,827.0,12,2021-12-01
2021,AZERBAIJAN,December,53.0,12,2021-12-01
2021,B,December,0.0,12,2021-12-01
2021,BAHAMAS,December,1.0,12,2021-12-01
2021,BAHRAIN,December,81.0,12,2021-12-01
2021,BANGLADESH,December,544.0,12,2021-12-01
2021,BARBADOS,December,0.0,12,2021-12-01
2021,BELARUS,December,359.0,12,2021-12-01
2021,BELGIUM,December,639.0,12,2021-12-01
2021,BELIZE,December,0.0,12,2021-12-01
2021,BENIN,December,0.0,12,2021-12-01
2021,BHUTAN,December,1.0,12,2021-12-01
2021,BOLIVIA,December,0.0,12,2021-12-01
2021,BOSNIA,December,9.0,12,2021-12-01
2021,BOTSWANA,December,0.0,12,2021-12-01
2021,BRAZIL,December,98.0,12,2021-12-01
2021,BRUNEI,December,0.0,12,2021-12-01
2021,BULGARIA,December,122.0,12,2021-12-01
2021,BURKINA,December,0.0,12,2021-12-01
2021,BURUNDI,December,0.0,12,2021-12-01
2021,C,December,0.0,12,2021-12-01
2021,CAMBODIA,December,7.0,12,2021-12-01
2021,CAMEROON,December,2.0,12,2021-12-01
2021,CANADA,December,1705.0,12,2021-12-01
2021,CAPE VERDE,December,0.0,12,2021-12-01
2021,CENTRAL AFRICAN REPUBLIC,December,0.0,12,2021-12-01
2021,CHAD,December,0.0,12,2021-12-01
2021,CHILE,December,15.0,12,2021-12-01
2021,CHINA,December,258.0,12,2021-12-01
2021,COLOMBIA,December,37.0,12,2021-12-01
2021,COMOROS,December,0.0,12,2021-12-01
2021,CONGO THE DEM REPOF THE,December,0.0,12,2021-12-01
2021,COSTA RICA,December,7.0,12,2021-12-01
2021,COTE DIVOIRE,December,0.0,12,2021-12-01
2021,CROATIA,December,53.0,12,2021-12-01
2021,CUBA,December,4.0,12,2021-12-01
2021,CYPRUS,December,27.0,12,2021-12-01
2021,CZECH REPUBLIC,December,1087.0,12,2021-12-01
2021,D,December,0.0,12,2021-12-01
2021,DENMARK,December,656.0,12,2021-12-01
2021,DJIBOUTI,December,0.0,12,2021-12-01
2021,DOMINICA,December,2.0,12,2021-12-01
2021,DOMINICAN REPUBLIC,December,0.0,12,2021-12-01
2021,E,December,0.0,12,2021-12-01
2021,ECUADOR,December,2.0,12,2021-12-01
2021,EGYPT,December,268.0,12,2021-12-01
2021,EL SALVADOR,December,0.0,12,2021-12-01
2021,EQUATORIAL GUINEA,December,0.0,12,2021-12-01
2021,ERITREA,December,4.0,12,2021-12-01
2021,ESTONIA,December,260.0,12,2021-12-01
2021,ETHIOPIA,December,5.0,12,2021-12-01
2021,EUROPEAN UNION,December,0.0,12,2021-12-01
2021,F,December,0.0,12,2021-12-01
2021,FIJI,December,4.0,12,2021-12-01
2021,FINLAND,December,195.0,12,2021-12-01
2021,FRANCE,December,3021.0,12,2021-12-01
2021,G,December,0.0,12,2021-12-01
2021,GABON,December,1.0,12,2021-12-01
2021,"GAMBIA, THE",December,0.0,12,2021-12-01
2021,GEORGIA,December,60.0,12,2021-12-01
2021,GERMANY,December,5875.0,12,2021-12-01
2021,GHANA,December,1.0,12,2021-12-01
2021,GREECE,December,159.0,12,2021-12-01
2021,GRENADA,December,0.0,12,2021-12-01
2021,GUATEMALA,December,0.0,12,2021-12-01
2021,GUINEA,December,0.0,12,2021-12-01
2021,GUINEA-BISSAU,December,0.0,12,2021-12-01
2021,GUYANA,December,2.0,12,2021-12-01
2021,H,December,0.0,12,2021-12-01
2021,HAITI,December,0.0,12,2021-12-01
2021,HONDURAS,December,0.0,12,2021-12-01
2021,HONG KONG,December,0.0,12,2021-12-01
2021,HUNGARY,December,322.0,12,2021-12-01
2021,I,December,0.0,12,2021-12-01
2021,ICELAND,December,18.0,12,2021-12-01
2021,INDIA,December,23566.0,12,2021-12-01
2021,INDONESIA,December,188.0,12,2021-12-01
2021,IRAN,December,181.0,12,2021-12-01
2021,IRAQ,December,115.0,12,2021-12-01
2021,IRELAND,December,330.0,12,2021-12-01
2021,ISLE OF MAN,December,1.0,12,2021-12-01
2021,ISRAEL,December,684.0,12,2021-12-01
2021,ITALY,December,556.0,12,2021-12-01
2021,J,December,0.0,12,2021-12-01
2021,JAMAICA,December,5.0,12,2021-12-01
2021,JAPAN,December,159.0,12,2021-12-01
2021,JORDAN,December,323.0,12,2021-12-01
2021,K,December,0.0,12,2021-12-01
2021,KAZAKHSTAN,December,2462.0,12,2021-12-01
2021,KENYA,December,21.0,12,2021-12-01
2021,KOSOVAR,December,1.0,12,2021-12-01
2021,KUWAIT,December,98.0,12,2021-12-01
2021,KYRGYZSTAN,December,67.0,12,2021-12-01
2021,L,December,0.0,12,2021-12-01
2021,LAO PEOPLES DEM. REP.,December,0.0,12,2021-12-01
2021,LATVIA,December,170.0,12,2021-12-01
2021,LEBANON,December,252.0,12,2021-12-01
2021,LESOTHO,December,0.0,12,2021-12-01
2021,LIBERIA,December,1.0,12,2021-12-01
2021,LIBYA(LIBYAN ARAB JAMAHIR),December,5.0,12,2021-12-01
2021,LIECHTENSTEIN,December,9.0,12,2021-12-01
2021,LITHUANIA,December,155.0,12,2021-12-01
2021,LUXEMBOURG,December,43.0,12,2021-12-01
2021,M,December,0.0,12,2021-12-01
2021,MACEDONIA,December,7.0,12,2021-12-01
2021,MADAGASCAR,December,0.0,12,2021-12-01
2021,MALAWI,December,1.0,12,2021-12-01
2021,MALAYSIA,December,158.0,12,2021-12-01
2021,MALDIVES,December,2896.0,12,2021-12-01
2021,MALI,December,1.0,12,2021-12-01
2021,MALTA,December,9.0,12,2021-12-01
2021,MAURITANIA,December,0.0,12,2021-12-01
2021,MAURITIUS,December,13.0,12,2021-12-01
2021,MEXICO,December,41.0,12,2021-12-01
2021,MICRONESIA,December,0.0,12,2021-12-01
2021,MOLDOVA,December,38.0,12,2021-12-01
2021,MONACO,December,0.0,12,2021-12-01
2021,MONGOLIA,December,4.0,12,2021-12-01
2021,MONTENEGRO,December,0.0,12,2021-12-01
2021,MOROCCO,December,51.0,12,2021-12-01
2021,MOZAMBIQUE,December,1.0,12,2021-12-01
2021,MYANMAR,December,9.0,12,2021-12-01
2021,N,December,0.0,12,2021-12-01
2021,NAMIBIA,December,2.0,12,2021-12-01
2021,NAURU,December,0.0,12,2021-12-01
2021,NEPAL,December,209.0,12,2021-12-01
2021,NETHERLANDS,December,1144.0,12,2021-12-01
2021,NEW ZEALAND,December,167.0,12,2021-12-01
2021,NIGER,December,0.0,12,2021-12-01
2021,NIGERIA,December,7.0,12,2021-12-01
2021,NORWAY,December,447.0,12,2021-12-01
2021,O,December,0.0,12,2021-12-01
2021,OMAN,December,132.0,12,2021-12-01
2021,P,December,0.0,12,2021-12-01
2021,PAKISTAN,December,1004.0,12,2021-12-01
2021,PALESTINIAN TERRITORIES,December,38.0,12,2021-12-01
2021,PANAMA,December,0.0,12,2021-12-01
2021,PAPUA NEW GUINEA,December,2.0,12,2021-12-01
2021,PARAGUAY,December,0.0,12,2021-12-01
2021,PERU,December,10.0,12,2021-12-01
2021,PHILIPPINES,December,178.0,12,2021-12-01
2021,POLAND,December,1379.0,12,2021-12-01
2021,PORTUGAL,December,134.0,12,2021-12-01
2021,Q,December,0.0,12,2021-12-01
2021,QATAR,December,12.0,12,2021-12-01
2021,R,December,0.0,12,2021-12-01
2021,REPUBLIC OF ZIMBABWE,December,1.0,12,2021-12-01
2021,ROMANIA,December,581.0,12,2021-12-01
2021,RUSSIAN FEDERATION,December,10793.0,12,2021-12-01
2021,RWANDA,December,0.0,12,2021-12-01
2021,S,December,0.0,12,2021-12-01
2021,SAINT KITTS AND NEVIS,December,12.0,12,2021-12-01
2021,SAINT LUCIA,December,2.0,12,2021-12-01
2021,SAINT VINCENT THE GRENADI,December,0.0,12,2021-12-01
2021,SAMOA,December,0.0,12,2021-12-01
2021,SAN MARINO,December,0.0,12,2021-12-01
2021,SAUDI ARABIA,December,741.0,12,2021-12-01
2021,SENEGAL,December,0.0,12,2021-12-01
2021,SERBIA,December,80.0,12,2021-12-01
2021,SEYCHELLES,December,31.0,12,2021-12-01
2021,SIERRA LEONE,December,0.0,12,2021-12-01
2021,SINGAPORE,December,306.0,12,2021-12-01
2021,SLOVAKIA(SLOVAK REPUBLIC),December,311.0,12,2021-12-01
2021,SLOVENIA,December,38.0,12,2021-12-01
2021,SOMALIA,December,0.0,12,2021-12-01
2021,SOUTH AFRICA-ZUID AFRIKA,December,109.0,12,2021-12-01
2021,SOUTH KOREA,December,120.0,12,2021-12-01
2021,SOUTH SUDAN,December,0.0,12,2021-12-01
2021,SPAIN,December,894.0,12,2021-12-01
2021,SUDAN,December,69.0,12,2021-12-01
2021,SURINAME,December,0.0,12,2021-12-01
2021,SWAZILAND,December,0.0,12,2021-12-01
2021,SWEDEN,December,1070.0,12,2021-12-01
2021,SWITZERLAND,December,1225.0,12,2021-12-01
2021,SYRIAN ARAB REPUBLIC,December,0.0,12,2021-12-01
2021,T,December,0.0,12,2021-12-01
2021,TAIWAN PROVINCE OF CHINA,December,19.0,12,2021-12-01
2021,TAJIKISTAN,December,3.0,12,2021-12-01
2021,TANZANIA,December,4.0,12,2021-12-01
2021,THAILAND,December,129.0,12,2021-12-01
2021,TIMOR-LESTE,December,0.0,12,2021-12-01
2021,TOGO,December,2.0,12,2021-12-01
2021,TONGA,December,1.0,12,2021-12-01
2021,TRINIDAD AND TOBAGO,December,3.0,12,2021-12-01
2021,TUNISIA,December,55.0,12,2021-12-01
2021,TURKEY,December,141.0,12,2021-12-01
2021,TURKMENISTAN,December,1.0,12,2021-12-01
2021,U,December,0.0,12,2021-12-01
2021,UGANDA,December,2.0,12,2021-12-01
2021,UKRAINE,December,3562.0,12,2021-12-01
2021,UNITED ARAB EMIRATES,December,169.0,12,2021-12-01
2021,UNITED KINGDOM,December,8493.0,12,2021-12-01
2021,UNITED STATES,December,2884.0,12,2021-12-01
2021,URUGUAY,December,9.0,12,2021-12-01
2021,UZBEKISTAN,December,52.0,12,2021-12-01
2021,V,December,0.0,12,2021-12-01
2021,VANUATU,December,0.0,12,2021-12-01
2021,VENEZUELA,December,4.0,12,2021-12-01
2021,VIETNAM,December,24.0,12,2021-12-01
2021,Y,December,0.0,12,2021-12-01
2021,YEMEN (YEMEN ARAB REP.),December,21.0,12,2021-12-01
2021,Z,December,0.0,12,2021-12-01
2021,ZAMBIA (NORTHERN RHODESIA),December,0.0,12,2021-12-01
2021,ZIMBABWE,December,4.0,12,2021-12-01
2022,Afghanistan,January,0.0,1,2022-01-01
2022,Albania,January,21.0,1,2022-01-01
2022,Algeria,January,6.0,1,2022-01-01
2022,Andorra,January,0.0,1,2022-01-01
2022,Angola,January,2.0,1,2022-01-01
2022,Antarctica,January,0.0,1,2022-01-01
2022,Antigua & Barbuda,January,2.0,1,2022-01-01
2022,Argentina,January,29.0,1,2022-01-01
2022,Armenia,January,56.0,1,2022-01-01
2022,Australia,January,2814.0,1,2022-01-01
2022,Austria,January,788.0,1,2022-01-01
2022,Azerbaijan,January,65.0,1,2022-01-01
2022,Bahamas,January,0.0,1,2022-01-01
2022,Bahrain,January,59.0,1,2022-01-01
2022,Bangladesh,January,302.0,1,2022-01-01
2022,Barbados,January,0.0,1,2022-01-01
2022,Belarus,January,736.0,1,2022-01-01
2022,Belgium,January,495.0,1,2022-01-01
2022,Belize,January,1.0,1,2022-01-01
2022,Benin,January,0.0,1,2022-01-01
2022,Bhutan,January,30.0,1,2022-01-01
2022,Bolivia,January,6.0,1,2022-01-01
2022,Bosnia & Herzegovina,January,15.0,1,2022-01-01
2022,Botswana,January,5.0,1,2022-01-01
2022,Brazil,January,49.0,1,2022-01-01
2022,Brunei Darussalam,January,0.0,1,2022-01-01
2022,Bulgaria,January,305.0,1,2022-01-01
2022,Burkina Faso,January,1.0,1,2022-01-01
2022,Cambodia,January,21.0,1,2022-01-01
2022,Cameroon,January,1.0,1,2022-01-01
2022,Canada,January,1666.0,1,2022-01-01
2022,Cape Verde,January,2.0,1,2022-01-01
2022,Chad,January,0.0,1,2022-01-01
2022,Chile,January,29.0,1,2022-01-01
2022,China,January,226.0,1,2022-01-01
2022,Colombia,January,20.0,1,2022-01-01
2022,Comoros,January,2.0,1,2022-01-01
2022,"Congo, Republic Of.",January,3.0,1,2022-01-01
2022,Costa Rica,January,4.0,1,2022-01-01
2022,Cote Divoire,January,0.0,1,2022-01-01
2022,Country,January,0.0,1,2022-01-01
2022,Country,January,0.0,1,2022-01-01
2022,Country,January,0.0,1,2022-01-01
2022,Country,January,0.0,1,2022-01-01
2022,Country,January,0.0,1,2022-01-01
2022,Croatia,January,60.0,1,2022-01-01
2022,Cuba,January,1.0,1,2022-01-01
2022,Cyprus,January,39.0,1,2022-01-01
2022,Czech Republic,January,1174.0,1,2022-01-01
2022,Denmark,January,1013.0,1,2022-01-01
2022,Djibouti,January,0.0,1,2022-01-01
2022,Dominica,January,3.0,1,2022-01-01
2022,Dominican Republic,January,2.0,1,2022-01-01
2022,Ecuador,January,2.0,1,2022-01-01
2022,Egypt,January,217.0,1,2022-01-01
2022,El Salvador,January,0.0,1,2022-01-01
2022,Equatorial Guinea,January,0.0,1,2022-01-01
2022,Eritrea,January,2.0,1,2022-01-01
2022,Estonia,January,185.0,1,2022-01-01
2022,Ethiopia,January,3.0,1,2022-01-01
2022,Fiji,January,0.0,1,2022-01-01
2022,Finland,January,271.0,1,2022-01-01
2022,France,January,3616.0,1,2022-01-01
2022,Gabon,January,0.0,1,2022-01-01
2022,Gambia,January,0.0,1,2022-01-01
2022,Georgia,January,106.0,1,2022-01-01
2022,Germany,January,5339.0,1,2022-01-01
2022,Ghana,January,2.0,1,2022-01-01
2022,Greece,January,78.0,1,2022-01-01
2022,Grenada,January,0.0,1,2022-01-01
2022,Guam,January,0.0,1,2022-01-01
2022,Guatemala,January,0.0,1,2022-01-01
2022,Guinea-Bissau,January,0.0,1,2022-01-01
2022,Guyana,January,0.0,1,2022-01-01
2022,Haiti,January,0.0,1,2022-01-01
2022,Honduras,January,1.0,1,2022-01-01
2022,Hong Kong,January,0.0,1,2022-01-01
2022,Hungary,January,425.0,1,2022-01-01
2022,Iceland,January,21.0,1,2022-01-01
2022,India,January,11751.0,1,2022-01-01
2022,Indonesia,January,75.0,1,2022-01-01
2022,Iran,January,260.0,1,2022-01-01
2022,Iraq,January,72.0,1,2022-01-01
2022,Ireland,January,217.0,1,2022-01-01
2022,Israel,January,707.0,1,2022-01-01
2022,Italy,January,503.0,1,2022-01-01
2022,Jamaica,January,2.0,1,2022-01-01
2022,Japan,January,92.0,1,2022-01-01
2022,Jordan,January,224.0,1,2022-01-01
2022,Kazakhstan,January,2041.0,1,2022-01-01
2022,Kenya,January,19.0,1,2022-01-01
2022,Kosovar,January,2.0,1,2022-01-01
2022,Kuwait,January,36.0,1,2022-01-01
2022,Kyrgyzstan,January,125.0,1,2022-01-01
2022,Lao Peoples,January,2.0,1,2022-01-01
2022,Latvia,January,192.0,1,2022-01-01
2022,Lebanon,January,87.0,1,2022-01-01
2022,Lesotho,January,0.0,1,2022-01-01
2022,Liberia,January,0.0,1,2022-01-01
2022,Libya,January,0.0,1,2022-01-01
2022,Liechtenstein,January,1.0,1,2022-01-01
2022,Lithuania,January,352.0,1,2022-01-01
2022,Luxembourg,January,11.0,1,2022-01-01
2022,Macedonia,January,3.0,1,2022-01-01
2022,Madagascar,January,2.0,1,2022-01-01
2022,Malawi,January,0.0,1,2022-01-01
2022,Malaysia,January,159.0,1,2022-01-01
2022,Maldives,January,2401.0,1,2022-01-01
2022,Mali,January,0.0,1,2022-01-01
2022,Malta,January,8.0,1,2022-01-01
2022,Marshall Islands,January,1.0,1,2022-01-01
2022,Mauritania,January,0.0,1,2022-01-01
2022,Mauritius,January,7.0,1,2022-01-01
2022,Mexico,January,21.0,1,2022-01-01
2022,Micronesia,January,0.0,1,2022-01-01
2022,Moldova,January,79.0,1,2022-01-01
2022,Monaco,January,1.0,1,2022-01-01
2022,Mongolia,January,14.0,1,2022-01-01
2022,Montenegro,January,5.0,1,2022-01-01
2022,Morocco,January,29.0,1,2022-01-01
2022,Mozambique,January,0.0,1,2022-01-01
2022,Myanmar,January,16.0,1,2022-01-01
2022,Namibia,January,2.0,1,2022-01-01
2022,Nepal,January,100.0,1,2022-01-01
2022,Netherlands,January,1141.0,1,2022-01-01
2022,New Zealand,January,112.0,1,2022-01-01
2022,Nicaragua,January,0.0,1,2022-01-01
2022,Niger,January,0.0,1,2022-01-01
2022,Nigeria,January,5.0,1,2022-01-01
2022,Norway,January,521.0,1,2022-01-01
2022,Oman,January,101.0,1,2022-01-01
2022,Pakistan,January,610.0,1,2022-01-01
2022,Palestinian Territories,January,20.0,1,2022-01-01
2022,Panama,January,2.0,1,2022-01-01
2022,Papua New Guinea,January,0.0,1,2022-01-01
2022,Paraguay,January,1.0,1,2022-01-01
2022,Peru,January,11.0,1,2022-01-01
2022,Philippines,January,109.0,1,2022-01-01
2022,Poland,January,3185.0,1,2022-01-01
2022,Portugal,January,157.0,1,2022-01-01
2022,Qatar,January,4.0,1,2022-01-01
2022,Republic Of Zimbabwe,January,6.0,1,2022-01-01
2022,Romania,January,528.0,1,2022-01-01
2022,Russian Federation,January,13478.0,1,2022-01-01
2022,Rwanda,January,3.0,1,2022-01-01
2022,Saint Kitts And Nevis,January,4.0,1,2022-01-01
2022,Saint Lucia,January,0.0,1,2022-01-01
2022,San Marino,January,0.0,1,2022-01-01
2022,Saudi Arabia,January,1167.0,1,2022-01-01
2022,Senegal,January,1.0,1,2022-01-01
2022,Serbia,January,138.0,1,2022-01-01
2022,Seychelles,January,37.0,1,2022-01-01
2022,Sierra Leone,January,0.0,1,2022-01-01
2022,Singapore,January,229.0,1,2022-01-01
2022,Slovakia,January,363.0,1,2022-01-01
2022,Slovenia,January,68.0,1,2022-01-01
2022,Solomon Islands,January,0.0,1,2022-01-01
2022,Somalia,January,1.0,1,2022-01-01
2022,South Africa-Zuid Afrika,January,73.0,1,2022-01-01
2022,South Korea,January,104.0,1,2022-01-01
2022,South Sudan,January,0.0,1,2022-01-01
2022,Spain,January,597.0,1,2022-01-01
2022,Sudan,January,147.0,1,2022-01-01
2022,Suriname,January,0.0,1,2022-01-01
2022,Swaziland,January,1.0,1,2022-01-01
2022,Sweden,January,683.0,1,2022-01-01
2022,Switzerland,January,1186.0,1,2022-01-01
2022,Syrian Arab Republic,January,5.0,1,2022-01-01
2022,TIMOR-LESTE,January,0.0,1,2022-01-01
2022,Taiwan,January,13.0,1,2022-01-01
2022,Tajikistan,January,28.0,1,2022-01-01
2022,Tanzania,January,3.0,1,2022-01-01
2022,Thailand,January,72.0,1,2022-01-01
2022,Togo,January,2.0,1,2022-01-01
2022,Tonga,January,0.0,1,2022-01-01
2022,Trinidad And Tobago,January,1.0,1,2022-01-01
2022,Tunisia,January,30.0,1,2022-01-01
2022,Turkey,January,174.0,1,2022-01-01
2022,Turkmenistan,January,2.0,1,2022-01-01
2022,Uganda,January,3.0,1,2022-01-01
2022,Ukraine,January,7774.0,1,2022-01-01
2022,United Arab Emirates,January,64.0,1,2022-01-01
2022,United Kingdom,January,7442.0,1,2022-01-01
2022,United States,January,1829.0,1,2022-01-01
2022,Uruguay,January,1.0,1,2022-01-01
2022,Uzbekistan,January,85.0,1,2022-01-01
2022,Vanuatu,January,1.0,1,2022-01-01
2022,Venezuela,January,4.0,1,2022-01-01
2022,Vietnam,January,17.0,1,2022-01-01
2022,Yemen,January,24.0,1,2022-01-01
2022,Zambia,January,1.0,1,2022-01-01
2022,Zimbabwe,January,19.0,1,2022-01-01
2022,Afghanistan,February,2.0,2,2022-02-01
2022,Albania,February,7.0,2,2022-02-01
2022,Algeria,February,24.0,2,2022-02-01
2022,Andorra,February,1.0,2,2022-02-01
2022,Angola,February,2.0,2,2022-02-01
2022,Antarctica,February,0.0,2,2022-02-01
2022,Antigua & Barbuda,February,0.0,2,2022-02-01
2022,Argentina,February,25.0,2,2022-02-01
2022,Armenia,February,89.0,2,2022-02-01
2022,Australia,February,1688.0,2,2022-02-01
2022,Austria,February,1054.0,2,2022-02-01
2022,Azerbaijan,February,75.0,2,2022-02-01
2022,Bahamas,February,0.0,2,2022-02-01
2022,Bahrain,February,49.0,2,2022-02-01
2022,Bangladesh,February,259.0,2,2022-02-01
2022,Barbados,February,3.0,2,2022-02-01
2022,Belarus,February,823.0,2,2022-02-01
2022,Belgium,February,620.0,2,2022-02-01
2022,Belize,February,0.0,2,2022-02-01
2022,Benin,February,0.0,2,2022-02-01
2022,Bhutan,February,11.0,2,2022-02-01
2022,Bolivia,February,1.0,2,2022-02-01
2022,Bosnia & Herzegovina,February,27.0,2,2022-02-01
2022,Botswana,February,0.0,2,2022-02-01
2022,Brazil,February,48.0,2,2022-02-01
2022,Brunei Darussalam,February,0.0,2,2022-02-01
2022,Bulgaria,February,547.0,2,2022-02-01
2022,Burkina Faso,February,0.0,2,2022-02-01
2022,Cambodia,February,22.0,2,2022-02-01
2022,Cameroon,February,1.0,2,2022-02-01
2022,Canada,February,1958.0,2,2022-02-01
2022,Cape Verde,February,2.0,2,2022-02-01
2022,Chad,February,2.0,2,2022-02-01
2022,Chile,February,14.0,2,2022-02-01
2022,China,February,266.0,2,2022-02-01
2022,Colombia,February,28.0,2,2022-02-01
2022,Comoros,February,1.0,2,2022-02-01
2022,"Congo, Republic Of.",February,1.0,2,2022-02-01
2022,Costa Rica,February,11.0,2,2022-02-01
2022,Cote Divoire,February,0.0,2,2022-02-01
2022,Country,February,0.0,2,2022-02-01
2022,Country,February,0.0,2,2022-02-01
2022,Country,February,0.0,2,2022-02-01
2022,Country,February,0.0,2,2022-02-01
2022,Country,February,0.0,2,2022-02-01
2022,Croatia,February,67.0,2,2022-02-01
2022,Cuba,February,1.0,2,2022-02-01
2022,Cyprus,February,25.0,2,2022-02-01
2022,Czech Republic,February,2055.0,2,2022-02-01
2022,Denmark,February,1217.0,2,2022-02-01
2022,Djibouti,February,1.0,2,2022-02-01
2022,Dominica,February,4.0,2,2022-02-01
2022,Dominican Republic,February,0.0,2,2022-02-01
2022,Ecuador,February,4.0,2,2022-02-01
2022,Egypt,February,453.0,2,2022-02-01
2022,El Salvador,February,4.0,2,2022-02-01
2022,Equatorial Guinea,February,0.0,2,2022-02-01
2022,Eritrea,February,2.0,2,2022-02-01
2022,Estonia,February,285.0,2,2022-02-01
2022,Ethiopia,February,4.0,2,2022-02-01
2022,Fiji,February,0.0,2,2022-02-01
2022,Finland,February,298.0,2,2022-02-01
2022,France,February,5699.0,2,2022-02-01
2022,Gabon,February,0.0,2,2022-02-01
2022,Gambia,February,0.0,2,2022-02-01
2022,Georgia,February,168.0,2,2022-02-01
2022,Germany,February,7780.0,2,2022-02-01
2022,Ghana,February,3.0,2,2022-02-01
2022,Greece,February,150.0,2,2022-02-01
2022,Grenada,February,0.0,2,2022-02-01
2022,Guam,February,2.0,2,2022-02-01
2022,Guatemala,February,3.0,2,2022-02-01
2022,Guinea-Bissau,February,0.0,2,2022-02-01
2022,Guyana,February,0.0,2,2022-02-01
2022,Haiti,February,0.0,2,2022-02-01
2022,Honduras,February,2.0,2,2022-02-01
2022,Hong Kong,February,0.0,2,2022-02-01
2022,Hungary,February,502.0,2,2022-02-01
2022,Iceland,February,22.0,2,2022-02-01
2022,India,February,12744.0,2,2022-02-01
2022,Indonesia,February,81.0,2,2022-02-01
2022,Iran,February,303.0,2,2022-02-01
2022,Iraq,February,171.0,2,2022-02-01
2022,Ireland,February,375.0,2,2022-02-01
2022,Israel,February,1587.0,2,2022-02-01
2022,Italy,February,553.0,2,2022-02-01
2022,Jamaica,February,0.0,2,2022-02-01
2022,Japan,February,122.0,2,2022-02-01
2022,Jordan,February,230.0,2,2022-02-01
2022,Kazakhstan,February,2821.0,2,2022-02-01
2022,Kenya,February,19.0,2,2022-02-01
2022,Kosovar,February,0.0,2,2022-02-01
2022,Kuwait,February,204.0,2,2022-02-01
2022,Kyrgyzstan,February,109.0,2,2022-02-01
2022,Lao Peoples,February,9.0,2,2022-02-01
2022,Latvia,February,209.0,2,2022-02-01
2022,Lebanon,February,153.0,2,2022-02-01
2022,Lesotho,February,0.0,2,2022-02-01
2022,Liberia,February,1.0,2,2022-02-01
2022,Libya,February,8.0,2,2022-02-01
2022,Liechtenstein,February,1.0,2,2022-02-01
2022,Lithuania,February,555.0,2,2022-02-01
2022,Luxembourg,February,33.0,2,2022-02-01
2022,Macedonia,February,29.0,2,2022-02-01
2022,Madagascar,February,3.0,2,2022-02-01
2022,Malawi,February,3.0,2,2022-02-01
2022,Malaysia,February,147.0,2,2022-02-01
2022,Maldives,February,1532.0,2,2022-02-01
2022,Mali,February,0.0,2,2022-02-01
2022,Malta,February,15.0,2,2022-02-01
2022,Marshall Islands,February,0.0,2,2022-02-01
2022,Mauritania,February,1.0,2,2022-02-01
2022,Mauritius,February,14.0,2,2022-02-01
2022,Mexico,February,33.0,2,2022-02-01
2022,Micronesia,February,0.0,2,2022-02-01
2022,Moldova,February,56.0,2,2022-02-01
2022,Monaco,February,1.0,2,2022-02-01
2022,Mongolia,February,22.0,2,2022-02-01
2022,Montenegro,February,13.0,2,2022-02-01
2022,Morocco,February,61.0,2,2022-02-01
2022,Mozambique,February,2.0,2,2022-02-01
2022,Myanmar,February,23.0,2,2022-02-01
2022,Namibia,February,0.0,2,2022-02-01
2022,Nepal,February,97.0,2,2022-02-01
2022,Netherlands,February,1232.0,2,2022-02-01
2022,New Zealand,February,131.0,2,2022-02-01
2022,Nicaragua,February,0.0,2,2022-02-01
2022,Niger,February,0.0,2,2022-02-01
2022,Nigeria,February,3.0,2,2022-02-01
2022,Norway,February,595.0,2,2022-02-01
2022,Oman,February,127.0,2,2022-02-01
2022,Pakistan,February,691.0,2,2022-02-01
2022,Palestinian Territories,February,27.0,2,2022-02-01
2022,Panama,February,1.0,2,2022-02-01
2022,Papua New Guinea,February,1.0,2,2022-02-01
2022,Paraguay,February,2.0,2,2022-02-01
2022,Peru,February,12.0,2,2022-02-01
2022,Philippines,February,157.0,2,2022-02-01
2022,Poland,February,4315.0,2,2022-02-01
2022,Portugal,February,206.0,2,2022-02-01
2022,Qatar,February,17.0,2,2022-02-01
2022,Republic Of Zimbabwe,February,0.0,2,2022-02-01
2022,Romania,February,776.0,2,2022-02-01
2022,Russian Federation,February,15340.0,2,2022-02-01
2022,Rwanda,February,1.0,2,2022-02-01
2022,Saint Kitts And Nevis,February,8.0,2,2022-02-01
2022,Saint Lucia,February,0.0,2,2022-02-01
2022,San Marino,February,0.0,2,2022-02-01
2022,Saudi Arabia,February,861.0,2,2022-02-01
2022,Senegal,February,0.0,2,2022-02-01
2022,Serbia,February,158.0,2,2022-02-01
2022,Seychelles,February,32.0,2,2022-02-01
2022,Sierra Leone,February,0.0,2,2022-02-01
2022,Singapore,February,283.0,2,2022-02-01
2022,Slovakia,February,515.0,2,2022-02-01
2022,Slovenia,February,116.0,2,2022-02-01
2022,Solomon Islands,February,0.0,2,2022-02-01
2022,Somalia,February,2.0,2,2022-02-01
2022,South Africa-Zuid Afrika,February,161.0,2,2022-02-01
2022,South Korea,February,117.0,2,2022-02-01
2022,South Sudan,February,0.0,2,2022-02-01
2022,Spain,February,744.0,2,2022-02-01
2022,Sudan,February,151.0,2,2022-02-01
2022,Suriname,February,1.0,2,2022-02-01
2022,Swaziland,February,2.0,2,2022-02-01
2022,Sweden,February,818.0,2,2022-02-01
2022,Switzerland,February,1495.0,2,2022-02-01
2022,Syrian Arab Republic,February,4.0,2,2022-02-01
2022,TIMOR-LESTE,February,0.0,2,2022-02-01
2022,Taiwan,February,23.0,2,2022-02-01
2022,Tajikistan,February,36.0,2,2022-02-01
2022,Tanzania,February,2.0,2,2022-02-01
2022,Thailand,February,86.0,2,2022-02-01
2022,Togo,February,0.0,2,2022-02-01
2022,Tonga,February,0.0,2,2022-02-01
2022,Trinidad And Tobago,February,1.0,2,2022-02-01
2022,Tunisia,February,36.0,2,2022-02-01
2022,Turkey,February,166.0,2,2022-02-01
2022,Turkmenistan,February,4.0,2,2022-02-01
2022,Uganda,February,1.0,2,2022-02-01
2022,Ukraine,February,5288.0,2,2022-02-01
2022,United Arab Emirates,February,53.0,2,2022-02-01
2022,United Kingdom,February,10642.0,2,2022-02-01
2022,United States,February,1855.0,2,2022-02-01
2022,Uruguay,February,6.0,2,2022-02-01
2022,Uzbekistan,February,382.0,2,2022-02-01
2022,Vanuatu,February,0.0,2,2022-02-01
2022,Venezuela,February,2.0,2,2022-02-01
2022,Vietnam,February,40.0,2,2022-02-01
2022,Yemen,February,26.0,2,2022-02-01
2022,Zambia,February,1.0,2,2022-02-01
2022,Zimbabwe,February,3.0,2,2022-02-01
2022,Afghanistan,March,16.0,3,2022-03-01
2022,Albania,March,10.0,3,2022-03-01
2022,Algeria,March,31.0,3,2022-03-01
2022,Andorra,March,3.0,3,2022-03-01
2022,Angola,March,3.0,3,2022-03-01
2022,Antarctica,March,0.0,3,2022-03-01
2022,Antigua & Barbuda,March,3.0,3,2022-03-01
2022,Argentina,March,38.0,3,2022-03-01
2022,Armenia,March,74.0,3,2022-03-01
2022,Australia,March,2359.0,3,2022-03-01
2022,Austria,March,887.0,3,2022-03-01
2022,Azerbaijan,March,366.0,3,2022-03-01
2022,Bahamas,March,0.0,3,2022-03-01
2022,Bahrain,March,80.0,3,2022-03-01
2022,Bangladesh,March,451.0,3,2022-03-01
2022,Barbados,March,0.0,3,2022-03-01
2022,Belarus,March,515.0,3,2022-03-01
2022,Belgium,March,761.0,3,2022-03-01
2022,Belize,March,1.0,3,2022-03-01
2022,Benin,March,0.0,3,2022-03-01
2022,Bhutan,March,6.0,3,2022-03-01
2022,Bolivia,March,3.0,3,2022-03-01
2022,Bosnia & Herzegovina,March,28.0,3,2022-03-01
2022,Botswana,March,0.0,3,2022-03-01
2022,Brazil,March,87.0,3,2022-03-01
2022,Brunei Darussalam,March,0.0,3,2022-03-01
2022,Bulgaria,March,396.0,3,2022-03-01
2022,Burkina Faso,March,0.0,3,2022-03-01
2022,Cambodia,March,2.0,3,2022-03-01
2022,Cameroon,March,2.0,3,2022-03-01
2022,Canada,March,2989.0,3,2022-03-01
2022,Cape Verde,March,1.0,3,2022-03-01
2022,Chad,March,0.0,3,2022-03-01
2022,Chile,March,30.0,3,2022-03-01
2022,China,March,358.0,3,2022-03-01
2022,Colombia,March,40.0,3,2022-03-01
2022,Comoros,March,2.0,3,2022-03-01
2022,"Congo, Republic Of.",March,3.0,3,2022-03-01
2022,Costa Rica,March,7.0,3,2022-03-01
2022,Cote Divoire,March,0.0,3,2022-03-01
2022,Country,March,0.0,3,2022-03-01
2022,Country,March,0.0,3,2022-03-01
2022,Country,March,0.0,3,2022-03-01
2022,Country,March,0.0,3,2022-03-01
2022,Country,March,0.0,3,2022-03-01
2022,Croatia,March,73.0,3,2022-03-01
2022,Cuba,March,4.0,3,2022-03-01
2022,Cyprus,March,48.0,3,2022-03-01
2022,Czech Republic,March,1802.0,3,2022-03-01
2022,Denmark,March,1187.0,3,2022-03-01
2022,Djibouti,March,1.0,3,2022-03-01
2022,Dominica,March,6.0,3,2022-03-01
2022,Dominican Republic,March,0.0,3,2022-03-01
2022,Ecuador,March,7.0,3,2022-03-01
2022,Egypt,March,445.0,3,2022-03-01
2022,El Salvador,March,3.0,3,2022-03-01
2022,Equatorial Guinea,March,0.0,3,2022-03-01
2022,Eritrea,March,1.0,3,2022-03-01
2022,Estonia,March,210.0,3,2022-03-01
2022,Ethiopia,March,5.0,3,2022-03-01
2022,Fiji,March,6.0,3,2022-03-01
2022,Finland,March,181.0,3,2022-03-01
2022,France,March,5741.0,3,2022-03-01
2022,Gabon,March,1.0,3,2022-03-01
2022,Gambia,March,0.0,3,2022-03-01
2022,Georgia,March,67.0,3,2022-03-01
2022,Germany,March,9561.0,3,2022-03-01
2022,Ghana,March,0.0,3,2022-03-01
2022,Greece,March,102.0,3,2022-03-01
2022,Grenada,March,3.0,3,2022-03-01
2022,Guam,March,0.0,3,2022-03-01
2022,Guatemala,March,2.0,3,2022-03-01
2022,Guinea-Bissau,March,0.0,3,2022-03-01
2022,Guyana,March,4.0,3,2022-03-01
2022,Haiti,March,0.0,3,2022-03-01
2022,Honduras,March,0.0,3,2022-03-01
2022,Hong Kong,March,0.0,3,2022-03-01
2022,Hungary,March,508.0,3,2022-03-01
2022,Iceland,March,18.0,3,2022-03-01
2022,India,March,23216.0,3,2022-03-01
2022,Indonesia,March,112.0,3,2022-03-01
2022,Iran,March,2235.0,3,2022-03-01
2022,Iraq,March,236.0,3,2022-03-01
2022,Ireland,March,746.0,3,2022-03-01
2022,Israel,March,1007.0,3,2022-03-01
2022,Italy,March,730.0,3,2022-03-01
2022,Jamaica,March,4.0,3,2022-03-01
2022,Japan,March,226.0,3,2022-03-01
2022,Jordan,March,363.0,3,2022-03-01
2022,Kazakhstan,March,2598.0,3,2022-03-01
2022,Kenya,March,42.0,3,2022-03-01
2022,Kosovar,March,3.0,3,2022-03-01
2022,Kuwait,March,131.0,3,2022-03-01
2022,Kyrgyzstan,March,82.0,3,2022-03-01
2022,Lao Peoples,March,4.0,3,2022-03-01
2022,Latvia,March,375.0,3,2022-03-01
2022,Lebanon,March,200.0,3,2022-03-01
2022,Lesotho,March,0.0,3,2022-03-01
2022,Liberia,March,1.0,3,2022-03-01
2022,Libya,March,3.0,3,2022-03-01
2022,Liechtenstein,March,5.0,3,2022-03-01
2022,Lithuania,March,466.0,3,2022-03-01
2022,Luxembourg,March,24.0,3,2022-03-01
2022,Macedonia,March,16.0,3,2022-03-01
2022,Madagascar,March,4.0,3,2022-03-01
2022,Malawi,March,0.0,3,2022-03-01
2022,Malaysia,March,317.0,3,2022-03-01
2022,Maldives,March,1910.0,3,2022-03-01
2022,Mali,March,1.0,3,2022-03-01
2022,Malta,March,12.0,3,2022-03-01
2022,Marshall Islands,March,0.0,3,2022-03-01
2022,Mauritania,March,2.0,3,2022-03-01
2022,Mauritius,March,9.0,3,2022-03-01
2022,Mexico,March,43.0,3,2022-03-01
2022,Micronesia,March,0.0,3,2022-03-01
2022,Moldova,March,14.0,3,2022-03-01
2022,Monaco,March,4.0,3,2022-03-01
2022,Mongolia,March,0.0,3,2022-03-01
2022,Montenegro,March,12.0,3,2022-03-01
2022,Morocco,March,90.0,3,2022-03-01
2022,Mozambique,March,1.0,3,2022-03-01
2022,Myanmar,March,19.0,3,2022-03-01
2022,Namibia,March,1.0,3,2022-03-01
2022,Nepal,March,186.0,3,2022-03-01
2022,Netherlands,March,1422.0,3,2022-03-01
2022,New Zealand,March,246.0,3,2022-03-01
2022,Nicaragua,March,0.0,3,2022-03-01
2022,Niger,March,0.0,3,2022-03-01
2022,Nigeria,March,3.0,3,2022-03-01
2022,Norway,March,768.0,3,2022-03-01
2022,Oman,March,93.0,3,2022-03-01
2022,Pakistan,March,1256.0,3,2022-03-01
2022,Palestinian Territories,March,55.0,3,2022-03-01
2022,Panama,March,0.0,3,2022-03-01
2022,Papua New Guinea,March,2.0,3,2022-03-01
2022,Paraguay,March,0.0,3,2022-03-01
2022,Peru,March,13.0,3,2022-03-01
2022,Philippines,March,256.0,3,2022-03-01
2022,Poland,March,3315.0,3,2022-03-01
2022,Portugal,March,341.0,3,2022-03-01
2022,Qatar,March,53.0,3,2022-03-01
2022,Republic Of Zimbabwe,March,1.0,3,2022-03-01
2022,Romania,March,517.0,3,2022-03-01
2022,Russian Federation,March,8899.0,3,2022-03-01
2022,Rwanda,March,0.0,3,2022-03-01
2022,Saint Kitts And Nevis,March,3.0,3,2022-03-01
2022,Saint Lucia,March,0.0,3,2022-03-01
2022,San Marino,March,0.0,3,2022-03-01
2022,Saudi Arabia,March,1397.0,3,2022-03-01
2022,Senegal,March,0.0,3,2022-03-01
2022,Serbia,March,147.0,3,2022-03-01
2022,Seychelles,March,16.0,3,2022-03-01
2022,Sierra Leone,March,2.0,3,2022-03-01
2022,Singapore,March,489.0,3,2022-03-01
2022,Slovakia,March,462.0,3,2022-03-01
2022,Slovenia,March,54.0,3,2022-03-01
2022,Solomon Islands,March,0.0,3,2022-03-01
2022,Somalia,March,4.0,3,2022-03-01
2022,South Africa-Zuid Afrika,March,290.0,3,2022-03-01
2022,South Korea,March,200.0,3,2022-03-01
2022,South Sudan,March,0.0,3,2022-03-01
2022,Spain,March,1112.0,3,2022-03-01
2022,Sudan,March,156.0,3,2022-03-01
2022,Suriname,March,0.0,3,2022-03-01
2022,Swaziland,March,0.0,3,2022-03-01
2022,Sweden,March,725.0,3,2022-03-01
2022,Switzerland,March,1243.0,3,2022-03-01
2022,Syrian Arab Republic,March,1.0,3,2022-03-01
2022,TIMOR-LESTE,March,0.0,3,2022-03-01
2022,Taiwan,March,35.0,3,2022-03-01
2022,Tajikistan,March,28.0,3,2022-03-01
2022,Tanzania,March,16.0,3,2022-03-01
2022,Thailand,March,156.0,3,2022-03-01
2022,Togo,March,0.0,3,2022-03-01
2022,Tonga,March,1.0,3,2022-03-01
2022,Trinidad And Tobago,March,3.0,3,2022-03-01
2022,Tunisia,March,94.0,3,2022-03-01
2022,Turkey,March,290.0,3,2022-03-01
2022,Turkmenistan,March,3.0,3,2022-03-01
2022,Uganda,March,8.0,3,2022-03-01
2022,Ukraine,March,401.0,3,2022-03-01
2022,United Arab Emirates,March,240.0,3,2022-03-01
2022,United Kingdom,March,12908.0,3,2022-03-01
2022,United States,March,3114.0,3,2022-03-01
2022,Uruguay,March,13.0,3,2022-03-01
2022,Uzbekistan,March,563.0,3,2022-03-01
2022,Vanuatu,March,0.0,3,2022-03-01
2022,Venezuela,March,8.0,3,2022-03-01
2022,Vietnam,March,46.0,3,2022-03-01
2022,Yemen,March,36.0,3,2022-03-01
2022,Zambia,March,1.0,3,2022-03-01
2022,Zimbabwe,March,7.0,3,2022-03-01
2022,Afghanistan,April,0.0,4,2022-04-01
2022,Albania,April,6.0,4,2022-04-01
2022,Algeria,April,8.0,4,2022-04-01
2022,Andorra,April,0.0,4,2022-04-01
2022,Angola,April,2.0,4,2022-04-01
2022,Antarctica,April,0.0,4,2022-04-01
2022,Antigua & Barbuda,April,1.0,4,2022-04-01
2022,Argentina,April,27.0,4,2022-04-01
2022,Armenia,April,56.0,4,2022-04-01
2022,Australia,April,3508.0,4,2022-04-01
2022,Austria,April,575.0,4,2022-04-01
2022,Azerbaijan,April,29.0,4,2022-04-01
2022,Bahamas,April,0.0,4,2022-04-01
2022,Bahrain,April,22.0,4,2022-04-01
2022,Bangladesh,April,155.0,4,2022-04-01
2022,Barbados,April,0.0,4,2022-04-01
2022,Belarus,April,129.0,4,2022-04-01
2022,Belgium,April,846.0,4,2022-04-01
2022,Belize,April,0.0,4,2022-04-01
2022,Benin,April,1.0,4,2022-04-01
2022,Bhutan,April,2.0,4,2022-04-01
2022,Bolivia,April,8.0,4,2022-04-01
2022,Bosnia & Herzegovina,April,11.0,4,2022-04-01
2022,Botswana,April,1.0,4,2022-04-01
2022,Brazil,April,135.0,4,2022-04-01
2022,Brunei Darussalam,April,0.0,4,2022-04-01
2022,Bulgaria,April,146.0,4,2022-04-01
2022,Burkina Faso,April,0.0,4,2022-04-01
2022,Cambodia,April,4.0,4,2022-04-01
2022,Cameroon,April,0.0,4,2022-04-01
2022,Canada,April,2083.0,4,2022-04-01
2022,Cape Verde,April,1.0,4,2022-04-01
2022,Chad,April,0.0,4,2022-04-01
2022,Chile,April,12.0,4,2022-04-01
2022,China,April,261.0,4,2022-04-01
2022,Colombia,April,61.0,4,2022-04-01
2022,Comoros,April,1.0,4,2022-04-01
2022,"Congo, Republic Of.",April,1.0,4,2022-04-01
2022,Costa Rica,April,5.0,4,2022-04-01
2022,Cote Divoire,April,0.0,4,2022-04-01
2022,Country,April,0.0,4,2022-04-01
2022,Country,April,0.0,4,2022-04-01
2022,Country,April,0.0,4,2022-04-01
2022,Country,April,0.0,4,2022-04-01
2022,Country,April,0.0,4,2022-04-01
2022,Croatia,April,23.0,4,2022-04-01
2022,Cuba,April,7.0,4,2022-04-01
2022,Cyprus,April,54.0,4,2022-04-01
2022,Czech Republic,April,686.0,4,2022-04-01
2022,Denmark,April,1307.0,4,2022-04-01
2022,Djibouti,April,1.0,4,2022-04-01
2022,Dominica,April,4.0,4,2022-04-01
2022,Dominican Republic,April,3.0,4,2022-04-01
2022,Ecuador,April,4.0,4,2022-04-01
2022,Egypt,April,170.0,4,2022-04-01
2022,El Salvador,April,3.0,4,2022-04-01
2022,Equatorial Guinea,April,0.0,4,2022-04-01
2022,Eritrea,April,0.0,4,2022-04-01
2022,Estonia,April,64.0,4,2022-04-01
2022,Ethiopia,April,3.0,4,2022-04-01
2022,Fiji,April,0.0,4,2022-04-01
2022,Finland,April,169.0,4,2022-04-01
2022,France,April,4035.0,4,2022-04-01
2022,Gabon,April,1.0,4,2022-04-01
2022,Gambia,April,1.0,4,2022-04-01
2022,Georgia,April,28.0,4,2022-04-01
2022,Germany,April,6088.0,4,2022-04-01
2022,Ghana,April,0.0,4,2022-04-01
2022,Greece,April,145.0,4,2022-04-01
2022,Grenada,April,0.0,4,2022-04-01
2022,Guam,April,0.0,4,2022-04-01
2022,Guatemala,April,8.0,4,2022-04-01
2022,Guinea-Bissau,April,0.0,4,2022-04-01
2022,Guyana,April,2.0,4,2022-04-01
2022,Haiti,April,1.0,4,2022-04-01
2022,Honduras,April,0.0,4,2022-04-01
2022,Hong Kong,April,0.0,4,2022-04-01
2022,Hungary,April,217.0,4,2022-04-01
2022,Iceland,April,21.0,4,2022-04-01
2022,India,April,8678.0,4,2022-04-01
2022,Indonesia,April,56.0,4,2022-04-01
2022,Iran,April,227.0,4,2022-04-01
2022,Iraq,April,71.0,4,2022-04-01
2022,Ireland,April,603.0,4,2022-04-01
2022,Israel,April,1228.0,4,2022-04-01
2022,Italy,April,584.0,4,2022-04-01
2022,Jamaica,April,2.0,4,2022-04-01
2022,Japan,April,249.0,4,2022-04-01
2022,Jordan,April,135.0,4,2022-04-01
2022,Kazakhstan,April,122.0,4,2022-04-01
2022,Kenya,April,20.0,4,2022-04-01
2022,Kosovar,April,3.0,4,2022-04-01
2022,Kuwait,April,49.0,4,2022-04-01
2022,Kyrgyzstan,April,22.0,4,2022-04-01
2022,Lao Peoples,April,0.0,4,2022-04-01
2022,Latvia,April,67.0,4,2022-04-01
2022,Lebanon,April,305.0,4,2022-04-01
2022,Lesotho,April,0.0,4,2022-04-01
2022,Liberia,April,0.0,4,2022-04-01
2022,Libya,April,0.0,4,2022-04-01
2022,Liechtenstein,April,5.0,4,2022-04-01
2022,Lithuania,April,146.0,4,2022-04-01
2022,Luxembourg,April,63.0,4,2022-04-01
2022,Macedonia,April,7.0,4,2022-04-01
2022,Madagascar,April,6.0,4,2022-04-01
2022,Malawi,April,0.0,4,2022-04-01
2022,Malaysia,April,244.0,4,2022-04-01
2022,Maldives,April,567.0,4,2022-04-01
2022,Mali,April,0.0,4,2022-04-01
2022,Malta,April,34.0,4,2022-04-01
2022,Marshall Islands,April,1.0,4,2022-04-01
2022,Mauritania,April,0.0,4,2022-04-01
2022,Mauritius,April,12.0,4,2022-04-01
2022,Mexico,April,35.0,4,2022-04-01
2022,Micronesia,April,0.0,4,2022-04-01
2022,Moldova,April,7.0,4,2022-04-01
2022,Monaco,April,3.0,4,2022-04-01
2022,Mongolia,April,1.0,4,2022-04-01
2022,Montenegro,April,9.0,4,2022-04-01
2022,Morocco,April,23.0,4,2022-04-01
2022,Mozambique,April,0.0,4,2022-04-01
2022,Myanmar,April,42.0,4,2022-04-01
2022,Namibia,April,10.0,4,2022-04-01
2022,Nepal,April,94.0,4,2022-04-01
2022,Netherlands,April,1575.0,4,2022-04-01
2022,New Zealand,April,329.0,4,2022-04-01
2022,Nicaragua,April,0.0,4,2022-04-01
2022,Niger,April,0.0,4,2022-04-01
2022,Nigeria,April,5.0,4,2022-04-01
2022,Norway,April,587.0,4,2022-04-01
2022,Oman,April,18.0,4,2022-04-01
2022,Pakistan,April,138.0,4,2022-04-01
2022,Palestinian Territories,April,13.0,4,2022-04-01
2022,Panama,April,0.0,4,2022-04-01
2022,Papua New Guinea,April,1.0,4,2022-04-01
2022,Paraguay,April,3.0,4,2022-04-01
2022,Peru,April,9.0,4,2022-04-01
2022,Philippines,April,246.0,4,2022-04-01
2022,Poland,April,1391.0,4,2022-04-01
2022,Portugal,April,295.0,4,2022-04-01
2022,Qatar,April,5.0,4,2022-04-01
2022,Republic Of Zimbabwe,April,0.0,4,2022-04-01
2022,Romania,April,475.0,4,2022-04-01
2022,Russian Federation,April,3874.0,4,2022-04-01
2022,Rwanda,April,2.0,4,2022-04-01
2022,Saint Kitts And Nevis,April,3.0,4,2022-04-01
2022,Saint Lucia,April,1.0,4,2022-04-01
2022,San Marino,April,0.0,4,2022-04-01
2022,Saudi Arabia,April,225.0,4,2022-04-01
2022,Senegal,April,0.0,4,2022-04-01
2022,Serbia,April,95.0,4,2022-04-01
2022,Seychelles,April,30.0,4,2022-04-01
2022,Sierra Leone,April,2.0,4,2022-04-01
2022,Singapore,April,289.0,4,2022-04-01
2022,Slovakia,April,287.0,4,2022-04-01
2022,Slovenia,April,106.0,4,2022-04-01
2022,Solomon Islands,April,0.0,4,2022-04-01
2022,Somalia,April,1.0,4,2022-04-01
2022,South Africa-Zuid Afrika,April,257.0,4,2022-04-01
2022,South Korea,April,151.0,4,2022-04-01
2022,South Sudan,April,0.0,4,2022-04-01
2022,Spain,April,1447.0,4,2022-04-01
2022,Sudan,April,15.0,4,2022-04-01
2022,Suriname,April,2.0,4,2022-04-01
2022,Swaziland,April,0.0,4,2022-04-01
2022,Sweden,April,464.0,4,2022-04-01
2022,Switzerland,April,1647.0,4,2022-04-01
2022,Syrian Arab Republic,April,1.0,4,2022-04-01
2022,TIMOR-LESTE,April,0.0,4,2022-04-01
2022,Taiwan,April,16.0,4,2022-04-01
2022,Tajikistan,April,0.0,4,2022-04-01
2022,Tanzania,April,6.0,4,2022-04-01
2022,Thailand,April,123.0,4,2022-04-01
2022,Togo,April,1.0,4,2022-04-01
2022,Tonga,April,0.0,4,2022-04-01
2022,Trinidad And Tobago,April,3.0,4,2022-04-01
2022,Tunisia,April,28.0,4,2022-04-01
2022,Turkey,April,176.0,4,2022-04-01
2022,Turkmenistan,April,2.0,4,2022-04-01
2022,Uganda,April,6.0,4,2022-04-01
2022,Ukraine,April,158.0,4,2022-04-01
2022,United Arab Emirates,April,51.0,4,2022-04-01
2022,United Kingdom,April,11539.0,4,2022-04-01
2022,United States,April,1872.0,4,2022-04-01
2022,Uruguay,April,10.0,4,2022-04-01
2022,Uzbekistan,April,32.0,4,2022-04-01
2022,Vanuatu,April,0.0,4,2022-04-01
2022,Venezuela,April,4.0,4,2022-04-01
2022,Vietnam,April,83.0,4,2022-04-01
2022,Yemen,April,3.0,4,2022-04-01
2022,Zambia,April,0.0,4,2022-04-01
2022,Zimbabwe,April,6.0,4,2022-04-01
2022,Afghanistan,May,1.0,5,2022-05-01
2022,Albania,May,7.0,5,2022-05-01
2022,Algeria,May,15.0,5,2022-05-01
2022,Andorra,May,2.0,5,2022-05-01
2022,Angola,May,0.0,5,2022-05-01
2022,Antarctica,May,0.0,5,2022-05-01
2022,Antigua & Barbuda,May,2.0,5,2022-05-01
2022,Argentina,May,14.0,5,2022-05-01
2022,Armenia,May,26.0,5,2022-05-01
2022,Australia,May,1660.0,5,2022-05-01
2022,Austria,May,189.0,5,2022-05-01
2022,Azerbaijan,May,21.0,5,2022-05-01
2022,Bahamas,May,0.0,5,2022-05-01
2022,Bahrain,May,51.0,5,2022-05-01
2022,Bangladesh,May,249.0,5,2022-05-01
2022,Barbados,May,1.0,5,2022-05-01
2022,Belarus,May,68.0,5,2022-05-01
2022,Belgium,May,212.0,5,2022-05-01
2022,Belize,May,0.0,5,2022-05-01
2022,Benin,May,0.0,5,2022-05-01
2022,Bhutan,May,1.0,5,2022-05-01
2022,Bolivia,May,2.0,5,2022-05-01
2022,Bosnia & Herzegovina,May,5.0,5,2022-05-01
2022,Botswana,May,2.0,5,2022-05-01
2022,Brazil,May,42.0,5,2022-05-01
2022,Brunei Darussalam,May,1.0,5,2022-05-01
2022,Bulgaria,May,15.0,5,2022-05-01
2022,Burkina Faso,May,0.0,5,2022-05-01
2022,Cambodia,May,6.0,5,2022-05-01
2022,Cameroon,May,0.0,5,2022-05-01
2022,Canada,May,2013.0,5,2022-05-01
2022,Cape Verde,May,0.0,5,2022-05-01
2022,Chad,May,1.0,5,2022-05-01
2022,Chile,May,16.0,5,2022-05-01
2022,China,May,242.0,5,2022-05-01
2022,Colombia,May,37.0,5,2022-05-01
2022,Comoros,May,2.0,5,2022-05-01
2022,"Congo, Republic Of.",May,0.0,5,2022-05-01
2022,Costa Rica,May,1.0,5,2022-05-01
2022,Cote Divoire,May,0.0,5,2022-05-01
2022,Country,May,0.0,5,2022-05-01
2022,Country,May,0.0,5,2022-05-01
2022,Country,May,0.0,5,2022-05-01
2022,Country,May,0.0,5,2022-05-01
2022,Country,May,0.0,5,2022-05-01
2022,Croatia,May,8.0,5,2022-05-01
2022,Cuba,May,1.0,5,2022-05-01
2022,Cyprus,May,11.0,5,2022-05-01
2022,Czech Republic,May,83.0,5,2022-05-01
2022,Denmark,May,295.0,5,2022-05-01
2022,Djibouti,May,3.0,5,2022-05-01
2022,Dominica,May,0.0,5,2022-05-01
2022,Dominican Republic,May,0.0,5,2022-05-01
2022,Ecuador,May,6.0,5,2022-05-01
2022,Egypt,May,211.0,5,2022-05-01
2022,El Salvador,May,0.0,5,2022-05-01
2022,Equatorial Guinea,May,2.0,5,2022-05-01
2022,Eritrea,May,3.0,5,2022-05-01
2022,Estonia,May,12.0,5,2022-05-01
2022,Ethiopia,May,11.0,5,2022-05-01
2022,Fiji,May,1.0,5,2022-05-01
2022,Finland,May,45.0,5,2022-05-01
2022,France,May,1076.0,5,2022-05-01
2022,Gabon,May,0.0,5,2022-05-01
2022,Gambia,May,0.0,5,2022-05-01
2022,Georgia,May,64.0,5,2022-05-01
2022,Germany,May,2208.0,5,2022-05-01
2022,Ghana,May,1.0,5,2022-05-01
2022,Greece,May,25.0,5,2022-05-01
2022,Grenada,May,0.0,5,2022-05-01
2022,Guam,May,0.0,5,2022-05-01
2022,Guatemala,May,0.0,5,2022-05-01
2022,Guinea-Bissau,May,0.0,5,2022-05-01
2022,Guyana,May,0.0,5,2022-05-01
2022,Haiti,May,0.0,5,2022-05-01
2022,Honduras,May,0.0,5,2022-05-01
2022,Hong Kong,May,0.0,5,2022-05-01
2022,Hungary,May,33.0,5,2022-05-01
2022,Iceland,May,4.0,5,2022-05-01
2022,India,May,5562.0,5,2022-05-01
2022,Indonesia,May,72.0,5,2022-05-01
2022,Iran,May,102.0,5,2022-05-01
2022,Iraq,May,120.0,5,2022-05-01
2022,Ireland,May,191.0,5,2022-05-01
2022,Israel,May,150.0,5,2022-05-01
2022,Italy,May,329.0,5,2022-05-01
2022,Jamaica,May,0.0,5,2022-05-01
2022,Japan,May,158.0,5,2022-05-01
2022,Jordan,May,207.0,5,2022-05-01
2022,Kazakhstan,May,28.0,5,2022-05-01
2022,Kenya,May,12.0,5,2022-05-01
2022,Kosovar,May,0.0,5,2022-05-01
2022,Kuwait,May,118.0,5,2022-05-01
2022,Kyrgyzstan,May,21.0,5,2022-05-01
2022,Lao Peoples,May,0.0,5,2022-05-01
2022,Latvia,May,11.0,5,2022-05-01
2022,Lebanon,May,123.0,5,2022-05-01
2022,Lesotho,May,2.0,5,2022-05-01
2022,Liberia,May,1.0,5,2022-05-01
2022,Libya,May,0.0,5,2022-05-01
2022,Liechtenstein,May,3.0,5,2022-05-01
2022,Lithuania,May,50.0,5,2022-05-01
2022,Luxembourg,May,6.0,5,2022-05-01
2022,Macedonia,May,1.0,5,2022-05-01
2022,Madagascar,May,2.0,5,2022-05-01
2022,Malawi,May,1.0,5,2022-05-01
2022,Malaysia,May,153.0,5,2022-05-01
2022,Maldives,May,849.0,5,2022-05-01
2022,Mali,May,0.0,5,2022-05-01
2022,Malta,May,10.0,5,2022-05-01
2022,Marshall Islands,May,0.0,5,2022-05-01
2022,Mauritania,May,0.0,5,2022-05-01
2022,Mauritius,May,7.0,5,2022-05-01
2022,Mexico,May,18.0,5,2022-05-01
2022,Micronesia,May,0.0,5,2022-05-01
2022,Moldova,May,6.0,5,2022-05-01
2022,Monaco,May,0.0,5,2022-05-01
2022,Mongolia,May,1.0,5,2022-05-01
2022,Montenegro,May,2.0,5,2022-05-01
2022,Morocco,May,44.0,5,2022-05-01
2022,Mozambique,May,2.0,5,2022-05-01
2022,Myanmar,May,16.0,5,2022-05-01
2022,Namibia,May,3.0,5,2022-05-01
2022,Nepal,May,39.0,5,2022-05-01
2022,Netherlands,May,483.0,5,2022-05-01
2022,New Zealand,May,181.0,5,2022-05-01
2022,Nicaragua,May,0.0,5,2022-05-01
2022,Niger,May,1.0,5,2022-05-01
2022,Nigeria,May,0.0,5,2022-05-01
2022,Norway,May,192.0,5,2022-05-01
2022,Oman,May,47.0,5,2022-05-01
2022,Pakistan,May,214.0,5,2022-05-01
2022,Palestinian Territories,May,29.0,5,2022-05-01
2022,Panama,May,1.0,5,2022-05-01
2022,Papua New Guinea,May,0.0,5,2022-05-01
2022,Paraguay,May,0.0,5,2022-05-01
2022,Peru,May,10.0,5,2022-05-01
2022,Philippines,May,160.0,5,2022-05-01
2022,Poland,May,203.0,5,2022-05-01
2022,Portugal,May,64.0,5,2022-05-01
2022,Qatar,May,55.0,5,2022-05-01
2022,Republic Of Zimbabwe,May,1.0,5,2022-05-01
2022,Romania,May,50.0,5,2022-05-01
2022,Russian Federation,May,3202.0,5,2022-05-01
2022,Rwanda,May,0.0,5,2022-05-01
2022,Saint Kitts And Nevis,May,6.0,5,2022-05-01
2022,Saint Lucia,May,0.0,5,2022-05-01
2022,San Marino,May,0.0,5,2022-05-01
2022,Saudi Arabia,May,365.0,5,2022-05-01
2022,Senegal,May,1.0,5,2022-05-01
2022,Serbia,May,7.0,5,2022-05-01
2022,Seychelles,May,14.0,5,2022-05-01
2022,Sierra Leone,May,1.0,5,2022-05-01
2022,Singapore,May,209.0,5,2022-05-01
2022,Slovakia,May,66.0,5,2022-05-01
2022,Slovenia,May,3.0,5,2022-05-01
2022,Solomon Islands,May,0.0,5,2022-05-01
2022,Somalia,May,1.0,5,2022-05-01
2022,South Africa-Zuid Afrika,May,64.0,5,2022-05-01
2022,South Korea,May,63.0,5,2022-05-01
2022,South Sudan,May,0.0,5,2022-05-01
2022,Spain,May,692.0,5,2022-05-01
2022,Sudan,May,63.0,5,2022-05-01
2022,Suriname,May,0.0,5,2022-05-01
2022,Swaziland,May,0.0,5,2022-05-01
2022,Sweden,May,104.0,5,2022-05-01
2022,Switzerland,May,570.0,5,2022-05-01
2022,Syrian Arab Republic,May,0.0,5,2022-05-01
2022,TIMOR-LESTE,May,0.0,5,2022-05-01
2022,Taiwan,May,11.0,5,2022-05-01
2022,Tajikistan,May,2.0,5,2022-05-01
2022,Tanzania,May,1.0,5,2022-05-01
2022,Thailand,May,84.0,5,2022-05-01
2022,Togo,May,1.0,5,2022-05-01
2022,Tonga,May,0.0,5,2022-05-01
2022,Trinidad And Tobago,May,1.0,5,2022-05-01
2022,Tunisia,May,38.0,5,2022-05-01
2022,Turkey,May,66.0,5,2022-05-01
2022,Turkmenistan,May,2.0,5,2022-05-01
2022,Uganda,May,3.0,5,2022-05-01
2022,Ukraine,May,84.0,5,2022-05-01
2022,United Arab Emirates,May,191.0,5,2022-05-01
2022,United Kingdom,May,3723.0,5,2022-05-01
2022,United States,May,1368.0,5,2022-05-01
2022,Uruguay,May,1.0,5,2022-05-01
2022,Uzbekistan,May,15.0,5,2022-05-01
2022,Vanuatu,May,0.0,5,2022-05-01
2022,Venezuela,May,1.0,5,2022-05-01
2022,Vietnam,May,34.0,5,2022-05-01
2022,Yemen,May,17.0,5,2022-05-01
2022,Zambia,May,2.0,5,2022-05-01
2022,Zimbabwe,May,13.0,5,2022-05-01
2022,Afghanistan,June,0.0,6,2022-06-01
2022,Albania,June,8.0,6,2022-06-01
2022,Algeria,June,9.0,6,2022-06-01
2022,Andorra,June,1.0,6,2022-06-01
2022,Angola,June,0.0,6,2022-06-01
2022,Antarctica,June,0.0,6,2022-06-01
2022,Antigua & Barbuda,June,1.0,6,2022-06-01
2022,Argentina,June,7.0,6,2022-06-01
2022,Armenia,June,14.0,6,2022-06-01
2022,Australia,June,2511.0,6,2022-06-01
2022,Austria,June,109.0,6,2022-06-01
2022,Azerbaijan,June,9.0,6,2022-06-01
2022,Bahamas,June,1.0,6,2022-06-01
2022,Bahrain,June,42.0,6,2022-06-01
2022,Bangladesh,June,129.0,6,2022-06-01
2022,Barbados,June,0.0,6,2022-06-01
2022,Belarus,June,34.0,6,2022-06-01
2022,Belgium,June,259.0,6,2022-06-01
2022,Belize,June,0.0,6,2022-06-01
2022,Benin,June,0.0,6,2022-06-01
2022,Bhutan,June,3.0,6,2022-06-01
2022,Bolivia,June,2.0,6,2022-06-01
2022,Bosnia & Herzegovina,June,1.0,6,2022-06-01
2022,Botswana,June,0.0,6,2022-06-01
2022,Brazil,June,27.0,6,2022-06-01
2022,Brunei Darussalam,June,0.0,6,2022-06-01
2022,Bulgaria,June,13.0,6,2022-06-01
2022,Burkina Faso,June,0.0,6,2022-06-01
2022,Cambodia,June,2.0,6,2022-06-01
2022,Cameroon,June,0.0,6,2022-06-01
2022,Canada,June,2308.0,6,2022-06-01
2022,Cape Verde,June,0.0,6,2022-06-01
2022,Chad,June,0.0,6,2022-06-01
2022,Chile,June,5.0,6,2022-06-01
2022,China,June,231.0,6,2022-06-01
2022,Colombia,June,12.0,6,2022-06-01
2022,Comoros,June,2.0,6,2022-06-01
2022,"Congo, Republic Of.",June,0.0,6,2022-06-01
2022,Costa Rica,June,1.0,6,2022-06-01
2022,Cote Divoire,June,0.0,6,2022-06-01
2022,Country,June,0.0,6,2022-06-01
2022,Country,June,0.0,6,2022-06-01
2022,Country,June,0.0,6,2022-06-01
2022,Country,June,0.0,6,2022-06-01
2022,Country,June,0.0,6,2022-06-01
2022,Croatia,June,8.0,6,2022-06-01
2022,Cuba,June,1.0,6,2022-06-01
2022,Cyprus,June,17.0,6,2022-06-01
2022,Czech Republic,June,151.0,6,2022-06-01
2022,Denmark,June,275.0,6,2022-06-01
2022,Djibouti,June,0.0,6,2022-06-01
2022,Dominica,June,0.0,6,2022-06-01
2022,Dominican Republic,June,0.0,6,2022-06-01
2022,Ecuador,June,12.0,6,2022-06-01
2022,Egypt,June,84.0,6,2022-06-01
2022,El Salvador,June,3.0,6,2022-06-01
2022,Equatorial Guinea,June,1.0,6,2022-06-01
2022,Eritrea,June,0.0,6,2022-06-01
2022,Estonia,June,5.0,6,2022-06-01
2022,Ethiopia,June,6.0,6,2022-06-01
2022,Fiji,June,1.0,6,2022-06-01
2022,Finland,June,95.0,6,2022-06-01
2022,France,June,1717.0,6,2022-06-01
2022,Gabon,June,0.0,6,2022-06-01
2022,Gambia,June,0.0,6,2022-06-01
2022,Georgia,June,61.0,6,2022-06-01
2022,Germany,June,2466.0,6,2022-06-01
2022,Ghana,June,1.0,6,2022-06-01
2022,Greece,June,16.0,6,2022-06-01
2022,Grenada,June,3.0,6,2022-06-01
2022,Guam,June,0.0,6,2022-06-01
2022,Guatemala,June,0.0,6,2022-06-01
2022,Guinea-Bissau,June,0.0,6,2022-06-01
2022,Guyana,June,0.0,6,2022-06-01
2022,Haiti,June,0.0,6,2022-06-01
2022,Honduras,June,0.0,6,2022-06-01
2022,Hong Kong,June,0.0,6,2022-06-01
2022,Hungary,June,47.0,6,2022-06-01
2022,Iceland,June,23.0,6,2022-06-01
2022,India,June,6810.0,6,2022-06-01
2022,Indonesia,June,45.0,6,2022-06-01
2022,Iran,June,79.0,6,2022-06-01
2022,Iraq,June,40.0,6,2022-06-01
2022,Ireland,June,137.0,6,2022-06-01
2022,Israel,June,212.0,6,2022-06-01
2022,Italy,June,506.0,6,2022-06-01
2022,Jamaica,June,1.0,6,2022-06-01
2022,Japan,June,148.0,6,2022-06-01
2022,Jordan,June,79.0,6,2022-06-01
2022,Kazakhstan,June,22.0,6,2022-06-01
2022,Kenya,June,12.0,6,2022-06-01
2022,Kosovar,June,1.0,6,2022-06-01
2022,Kuwait,June,45.0,6,2022-06-01
2022,Kyrgyzstan,June,0.0,6,2022-06-01
2022,Lao Peoples,June,1.0,6,2022-06-01
2022,Latvia,June,12.0,6,2022-06-01
2022,Lebanon,June,71.0,6,2022-06-01
2022,Lesotho,June,1.0,6,2022-06-01
2022,Liberia,June,0.0,6,2022-06-01
2022,Libya,June,0.0,6,2022-06-01
2022,Liechtenstein,June,0.0,6,2022-06-01
2022,Lithuania,June,32.0,6,2022-06-01
2022,Luxembourg,June,5.0,6,2022-06-01
2022,Macedonia,June,0.0,6,2022-06-01
2022,Madagascar,June,9.0,6,2022-06-01
2022,Malawi,June,5.0,6,2022-06-01
2022,Malaysia,June,161.0,6,2022-06-01
2022,Maldives,June,1130.0,6,2022-06-01
2022,Mali,June,0.0,6,2022-06-01
2022,Malta,June,20.0,6,2022-06-01
2022,Marshall Islands,June,0.0,6,2022-06-01
2022,Mauritania,June,0.0,6,2022-06-01
2022,Mauritius,June,2.0,6,2022-06-01
2022,Mexico,June,12.0,6,2022-06-01
2022,Micronesia,June,0.0,6,2022-06-01
2022,Moldova,June,2.0,6,2022-06-01
2022,Monaco,June,0.0,6,2022-06-01
2022,Mongolia,June,1.0,6,2022-06-01
2022,Montenegro,June,1.0,6,2022-06-01
2022,Morocco,June,20.0,6,2022-06-01
2022,Mozambique,June,1.0,6,2022-06-01
2022,Myanmar,June,11.0,6,2022-06-01
2022,Namibia,June,0.0,6,2022-06-01
2022,Nepal,June,30.0,6,2022-06-01
2022,Netherlands,June,423.0,6,2022-06-01
2022,New Zealand,June,153.0,6,2022-06-01
2022,Nicaragua,June,1.0,6,2022-06-01
2022,Niger,June,0.0,6,2022-06-01
2022,Nigeria,June,0.0,6,2022-06-01
2022,Norway,June,1021.0,6,2022-06-01
2022,Oman,June,35.0,6,2022-06-01
2022,Pakistan,June,279.0,6,2022-06-01
2022,Palestinian Territories,June,21.0,6,2022-06-01
2022,Panama,June,2.0,6,2022-06-01
2022,Papua New Guinea,June,1.0,6,2022-06-01
2022,Paraguay,June,0.0,6,2022-06-01
2022,Peru,June,1.0,6,2022-06-01
2022,Philippines,June,97.0,6,2022-06-01
2022,Poland,June,320.0,6,2022-06-01
2022,Portugal,June,128.0,6,2022-06-01
2022,Qatar,June,9.0,6,2022-06-01
2022,Republic Of Zimbabwe,June,0.0,6,2022-06-01
2022,Romania,June,46.0,6,2022-06-01
2022,Russian Federation,June,1610.0,6,2022-06-01
2022,Rwanda,June,0.0,6,2022-06-01
2022,Saint Kitts And Nevis,June,2.0,6,2022-06-01
2022,Saint Lucia,June,0.0,6,2022-06-01
2022,San Marino,June,0.0,6,2022-06-01
2022,Saudi Arabia,June,281.0,6,2022-06-01
2022,Senegal,June,3.0,6,2022-06-01
2022,Serbia,June,6.0,6,2022-06-01
2022,Seychelles,June,9.0,6,2022-06-01
2022,Sierra Leone,June,0.0,6,2022-06-01
2022,Singapore,June,222.0,6,2022-06-01
2022,Slovakia,June,47.0,6,2022-06-01
2022,Slovenia,June,24.0,6,2022-06-01
2022,Solomon Islands,June,0.0,6,2022-06-01
2022,Somalia,June,0.0,6,2022-06-01
2022,South Africa-Zuid Afrika,June,76.0,6,2022-06-01
2022,South Korea,June,102.0,6,2022-06-01
2022,South Sudan,June,0.0,6,2022-06-01
2022,Spain,June,1027.0,6,2022-06-01
2022,Sudan,June,21.0,6,2022-06-01
2022,Suriname,June,0.0,6,2022-06-01
2022,Swaziland,June,0.0,6,2022-06-01
2022,Sweden,June,304.0,6,2022-06-01
2022,Switzerland,June,665.0,6,2022-06-01
2022,Syrian Arab Republic,June,1.0,6,2022-06-01
2022,TIMOR-LESTE,June,0.0,6,2022-06-01
2022,Taiwan,June,50.0,6,2022-06-01
2022,Tajikistan,June,7.0,6,2022-06-01
2022,Tanzania,June,3.0,6,2022-06-01
2022,Thailand,June,131.0,6,2022-06-01
2022,Togo,June,0.0,6,2022-06-01
2022,Tonga,June,0.0,6,2022-06-01
2022,Trinidad And Tobago,June,0.0,6,2022-06-01
2022,Tunisia,June,19.0,6,2022-06-01
2022,Turkey,June,57.0,6,2022-06-01
2022,Turkmenistan,June,0.0,6,2022-06-01
2022,Uganda,June,9.0,6,2022-06-01
2022,Ukraine,June,77.0,6,2022-06-01
2022,United Arab Emirates,June,69.0,6,2022-06-01
2022,United Kingdom,June,3368.0,6,2022-06-01
2022,United States,June,1647.0,6,2022-06-01
2022,Uruguay,June,1.0,6,2022-06-01
2022,Uzbekistan,June,21.0,6,2022-06-01
2022,Vanuatu,June,1.0,6,2022-06-01
2022,Venezuela,June,1.0,6,2022-06-01
2022,Vietnam,June,43.0,6,2022-06-01
2022,Yemen,June,13.0,6,2022-06-01
2022,Zambia,June,1.0,6,2022-06-01
2022,Zimbabwe,June,3.0,6,2022-06-01
2022,Afghanistan,July,2.0,7,2022-07-01
2022,Albania,July,4.0,7,2022-07-01
2022,Algeria,July,10.0,7,2022-07-01
2022,Andorra,July,2.0,7,2022-07-01
2022,Angola,July,1.0,7,2022-07-01
2022,Antarctica,July,0.0,7,2022-07-01
2022,Antigua & Barbuda,July,1.0,7,2022-07-01
2022,Argentina,July,8.0,7,2022-07-01
2022,Armenia,July,25.0,7,2022-07-01
2022,Australia,July,1974.0,7,2022-07-01
2022,Austria,July,299.0,7,2022-07-01
2022,Azerbaijan,July,11.0,7,2022-07-01
2022,Bahamas,July,0.0,7,2022-07-01
2022,Bahrain,July,36.0,7,2022-07-01
2022,Bangladesh,July,176.0,7,2022-07-01
2022,Barbados,July,0.0,7,2022-07-01
2022,Belarus,July,35.0,7,2022-07-01
2022,Belgium,July,1115.0,7,2022-07-01
2022,Belize,July,0.0,7,2022-07-01
2022,Benin,July,0.0,7,2022-07-01
2022,Bhutan,July,3.0,7,2022-07-01
2022,Bolivia,July,0.0,7,2022-07-01
2022,Bosnia & Herzegovina,July,0.0,7,2022-07-01
2022,Botswana,July,3.0,7,2022-07-01
2022,Brazil,July,34.0,7,2022-07-01
2022,Brunei Darussalam,July,0.0,7,2022-07-01
2022,Bulgaria,July,13.0,7,2022-07-01
2022,Burkina Faso,July,0.0,7,2022-07-01
2022,Cambodia,July,14.0,7,2022-07-01
2022,Cameroon,July,0.0,7,2022-07-01
2022,Canada,July,3458.0,7,2022-07-01
2022,Cape Verde,July,0.0,7,2022-07-01
2022,Chad,July,0.0,7,2022-07-01
2022,Chile,July,7.0,7,2022-07-01
2022,China,July,266.0,7,2022-07-01
2022,Colombia,July,8.0,7,2022-07-01
2022,Comoros,July,0.0,7,2022-07-01
2022,"Congo, Republic Of.",July,2.0,7,2022-07-01
2022,Costa Rica,July,0.0,7,2022-07-01
2022,Cote Divoire,July,1.0,7,2022-07-01
2022,Country,July,0.0,7,2022-07-01
2022,Country,July,0.0,7,2022-07-01
2022,Country,July,0.0,7,2022-07-01
2022,Country,July,0.0,7,2022-07-01
2022,Country,July,0.0,7,2022-07-01
2022,Croatia,July,13.0,7,2022-07-01
2022,Cuba,July,2.0,7,2022-07-01
2022,Cyprus,July,19.0,7,2022-07-01
2022,Czech Republic,July,217.0,7,2022-07-01
2022,Denmark,July,457.0,7,2022-07-01
2022,Djibouti,July,0.0,7,2022-07-01
2022,Dominica,July,2.0,7,2022-07-01
2022,Dominican Republic,July,0.0,7,2022-07-01
2022,Ecuador,July,1.0,7,2022-07-01
2022,Egypt,July,136.0,7,2022-07-01
2022,El Salvador,July,1.0,7,2022-07-01
2022,Equatorial Guinea,July,0.0,7,2022-07-01
2022,Eritrea,July,0.0,7,2022-07-01
2022,Estonia,July,8.0,7,2022-07-01
2022,Ethiopia,July,3.0,7,2022-07-01
2022,Fiji,July,3.0,7,2022-07-01
2022,Finland,July,59.0,7,2022-07-01
2022,France,July,3567.0,7,2022-07-01
2022,Gabon,July,0.0,7,2022-07-01
2022,Gambia,July,0.0,7,2022-07-01
2022,Georgia,July,24.0,7,2022-07-01
2022,Germany,July,3666.0,7,2022-07-01
2022,Ghana,July,3.0,7,2022-07-01
2022,Greece,July,40.0,7,2022-07-01
2022,Grenada,July,2.0,7,2022-07-01
2022,Guam,July,0.0,7,2022-07-01
2022,Guatemala,July,0.0,7,2022-07-01
2022,Guinea-Bissau,July,0.0,7,2022-07-01
2022,Guyana,July,0.0,7,2022-07-01
2022,Haiti,July,0.0,7,2022-07-01
2022,Honduras,July,1.0,7,2022-07-01
2022,Hong Kong,July,0.0,7,2022-07-01
2022,Hungary,July,42.0,7,2022-07-01
2022,Iceland,July,11.0,7,2022-07-01
2022,India,July,6031.0,7,2022-07-01
2022,Indonesia,July,30.0,7,2022-07-01
2022,Iran,July,35.0,7,2022-07-01
2022,Iraq,July,98.0,7,2022-07-01
2022,Ireland,July,172.0,7,2022-07-01
2022,Israel,July,404.0,7,2022-07-01
2022,Italy,July,650.0,7,2022-07-01
2022,Jamaica,July,0.0,7,2022-07-01
2022,Japan,July,169.0,7,2022-07-01
2022,Jordan,July,242.0,7,2022-07-01
2022,Kazakhstan,July,12.0,7,2022-07-01
2022,Kenya,July,5.0,7,2022-07-01
2022,Kosovar,July,1.0,7,2022-07-01
2022,Kuwait,July,78.0,7,2022-07-01
2022,Kyrgyzstan,July,1.0,7,2022-07-01
2022,Lao Peoples,July,0.0,7,2022-07-01
2022,Latvia,July,12.0,7,2022-07-01
2022,Lebanon,July,108.0,7,2022-07-01
2022,Lesotho,July,0.0,7,2022-07-01
2022,Liberia,July,1.0,7,2022-07-01
2022,Libya,July,2.0,7,2022-07-01
2022,Liechtenstein,July,1.0,7,2022-07-01
2022,Lithuania,July,52.0,7,2022-07-01
2022,Luxembourg,July,16.0,7,2022-07-01
2022,Macedonia,July,0.0,7,2022-07-01
2022,Madagascar,July,4.0,7,2022-07-01
2022,Malawi,July,0.0,7,2022-07-01
2022,Malaysia,July,123.0,7,2022-07-01
2022,Maldives,July,1207.0,7,2022-07-01
2022,Mali,July,0.0,7,2022-07-01
2022,Malta,July,5.0,7,2022-07-01
2022,Marshall Islands,July,0.0,7,2022-07-01
2022,Mauritania,July,1.0,7,2022-07-01
2022,Mauritius,July,7.0,7,2022-07-01
2022,Mexico,July,18.0,7,2022-07-01
2022,Micronesia,July,0.0,7,2022-07-01
2022,Moldova,July,1.0,7,2022-07-01
2022,Monaco,July,0.0,7,2022-07-01
2022,Mongolia,July,4.0,7,2022-07-01
2022,Montenegro,July,3.0,7,2022-07-01
2022,Morocco,July,19.0,7,2022-07-01
2022,Mozambique,July,0.0,7,2022-07-01
2022,Myanmar,July,16.0,7,2022-07-01
2022,Namibia,July,2.0,7,2022-07-01
2022,Nepal,July,25.0,7,2022-07-01
2022,Netherlands,July,2053.0,7,2022-07-01
2022,New Zealand,July,239.0,7,2022-07-01
2022,Nicaragua,July,1.0,7,2022-07-01
2022,Niger,July,1.0,7,2022-07-01
2022,Nigeria,July,1.0,7,2022-07-01
2022,Norway,July,757.0,7,2022-07-01
2022,Oman,July,75.0,7,2022-07-01
2022,Pakistan,July,241.0,7,2022-07-01
2022,Palestinian Territories,July,28.0,7,2022-07-01
2022,Panama,July,4.0,7,2022-07-01
2022,Papua New Guinea,July,2.0,7,2022-07-01
2022,Paraguay,July,0.0,7,2022-07-01
2022,Peru,July,3.0,7,2022-07-01
2022,Philippines,July,149.0,7,2022-07-01
2022,Poland,July,344.0,7,2022-07-01
2022,Portugal,July,86.0,7,2022-07-01
2022,Qatar,July,38.0,7,2022-07-01
2022,Republic Of Zimbabwe,July,0.0,7,2022-07-01
2022,Romania,July,64.0,7,2022-07-01
2022,Russian Federation,July,1918.0,7,2022-07-01
2022,Rwanda,July,0.0,7,2022-07-01
2022,Saint Kitts And Nevis,July,3.0,7,2022-07-01
2022,Saint Lucia,July,3.0,7,2022-07-01
2022,San Marino,July,0.0,7,2022-07-01
2022,Saudi Arabia,July,311.0,7,2022-07-01
2022,Senegal,July,0.0,7,2022-07-01
2022,Serbia,July,9.0,7,2022-07-01
2022,Seychelles,July,20.0,7,2022-07-01
2022,Sierra Leone,July,1.0,7,2022-07-01
2022,Singapore,July,156.0,7,2022-07-01
2022,Slovakia,July,112.0,7,2022-07-01
2022,Slovenia,July,80.0,7,2022-07-01
2022,Solomon Islands,July,1.0,7,2022-07-01
2022,Somalia,July,0.0,7,2022-07-01
2022,South Africa-Zuid Afrika,July,55.0,7,2022-07-01
2022,South Korea,July,87.0,7,2022-07-01
2022,South Sudan,July,1.0,7,2022-07-01
2022,Spain,July,1499.0,7,2022-07-01
2022,Sudan,July,65.0,7,2022-07-01
2022,Suriname,July,0.0,7,2022-07-01
2022,Swaziland,July,0.0,7,2022-07-01
2022,Sweden,July,209.0,7,2022-07-01
2022,Switzerland,July,2207.0,7,2022-07-01
2022,Syrian Arab Republic,July,0.0,7,2022-07-01
2022,TIMOR-LESTE,July,0.0,7,2022-07-01
2022,Taiwan,July,16.0,7,2022-07-01
2022,Tajikistan,July,1.0,7,2022-07-01
2022,Tanzania,July,3.0,7,2022-07-01
2022,Thailand,July,84.0,7,2022-07-01
2022,Togo,July,0.0,7,2022-07-01
2022,Tonga,July,0.0,7,2022-07-01
2022,Trinidad And Tobago,July,0.0,7,2022-07-01
2022,Tunisia,July,11.0,7,2022-07-01
2022,Turkey,July,57.0,7,2022-07-01
2022,Turkmenistan,July,3.0,7,2022-07-01
2022,Uganda,July,3.0,7,2022-07-01
2022,Ukraine,July,58.0,7,2022-07-01
2022,United Arab Emirates,July,112.0,7,2022-07-01
2022,United Kingdom,July,9257.0,7,2022-07-01
2022,United States,July,1469.0,7,2022-07-01
2022,Uruguay,July,1.0,7,2022-07-01
2022,Uzbekistan,July,13.0,7,2022-07-01
2022,Vanuatu,July,0.0,7,2022-07-01
2022,Venezuela,July,2.0,7,2022-07-01
2022,Vietnam,July,22.0,7,2022-07-01
2022,Yemen,July,13.0,7,2022-07-01
2022,Zambia,July,0.0,7,2022-07-01
2022,Zimbabwe,July,5.0,7,2022-07-01
2022,Afghanistan,August,0.0,8,2022-08-01
2022,Albania,August,2.0,8,2022-08-01
2022,Algeria,August,9.0,8,2022-08-01
2022,Andorra,August,13.0,8,2022-08-01
2022,Angola,August,0.0,8,2022-08-01
2022,Antarctica,August,0.0,8,2022-08-01
2022,Antigua & Barbuda,August,2.0,8,2022-08-01
2022,Argentina,August,4.0,8,2022-08-01
2022,Armenia,August,15.0,8,2022-08-01
2022,Australia,August,1898.0,8,2022-08-01
2022,Austria,August,206.0,8,2022-08-01
2022,Azerbaijan,August,37.0,8,2022-08-01
2022,Bahamas,August,0.0,8,2022-08-01
2022,Bahrain,August,22.0,8,2022-08-01
2022,Bangladesh,August,168.0,8,2022-08-01
2022,Barbados,August,0.0,8,2022-08-01
2022,Belarus,August,46.0,8,2022-08-01
2022,Belgium,August,475.0,8,2022-08-01
2022,Belize,August,0.0,8,2022-08-01
2022,Benin,August,0.0,8,2022-08-01
2022,Bhutan,August,30.0,8,2022-08-01
2022,Bolivia,August,2.0,8,2022-08-01
2022,Bosnia & Herzegovina,August,4.0,8,2022-08-01
2022,Botswana,August,0.0,8,2022-08-01
2022,Brazil,August,32.0,8,2022-08-01
2022,Brunei Darussalam,August,6.0,8,2022-08-01
2022,Bulgaria,August,25.0,8,2022-08-01
2022,Burkina Faso,August,0.0,8,2022-08-01
2022,Cambodia,August,3.0,8,2022-08-01
2022,Cameroon,August,2.0,8,2022-08-01
2022,Canada,August,2581.0,8,2022-08-01
2022,Cape Verde,August,0.0,8,2022-08-01
2022,Chad,August,1.0,8,2022-08-01
2022,Chile,August,4.0,8,2022-08-01
2022,China,August,534.0,8,2022-08-01
2022,Colombia,August,20.0,8,2022-08-01
2022,Comoros,August,0.0,8,2022-08-01
2022,"Congo, Republic Of.",August,0.0,8,2022-08-01
2022,Costa Rica,August,2.0,8,2022-08-01
2022,Cote Divoire,August,0.0,8,2022-08-01
2022,Country,August,0.0,8,2022-08-01
2022,Country,August,0.0,8,2022-08-01
2022,Country,August,0.0,8,2022-08-01
2022,Country,August,0.0,8,2022-08-01
2022,Country,August,0.0,8,2022-08-01
2022,Croatia,August,8.0,8,2022-08-01
2022,Cuba,August,0.0,8,2022-08-01
2022,Cyprus,August,73.0,8,2022-08-01
2022,Czech Republic,August,95.0,8,2022-08-01
2022,Denmark,August,235.0,8,2022-08-01
2022,Djibouti,August,0.0,8,2022-08-01
2022,Dominica,August,3.0,8,2022-08-01
2022,Dominican Republic,August,0.0,8,2022-08-01
2022,Ecuador,August,3.0,8,2022-08-01
2022,Egypt,August,41.0,8,2022-08-01
2022,El Salvador,August,3.0,8,2022-08-01
2022,Equatorial Guinea,August,0.0,8,2022-08-01
2022,Eritrea,August,1.0,8,2022-08-01
2022,Estonia,August,2.0,8,2022-08-01
2022,Ethiopia,August,0.0,8,2022-08-01
2022,Fiji,August,3.0,8,2022-08-01
2022,Finland,August,40.0,8,2022-08-01
2022,France,August,2784.0,8,2022-08-01
2022,Gabon,August,0.0,8,2022-08-01
2022,Gambia,August,0.0,8,2022-08-01
2022,Georgia,August,70.0,8,2022-08-01
2022,Germany,August,3251.0,8,2022-08-01
2022,Ghana,August,2.0,8,2022-08-01
2022,Greece,August,49.0,8,2022-08-01
2022,Grenada,August,1.0,8,2022-08-01
2022,Guam,August,0.0,8,2022-08-01
2022,Guatemala,August,0.0,8,2022-08-01
2022,Guinea-Bissau,August,0.0,8,2022-08-01
2022,Guyana,August,1.0,8,2022-08-01
2022,Haiti,August,0.0,8,2022-08-01
2022,Honduras,August,0.0,8,2022-08-01
2022,Hong Kong,August,0.0,8,2022-08-01
2022,Hungary,August,17.0,8,2022-08-01
2022,Iceland,August,1.0,8,2022-08-01
2022,India,August,5340.0,8,2022-08-01
2022,Indonesia,August,36.0,8,2022-08-01
2022,Iran,August,88.0,8,2022-08-01
2022,Iraq,August,59.0,8,2022-08-01
2022,Ireland,August,80.0,8,2022-08-01
2022,Israel,August,643.0,8,2022-08-01
2022,Italy,August,937.0,8,2022-08-01
2022,Jamaica,August,1.0,8,2022-08-01
2022,Japan,August,294.0,8,2022-08-01
2022,Jordan,August,154.0,8,2022-08-01
2022,Kazakhstan,August,13.0,8,2022-08-01
2022,Kenya,August,9.0,8,2022-08-01
2022,Kosovar,August,0.0,8,2022-08-01
2022,Kuwait,August,53.0,8,2022-08-01
2022,Kyrgyzstan,August,9.0,8,2022-08-01
2022,Lao Peoples,August,3.0,8,2022-08-01
2022,Latvia,August,6.0,8,2022-08-01
2022,Lebanon,August,58.0,8,2022-08-01
2022,Lesotho,August,0.0,8,2022-08-01
2022,Liberia,August,0.0,8,2022-08-01
2022,Libya,August,0.0,8,2022-08-01
2022,Liechtenstein,August,0.0,8,2022-08-01
2022,Lithuania,August,29.0,8,2022-08-01
2022,Luxembourg,August,18.0,8,2022-08-01
2022,Macedonia,August,0.0,8,2022-08-01
2022,Madagascar,August,8.0,8,2022-08-01
2022,Malawi,August,0.0,8,2022-08-01
2022,Malaysia,August,135.0,8,2022-08-01
2022,Maldives,August,957.0,8,2022-08-01
2022,Mali,August,0.0,8,2022-08-01
2022,Malta,August,15.0,8,2022-08-01
2022,Marshall Islands,August,0.0,8,2022-08-01
2022,Mauritania,August,0.0,8,2022-08-01
2022,Mauritius,August,3.0,8,2022-08-01
2022,Mexico,August,15.0,8,2022-08-01
2022,Micronesia,August,0.0,8,2022-08-01
2022,Moldova,August,1.0,8,2022-08-01
2022,Monaco,August,0.0,8,2022-08-01
2022,Mongolia,August,1.0,8,2022-08-01
2022,Montenegro,August,1.0,8,2022-08-01
2022,Morocco,August,28.0,8,2022-08-01
2022,Mozambique,August,0.0,8,2022-08-01
2022,Myanmar,August,10.0,8,2022-08-01
2022,Namibia,August,0.0,8,2022-08-01
2022,Nepal,August,50.0,8,2022-08-01
2022,Netherlands,August,1021.0,8,2022-08-01
2022,New Zealand,August,166.0,8,2022-08-01
2022,Nicaragua,August,0.0,8,2022-08-01
2022,Niger,August,0.0,8,2022-08-01
2022,Nigeria,August,1.0,8,2022-08-01
2022,Norway,August,295.0,8,2022-08-01
2022,Oman,August,55.0,8,2022-08-01
2022,Pakistan,August,286.0,8,2022-08-01
2022,Palestinian Territories,August,20.0,8,2022-08-01
2022,Panama,August,1.0,8,2022-08-01
2022,Papua New Guinea,August,1.0,8,2022-08-01
2022,Paraguay,August,1.0,8,2022-08-01
2022,Peru,August,5.0,8,2022-08-01
2022,Philippines,August,125.0,8,2022-08-01
2022,Poland,August,261.0,8,2022-08-01
2022,Portugal,August,113.0,8,2022-08-01
2022,Qatar,August,9.0,8,2022-08-01
2022,Republic Of Zimbabwe,August,1.0,8,2022-08-01
2022,Romania,August,117.0,8,2022-08-01
2022,Russian Federation,August,1426.0,8,2022-08-01
2022,Rwanda,August,0.0,8,2022-08-01
2022,Saint Kitts And Nevis,August,1.0,8,2022-08-01
2022,Saint Lucia,August,2.0,8,2022-08-01
2022,San Marino,August,0.0,8,2022-08-01
2022,Saudi Arabia,August,220.0,8,2022-08-01
2022,Senegal,August,1.0,8,2022-08-01
2022,Serbia,August,13.0,8,2022-08-01
2022,Seychelles,August,29.0,8,2022-08-01
2022,Sierra Leone,August,1.0,8,2022-08-01
2022,Singapore,August,182.0,8,2022-08-01
2022,Slovakia,August,50.0,8,2022-08-01
2022,Slovenia,August,9.0,8,2022-08-01
2022,Solomon Islands,August,0.0,8,2022-08-01
2022,Somalia,August,0.0,8,2022-08-01
2022,South Africa-Zuid Afrika,August,51.0,8,2022-08-01
2022,South Korea,August,111.0,8,2022-08-01
2022,South Sudan,August,0.0,8,2022-08-01
2022,Spain,August,2148.0,8,2022-08-01
2022,Sudan,August,21.0,8,2022-08-01
2022,Suriname,August,1.0,8,2022-08-01
2022,Swaziland,August,0.0,8,2022-08-01
2022,Sweden,August,124.0,8,2022-08-01
2022,Switzerland,August,695.0,8,2022-08-01
2022,Syrian Arab Republic,August,1.0,8,2022-08-01
2022,TIMOR-LESTE,August,0.0,8,2022-08-01
2022,Taiwan,August,17.0,8,2022-08-01
2022,Tajikistan,August,3.0,8,2022-08-01
2022,Tanzania,August,2.0,8,2022-08-01
2022,Thailand,August,97.0,8,2022-08-01
2022,Togo,August,0.0,8,2022-08-01
2022,Tonga,August,0.0,8,2022-08-01
2022,Trinidad And Tobago,August,1.0,8,2022-08-01
2022,Tunisia,August,11.0,8,2022-08-01
2022,Turkey,August,42.0,8,2022-08-01
2022,Turkmenistan,August,0.0,8,2022-08-01
2022,Uganda,August,2.0,8,2022-08-01
2022,Ukraine,August,68.0,8,2022-08-01
2022,United Arab Emirates,August,110.0,8,2022-08-01
2022,United Kingdom,August,6776.0,8,2022-08-01
2022,United States,August,1105.0,8,2022-08-01
2022,Uruguay,August,2.0,8,2022-08-01
2022,Uzbekistan,August,12.0,8,2022-08-01
2022,Vanuatu,August,1.0,8,2022-08-01
2022,Venezuela,August,0.0,8,2022-08-01
2022,Vietnam,August,46.0,8,2022-08-01
2022,Yemen,August,21.0,8,2022-08-01
2022,Zambia,August,0.0,8,2022-08-01
2022,Zimbabwe,August,0.0,8,2022-08-01
2022,Afghanistan,September,0.0,9,2022-09-01
2022,Albania,September,2.0,9,2022-09-01
2022,Algeria,September,10.0,9,2022-09-01
2022,Andorra,September,0.0,9,2022-09-01
2022,Angola,September,3.0,9,2022-09-01
2022,Antarctica,September,0.0,9,2022-09-01
2022,Antigua & Barbuda,September,0.0,9,2022-09-01
2022,Argentina,September,4.0,9,2022-09-01
2022,Armenia,September,37.0,9,2022-09-01
2022,Australia,September,2309.0,9,2022-09-01
2022,Austria,September,152.0,9,2022-09-01
2022,Azerbaijan,September,9.0,9,2022-09-01
2022,Bahamas,September,0.0,9,2022-09-01
2022,Bahrain,September,14.0,9,2022-09-01
2022,Bangladesh,September,338.0,9,2022-09-01
2022,Barbados,September,1.0,9,2022-09-01
2022,Belarus,September,54.0,9,2022-09-01
2022,Belgium,September,316.0,9,2022-09-01
2022,Belize,September,0.0,9,2022-09-01
2022,Benin,September,0.0,9,2022-09-01
2022,Bhutan,September,8.0,9,2022-09-01
2022,Bolivia,September,3.0,9,2022-09-01
2022,Bosnia & Herzegovina,September,0.0,9,2022-09-01
2022,Botswana,September,0.0,9,2022-09-01
2022,Brazil,September,40.0,9,2022-09-01
2022,Brunei Darussalam,September,2.0,9,2022-09-01
2022,Bulgaria,September,22.0,9,2022-09-01
2022,Burkina Faso,September,0.0,9,2022-09-01
2022,Cambodia,September,8.0,9,2022-09-01
2022,Cameroon,September,0.0,9,2022-09-01
2022,Canada,September,1552.0,9,2022-09-01
2022,Cape Verde,September,0.0,9,2022-09-01
2022,Chad,September,0.0,9,2022-09-01
2022,Chile,September,7.0,9,2022-09-01
2022,China,September,637.0,9,2022-09-01
2022,Colombia,September,11.0,9,2022-09-01
2022,Comoros,September,1.0,9,2022-09-01
2022,"Congo, Republic Of.",September,1.0,9,2022-09-01
2022,Costa Rica,September,0.0,9,2022-09-01
2022,Cote Divoire,September,0.0,9,2022-09-01
2022,Country,September,0.0,9,2022-09-01
2022,Country,September,0.0,9,2022-09-01
2022,Country,September,0.0,9,2022-09-01
2022,Country,September,0.0,9,2022-09-01
2022,Country,September,0.0,9,2022-09-01
2022,Croatia,September,8.0,9,2022-09-01
2022,Cuba,September,0.0,9,2022-09-01
2022,Cyprus,September,19.0,9,2022-09-01
2022,Czech Republic,September,53.0,9,2022-09-01
2022,Denmark,September,164.0,9,2022-09-01
2022,Djibouti,September,0.0,9,2022-09-01
2022,Dominica,September,0.0,9,2022-09-01
2022,Dominican Republic,September,0.0,9,2022-09-01
2022,Ecuador,September,5.0,9,2022-09-01
2022,Egypt,September,53.0,9,2022-09-01
2022,El Salvador,September,1.0,9,2022-09-01
2022,Equatorial Guinea,September,0.0,9,2022-09-01
2022,Eritrea,September,0.0,9,2022-09-01
2022,Estonia,September,10.0,9,2022-09-01
2022,Ethiopia,September,2.0,9,2022-09-01
2022,Fiji,September,8.0,9,2022-09-01
2022,Finland,September,28.0,9,2022-09-01
2022,France,September,1201.0,9,2022-09-01
2022,Gabon,September,0.0,9,2022-09-01
2022,Gambia,September,0.0,9,2022-09-01
2022,Georgia,September,28.0,9,2022-09-01
2022,Germany,September,2149.0,9,2022-09-01
2022,Ghana,September,0.0,9,2022-09-01
2022,Greece,September,27.0,9,2022-09-01
2022,Grenada,September,3.0,9,2022-09-01
2022,Guam,September,0.0,9,2022-09-01
2022,Guatemala,September,0.0,9,2022-09-01
2022,Guinea-Bissau,September,0.0,9,2022-09-01
2022,Guyana,September,0.0,9,2022-09-01
2022,Haiti,September,0.0,9,2022-09-01
2022,Honduras,September,2.0,9,2022-09-01
2022,Hong Kong,September,0.0,9,2022-09-01
2022,Hungary,September,31.0,9,2022-09-01
2022,Iceland,September,2.0,9,2022-09-01
2022,India,September,6493.0,9,2022-09-01
2022,Indonesia,September,71.0,9,2022-09-01
2022,Iran,September,214.0,9,2022-09-01
2022,Iraq,September,18.0,9,2022-09-01
2022,Ireland,September,52.0,9,2022-09-01
2022,Israel,September,826.0,9,2022-09-01
2022,Italy,September,352.0,9,2022-09-01
2022,Jamaica,September,1.0,9,2022-09-01
2022,Japan,September,226.0,9,2022-09-01
2022,Jordan,September,145.0,9,2022-09-01
2022,Kazakhstan,September,27.0,9,2022-09-01
2022,Kenya,September,6.0,9,2022-09-01
2022,Kosovar,September,0.0,9,2022-09-01
2022,Kuwait,September,43.0,9,2022-09-01
2022,Kyrgyzstan,September,9.0,9,2022-09-01
2022,Lao Peoples,September,3.0,9,2022-09-01
2022,Latvia,September,10.0,9,2022-09-01
2022,Lebanon,September,58.0,9,2022-09-01
2022,Lesotho,September,0.0,9,2022-09-01
2022,Liberia,September,0.0,9,2022-09-01
2022,Libya,September,3.0,9,2022-09-01
2022,Liechtenstein,September,0.0,9,2022-09-01
2022,Lithuania,September,21.0,9,2022-09-01
2022,Luxembourg,September,8.0,9,2022-09-01
2022,Macedonia,September,2.0,9,2022-09-01
2022,Madagascar,September,3.0,9,2022-09-01
2022,Malawi,September,1.0,9,2022-09-01
2022,Malaysia,September,207.0,9,2022-09-01
2022,Maldives,September,1314.0,9,2022-09-01
2022,Mali,September,0.0,9,2022-09-01
2022,Malta,September,41.0,9,2022-09-01
2022,Marshall Islands,September,0.0,9,2022-09-01
2022,Mauritania,September,0.0,9,2022-09-01
2022,Mauritius,September,7.0,9,2022-09-01
2022,Mexico,September,13.0,9,2022-09-01
2022,Micronesia,September,0.0,9,2022-09-01
2022,Moldova,September,6.0,9,2022-09-01
2022,Monaco,September,0.0,9,2022-09-01
2022,Mongolia,September,4.0,9,2022-09-01
2022,Montenegro,September,0.0,9,2022-09-01
2022,Morocco,September,10.0,9,2022-09-01
2022,Mozambique,September,3.0,9,2022-09-01
2022,Myanmar,September,33.0,9,2022-09-01
2022,Namibia,September,2.0,9,2022-09-01
2022,Nepal,September,47.0,9,2022-09-01
2022,Netherlands,September,473.0,9,2022-09-01
2022,New Zealand,September,186.0,9,2022-09-01
2022,Nicaragua,September,0.0,9,2022-09-01
2022,Niger,September,0.0,9,2022-09-01
2022,Nigeria,September,1.0,9,2022-09-01
2022,Norway,September,250.0,9,2022-09-01
2022,Oman,September,26.0,9,2022-09-01
2022,Pakistan,September,421.0,9,2022-09-01
2022,Palestinian Territories,September,15.0,9,2022-09-01
2022,Panama,September,1.0,9,2022-09-01
2022,Papua New Guinea,September,3.0,9,2022-09-01
2022,Paraguay,September,0.0,9,2022-09-01
2022,Peru,September,3.0,9,2022-09-01
2022,Philippines,September,115.0,9,2022-09-01
2022,Poland,September,228.0,9,2022-09-01
2022,Portugal,September,95.0,9,2022-09-01
2022,Qatar,September,21.0,9,2022-09-01
2022,Republic Of Zimbabwe,September,0.0,9,2022-09-01
2022,Romania,September,77.0,9,2022-09-01
2022,Russian Federation,September,1553.0,9,2022-09-01
2022,Rwanda,September,0.0,9,2022-09-01
2022,Saint Kitts And Nevis,September,1.0,9,2022-09-01
2022,Saint Lucia,September,0.0,9,2022-09-01
2022,San Marino,September,0.0,9,2022-09-01
2022,Saudi Arabia,September,118.0,9,2022-09-01
2022,Senegal,September,1.0,9,2022-09-01
2022,Serbia,September,7.0,9,2022-09-01
2022,Seychelles,September,27.0,9,2022-09-01
2022,Sierra Leone,September,0.0,9,2022-09-01
2022,Singapore,September,262.0,9,2022-09-01
2022,Slovakia,September,38.0,9,2022-09-01
2022,Slovenia,September,6.0,9,2022-09-01
2022,Solomon Islands,September,0.0,9,2022-09-01
2022,Somalia,September,1.0,9,2022-09-01
2022,South Africa-Zuid Afrika,September,34.0,9,2022-09-01
2022,South Korea,September,138.0,9,2022-09-01
2022,South Sudan,September,0.0,9,2022-09-01
2022,Spain,September,1091.0,9,2022-09-01
2022,Sudan,September,36.0,9,2022-09-01
2022,Suriname,September,0.0,9,2022-09-01
2022,Swaziland,September,0.0,9,2022-09-01
2022,Sweden,September,145.0,9,2022-09-01
2022,Switzerland,September,583.0,9,2022-09-01
2022,Syrian Arab Republic,September,0.0,9,2022-09-01
2022,TIMOR-LESTE,September,0.0,9,2022-09-01
2022,Taiwan,September,22.0,9,2022-09-01
2022,Tajikistan,September,5.0,9,2022-09-01
2022,Tanzania,September,2.0,9,2022-09-01
2022,Thailand,September,89.0,9,2022-09-01
2022,Togo,September,0.0,9,2022-09-01
2022,Tonga,September,0.0,9,2022-09-01
2022,Trinidad And Tobago,September,1.0,9,2022-09-01
2022,Tunisia,September,9.0,9,2022-09-01
2022,Turkey,September,47.0,9,2022-09-01
2022,Turkmenistan,September,0.0,9,2022-09-01
2022,Uganda,September,9.0,9,2022-09-01
2022,Ukraine,September,69.0,9,2022-09-01
2022,United Arab Emirates,September,53.0,9,2022-09-01
2022,United Kingdom,September,2872.0,9,2022-09-01
2022,United States,September,991.0,9,2022-09-01
2022,Uruguay,September,1.0,9,2022-09-01
2022,Uzbekistan,September,13.0,9,2022-09-01
2022,Vanuatu,September,0.0,9,2022-09-01
2022,Venezuela,September,1.0,9,2022-09-01
2022,Vietnam,September,41.0,9,2022-09-01
2022,Yemen,September,6.0,9,2022-09-01
2022,Zambia,September,1.0,9,2022-09-01
2022,Zimbabwe,September,0.0,9,2022-09-01
2022,Afghanistan,October,0.0,10,2022-10-01
2022,Albania,October,3.0,10,2022-10-01
2022,Algeria,October,12.0,10,2022-10-01
2022,Andorra,October,0.0,10,2022-10-01
2022,Angola,October,0.0,10,2022-10-01
2022,Antarctica,October,0.0,10,2022-10-01
2022,Antigua & Barbuda,October,1.0,10,2022-10-01
2022,Argentina,October,17.0,10,2022-10-01
2022,Armenia,October,57.0,10,2022-10-01
2022,Australia,October,2106.0,10,2022-10-01
2022,Austria,October,239.0,10,2022-10-01
2022,Azerbaijan,October,15.0,10,2022-10-01
2022,Bahamas,October,0.0,10,2022-10-01
2022,Bahrain,October,28.0,10,2022-10-01
2022,Bangladesh,October,417.0,10,2022-10-01
2022,Barbados,October,0.0,10,2022-10-01
2022,Belarus,October,143.0,10,2022-10-01
2022,Belgium,October,274.0,10,2022-10-01
2022,Belize,October,0.0,10,2022-10-01
2022,Benin,October,0.0,10,2022-10-01
2022,Bhutan,October,5.0,10,2022-10-01
2022,Bolivia,October,5.0,10,2022-10-01
2022,Bosnia & Herzegovina,October,2.0,10,2022-10-01
2022,Botswana,October,0.0,10,2022-10-01
2022,Brazil,October,27.0,10,2022-10-01
2022,Brunei Darussalam,October,1.0,10,2022-10-01
2022,Bulgaria,October,18.0,10,2022-10-01
2022,Burkina Faso,October,0.0,10,2022-10-01
2022,Cambodia,October,12.0,10,2022-10-01
2022,Cameroon,October,1.0,10,2022-10-01
2022,Canada,October,1625.0,10,2022-10-01
2022,Cape Verde,October,0.0,10,2022-10-01
2022,Chad,October,0.0,10,2022-10-01
2022,Chile,October,12.0,10,2022-10-01
2022,China,October,468.0,10,2022-10-01
2022,Colombia,October,23.0,10,2022-10-01
2022,Comoros,October,1.0,10,2022-10-01
2022,"Congo, Republic Of.",October,1.0,10,2022-10-01
2022,Costa Rica,October,0.0,10,2022-10-01
2022,Cote Divoire,October,0.0,10,2022-10-01
2022,Country,October,0.0,10,2022-10-01
2022,Country,October,0.0,10,2022-10-01
2022,Country,October,0.0,10,2022-10-01
2022,Country,October,0.0,10,2022-10-01
2022,Country,October,0.0,10,2022-10-01
2022,Croatia,October,8.0,10,2022-10-01
2022,Cuba,October,0.0,10,2022-10-01
2022,Cyprus,October,19.0,10,2022-10-01
2022,Czech Republic,October,150.0,10,2022-10-01
2022,Denmark,October,265.0,10,2022-10-01
2022,Djibouti,October,0.0,10,2022-10-01
2022,Dominica,October,2.0,10,2022-10-01
2022,Dominican Republic,October,1.0,10,2022-10-01
2022,Ecuador,October,2.0,10,2022-10-01
2022,Egypt,October,173.0,10,2022-10-01
2022,El Salvador,October,2.0,10,2022-10-01
2022,Equatorial Guinea,October,0.0,10,2022-10-01
2022,Eritrea,October,0.0,10,2022-10-01
2022,Estonia,October,58.0,10,2022-10-01
2022,Ethiopia,October,3.0,10,2022-10-01
2022,Fiji,October,4.0,10,2022-10-01
2022,Finland,October,78.0,10,2022-10-01
2022,France,October,1540.0,10,2022-10-01
2022,Gabon,October,0.0,10,2022-10-01
2022,Gambia,October,0.0,10,2022-10-01
2022,Georgia,October,40.0,10,2022-10-01
2022,Germany,October,2881.0,10,2022-10-01
2022,Ghana,October,0.0,10,2022-10-01
2022,Greece,October,52.0,10,2022-10-01
2022,Grenada,October,1.0,10,2022-10-01
2022,Guam,October,0.0,10,2022-10-01
2022,Guatemala,October,0.0,10,2022-10-01
2022,Guinea-Bissau,October,0.0,10,2022-10-01
2022,Guyana,October,0.0,10,2022-10-01
2022,Haiti,October,0.0,10,2022-10-01
2022,Honduras,October,0.0,10,2022-10-01
2022,Hong Kong,October,0.0,10,2022-10-01
2022,Hungary,October,66.0,10,2022-10-01
2022,Iceland,October,5.0,10,2022-10-01
2022,India,October,8862.0,10,2022-10-01
2022,Indonesia,October,70.0,10,2022-10-01
2022,Iran,October,190.0,10,2022-10-01
2022,Iraq,October,44.0,10,2022-10-01
2022,Ireland,October,101.0,10,2022-10-01
2022,Israel,October,557.0,10,2022-10-01
2022,Italy,October,480.0,10,2022-10-01
2022,Jamaica,October,0.0,10,2022-10-01
2022,Japan,October,318.0,10,2022-10-01
2022,Jordan,October,181.0,10,2022-10-01
2022,Kazakhstan,October,27.0,10,2022-10-01
2022,Kenya,October,15.0,10,2022-10-01
2022,Kosovar,October,1.0,10,2022-10-01
2022,Kuwait,October,58.0,10,2022-10-01
2022,Kyrgyzstan,October,30.0,10,2022-10-01
2022,Lao Peoples,October,4.0,10,2022-10-01
2022,Latvia,October,39.0,10,2022-10-01
2022,Lebanon,October,88.0,10,2022-10-01
2022,Lesotho,October,0.0,10,2022-10-01
2022,Liberia,October,1.0,10,2022-10-01
2022,Libya,October,5.0,10,2022-10-01
2022,Liechtenstein,October,2.0,10,2022-10-01
2022,Lithuania,October,59.0,10,2022-10-01
2022,Luxembourg,October,9.0,10,2022-10-01
2022,Macedonia,October,4.0,10,2022-10-01
2022,Madagascar,October,5.0,10,2022-10-01
2022,Malawi,October,0.0,10,2022-10-01
2022,Malaysia,October,264.0,10,2022-10-01
2022,Maldives,October,1943.0,10,2022-10-01
2022,Mali,October,1.0,10,2022-10-01
2022,Malta,October,10.0,10,2022-10-01
2022,Marshall Islands,October,0.0,10,2022-10-01
2022,Mauritania,October,0.0,10,2022-10-01
2022,Mauritius,October,4.0,10,2022-10-01
2022,Mexico,October,29.0,10,2022-10-01
2022,Micronesia,October,0.0,10,2022-10-01
2022,Moldova,October,12.0,10,2022-10-01
2022,Monaco,October,3.0,10,2022-10-01
2022,Mongolia,October,3.0,10,2022-10-01
2022,Montenegro,October,0.0,10,2022-10-01
2022,Morocco,October,24.0,10,2022-10-01
2022,Mozambique,October,1.0,10,2022-10-01
2022,Myanmar,October,25.0,10,2022-10-01
2022,Namibia,October,0.0,10,2022-10-01
2022,Nepal,October,90.0,10,2022-10-01
2022,Netherlands,October,559.0,10,2022-10-01
2022,New Zealand,October,244.0,10,2022-10-01
2022,Nicaragua,October,0.0,10,2022-10-01
2022,Niger,October,0.0,10,2022-10-01
2022,Nigeria,October,1.0,10,2022-10-01
2022,Norway,October,257.0,10,2022-10-01
2022,Oman,October,58.0,10,2022-10-01
2022,Pakistan,October,443.0,10,2022-10-01
2022,Palestinian Territories,October,23.0,10,2022-10-01
2022,Panama,October,0.0,10,2022-10-01
2022,Papua New Guinea,October,1.0,10,2022-10-01
2022,Paraguay,October,0.0,10,2022-10-01
2022,Peru,October,4.0,10,2022-10-01
2022,Philippines,October,162.0,10,2022-10-01
2022,Poland,October,307.0,10,2022-10-01
2022,Portugal,October,120.0,10,2022-10-01
2022,Qatar,October,15.0,10,2022-10-01
2022,Republic Of Zimbabwe,October,0.0,10,2022-10-01
2022,Romania,October,110.0,10,2022-10-01
2022,Russian Federation,October,6189.0,10,2022-10-01
2022,Rwanda,October,0.0,10,2022-10-01
2022,Saint Kitts And Nevis,October,4.0,10,2022-10-01
2022,Saint Lucia,October,0.0,10,2022-10-01
2022,San Marino,October,0.0,10,2022-10-01
2022,Saudi Arabia,October,212.0,10,2022-10-01
2022,Senegal,October,1.0,10,2022-10-01
2022,Serbia,October,12.0,10,2022-10-01
2022,Seychelles,October,36.0,10,2022-10-01
2022,Sierra Leone,October,3.0,10,2022-10-01
2022,Singapore,October,297.0,10,2022-10-01
2022,Slovakia,October,87.0,10,2022-10-01
2022,Slovenia,October,33.0,10,2022-10-01
2022,Solomon Islands,October,0.0,10,2022-10-01
2022,Somalia,October,5.0,10,2022-10-01
2022,South Africa-Zuid Afrika,October,58.0,10,2022-10-01
2022,South Korea,October,211.0,10,2022-10-01
2022,South Sudan,October,0.0,10,2022-10-01
2022,Spain,October,799.0,10,2022-10-01
2022,Sudan,October,66.0,10,2022-10-01
2022,Suriname,October,1.0,10,2022-10-01
2022,Swaziland,October,0.0,10,2022-10-01
2022,Sweden,October,220.0,10,2022-10-01
2022,Switzerland,October,889.0,10,2022-10-01
2022,Syrian Arab Republic,October,0.0,10,2022-10-01
2022,TIMOR-LESTE,October,0.0,10,2022-10-01
2022,Taiwan,October,24.0,10,2022-10-01
2022,Tajikistan,October,6.0,10,2022-10-01
2022,Tanzania,October,1.0,10,2022-10-01
2022,Thailand,October,210.0,10,2022-10-01
2022,Togo,October,0.0,10,2022-10-01
2022,Tonga,October,0.0,10,2022-10-01
2022,Trinidad And Tobago,October,1.0,10,2022-10-01
2022,Tunisia,October,23.0,10,2022-10-01
2022,Turkey,October,61.0,10,2022-10-01
2022,Turkmenistan,October,4.0,10,2022-10-01
2022,Uganda,October,2.0,10,2022-10-01
2022,Ukraine,October,136.0,10,2022-10-01
2022,United Arab Emirates,October,74.0,10,2022-10-01
2022,United Kingdom,October,4275.0,10,2022-10-01
2022,United States,October,1253.0,10,2022-10-01
2022,Uruguay,October,7.0,10,2022-10-01
2022,Uzbekistan,October,32.0,10,2022-10-01
2022,Vanuatu,October,2.0,10,2022-10-01
2022,Venezuela,October,3.0,10,2022-10-01
2022,Vietnam,October,52.0,10,2022-10-01
2022,Yemen,October,8.0,10,2022-10-01
2022,Zambia,October,2.0,10,2022-10-01
2022,Zimbabwe,October,1.0,10,2022-10-01
2022,Afghanistan,November,7.0,11,2022-11-01
2022,Albania,November,3.0,11,2022-11-01
2022,Algeria,November,11.0,11,2022-11-01
2022,Andorra,November,0.0,11,2022-11-01
2022,Angola,November,0.0,11,2022-11-01
2022,Antarctica,November,0.0,11,2022-11-01
2022,Antigua & Barbuda,November,2.0,11,2022-11-01
2022,Argentina,November,40.0,11,2022-11-01
2022,Armenia,November,86.0,11,2022-11-01
2022,Australia,November,2939.0,11,2022-11-01
2022,Austria,November,424.0,11,2022-11-01
2022,Azerbaijan,November,55.0,11,2022-11-01
2022,Bahamas,November,1.0,11,2022-11-01
2022,Bahrain,November,19.0,11,2022-11-01
2022,Bangladesh,November,511.0,11,2022-11-01
2022,Barbados,November,2.0,11,2022-11-01
2022,Belarus,November,456.0,11,2022-11-01
2022,Belgium,November,279.0,11,2022-11-01
2022,Belize,November,0.0,11,2022-11-01
2022,Benin,November,0.0,11,2022-11-01
2022,Bhutan,November,31.0,11,2022-11-01
2022,Bolivia,November,3.0,11,2022-11-01
2022,Bosnia & Herzegovina,November,5.0,11,2022-11-01
2022,Botswana,November,0.0,11,2022-11-01
2022,Brazil,November,51.0,11,2022-11-01
2022,Brunei Darussalam,November,2.0,11,2022-11-01
2022,Bulgaria,November,30.0,11,2022-11-01
2022,Burkina Faso,November,0.0,11,2022-11-01
2022,Cambodia,November,43.0,11,2022-11-01
2022,Cameroon,November,0.0,11,2022-11-01
2022,Canada,November,1994.0,11,2022-11-01
2022,Cape Verde,November,0.0,11,2022-11-01
2022,Chad,November,0.0,11,2022-11-01
2022,Chile,November,23.0,11,2022-11-01
2022,China,November,591.0,11,2022-11-01
2022,Colombia,November,17.0,11,2022-11-01
2022,Comoros,November,1.0,11,2022-11-01
2022,"Congo, Republic Of.",November,2.0,11,2022-11-01
2022,Costa Rica,November,3.0,11,2022-11-01
2022,Cote Divoire,November,0.0,11,2022-11-01
2022,Country,November,0.0,11,2022-11-01
2022,Country,November,0.0,11,2022-11-01
2022,Country,November,0.0,11,2022-11-01
2022,Country,November,0.0,11,2022-11-01
2022,Country,November,0.0,11,2022-11-01
2022,Croatia,November,21.0,11,2022-11-01
2022,Cuba,November,0.0,11,2022-11-01
2022,Cyprus,November,28.0,11,2022-11-01
2022,Czech Republic,November,355.0,11,2022-11-01
2022,Denmark,November,312.0,11,2022-11-01
2022,Djibouti,November,1.0,11,2022-11-01
2022,Dominica,November,7.0,11,2022-11-01
2022,Dominican Republic,November,1.0,11,2022-11-01
2022,Ecuador,November,5.0,11,2022-11-01
2022,Egypt,November,137.0,11,2022-11-01
2022,El Salvador,November,2.0,11,2022-11-01
2022,Equatorial Guinea,November,0.0,11,2022-11-01
2022,Eritrea,November,2.0,11,2022-11-01
2022,Estonia,November,28.0,11,2022-11-01
2022,Ethiopia,November,2.0,11,2022-11-01
2022,Fiji,November,3.0,11,2022-11-01
2022,Finland,November,77.0,11,2022-11-01
2022,France,November,1841.0,11,2022-11-01
2022,Gabon,November,1.0,11,2022-11-01
2022,Gambia,November,0.0,11,2022-11-01
2022,Georgia,November,71.0,11,2022-11-01
2022,Germany,November,5169.0,11,2022-11-01
2022,Ghana,November,10.0,11,2022-11-01
2022,Greece,November,41.0,11,2022-11-01
2022,Grenada,November,0.0,11,2022-11-01
2022,Guam,November,0.0,11,2022-11-01
2022,Guatemala,November,1.0,11,2022-11-01
2022,Guinea-Bissau,November,0.0,11,2022-11-01
2022,Guyana,November,1.0,11,2022-11-01
2022,Haiti,November,0.0,11,2022-11-01
2022,Honduras,November,2.0,11,2022-11-01
2022,Hong Kong,November,0.0,11,2022-11-01
2022,Hungary,November,136.0,11,2022-11-01
2022,Iceland,November,6.0,11,2022-11-01
2022,India,November,10167.0,11,2022-11-01
2022,Indonesia,November,103.0,11,2022-11-01
2022,Iran,November,206.0,11,2022-11-01
2022,Iraq,November,39.0,11,2022-11-01
2022,Ireland,November,139.0,11,2022-11-01
2022,Israel,November,548.0,11,2022-11-01
2022,Italy,November,619.0,11,2022-11-01
2022,Jamaica,November,0.0,11,2022-11-01
2022,Japan,November,377.0,11,2022-11-01
2022,Jordan,November,177.0,11,2022-11-01
2022,Kazakhstan,November,95.0,11,2022-11-01
2022,Kenya,November,29.0,11,2022-11-01
2022,Kosovar,November,1.0,11,2022-11-01
2022,Kuwait,November,41.0,11,2022-11-01
2022,Kyrgyzstan,November,30.0,11,2022-11-01
2022,Lao Peoples,November,0.0,11,2022-11-01
2022,Latvia,November,237.0,11,2022-11-01
2022,Lebanon,November,88.0,11,2022-11-01
2022,Lesotho,November,0.0,11,2022-11-01
2022,Liberia,November,0.0,11,2022-11-01
2022,Libya,November,0.0,11,2022-11-01
2022,Liechtenstein,November,1.0,11,2022-11-01
2022,Lithuania,November,195.0,11,2022-11-01
2022,Luxembourg,November,13.0,11,2022-11-01
2022,Macedonia,November,3.0,11,2022-11-01
2022,Madagascar,November,6.0,11,2022-11-01
2022,Malawi,November,2.0,11,2022-11-01
2022,Malaysia,November,350.0,11,2022-11-01
2022,Maldives,November,1626.0,11,2022-11-01
2022,Mali,November,1.0,11,2022-11-01
2022,Malta,November,5.0,11,2022-11-01
2022,Marshall Islands,November,0.0,11,2022-11-01
2022,Mauritania,November,1.0,11,2022-11-01
2022,Mauritius,November,17.0,11,2022-11-01
2022,Mexico,November,33.0,11,2022-11-01
2022,Micronesia,November,0.0,11,2022-11-01
2022,Moldova,November,20.0,11,2022-11-01
2022,Monaco,November,0.0,11,2022-11-01
2022,Mongolia,November,1.0,11,2022-11-01
2022,Montenegro,November,7.0,11,2022-11-01
2022,Morocco,November,42.0,11,2022-11-01
2022,Mozambique,November,2.0,11,2022-11-01
2022,Myanmar,November,14.0,11,2022-11-01
2022,Namibia,November,1.0,11,2022-11-01
2022,Nepal,November,126.0,11,2022-11-01
2022,Netherlands,November,649.0,11,2022-11-01
2022,New Zealand,November,307.0,11,2022-11-01
2022,Nicaragua,November,1.0,11,2022-11-01
2022,Niger,November,0.0,11,2022-11-01
2022,Nigeria,November,1.0,11,2022-11-01
2022,Norway,November,332.0,11,2022-11-01
2022,Oman,November,84.0,11,2022-11-01
2022,Pakistan,November,783.0,11,2022-11-01
2022,Palestinian Territories,November,39.0,11,2022-11-01
2022,Panama,November,0.0,11,2022-11-01
2022,Papua New Guinea,November,1.0,11,2022-11-01
2022,Paraguay,November,2.0,11,2022-11-01
2022,Peru,November,2.0,11,2022-11-01
2022,Philippines,November,149.0,11,2022-11-01
2022,Poland,November,802.0,11,2022-11-01
2022,Portugal,November,145.0,11,2022-11-01
2022,Qatar,November,18.0,11,2022-11-01
2022,Republic Of Zimbabwe,November,1.0,11,2022-11-01
2022,Romania,November,146.0,11,2022-11-01
2022,Russian Federation,November,13820.0,11,2022-11-01
2022,Rwanda,November,1.0,11,2022-11-01
2022,Saint Kitts And Nevis,November,1.0,11,2022-11-01
2022,Saint Lucia,November,1.0,11,2022-11-01
2022,San Marino,November,0.0,11,2022-11-01
2022,Saudi Arabia,November,471.0,11,2022-11-01
2022,Senegal,November,1.0,11,2022-11-01
2022,Serbia,November,27.0,11,2022-11-01
2022,Seychelles,November,31.0,11,2022-11-01
2022,Sierra Leone,November,0.0,11,2022-11-01
2022,Singapore,November,432.0,11,2022-11-01
2022,Slovakia,November,199.0,11,2022-11-01
2022,Slovenia,November,21.0,11,2022-11-01
2022,Solomon Islands,November,0.0,11,2022-11-01
2022,Somalia,November,0.0,11,2022-11-01
2022,South Africa-Zuid Afrika,November,125.0,11,2022-11-01
2022,South Korea,November,237.0,11,2022-11-01
2022,South Sudan,November,0.0,11,2022-11-01
2022,Spain,November,748.0,11,2022-11-01
2022,Sudan,November,32.0,11,2022-11-01
2022,Suriname,November,0.0,11,2022-11-01
2022,Swaziland,November,0.0,11,2022-11-01
2022,Sweden,November,409.0,11,2022-11-01
2022,Switzerland,November,832.0,11,2022-11-01
2022,Syrian Arab Republic,November,0.0,11,2022-11-01
2022,TIMOR-LESTE,November,0.0,11,2022-11-01
2022,Taiwan,November,59.0,11,2022-11-01
2022,Tajikistan,November,11.0,11,2022-11-01
2022,Tanzania,November,22.0,11,2022-11-01
2022,Thailand,November,282.0,11,2022-11-01
2022,Togo,November,0.0,11,2022-11-01
2022,Tonga,November,0.0,11,2022-11-01
2022,Trinidad And Tobago,November,2.0,11,2022-11-01
2022,Tunisia,November,23.0,11,2022-11-01
2022,Turkey,November,154.0,11,2022-11-01
2022,Turkmenistan,November,0.0,11,2022-11-01
2022,Uganda,November,4.0,11,2022-11-01
2022,Ukraine,November,260.0,11,2022-11-01
2022,United Arab Emirates,November,123.0,11,2022-11-01
2022,United Kingdom,November,4506.0,11,2022-11-01
2022,United States,November,2089.0,11,2022-11-01
2022,Uruguay,November,3.0,11,2022-11-01
2022,Uzbekistan,November,30.0,11,2022-11-01
2022,Vanuatu,November,2.0,11,2022-11-01
2022,Venezuela,November,2.0,11,2022-11-01
2022,Vietnam,November,37.0,11,2022-11-01
2022,Yemen,November,41.0,11,2022-11-01
2022,Zambia,November,1.0,11,2022-11-01
2022,Zimbabwe,November,5.0,11,2022-11-01
2022,Afghanistan,December,11.0,12,2022-12-01
2022,Albania,December,10.0,12,2022-12-01
2022,Algeria,December,29.0,12,2022-12-01
2022,Andorra,December,3.0,12,2022-12-01
2022,Angola,December,0.0,12,2022-12-01
2022,Antarctica,December,1.0,12,2022-12-01
2022,Antigua & Barbuda,December,1.0,12,2022-12-01
2022,Argentina,December,55.0,12,2022-12-01
2022,Armenia,December,244.0,12,2022-12-01
2022,Australia,December,5158.0,12,2022-12-01
2022,Austria,December,619.0,12,2022-12-01
2022,Azerbaijan,December,89.0,12,2022-12-01
2022,Bahamas,December,0.0,12,2022-12-01
2022,Bahrain,December,88.0,12,2022-12-01
2022,Bangladesh,December,662.0,12,2022-12-01
2022,Barbados,December,6.0,12,2022-12-01
2022,Belarus,December,582.0,12,2022-12-01
2022,Belgium,December,512.0,12,2022-12-01
2022,Belize,December,0.0,12,2022-12-01
2022,Benin,December,0.0,12,2022-12-01
2022,Bhutan,December,9.0,12,2022-12-01
2022,Bolivia,December,2.0,12,2022-12-01
2022,Bosnia & Herzegovina,December,6.0,12,2022-12-01
2022,Botswana,December,4.0,12,2022-12-01
2022,Brazil,December,97.0,12,2022-12-01
2022,Brunei Darussalam,December,4.0,12,2022-12-01
2022,Bulgaria,December,113.0,12,2022-12-01
2022,Burkina Faso,December,0.0,12,2022-12-01
2022,Cambodia,December,20.0,12,2022-12-01
2022,Cameroon,December,0.0,12,2022-12-01
2022,Canada,December,2618.0,12,2022-12-01
2022,Cape Verde,December,0.0,12,2022-12-01
2022,Chad,December,1.0,12,2022-12-01
2022,Chile,December,23.0,12,2022-12-01
2022,China,December,635.0,12,2022-12-01
2022,Colombia,December,27.0,12,2022-12-01
2022,Comoros,December,3.0,12,2022-12-01
2022,"Congo, Republic Of.",December,0.0,12,2022-12-01
2022,Costa Rica,December,6.0,12,2022-12-01
2022,Cote Divoire,December,0.0,12,2022-12-01
2022,Country,December,0.0,12,2022-12-01
2022,Country,December,0.0,12,2022-12-01
2022,Country,December,0.0,12,2022-12-01
2022,Country,December,0.0,12,2022-12-01
2022,Country,December,0.0,12,2022-12-01
2022,Croatia,December,41.0,12,2022-12-01
2022,Cuba,December,2.0,12,2022-12-01
2022,Cyprus,December,38.0,12,2022-12-01
2022,Czech Republic,December,529.0,12,2022-12-01
2022,Denmark,December,551.0,12,2022-12-01
2022,Djibouti,December,0.0,12,2022-12-01
2022,Dominica,December,6.0,12,2022-12-01
2022,Dominican Republic,December,1.0,12,2022-12-01
2022,Ecuador,December,8.0,12,2022-12-01
2022,Egypt,December,220.0,12,2022-12-01
2022,El Salvador,December,3.0,12,2022-12-01
2022,Equatorial Guinea,December,0.0,12,2022-12-01
2022,Eritrea,December,1.0,12,2022-12-01
2022,Estonia,December,111.0,12,2022-12-01
2022,Ethiopia,December,14.0,12,2022-12-01
2022,Fiji,December,19.0,12,2022-12-01
2022,Finland,December,159.0,12,2022-12-01
2022,France,December,2665.0,12,2022-12-01
2022,Gabon,December,0.0,12,2022-12-01
2022,Gambia,December,0.0,12,2022-12-01
2022,Georgia,December,65.0,12,2022-12-01
2022,Germany,December,4984.0,12,2022-12-01
2022,Ghana,December,7.0,12,2022-12-01
2022,Greece,December,174.0,12,2022-12-01
2022,Grenada,December,1.0,12,2022-12-01
2022,Guam,December,0.0,12,2022-12-01
2022,Guatemala,December,2.0,12,2022-12-01
2022,Guinea-Bissau,December,1.0,12,2022-12-01
2022,Guyana,December,1.0,12,2022-12-01
2022,Haiti,December,0.0,12,2022-12-01
2022,Honduras,December,2.0,12,2022-12-01
2022,Hong Kong,December,1.0,12,2022-12-01
2022,Hungary,December,300.0,12,2022-12-01
2022,Iceland,December,29.0,12,2022-12-01
2022,India,December,17350.0,12,2022-12-01
2022,Indonesia,December,134.0,12,2022-12-01
2022,Iran,December,362.0,12,2022-12-01
2022,Iraq,December,145.0,12,2022-12-01
2022,Ireland,December,243.0,12,2022-12-01
2022,Israel,December,1457.0,12,2022-12-01
2022,Italy,December,1206.0,12,2022-12-01
2022,Jamaica,December,2.0,12,2022-12-01
2022,Japan,December,708.0,12,2022-12-01
2022,Jordan,December,335.0,12,2022-12-01
2022,Kazakhstan,December,262.0,12,2022-12-01
2022,Kenya,December,42.0,12,2022-12-01
2022,Kosovar,December,1.0,12,2022-12-01
2022,Kuwait,December,96.0,12,2022-12-01
2022,Kyrgyzstan,December,94.0,12,2022-12-01
2022,Lao Peoples,December,3.0,12,2022-12-01
2022,Latvia,December,135.0,12,2022-12-01
2022,Lebanon,December,267.0,12,2022-12-01
2022,Lesotho,December,0.0,12,2022-12-01
2022,Liberia,December,0.0,12,2022-12-01
2022,Libya,December,8.0,12,2022-12-01
2022,Liechtenstein,December,8.0,12,2022-12-01
2022,Lithuania,December,158.0,12,2022-12-01
2022,Luxembourg,December,27.0,12,2022-12-01
2022,Macedonia,December,6.0,12,2022-12-01
2022,Madagascar,December,10.0,12,2022-12-01
2022,Malawi,December,3.0,12,2022-12-01
2022,Malaysia,December,519.0,12,2022-12-01
2022,Maldives,December,3444.0,12,2022-12-01
2022,Mali,December,0.0,12,2022-12-01
2022,Malta,December,98.0,12,2022-12-01
2022,Marshall Islands,December,0.0,12,2022-12-01
2022,Mauritania,December,0.0,12,2022-12-01
2022,Mauritius,December,41.0,12,2022-12-01
2022,Mexico,December,64.0,12,2022-12-01
2022,Micronesia,December,1.0,12,2022-12-01
2022,Moldova,December,37.0,12,2022-12-01
2022,Monaco,December,31.0,12,2022-12-01
2022,Mongolia,December,0.0,12,2022-12-01
2022,Montenegro,December,6.0,12,2022-12-01
2022,Morocco,December,56.0,12,2022-12-01
2022,Mozambique,December,2.0,12,2022-12-01
2022,Myanmar,December,27.0,12,2022-12-01
2022,Namibia,December,3.0,12,2022-12-01
2022,Nepal,December,181.0,12,2022-12-01
2022,Netherlands,December,956.0,12,2022-12-01
2022,New Zealand,December,572.0,12,2022-12-01
2022,Nicaragua,December,0.0,12,2022-12-01
2022,Niger,December,0.0,12,2022-12-01
2022,Nigeria,December,6.0,12,2022-12-01
2022,Norway,December,408.0,12,2022-12-01
2022,Oman,December,157.0,12,2022-12-01
2022,Pakistan,December,898.0,12,2022-12-01
2022,Palestinian Territories,December,76.0,12,2022-12-01
2022,Panama,December,0.0,12,2022-12-01
2022,Papua New Guinea,December,8.0,12,2022-12-01
2022,Paraguay,December,1.0,12,2022-12-01
2022,Peru,December,14.0,12,2022-12-01
2022,Philippines,December,236.0,12,2022-12-01
2022,Poland,December,524.0,12,2022-12-01
2022,Portugal,December,156.0,12,2022-12-01
2022,Qatar,December,57.0,12,2022-12-01
2022,Republic Of Zimbabwe,December,0.0,12,2022-12-01
2022,Romania,December,407.0,12,2022-12-01
2022,Russian Federation,December,19963.0,12,2022-12-01
2022,Rwanda,December,2.0,12,2022-12-01
2022,Saint Kitts And Nevis,December,10.0,12,2022-12-01
2022,Saint Lucia,December,0.0,12,2022-12-01
2022,San Marino,December,1.0,12,2022-12-01
2022,Saudi Arabia,December,324.0,12,2022-12-01
2022,Senegal,December,1.0,12,2022-12-01
2022,Serbia,December,54.0,12,2022-12-01
2022,Seychelles,December,66.0,12,2022-12-01
2022,Sierra Leone,December,0.0,12,2022-12-01
2022,Singapore,December,720.0,12,2022-12-01
2022,Slovakia,December,206.0,12,2022-12-01
2022,Slovenia,December,82.0,12,2022-12-01
2022,Solomon Islands,December,0.0,12,2022-12-01
2022,Somalia,December,3.0,12,2022-12-01
2022,South Africa-Zuid Afrika,December,258.0,12,2022-12-01
2022,South Korea,December,322.0,12,2022-12-01
2022,South Sudan,December,0.0,12,2022-12-01
2022,Spain,December,991.0,12,2022-12-01
2022,Sudan,December,45.0,12,2022-12-01
2022,Suriname,December,0.0,12,2022-12-01
2022,Swaziland,December,1.0,12,2022-12-01
2022,Sweden,December,892.0,12,2022-12-01
2022,Switzerland,December,1248.0,12,2022-12-01
2022,Syrian Arab Republic,December,1.0,12,2022-12-01
2022,TIMOR-LESTE,December,2.0,12,2022-12-01
2022,Taiwan,December,77.0,12,2022-12-01
2022,Tajikistan,December,6.0,12,2022-12-01
2022,Tanzania,December,24.0,12,2022-12-01
2022,Thailand,December,311.0,12,2022-12-01
2022,Togo,December,0.0,12,2022-12-01
2022,Tonga,December,0.0,12,2022-12-01
2022,Trinidad And Tobago,December,8.0,12,2022-12-01
2022,Tunisia,December,57.0,12,2022-12-01
2022,Turkey,December,224.0,12,2022-12-01
2022,Turkmenistan,December,9.0,12,2022-12-01
2022,Uganda,December,6.0,12,2022-12-01
2022,Ukraine,December,544.0,12,2022-12-01
2022,United Arab Emirates,December,207.0,12,2022-12-01
2022,United Kingdom,December,7879.0,12,2022-12-01
2022,United States,December,3638.0,12,2022-12-01
2022,Uruguay,December,7.0,12,2022-12-01
2022,Uzbekistan,December,44.0,12,2022-12-01
2022,Vanuatu,December,3.0,12,2022-12-01
2022,Venezuela,December,2.0,12,2022-12-01
2022,Vietnam,December,58.0,12,2022-12-01
2022,Yemen,December,21.0,12,2022-12-01
2022,Zambia,December,16.0,12,2022-12-01
2022,Zimbabwe,December,7.0,12,2022-12-01
2023,Afghanistan,January,9.0,1,2023-01-01
2023,Albania,January,6.0,1,2023-01-01
2023,Algeria,January,21.0,1,2023-01-01
2023,Andorra,January,4.0,1,2023-01-01
2023,Angola,January,0.0,1,2023-01-01
2023,Antigua and Barbuda,January,4.0,1,2023-01-01
2023,Argentina,January,76.0,1,2023-01-01
2023,Armenia,January,258.0,1,2023-01-01
2023,Aruba,January,0.0,1,2023-01-01
2023,Australia,January,3668.0,1,2023-01-01
2023,Austria,January,956.0,1,2023-01-01
2023,Azerbaijan,January,115.0,1,2023-01-01
2023,Bahamas,January,0.0,1,2023-01-01
2023,Bahrain,January,134.0,1,2023-01-01
2023,Bangladesh,January,717.0,1,2023-01-01
2023,Barbados,January,0.0,1,2023-01-01
2023,Belarus,January,1204.0,1,2023-01-01
2023,Belgium,January,646.0,1,2023-01-01
2023,Belize,January,1.0,1,2023-01-01
2023,Benin,January,1.0,1,2023-01-01
2023,Bhutan,January,32.0,1,2023-01-01
2023,Bolivia,January,0.0,1,2023-01-01
2023,Bosnia and Herzegovina,January,10.0,1,2023-01-01
2023,Botswana,January,4.0,1,2023-01-01
2023,Brazil,January,101.0,1,2023-01-01
2023,Brunei Darussalam,January,0.0,1,2023-01-01
2023,Bulgaria,January,134.0,1,2023-01-01
2023,Burkina Faso,January,0.0,1,2023-01-01
2023,Burundi,January,0.0,1,2023-01-01
2023,Cambodia,January,31.0,1,2023-01-01
2023,Cameroon,January,8.0,1,2023-01-01
2023,Canada,January,3681.0,1,2023-01-01
2023,Cape Verde,January,0.0,1,2023-01-01
2023,Central African Republic,January,0.0,1,2023-01-01
2023,Chad,January,0.0,1,2023-01-01
2023,Chile,January,26.0,1,2023-01-01
2023,China,January,835.0,1,2023-01-01
2023,Colombia,January,36.0,1,2023-01-01
2023,Comoros,January,3.0,1,2023-01-01
2023,"Congo, The Democratic Republic",January,0.0,1,2023-01-01
2023,Costa Rica,January,6.0,1,2023-01-01
2023,Cote Divoire,January,2.0,1,2023-01-01
2023,Croatia,January,84.0,1,2023-01-01
2023,Cuba,January,5.0,1,2023-01-01
2023,Cyprus,January,51.0,1,2023-01-01
2023,Czech Republic,January,960.0,1,2023-01-01
2023,Denmark,January,1081.0,1,2023-01-01
2023,Djibouti,January,0.0,1,2023-01-01
2023,Dominica,January,8.0,1,2023-01-01
2023,Dominican Republic,January,2.0,1,2023-01-01
2023,Ecuador,January,10.0,1,2023-01-01
2023,Egypt,January,127.0,1,2023-01-01
2023,El Salvador,January,3.0,1,2023-01-01
2023,Eritrea,January,2.0,1,2023-01-01
2023,Estonia,January,182.0,1,2023-01-01
2023,Ethiopia,January,8.0,1,2023-01-01
2023,Fiji,January,6.0,1,2023-01-01
2023,Finland,January,257.0,1,2023-01-01
2023,France,January,4840.0,1,2023-01-01
2023,Gabon,January,1.0,1,2023-01-01
2023,"Gambia, The",January,0.0,1,2023-01-01
2023,Georgia,January,164.0,1,2023-01-01
2023,Germany,January,8217.0,1,2023-01-01
2023,Ghana,January,1.0,1,2023-01-01
2023,Greece,January,151.0,1,2023-01-01
2023,Grenada,January,0.0,1,2023-01-01
2023,Guatemala,January,1.0,1,2023-01-01
2023,Guinea,January,1.0,1,2023-01-01
2023,Guyana,January,0.0,1,2023-01-01
2023,Haiti,January,3.0,1,2023-01-01
2023,Honduras,January,3.0,1,2023-01-01
2023,Hungary,January,400.0,1,2023-01-01
2023,Iceland,January,33.0,1,2023-01-01
2023,India,January,13759.0,1,2023-01-01
2023,Indonesia,January,138.0,1,2023-01-01
2023,Iran,January,435.0,1,2023-01-01
2023,Iraq,January,63.0,1,2023-01-01
2023,Ireland,January,244.0,1,2023-01-01
2023,Israel,January,1868.0,1,2023-01-01
2023,Italy,January,1477.0,1,2023-01-01
2023,Jamaica,January,1.0,1,2023-01-01
2023,Japan,January,744.0,1,2023-01-01
2023,Jordan,January,261.0,1,2023-01-01
2023,Kazakhstan,January,470.0,1,2023-01-01
2023,Kenya,January,23.0,1,2023-01-01
2023,Kiribati,January,0.0,1,2023-01-01
2023,Kosovar,January,1.0,1,2023-01-01
2023,Kuwait,January,162.0,1,2023-01-01
2023,Kyrgyzstan,January,79.0,1,2023-01-01
2023,"Lao, People's Democratic Republic",January,17.0,1,2023-01-01
2023,Latvia,January,171.0,1,2023-01-01
2023,Lebanon,January,111.0,1,2023-01-01
2023,Lesotho,January,0.0,1,2023-01-01
2023,Liberia,January,1.0,1,2023-01-01
2023,Libya(Libyan Arab Jamahir),January,4.0,1,2023-01-01
2023,Liechtenstein,January,5.0,1,2023-01-01
2023,Lithuania,January,278.0,1,2023-01-01
2023,Luxembourg,January,35.0,1,2023-01-01
2023,Macedonia,January,9.0,1,2023-01-01
2023,Madagascar,January,7.0,1,2023-01-01
2023,Malawi,January,2.0,1,2023-01-01
2023,Malaysia,January,496.0,1,2023-01-01
2023,Maldives,January,2203.0,1,2023-01-01
2023,Mali,January,2.0,1,2023-01-01
2023,Malta,January,45.0,1,2023-01-01
2023,Marshall Islands,January,0.0,1,2023-01-01
2023,Mauritania,January,1.0,1,2023-01-01
2023,Mauritius,January,19.0,1,2023-01-01
2023,Mexico,January,19.0,1,2023-01-01
2023,Moldova,January,66.0,1,2023-01-01
2023,Monaco,January,2.0,1,2023-01-01
2023,Mongolia,January,2.0,1,2023-01-01
2023,Montenegro,January,20.0,1,2023-01-01
2023,Morocco,January,47.0,1,2023-01-01
2023,Mozambique,January,5.0,1,2023-01-01
2023,Myanmar,January,35.0,1,2023-01-01
2023,Namibia,January,1.0,1,2023-01-01
2023,Nauru,January,0.0,1,2023-01-01
2023,Nepal,January,292.0,1,2023-01-01
2023,Netherlands,January,1514.0,1,2023-01-01
2023,New Zealand,January,394.0,1,2023-01-01
2023,Nicaragua,January,2.0,1,2023-01-01
2023,Niger,January,0.0,1,2023-01-01
2023,Nigeria,January,10.0,1,2023-01-01
2023,Norway,January,698.0,1,2023-01-01
2023,Oman,January,183.0,1,2023-01-01
2023,Pakistan,January,595.0,1,2023-01-01
2023,Palau,January,0.0,1,2023-01-01
2023,Palestinian Territories,January,28.0,1,2023-01-01
2023,Panama,January,1.0,1,2023-01-01
2023,Papua New Guinea,January,1.0,1,2023-01-01
2023,Paraguay,January,2.0,1,2023-01-01
2023,Peru,January,8.0,1,2023-01-01
2023,Philippines,January,188.0,1,2023-01-01
2023,Poland,January,1269.0,1,2023-01-01
2023,Portugal,January,230.0,1,2023-01-01
2023,Qatar,January,34.0,1,2023-01-01
2023,Romania,January,316.0,1,2023-01-01
2023,Russian Federation,January,25254.0,1,2023-01-01
2023,Rwanda,January,2.0,1,2023-01-01
2023,Saint Kitts and Nevis,January,3.0,1,2023-01-01
2023,Saint Lucia,January,3.0,1,2023-01-01
2023,Saint Vincent The Grenadi,January,0.0,1,2023-01-01
2023,Samoa,January,0.0,1,2023-01-01
2023,San Marino,January,1.0,1,2023-01-01
2023,Saudi Arabia,January,340.0,1,2023-01-01
2023,Senegal,January,2.0,1,2023-01-01
2023,Serbia,January,144.0,1,2023-01-01
2023,Seychelles,January,21.0,1,2023-01-01
2023,Sierra Leone,January,0.0,1,2023-01-01
2023,Singapore,January,414.0,1,2023-01-01
2023,Slovakia(Slovak Republic),January,351.0,1,2023-01-01
2023,Slovenia,January,146.0,1,2023-01-01
2023,Solomon Islands,January,0.0,1,2023-01-01
2023,Somalia,January,3.0,1,2023-01-01
2023,South Africa-Zuid Afrika,January,125.0,1,2023-01-01
2023,South Korea,January,450.0,1,2023-01-01
2023,South Sudan,January,0.0,1,2023-01-01
2023,Spain,January,857.0,1,2023-01-01
2023,Sudan,January,61.0,1,2023-01-01
2023,Suriname,January,0.0,1,2023-01-01
2023,Swaziland,January,0.0,1,2023-01-01
2023,Sweden,January,871.0,1,2023-01-01
2023,Switzerland,January,1769.0,1,2023-01-01
2023,Syrian Arab Republic,January,0.0,1,2023-01-01
2023,Taiwan Province of China,January,151.0,1,2023-01-01
2023,Tajikistan,January,27.0,1,2023-01-01
2023,Tanzania,January,9.0,1,2023-01-01
2023,Thailand,January,279.0,1,2023-01-01
2023,Timor-Leste,January,0.0,1,2023-01-01
2023,Togo,January,1.0,1,2023-01-01
2023,Tonga,January,0.0,1,2023-01-01
2023,Trinidad and Tobago,January,2.0,1,2023-01-01
2023,Tunisia,January,43.0,1,2023-01-01
2023,Turkey,January,362.0,1,2023-01-01
2023,Turkmenistan,January,4.0,1,2023-01-01
2023,Tuvalu,January,0.0,1,2023-01-01
2023,Uganda,January,9.0,1,2023-01-01
2023,Ukraine,January,884.0,1,2023-01-01
2023,United Arab Emirates,January,101.0,1,2023-01-01
2023,United Kingdom,January,8483.0,1,2023-01-01
2023,United States,January,2636.0,1,2023-01-01
2023,Uruguay,January,5.0,1,2023-01-01
2023,Uzbekistan,January,152.0,1,2023-01-01
2023,Vanuatu,January,1.0,1,2023-01-01
2023,Venezuela,January,4.0,1,2023-01-01
2023,Viet Nam,January,117.0,1,2023-01-01
2023,Yemen (Yemen Arab Republic),January,22.0,1,2023-01-01
2023,Zambia(Northern Rhodesia),January,6.0,1,2023-01-01
2023,Zimbabwe,January,7.0,1,2023-01-01
2023,Afghanistan,February,2.0,2,2023-02-01
2023,Albania,February,8.0,2,2023-02-01
2023,Algeria,February,16.0,2,2023-02-01
2023,Andorra,February,1.0,2,2023-02-01
2023,Angola,February,0.0,2,2023-02-01
2023,Antigua and Barbuda,February,2.0,2,2023-02-01
2023,Argentina,February,43.0,2,2023-02-01
2023,Armenia,February,145.0,2,2023-02-01
2023,Aruba,February,0.0,2,2023-02-01
2023,Australia,February,3113.0,2,2023-02-01
2023,Austria,February,934.0,2,2023-02-01
2023,Azerbaijan,February,64.0,2,2023-02-01
2023,Bahamas,February,1.0,2,2023-02-01
2023,Bahrain,February,35.0,2,2023-02-01
2023,Bangladesh,February,531.0,2,2023-02-01
2023,Barbados,February,1.0,2,2023-02-01
2023,Belarus,February,1244.0,2,2023-02-01
2023,Belgium,February,725.0,2,2023-02-01
2023,Belize,February,0.0,2,2023-02-01
2023,Benin,February,0.0,2,2023-02-01
2023,Bhutan,February,19.0,2,2023-02-01
2023,Bolivia,February,1.0,2,2023-02-01
2023,Bosnia and Herzegovina,February,7.0,2,2023-02-01
2023,Botswana,February,1.0,2,2023-02-01
2023,Brazil,February,83.0,2,2023-02-01
2023,Brunei Darussalam,February,6.0,2,2023-02-01
2023,Bulgaria,February,325.0,2,2023-02-01
2023,Burkina Faso,February,1.0,2,2023-02-01
2023,Burundi,February,2.0,2,2023-02-01
2023,Cambodia,February,57.0,2,2023-02-01
2023,Cameroon,February,3.0,2,2023-02-01
2023,Canada,February,3107.0,2,2023-02-01
2023,Cape Verde,February,0.0,2,2023-02-01
2023,Central African Republic,February,0.0,2,2023-02-01
2023,Chad,February,0.0,2,2023-02-01
2023,Chile,February,45.0,2,2023-02-01
2023,China,February,1535.0,2,2023-02-01
2023,Colombia,February,38.0,2,2023-02-01
2023,Comoros,February,3.0,2,2023-02-01
2023,"Congo, The Democratic Republic",February,3.0,2,2023-02-01
2023,Costa Rica,February,4.0,2,2023-02-01
2023,Cote Divoire,February,2.0,2,2023-02-01
2023,Croatia,February,84.0,2,2023-02-01
2023,Cuba,February,1.0,2,2023-02-01
2023,Cyprus,February,41.0,2,2023-02-01
2023,Czech Republic,February,1206.0,2,2023-02-01
2023,Denmark,February,1110.0,2,2023-02-01
2023,Djibouti,February,3.0,2,2023-02-01
2023,Dominica,February,3.0,2,2023-02-01
2023,Dominican Republic,February,0.0,2,2023-02-01
2023,Ecuador,February,6.0,2,2023-02-01
2023,Egypt,February,241.0,2,2023-02-01
2023,El Salvador,February,2.0,2,2023-02-01
2023,Eritrea,February,0.0,2,2023-02-01
2023,Estonia,February,193.0,2,2023-02-01
2023,Ethiopia,February,6.0,2,2023-02-01
2023,Fiji,February,5.0,2,2023-02-01
2023,Finland,February,204.0,2,2023-02-01
2023,France,February,6118.0,2,2023-02-01
2023,Gabon,February,0.0,2,2023-02-01
2023,"Gambia, The",February,1.0,2,2023-02-01
2023,Georgia,February,128.0,2,2023-02-01
2023,Germany,February,7930.0,2,2023-02-01
2023,Ghana,February,5.0,2,2023-02-01
2023,Greece,February,163.0,2,2023-02-01
2023,Grenada,February,2.0,2,2023-02-01
2023,Guatemala,February,4.0,2,2023-02-01
2023,Guinea,February,0.0,2,2023-02-01
2023,Guyana,February,0.0,2,2023-02-01
2023,Haiti,February,1.0,2,2023-02-01
2023,Honduras,February,1.0,2,2023-02-01
2023,Hungary,February,405.0,2,2023-02-01
2023,Iceland,February,25.0,2,2023-02-01
2023,India,February,13714.0,2,2023-02-01
2023,Indonesia,February,175.0,2,2023-02-01
2023,Iran,February,791.0,2,2023-02-01
2023,Iraq,February,92.0,2,2023-02-01
2023,Ireland,February,287.0,2,2023-02-01
2023,Israel,February,2188.0,2,2023-02-01
2023,Italy,February,1409.0,2,2023-02-01
2023,Jamaica,February,1.0,2,2023-02-01
2023,Japan,February,974.0,2,2023-02-01
2023,Jordan,February,227.0,2,2023-02-01
2023,Kazakhstan,February,328.0,2,2023-02-01
2023,Kenya,February,40.0,2,2023-02-01
2023,Kiribati,February,0.0,2,2023-02-01
2023,Kosovar,February,0.0,2,2023-02-01
2023,Kuwait,February,219.0,2,2023-02-01
2023,Kyrgyzstan,February,74.0,2,2023-02-01
2023,"Lao, People's Democratic Republic",February,4.0,2,2023-02-01
2023,Latvia,February,176.0,2,2023-02-01
2023,Lebanon,February,188.0,2,2023-02-01
2023,Lesotho,February,0.0,2,2023-02-01
2023,Liberia,February,0.0,2,2023-02-01
2023,Libya(Libyan Arab Jamahir),February,6.0,2,2023-02-01
2023,Liechtenstein,February,6.0,2,2023-02-01
2023,Lithuania,February,296.0,2,2023-02-01
2023,Luxembourg,February,40.0,2,2023-02-01
2023,Macedonia,February,15.0,2,2023-02-01
2023,Madagascar,February,7.0,2,2023-02-01
2023,Malawi,February,2.0,2,2023-02-01
2023,Malaysia,February,657.0,2,2023-02-01
2023,Maldives,February,1818.0,2,2023-02-01
2023,Mali,February,0.0,2,2023-02-01
2023,Malta,February,28.0,2,2023-02-01
2023,Marshall Islands,February,0.0,2,2023-02-01
2023,Mauritania,February,0.0,2,2023-02-01
2023,Mauritius,February,21.0,2,2023-02-01
2023,Mexico,February,40.0,2,2023-02-01
2023,Moldova,February,47.0,2,2023-02-01
2023,Monaco,February,0.0,2,2023-02-01
2023,Mongolia,February,12.0,2,2023-02-01
2023,Montenegro,February,9.0,2,2023-02-01
2023,Morocco,February,38.0,2,2023-02-01
2023,Mozambique,February,3.0,2,2023-02-01
2023,Myanmar,February,36.0,2,2023-02-01
2023,Namibia,February,0.0,2,2023-02-01
2023,Nauru,February,0.0,2,2023-02-01
2023,Nepal,February,247.0,2,2023-02-01
2023,Netherlands,February,1485.0,2,2023-02-01
2023,New Zealand,February,346.0,2,2023-02-01
2023,Nicaragua,February,1.0,2,2023-02-01
2023,Niger,February,2.0,2,2023-02-01
2023,Nigeria,February,2.0,2,2023-02-01
2023,Norway,February,567.0,2,2023-02-01
2023,Oman,February,229.0,2,2023-02-01
2023,Pakistan,February,724.0,2,2023-02-01
2023,Palau,February,0.0,2,2023-02-01
2023,Palestinian Territories,February,43.0,2,2023-02-01
2023,Panama,February,4.0,2,2023-02-01
2023,Papua New Guinea,February,3.0,2,2023-02-01
2023,Paraguay,February,3.0,2,2023-02-01
2023,Peru,February,10.0,2,2023-02-01
2023,Philippines,February,262.0,2,2023-02-01
2023,Poland,February,1118.0,2,2023-02-01
2023,Portugal,February,268.0,2,2023-02-01
2023,Qatar,February,46.0,2,2023-02-01
2023,Romania,February,398.0,2,2023-02-01
2023,Russian Federation,February,29084.0,2,2023-02-01
2023,Rwanda,February,0.0,2,2023-02-01
2023,Saint Kitts and Nevis,February,10.0,2,2023-02-01
2023,Saint Lucia,February,0.0,2,2023-02-01
2023,Saint Vincent The Grenadi,February,0.0,2,2023-02-01
2023,Samoa,February,0.0,2,2023-02-01
2023,San Marino,February,1.0,2,2023-02-01
2023,Saudi Arabia,February,365.0,2,2023-02-01
2023,Senegal,February,5.0,2,2023-02-01
2023,Serbia,February,153.0,2,2023-02-01
2023,Seychelles,February,7.0,2,2023-02-01
2023,Sierra Leone,February,2.0,2,2023-02-01
2023,Singapore,February,486.0,2,2023-02-01
2023,Slovakia(Slovak Republic),February,515.0,2,2023-02-01
2023,Slovenia,February,184.0,2,2023-02-01
2023,Solomon Islands,February,2.0,2,2023-02-01
2023,Somalia,February,3.0,2,2023-02-01
2023,South Africa-Zuid Afrika,February,141.0,2,2023-02-01
2023,South Korea,February,508.0,2,2023-02-01
2023,South Sudan,February,0.0,2,2023-02-01
2023,Spain,February,770.0,2,2023-02-01
2023,Sudan,February,37.0,2,2023-02-01
2023,Suriname,February,0.0,2,2023-02-01
2023,Swaziland,February,0.0,2,2023-02-01
2023,Sweden,February,836.0,2,2023-02-01
2023,Switzerland,February,1812.0,2,2023-02-01
2023,Syrian Arab Republic,February,1.0,2,2023-02-01
2023,Taiwan Province of China,February,193.0,2,2023-02-01
2023,Tajikistan,February,19.0,2,2023-02-01
2023,Tanzania,February,10.0,2,2023-02-01
2023,Thailand,February,210.0,2,2023-02-01
2023,Timor-Leste,February,0.0,2,2023-02-01
2023,Togo,February,1.0,2,2023-02-01
2023,Tonga,February,0.0,2,2023-02-01
2023,Trinidad and Tobago,February,7.0,2,2023-02-01
2023,Tunisia,February,39.0,2,2023-02-01
2023,Turkey,February,246.0,2,2023-02-01
2023,Turkmenistan,February,18.0,2,2023-02-01
2023,Tuvalu,February,0.0,2,2023-02-01
2023,Uganda,February,1.0,2,2023-02-01
2023,Ukraine,February,562.0,2,2023-02-01
2023,United Arab Emirates,February,138.0,2,2023-02-01
2023,United Kingdom,February,8575.0,2,2023-02-01
2023,United States,February,2443.0,2,2023-02-01
2023,Uruguay,February,4.0,2,2023-02-01
2023,Uzbekistan,February,383.0,2,2023-02-01
2023,Vanuatu,February,2.0,2,2023-02-01
2023,Venezuela,February,5.0,2,2023-02-01
2023,Viet Nam,February,103.0,2,2023-02-01
2023,Yemen (Yemen Arab Republic),February,26.0,2,2023-02-01
2023,Zambia(Northern Rhodesia),February,7.0,2,2023-02-01
2023,Zimbabwe,February,4.0,2,2023-02-01
2023,Afghanistan,March,1.0,3,2023-03-01
2023,Albania,March,4.0,3,2023-03-01
2023,Algeria,March,15.0,3,2023-03-01
2023,Andorra,March,1.0,3,2023-03-01
2023,Angola,March,1.0,3,2023-03-01
2023,Antigua and Barbuda,March,2.0,3,2023-03-01
2023,Argentina,March,94.0,3,2023-03-01
2023,Armenia,March,124.0,3,2023-03-01
2023,Aruba,March,0.0,3,2023-03-01
2023,Australia,March,4725.0,3,2023-03-01
2023,Austria,March,872.0,3,2023-03-01
2023,Azerbaijan,March,343.0,3,2023-03-01
2023,Bahamas,March,3.0,3,2023-03-01
2023,Bahrain,March,56.0,3,2023-03-01
2023,Bangladesh,March,612.0,3,2023-03-01
2023,Barbados,March,3.0,3,2023-03-01
2023,Belarus,March,1399.0,3,2023-03-01
2023,Belgium,March,722.0,3,2023-03-01
2023,Belize,March,1.0,3,2023-03-01
2023,Benin,March,0.0,3,2023-03-01
2023,Bhutan,March,24.0,3,2023-03-01
2023,Bolivia,March,6.0,3,2023-03-01
2023,Bosnia and Herzegovina,March,15.0,3,2023-03-01
2023,Botswana,March,2.0,3,2023-03-01
2023,Brazil,March,112.0,3,2023-03-01
2023,Brunei Darussalam,March,1.0,3,2023-03-01
2023,Bulgaria,March,283.0,3,2023-03-01
2023,Burkina Faso,March,0.0,3,2023-03-01
2023,Burundi,March,0.0,3,2023-03-01
2023,Cambodia,March,47.0,3,2023-03-01
2023,Cameroon,March,0.0,3,2023-03-01
2023,Canada,March,4066.0,3,2023-03-01
2023,Cape Verde,March,0.0,3,2023-03-01
2023,Central African Republic,March,0.0,3,2023-03-01
2023,Chad,March,0.0,3,2023-03-01
2023,Chile,March,27.0,3,2023-03-01
2023,China,March,3096.0,3,2023-03-01
2023,Colombia,March,46.0,3,2023-03-01
2023,Comoros,March,3.0,3,2023-03-01
2023,"Congo, The Democratic Republic",March,1.0,3,2023-03-01
2023,Costa Rica,March,8.0,3,2023-03-01
2023,Cote Divoire,March,0.0,3,2023-03-01
2023,Croatia,March,91.0,3,2023-03-01
2023,Cuba,March,12.0,3,2023-03-01
2023,Cyprus,March,67.0,3,2023-03-01
2023,Czech Republic,March,1287.0,3,2023-03-01
2023,Denmark,March,895.0,3,2023-03-01
2023,Djibouti,March,0.0,3,2023-03-01
2023,Dominica,March,14.0,3,2023-03-01
2023,Dominican Republic,March,2.0,3,2023-03-01
2023,Ecuador,March,7.0,3,2023-03-01
2023,Egypt,March,185.0,3,2023-03-01
2023,El Salvador,March,1.0,3,2023-03-01
2023,Eritrea,March,3.0,3,2023-03-01
2023,Estonia,March,197.0,3,2023-03-01
2023,Ethiopia,March,1.0,3,2023-03-01
2023,Fiji,March,17.0,3,2023-03-01
2023,Finland,March,173.0,3,2023-03-01
2023,France,March,5786.0,3,2023-03-01
2023,Gabon,March,0.0,3,2023-03-01
2023,"Gambia, The",March,0.0,3,2023-03-01
2023,Georgia,March,102.0,3,2023-03-01
2023,Germany,March,9702.0,3,2023-03-01
2023,Ghana,March,3.0,3,2023-03-01
2023,Greece,March,143.0,3,2023-03-01
2023,Grenada,March,0.0,3,2023-03-01
2023,Guatemala,March,8.0,3,2023-03-01
2023,Guinea,March,1.0,3,2023-03-01
2023,Guyana,March,2.0,3,2023-03-01
2023,Haiti,March,1.0,3,2023-03-01
2023,Honduras,March,6.0,3,2023-03-01
2023,Hungary,March,403.0,3,2023-03-01
2023,Iceland,March,16.0,3,2023-03-01
2023,India,March,18959.0,3,2023-03-01
2023,Indonesia,March,133.0,3,2023-03-01
2023,Iran,March,3738.0,3,2023-03-01
2023,Iraq,March,64.0,3,2023-03-01
2023,Ireland,March,463.0,3,2023-03-01
2023,Israel,March,1765.0,3,2023-03-01
2023,Italy,March,1272.0,3,2023-03-01
2023,Jamaica,March,4.0,3,2023-03-01
2023,Japan,March,1042.0,3,2023-03-01
2023,Jordan,March,245.0,3,2023-03-01
2023,Kazakhstan,March,972.0,3,2023-03-01
2023,Kenya,March,51.0,3,2023-03-01
2023,Kiribati,March,0.0,3,2023-03-01
2023,Kosovar,March,3.0,3,2023-03-01
2023,Kuwait,March,101.0,3,2023-03-01
2023,Kyrgyzstan,March,83.0,3,2023-03-01
2023,"Lao, People's Democratic Republic",March,16.0,3,2023-03-01
2023,Latvia,March,172.0,3,2023-03-01
2023,Lebanon,March,206.0,3,2023-03-01
2023,Lesotho,March,0.0,3,2023-03-01
2023,Liberia,March,2.0,3,2023-03-01
2023,Libya(Libyan Arab Jamahir),March,1.0,3,2023-03-01
2023,Liechtenstein,March,3.0,3,2023-03-01
2023,Lithuania,March,360.0,3,2023-03-01
2023,Luxembourg,March,39.0,3,2023-03-01
2023,Macedonia,March,17.0,3,2023-03-01
2023,Madagascar,March,15.0,3,2023-03-01
2023,Malawi,March,3.0,3,2023-03-01
2023,Malaysia,March,676.0,3,2023-03-01
2023,Maldives,March,1774.0,3,2023-03-01
2023,Mali,March,0.0,3,2023-03-01
2023,Malta,March,32.0,3,2023-03-01
2023,Marshall Islands,March,1.0,3,2023-03-01
2023,Mauritania,March,1.0,3,2023-03-01
2023,Mauritius,March,28.0,3,2023-03-01
2023,Mexico,March,80.0,3,2023-03-01
2023,Moldova,March,56.0,3,2023-03-01
2023,Monaco,March,5.0,3,2023-03-01
2023,Mongolia,March,7.0,3,2023-03-01
2023,Montenegro,March,6.0,3,2023-03-01
2023,Morocco,March,58.0,3,2023-03-01
2023,Mozambique,March,3.0,3,2023-03-01
2023,Myanmar,March,73.0,3,2023-03-01
2023,Namibia,March,0.0,3,2023-03-01
2023,Nauru,March,0.0,3,2023-03-01
2023,Nepal,March,295.0,3,2023-03-01
2023,Netherlands,March,1573.0,3,2023-03-01
2023,New Zealand,March,543.0,3,2023-03-01
2023,Nicaragua,March,0.0,3,2023-03-01
2023,Niger,March,0.0,3,2023-03-01
2023,Nigeria,March,3.0,3,2023-03-01
2023,Norway,March,648.0,3,2023-03-01
2023,Oman,March,63.0,3,2023-03-01
2023,Pakistan,March,824.0,3,2023-03-01
2023,Palau,March,0.0,3,2023-03-01
2023,Palestinian Territories,March,25.0,3,2023-03-01
2023,Panama,March,3.0,3,2023-03-01
2023,Papua New Guinea,March,2.0,3,2023-03-01
2023,Paraguay,March,2.0,3,2023-03-01
2023,Peru,March,10.0,3,2023-03-01
2023,Philippines,March,329.0,3,2023-03-01
2023,Poland,March,1507.0,3,2023-03-01
2023,Portugal,March,299.0,3,2023-03-01
2023,Qatar,March,67.0,3,2023-03-01
2023,Romania,March,340.0,3,2023-03-01
2023,Russian Federation,March,25553.0,3,2023-03-01
2023,Rwanda,March,1.0,3,2023-03-01
2023,Saint Kitts and Nevis,March,9.0,3,2023-03-01
2023,Saint Lucia,March,0.0,3,2023-03-01
2023,Saint Vincent The Grenadi,March,0.0,3,2023-03-01
2023,Samoa,March,0.0,3,2023-03-01
2023,San Marino,March,0.0,3,2023-03-01
2023,Saudi Arabia,March,653.0,3,2023-03-01
2023,Senegal,March,2.0,3,2023-03-01
2023,Serbia,March,136.0,3,2023-03-01
2023,Seychelles,March,23.0,3,2023-03-01
2023,Sierra Leone,March,1.0,3,2023-03-01
2023,Singapore,March,636.0,3,2023-03-01
2023,Slovakia(Slovak Republic),March,610.0,3,2023-03-01
2023,Slovenia,March,88.0,3,2023-03-01
2023,Solomon Islands,March,0.0,3,2023-03-01
2023,Somalia,March,4.0,3,2023-03-01
2023,South Africa-Zuid Afrika,March,265.0,3,2023-03-01
2023,South Korea,March,479.0,3,2023-03-01
2023,South Sudan,March,0.0,3,2023-03-01
2023,Spain,March,1125.0,3,2023-03-01
2023,Sudan,March,52.0,3,2023-03-01
2023,Suriname,March,1.0,3,2023-03-01
2023,Swaziland,March,0.0,3,2023-03-01
2023,Sweden,March,631.0,3,2023-03-01
2023,Switzerland,March,1660.0,3,2023-03-01
2023,Syrian Arab Republic,March,1.0,3,2023-03-01
2023,Taiwan Province of China,March,237.0,3,2023-03-01
2023,Tajikistan,March,14.0,3,2023-03-01
2023,Tanzania,March,9.0,3,2023-03-01
2023,Thailand,March,308.0,3,2023-03-01
2023,Timor-Leste,March,0.0,3,2023-03-01
2023,Togo,March,0.0,3,2023-03-01
2023,Tonga,March,0.0,3,2023-03-01
2023,Trinidad and Tobago,March,6.0,3,2023-03-01
2023,Tunisia,March,48.0,3,2023-03-01
2023,Turkey,March,227.0,3,2023-03-01
2023,Turkmenistan,March,11.0,3,2023-03-01
2023,Tuvalu,March,0.0,3,2023-03-01
2023,Uganda,March,9.0,3,2023-03-01
2023,Ukraine,March,516.0,3,2023-03-01
2023,United Arab Emirates,March,115.0,3,2023-03-01
2023,United Kingdom,March,11053.0,3,2023-03-01
2023,United States,March,5701.0,3,2023-03-01
2023,Uruguay,March,5.0,3,2023-03-01
2023,Uzbekistan,March,58.0,3,2023-03-01
2023,Vanuatu,March,6.0,3,2023-03-01
2023,Venezuela,March,14.0,3,2023-03-01
2023,Viet Nam,March,284.0,3,2023-03-01
2023,Yemen (Yemen Arab Republic),March,28.0,3,2023-03-01
2023,Zambia(Northern Rhodesia),March,4.0,3,2023-03-01
2023,Zimbabwe,March,10.0,3,2023-03-01
2023,Afghanistan,April,1.0,4,2023-04-01
2023,Albania,April,6.0,4,2023-04-01
2023,Algeria,April,33.0,4,2023-04-01
2023,Andorra,April,3.0,4,2023-04-01
2023,Angola,April,1.0,4,2023-04-01
2023,Antigua and Barbuda,April,3.0,4,2023-04-01
2023,Argentina,April,71.0,4,2023-04-01
2023,Armenia,April,158.0,4,2023-04-01
2023,Aruba,April,0.0,4,2023-04-01
2023,Australia,April,4996.0,4,2023-04-01
2023,Austria,April,649.0,4,2023-04-01
2023,Azerbaijan,April,120.0,4,2023-04-01
2023,Bahamas,April,3.0,4,2023-04-01
2023,Bahrain,April,86.0,4,2023-04-01
2023,Bangladesh,April,960.0,4,2023-04-01
2023,Barbados,April,0.0,4,2023-04-01
2023,Belarus,April,627.0,4,2023-04-01
2023,Belgium,April,636.0,4,2023-04-01
2023,Belize,April,2.0,4,2023-04-01
2023,Benin,April,1.0,4,2023-04-01
2023,Bhutan,April,25.0,4,2023-04-01
2023,Bolivia,April,4.0,4,2023-04-01
2023,Bosnia and Herzegovina,April,16.0,4,2023-04-01
2023,Botswana,April,3.0,4,2023-04-01
2023,Brazil,April,208.0,4,2023-04-01
2023,Brunei Darussalam,April,2.0,4,2023-04-01
2023,Bulgaria,April,150.0,4,2023-04-01
2023,Burkina Faso,April,1.0,4,2023-04-01
2023,Burundi,April,0.0,4,2023-04-01
2023,Cambodia,April,12.0,4,2023-04-01
2023,Cameroon,April,0.0,4,2023-04-01
2023,Canada,April,3310.0,4,2023-04-01
2023,Cape Verde,April,1.0,4,2023-04-01
2023,Central African Republic,April,0.0,4,2023-04-01
2023,Chad,April,0.0,4,2023-04-01
2023,Chile,April,45.0,4,2023-04-01
2023,China,April,5118.0,4,2023-04-01
2023,Colombia,April,56.0,4,2023-04-01
2023,Comoros,April,3.0,4,2023-04-01
2023,"Congo, The Democratic Republic",April,2.0,4,2023-04-01
2023,Costa Rica,April,0.0,4,2023-04-01
2023,Cote Divoire,April,0.0,4,2023-04-01
2023,Croatia,April,57.0,4,2023-04-01
2023,Cuba,April,2.0,4,2023-04-01
2023,Cyprus,April,81.0,4,2023-04-01
2023,Czech Republic,April,820.0,4,2023-04-01
2023,Denmark,April,727.0,4,2023-04-01
2023,Djibouti,April,1.0,4,2023-04-01
2023,Dominica,April,4.0,4,2023-04-01
2023,Dominican Republic,April,2.0,4,2023-04-01
2023,Ecuador,April,10.0,4,2023-04-01
2023,Egypt,April,309.0,4,2023-04-01
2023,El Salvador,April,8.0,4,2023-04-01
2023,Eritrea,April,2.0,4,2023-04-01
2023,Estonia,April,60.0,4,2023-04-01
2023,Ethiopia,April,9.0,4,2023-04-01
2023,Fiji,April,4.0,4,2023-04-01
2023,Finland,April,123.0,4,2023-04-01
2023,France,April,5535.0,4,2023-04-01
2023,Gabon,April,0.0,4,2023-04-01
2023,"Gambia, The",April,1.0,4,2023-04-01
2023,Georgia,April,87.0,4,2023-04-01
2023,Germany,April,7404.0,4,2023-04-01
2023,Ghana,April,1.0,4,2023-04-01
2023,Greece,April,148.0,4,2023-04-01
2023,Grenada,April,0.0,4,2023-04-01
2023,Guatemala,April,1.0,4,2023-04-01
2023,Guinea,April,0.0,4,2023-04-01
2023,Guyana,April,0.0,4,2023-04-01
2023,Haiti,April,0.0,4,2023-04-01
2023,Honduras,April,1.0,4,2023-04-01
2023,Hungary,April,189.0,4,2023-04-01
2023,Iceland,April,14.0,4,2023-04-01
2023,India,April,19915.0,4,2023-04-01
2023,Indonesia,April,173.0,4,2023-04-01
2023,Iran,April,420.0,4,2023-04-01
2023,Iraq,April,84.0,4,2023-04-01
2023,Ireland,April,490.0,4,2023-04-01
2023,Israel,April,1432.0,4,2023-04-01
2023,Italy,April,1384.0,4,2023-04-01
2023,Jamaica,April,6.0,4,2023-04-01
2023,Japan,April,2318.0,4,2023-04-01
2023,Jordan,April,376.0,4,2023-04-01
2023,Kazakhstan,April,159.0,4,2023-04-01
2023,Kenya,April,52.0,4,2023-04-01
2023,Kiribati,April,0.0,4,2023-04-01
2023,Kosovar,April,6.0,4,2023-04-01
2023,Kuwait,April,191.0,4,2023-04-01
2023,Kyrgyzstan,April,38.0,4,2023-04-01
2023,"Lao, People's Democratic Republic",April,2.0,4,2023-04-01
2023,Latvia,April,59.0,4,2023-04-01
2023,Lebanon,April,616.0,4,2023-04-01
2023,Lesotho,April,0.0,4,2023-04-01
2023,Liberia,April,0.0,4,2023-04-01
2023,Libya(Libyan Arab Jamahir),April,4.0,4,2023-04-01
2023,Liechtenstein,April,9.0,4,2023-04-01
2023,Lithuania,April,223.0,4,2023-04-01
2023,Luxembourg,April,93.0,4,2023-04-01
2023,Macedonia,April,28.0,4,2023-04-01
2023,Madagascar,April,7.0,4,2023-04-01
2023,Malawi,April,5.0,4,2023-04-01
2023,Malaysia,April,735.0,4,2023-04-01
2023,Maldives,April,1596.0,4,2023-04-01
2023,Mali,April,0.0,4,2023-04-01
2023,Malta,April,33.0,4,2023-04-01
2023,Marshall Islands,April,1.0,4,2023-04-01
2023,Mauritania,April,0.0,4,2023-04-01
2023,Mauritius,April,20.0,4,2023-04-01
2023,Mexico,April,82.0,4,2023-04-01
2023,Moldova,April,25.0,4,2023-04-01
2023,Monaco,April,6.0,4,2023-04-01
2023,Mongolia,April,20.0,4,2023-04-01
2023,Montenegro,April,10.0,4,2023-04-01
2023,Morocco,April,65.0,4,2023-04-01
2023,Mozambique,April,0.0,4,2023-04-01
2023,Myanmar,April,44.0,4,2023-04-01
2023,Namibia,April,0.0,4,2023-04-01
2023,Nauru,April,0.0,4,2023-04-01
2023,Nepal,April,226.0,4,2023-04-01
2023,Netherlands,April,1593.0,4,2023-04-01
2023,New Zealand,April,627.0,4,2023-04-01
2023,Nicaragua,April,1.0,4,2023-04-01
2023,Niger,April,0.0,4,2023-04-01
2023,Nigeria,April,3.0,4,2023-04-01
2023,Norway,April,487.0,4,2023-04-01
2023,Oman,April,64.0,4,2023-04-01
2023,Pakistan,April,399.0,4,2023-04-01
2023,Palau,April,0.0,4,2023-04-01
2023,Palestinian Territories,April,41.0,4,2023-04-01
2023,Panama,April,0.0,4,2023-04-01
2023,Papua New Guinea,April,0.0,4,2023-04-01
2023,Paraguay,April,3.0,4,2023-04-01
2023,Peru,April,14.0,4,2023-04-01
2023,Philippines,April,369.0,4,2023-04-01
2023,Poland,April,1129.0,4,2023-04-01
2023,Portugal,April,486.0,4,2023-04-01
2023,Qatar,April,62.0,4,2023-04-01
2023,Romania,April,315.0,4,2023-04-01
2023,Russian Federation,April,14656.0,4,2023-04-01
2023,Rwanda,April,2.0,4,2023-04-01
2023,Saint Kitts and Nevis,April,11.0,4,2023-04-01
2023,Saint Lucia,April,1.0,4,2023-04-01
2023,Saint Vincent The Grenadi,April,0.0,4,2023-04-01
2023,Samoa,April,0.0,4,2023-04-01
2023,San Marino,April,0.0,4,2023-04-01
2023,Saudi Arabia,April,414.0,4,2023-04-01
2023,Senegal,April,3.0,4,2023-04-01
2023,Serbia,April,172.0,4,2023-04-01
2023,Seychelles,April,33.0,4,2023-04-01
2023,Sierra Leone,April,4.0,4,2023-04-01
2023,Singapore,April,500.0,4,2023-04-01
2023,Slovakia(Slovak Republic),April,475.0,4,2023-04-01
2023,Slovenia,April,197.0,4,2023-04-01
2023,Solomon Islands,April,0.0,4,2023-04-01
2023,Somalia,April,3.0,4,2023-04-01
2023,South Africa-Zuid Afrika,April,315.0,4,2023-04-01
2023,South Korea,April,469.0,4,2023-04-01
2023,South Sudan,April,0.0,4,2023-04-01
2023,Spain,April,1619.0,4,2023-04-01
2023,Sudan,April,44.0,4,2023-04-01
2023,Suriname,April,1.0,4,2023-04-01
2023,Swaziland,April,0.0,4,2023-04-01
2023,Sweden,April,509.0,4,2023-04-01
2023,Switzerland,April,2091.0,4,2023-04-01
2023,Syrian Arab Republic,April,0.0,4,2023-04-01
2023,Taiwan Province of China,April,244.0,4,2023-04-01
2023,Tajikistan,April,9.0,4,2023-04-01
2023,Tanzania,April,11.0,4,2023-04-01
2023,Thailand,April,406.0,4,2023-04-01
2023,Timor-Leste,April,6.0,4,2023-04-01
2023,Togo,April,3.0,4,2023-04-01
2023,Tonga,April,0.0,4,2023-04-01
2023,Trinidad and Tobago,April,5.0,4,2023-04-01
2023,Tunisia,April,106.0,4,2023-04-01
2023,Turkey,April,289.0,4,2023-04-01
2023,Turkmenistan,April,13.0,4,2023-04-01
2023,Tuvalu,April,0.0,4,2023-04-01
2023,Uganda,April,4.0,4,2023-04-01
2023,Ukraine,April,326.0,4,2023-04-01
2023,United Arab Emirates,April,169.0,4,2023-04-01
2023,United Kingdom,April,8743.0,4,2023-04-01
2023,United States,April,3940.0,4,2023-04-01
2023,Uruguay,April,14.0,4,2023-04-01
2023,Uzbekistan,April,25.0,4,2023-04-01
2023,Vanuatu,April,5.0,4,2023-04-01
2023,Venezuela,April,18.0,4,2023-04-01
2023,Viet Nam,April,141.0,4,2023-04-01
2023,Yemen (Yemen Arab Republic),April,22.0,4,2023-04-01
2023,Zambia(Northern Rhodesia),April,6.0,4,2023-04-01
2023,Zimbabwe,April,16.0,4,2023-04-01
2023,Afghanistan,May,24.0,5,2023-05-01
2023,Albania,May,7.0,5,2023-05-01
2023,Algeria,May,22.0,5,2023-05-01
2023,Andorra,May,2.0,5,2023-05-01
2023,Angola,May,0.0,5,2023-05-01
2023,Antigua and Barbuda,May,1.0,5,2023-05-01
2023,Argentina,May,66.0,5,2023-05-01
2023,Armenia,May,74.0,5,2023-05-01
2023,Aruba,May,1.0,5,2023-05-01
2023,Australia,May,4201.0,5,2023-05-01
2023,Austria,May,440.0,5,2023-05-01
2023,Azerbaijan,May,54.0,5,2023-05-01
2023,Bahamas,May,0.0,5,2023-05-01
2023,Bahrain,May,78.0,5,2023-05-01
2023,Bangladesh,May,1145.0,5,2023-05-01
2023,Barbados,May,1.0,5,2023-05-01
2023,Belarus,May,428.0,5,2023-05-01
2023,Belgium,May,420.0,5,2023-05-01
2023,Belize,May,0.0,5,2023-05-01
2023,Benin,May,0.0,5,2023-05-01
2023,Bhutan,May,21.0,5,2023-05-01
2023,Bolivia,May,5.0,5,2023-05-01
2023,Bosnia and Herzegovina,May,18.0,5,2023-05-01
2023,Botswana,May,7.0,5,2023-05-01
2023,Brazil,May,74.0,5,2023-05-01
2023,Brunei Darussalam,May,0.0,5,2023-05-01
2023,Bulgaria,May,18.0,5,2023-05-01
2023,Burkina Faso,May,4.0,5,2023-05-01
2023,Burundi,May,0.0,5,2023-05-01
2023,Cambodia,May,75.0,5,2023-05-01
2023,Cameroon,May,2.0,5,2023-05-01
2023,Canada,May,3753.0,5,2023-05-01
2023,Cape Verde,May,0.0,5,2023-05-01
2023,Central African Republic,May,0.0,5,2023-05-01
2023,Chad,May,0.0,5,2023-05-01
2023,Chile,May,33.0,5,2023-05-01
2023,China,May,4173.0,5,2023-05-01
2023,Colombia,May,33.0,5,2023-05-01
2023,Comoros,May,5.0,5,2023-05-01
2023,"Congo, The Democratic Republic",May,2.0,5,2023-05-01
2023,Costa Rica,May,3.0,5,2023-05-01
2023,Cote Divoire,May,0.0,5,2023-05-01
2023,Croatia,May,24.0,5,2023-05-01
2023,Cuba,May,6.0,5,2023-05-01
2023,Cyprus,May,28.0,5,2023-05-01
2023,Czech Republic,May,259.0,5,2023-05-01
2023,Denmark,May,348.0,5,2023-05-01
2023,Djibouti,May,0.0,5,2023-05-01
2023,Dominica,May,4.0,5,2023-05-01
2023,Dominican Republic,May,1.0,5,2023-05-01
2023,Ecuador,May,6.0,5,2023-05-01
2023,Egypt,May,164.0,5,2023-05-01
2023,El Salvador,May,4.0,5,2023-05-01
2023,Eritrea,May,4.0,5,2023-05-01
2023,Estonia,May,35.0,5,2023-05-01
2023,Ethiopia,May,5.0,5,2023-05-01
2023,Fiji,May,8.0,5,2023-05-01
2023,Finland,May,93.0,5,2023-05-01
2023,France,May,2414.0,5,2023-05-01
2023,Gabon,May,0.0,5,2023-05-01
2023,"Gambia, The",May,0.0,5,2023-05-01
2023,Georgia,May,51.0,5,2023-05-01
2023,Germany,May,6854.0,5,2023-05-01
2023,Ghana,May,5.0,5,2023-05-01
2023,Greece,May,48.0,5,2023-05-01
2023,Grenada,May,1.0,5,2023-05-01
2023,Guatemala,May,1.0,5,2023-05-01
2023,Guinea,May,0.0,5,2023-05-01
2023,Guyana,May,1.0,5,2023-05-01
2023,Haiti,May,0.0,5,2023-05-01
2023,Honduras,May,2.0,5,2023-05-01
2023,Hungary,May,72.0,5,2023-05-01
2023,Iceland,May,16.0,5,2023-05-01
2023,India,May,23016.0,5,2023-05-01
2023,Indonesia,May,142.0,5,2023-05-01
2023,Iran,May,259.0,5,2023-05-01
2023,Iraq,May,58.0,5,2023-05-01
2023,Ireland,May,186.0,5,2023-05-01
2023,Israel,May,863.0,5,2023-05-01
2023,Italy,May,680.0,5,2023-05-01
2023,Jamaica,May,3.0,5,2023-05-01
2023,Japan,May,876.0,5,2023-05-01
2023,Jordan,May,249.0,5,2023-05-01
2023,Kazakhstan,May,75.0,5,2023-05-01
2023,Kenya,May,24.0,5,2023-05-01
2023,Kiribati,May,0.0,5,2023-05-01
2023,Kosovar,May,9.0,5,2023-05-01
2023,Kuwait,May,99.0,5,2023-05-01
2023,Kyrgyzstan,May,36.0,5,2023-05-01
2023,"Lao, People's Democratic Republic",May,8.0,5,2023-05-01
2023,Latvia,May,39.0,5,2023-05-01
2023,Lebanon,May,161.0,5,2023-05-01
2023,Lesotho,May,0.0,5,2023-05-01
2023,Liberia,May,0.0,5,2023-05-01
2023,Libya(Libyan Arab Jamahir),May,5.0,5,2023-05-01
2023,Liechtenstein,May,10.0,5,2023-05-01
2023,Lithuania,May,59.0,5,2023-05-01
2023,Luxembourg,May,33.0,5,2023-05-01
2023,Macedonia,May,4.0,5,2023-05-01
2023,Madagascar,May,9.0,5,2023-05-01
2023,Malawi,May,4.0,5,2023-05-01
2023,Malaysia,May,895.0,5,2023-05-01
2023,Maldives,May,2438.0,5,2023-05-01
2023,Mali,May,1.0,5,2023-05-01
2023,Malta,May,17.0,5,2023-05-01
2023,Marshall Islands,May,0.0,5,2023-05-01
2023,Mauritania,May,0.0,5,2023-05-01
2023,Mauritius,May,25.0,5,2023-05-01
2023,Mexico,May,46.0,5,2023-05-01
2023,Moldova,May,14.0,5,2023-05-01
2023,Monaco,May,0.0,5,2023-05-01
2023,Mongolia,May,2.0,5,2023-05-01
2023,Montenegro,May,2.0,5,2023-05-01
2023,Morocco,May,40.0,5,2023-05-01
2023,Mozambique,May,0.0,5,2023-05-01
2023,Myanmar,May,90.0,5,2023-05-01
2023,Namibia,May,4.0,5,2023-05-01
2023,Nauru,May,0.0,5,2023-05-01
2023,Nepal,May,361.0,5,2023-05-01
2023,Netherlands,May,1072.0,5,2023-05-01
2023,New Zealand,May,540.0,5,2023-05-01
2023,Nicaragua,May,1.0,5,2023-05-01
2023,Niger,May,1.0,5,2023-05-01
2023,Nigeria,May,4.0,5,2023-05-01
2023,Norway,May,344.0,5,2023-05-01
2023,Oman,May,93.0,5,2023-05-01
2023,Pakistan,May,580.0,5,2023-05-01
2023,Palau,May,0.0,5,2023-05-01
2023,Palestinian Territories,May,41.0,5,2023-05-01
2023,Panama,May,1.0,5,2023-05-01
2023,Papua New Guinea,May,0.0,5,2023-05-01
2023,Paraguay,May,2.0,5,2023-05-01
2023,Peru,May,6.0,5,2023-05-01
2023,Philippines,May,300.0,5,2023-05-01
2023,Poland,May,616.0,5,2023-05-01
2023,Portugal,May,155.0,5,2023-05-01
2023,Qatar,May,25.0,5,2023-05-01
2023,Romania,May,163.0,5,2023-05-01
2023,Russian Federation,May,7760.0,5,2023-05-01
2023,Rwanda,May,3.0,5,2023-05-01
2023,Saint Kitts and Nevis,May,7.0,5,2023-05-01
2023,Saint Lucia,May,0.0,5,2023-05-01
2023,Saint Vincent The Grenadi,May,0.0,5,2023-05-01
2023,Samoa,May,0.0,5,2023-05-01
2023,San Marino,May,1.0,5,2023-05-01
2023,Saudi Arabia,May,372.0,5,2023-05-01
2023,Senegal,May,0.0,5,2023-05-01
2023,Serbia,May,41.0,5,2023-05-01
2023,Seychelles,May,30.0,5,2023-05-01
2023,Sierra Leone,May,0.0,5,2023-05-01
2023,Singapore,May,691.0,5,2023-05-01
2023,Slovakia(Slovak Republic),May,172.0,5,2023-05-01
2023,Slovenia,May,25.0,5,2023-05-01
2023,Solomon Islands,May,0.0,5,2023-05-01
2023,Somalia,May,4.0,5,2023-05-01
2023,South Africa-Zuid Afrika,May,145.0,5,2023-05-01
2023,South Korea,May,498.0,5,2023-05-01
2023,South Sudan,May,8.0,5,2023-05-01
2023,Spain,May,857.0,5,2023-05-01
2023,Sudan,May,31.0,5,2023-05-01
2023,Suriname,May,0.0,5,2023-05-01
2023,Swaziland,May,2.0,5,2023-05-01
2023,Sweden,May,287.0,5,2023-05-01
2023,Switzerland,May,1208.0,5,2023-05-01
2023,Syrian Arab Republic,May,2.0,5,2023-05-01
2023,Taiwan Province of China,May,211.0,5,2023-05-01
2023,Tajikistan,May,11.0,5,2023-05-01
2023,Tanzania,May,9.0,5,2023-05-01
2023,Thailand,May,455.0,5,2023-05-01
2023,Timor-Leste,May,0.0,5,2023-05-01
2023,Togo,May,1.0,5,2023-05-01
2023,Tonga,May,4.0,5,2023-05-01
2023,Trinidad and Tobago,May,5.0,5,2023-05-01
2023,Tunisia,May,27.0,5,2023-05-01
2023,Turkey,May,141.0,5,2023-05-01
2023,Turkmenistan,May,7.0,5,2023-05-01
2023,Tuvalu,May,0.0,5,2023-05-01
2023,Uganda,May,7.0,5,2023-05-01
2023,Ukraine,May,167.0,5,2023-05-01
2023,United Arab Emirates,May,155.0,5,2023-05-01
2023,United Kingdom,May,5987.0,5,2023-05-01
2023,United States,May,3240.0,5,2023-05-01
2023,Uruguay,May,5.0,5,2023-05-01
2023,Uzbekistan,May,26.0,5,2023-05-01
2023,Vanuatu,May,3.0,5,2023-05-01
2023,Venezuela,May,3.0,5,2023-05-01
2023,Viet Nam,May,233.0,5,2023-05-01
2023,Yemen (Yemen Arab Republic),May,25.0,5,2023-05-01
2023,Zambia(Northern Rhodesia),May,3.0,5,2023-05-01
2023,Zimbabwe,May,10.0,5,2023-05-01
2023,Afghanistan,June,6.0,6,2023-06-01
2023,Albania,June,9.0,6,2023-06-01
2023,Algeria,June,25.0,6,2023-06-01
2023,Andorra,June,2.0,6,2023-06-01
2023,Angola,June,0.0,6,2023-06-01
2023,Antigua and Barbuda,June,0.0,6,2023-06-01
2023,Argentina,June,37.0,6,2023-06-01
2023,Armenia,June,85.0,6,2023-06-01
2023,Aruba,June,0.0,6,2023-06-01
2023,Australia,June,6195.0,6,2023-06-01
2023,Austria,June,299.0,6,2023-06-01
2023,Azerbaijan,June,71.0,6,2023-06-01
2023,Bahamas,June,2.0,6,2023-06-01
2023,Bahrain,June,171.0,6,2023-06-01
2023,Bangladesh,June,1072.0,6,2023-06-01
2023,Barbados,June,1.0,6,2023-06-01
2023,Belarus,June,441.0,6,2023-06-01
2023,Belgium,June,438.0,6,2023-06-01
2023,Belize,June,1.0,6,2023-06-01
2023,Benin,June,0.0,6,2023-06-01
2023,Bhutan,June,39.0,6,2023-06-01
2023,Bolivia,June,2.0,6,2023-06-01
2023,Bosnia and Herzegovina,June,3.0,6,2023-06-01
2023,Botswana,June,3.0,6,2023-06-01
2023,Brazil,June,84.0,6,2023-06-01
2023,Brunei Darussalam,June,3.0,6,2023-06-01
2023,Bulgaria,June,16.0,6,2023-06-01
2023,Burkina Faso,June,0.0,6,2023-06-01
2023,Burundi,June,0.0,6,2023-06-01
2023,Cambodia,June,75.0,6,2023-06-01
2023,Cameroon,June,2.0,6,2023-06-01
2023,Canada,June,4509.0,6,2023-06-01
2023,Cape Verde,June,0.0,6,2023-06-01
2023,Central African Republic,June,0.0,6,2023-06-01
2023,Chad,June,0.0,6,2023-06-01
2023,Chile,June,42.0,6,2023-06-01
2023,China,June,5105.0,6,2023-06-01
2023,Colombia,June,42.0,6,2023-06-01
2023,Comoros,June,12.0,6,2023-06-01
2023,"Congo, The Democratic Republic",June,3.0,6,2023-06-01
2023,Costa Rica,June,7.0,6,2023-06-01
2023,Cote Divoire,June,1.0,6,2023-06-01
2023,Croatia,June,23.0,6,2023-06-01
2023,Cuba,June,2.0,6,2023-06-01
2023,Cyprus,June,49.0,6,2023-06-01
2023,Czech Republic,June,277.0,6,2023-06-01
2023,Denmark,June,680.0,6,2023-06-01
2023,Djibouti,June,1.0,6,2023-06-01
2023,Dominica,June,7.0,6,2023-06-01
2023,Dominican Republic,June,3.0,6,2023-06-01
2023,Ecuador,June,8.0,6,2023-06-01
2023,Egypt,June,260.0,6,2023-06-01
2023,El Salvador,June,2.0,6,2023-06-01
2023,Eritrea,June,3.0,6,2023-06-01
2023,Estonia,June,19.0,6,2023-06-01
2023,Ethiopia,June,12.0,6,2023-06-01
2023,Fiji,June,9.0,6,2023-06-01
2023,Finland,June,116.0,6,2023-06-01
2023,France,June,2895.0,6,2023-06-01
2023,Gabon,June,1.0,6,2023-06-01
2023,"Gambia, The",June,0.0,6,2023-06-01
2023,Georgia,June,44.0,6,2023-06-01
2023,Germany,June,5090.0,6,2023-06-01
2023,Ghana,June,3.0,6,2023-06-01
2023,Greece,June,38.0,6,2023-06-01
2023,Grenada,June,0.0,6,2023-06-01
2023,Guatemala,June,0.0,6,2023-06-01
2023,Guinea,June,1.0,6,2023-06-01
2023,Guyana,June,1.0,6,2023-06-01
2023,Haiti,June,1.0,6,2023-06-01
2023,Honduras,June,2.0,6,2023-06-01
2023,Hungary,June,98.0,6,2023-06-01
2023,Iceland,June,11.0,6,2023-06-01
2023,India,June,26830.0,6,2023-06-01
2023,Indonesia,June,200.0,6,2023-06-01
2023,Iran,June,330.0,6,2023-06-01
2023,Iraq,June,85.0,6,2023-06-01
2023,Ireland,June,423.0,6,2023-06-01
2023,Israel,June,856.0,6,2023-06-01
2023,Italy,June,1265.0,6,2023-06-01
2023,Jamaica,June,7.0,6,2023-06-01
2023,Japan,June,1017.0,6,2023-06-01
2023,Jordan,June,396.0,6,2023-06-01
2023,Kazakhstan,June,96.0,6,2023-06-01
2023,Kenya,June,35.0,6,2023-06-01
2023,Kiribati,June,2.0,6,2023-06-01
2023,Kosovar,June,0.0,6,2023-06-01
2023,Kuwait,June,183.0,6,2023-06-01
2023,Kyrgyzstan,June,30.0,6,2023-06-01
2023,"Lao, People's Democratic Republic",June,7.0,6,2023-06-01
2023,Latvia,June,31.0,6,2023-06-01
2023,Lebanon,June,279.0,6,2023-06-01
2023,Lesotho,June,2.0,6,2023-06-01
2023,Liberia,June,1.0,6,2023-06-01
2023,Libya(Libyan Arab Jamahir),June,3.0,6,2023-06-01
2023,Liechtenstein,June,3.0,6,2023-06-01
2023,Lithuania,June,77.0,6,2023-06-01
2023,Luxembourg,June,14.0,6,2023-06-01
2023,Macedonia,June,15.0,6,2023-06-01
2023,Madagascar,June,10.0,6,2023-06-01
2023,Malawi,June,2.0,6,2023-06-01
2023,Malaysia,June,779.0,6,2023-06-01
2023,Maldives,June,4080.0,6,2023-06-01
2023,Mali,June,1.0,6,2023-06-01
2023,Malta,June,32.0,6,2023-06-01
2023,Marshall Islands,June,0.0,6,2023-06-01
2023,Mauritania,June,0.0,6,2023-06-01
2023,Mauritius,June,29.0,6,2023-06-01
2023,Mexico,June,34.0,6,2023-06-01
2023,Moldova,June,17.0,6,2023-06-01
2023,Monaco,June,1.0,6,2023-06-01
2023,Mongolia,June,7.0,6,2023-06-01
2023,Montenegro,June,1.0,6,2023-06-01
2023,Morocco,June,86.0,6,2023-06-01
2023,Mozambique,June,1.0,6,2023-06-01
2023,Myanmar,June,53.0,6,2023-06-01
2023,Namibia,June,1.0,6,2023-06-01
2023,Nauru,June,5.0,6,2023-06-01
2023,Nepal,June,374.0,6,2023-06-01
2023,Netherlands,June,1258.0,6,2023-06-01
2023,New Zealand,June,853.0,6,2023-06-01
2023,Nicaragua,June,1.0,6,2023-06-01
2023,Niger,June,0.0,6,2023-06-01
2023,Nigeria,June,15.0,6,2023-06-01
2023,Norway,June,1281.0,6,2023-06-01
2023,Oman,June,212.0,6,2023-06-01
2023,Pakistan,June,711.0,6,2023-06-01
2023,Palau,June,0.0,6,2023-06-01
2023,Palestinian Territories,June,65.0,6,2023-06-01
2023,Panama,June,2.0,6,2023-06-01
2023,Papua New Guinea,June,8.0,6,2023-06-01
2023,Paraguay,June,2.0,6,2023-06-01
2023,Peru,June,8.0,6,2023-06-01
2023,Philippines,June,410.0,6,2023-06-01
2023,Poland,June,702.0,6,2023-06-01
2023,Portugal,June,181.0,6,2023-06-01
2023,Qatar,June,145.0,6,2023-06-01
2023,Romania,June,148.0,6,2023-06-01
2023,Russian Federation,June,7968.0,6,2023-06-01
2023,Rwanda,June,3.0,6,2023-06-01
2023,Saint Kitts and Nevis,June,12.0,6,2023-06-01
2023,Saint Lucia,June,0.0,6,2023-06-01
2023,Saint Vincent The Grenadi,June,0.0,6,2023-06-01
2023,Samoa,June,0.0,6,2023-06-01
2023,San Marino,June,0.0,6,2023-06-01
2023,Saudi Arabia,June,595.0,6,2023-06-01
2023,Senegal,June,1.0,6,2023-06-01
2023,Serbia,June,31.0,6,2023-06-01
2023,Seychelles,June,110.0,6,2023-06-01
2023,Sierra Leone,June,0.0,6,2023-06-01
2023,Singapore,June,1164.0,6,2023-06-01
2023,Slovakia(Slovak Republic),June,129.0,6,2023-06-01
2023,Slovenia,June,49.0,6,2023-06-01
2023,Solomon Islands,June,1.0,6,2023-06-01
2023,Somalia,June,4.0,6,2023-06-01
2023,South Africa-Zuid Afrika,June,291.0,6,2023-06-01
2023,South Korea,June,516.0,6,2023-06-01
2023,South Sudan,June,1.0,6,2023-06-01
2023,Spain,June,1229.0,6,2023-06-01
2023,Sudan,June,73.0,6,2023-06-01
2023,Suriname,June,2.0,6,2023-06-01
2023,Swaziland,June,0.0,6,2023-06-01
2023,Sweden,June,622.0,6,2023-06-01
2023,Switzerland,June,1334.0,6,2023-06-01
2023,Syrian Arab Republic,June,1.0,6,2023-06-01
2023,Taiwan Province of China,June,637.0,6,2023-06-01
2023,Tajikistan,June,11.0,6,2023-06-01
2023,Tanzania,June,8.0,6,2023-06-01
2023,Thailand,June,414.0,6,2023-06-01
2023,Timor-Leste,June,6.0,6,2023-06-01
2023,Togo,June,1.0,6,2023-06-01
2023,Tonga,June,0.0,6,2023-06-01
2023,Trinidad and Tobago,June,4.0,6,2023-06-01
2023,Tunisia,June,50.0,6,2023-06-01
2023,Turkey,June,275.0,6,2023-06-01
2023,Turkmenistan,June,5.0,6,2023-06-01
2023,Tuvalu,June,0.0,6,2023-06-01
2023,Uganda,June,15.0,6,2023-06-01
2023,Ukraine,June,200.0,6,2023-06-01
2023,United Arab Emirates,June,404.0,6,2023-06-01
2023,United Kingdom,June,7981.0,6,2023-06-01
2023,United States,June,3806.0,6,2023-06-01
2023,Uruguay,June,5.0,6,2023-06-01
2023,Uzbekistan,June,33.0,6,2023-06-01
2023,Vanuatu,June,2.0,6,2023-06-01
2023,Venezuela,June,8.0,6,2023-06-01
2023,Viet Nam,June,192.0,6,2023-06-01
2023,Yemen (Yemen Arab Republic),June,23.0,6,2023-06-01
2023,Zambia(Northern Rhodesia),June,2.0,6,2023-06-01
2023,Zimbabwe,June,9.0,6,2023-06-01
2023,Afghanistan,July,30.0,7,2023-07-01
2023,Albania,July,12.0,7,2023-07-01
2023,Algeria,July,29.0,7,2023-07-01
2023,Andorra,July,7.0,7,2023-07-01
2023,Angola,July,1.0,7,2023-07-01
2023,Antigua and Barbuda,July,1.0,7,2023-07-01
2023,Argentina,July,34.0,7,2023-07-01
2023,Armenia,July,123.0,7,2023-07-01
2023,Aruba,July,0.0,7,2023-07-01
2023,Australia,July,5323.0,7,2023-07-01
2023,Austria,July,979.0,7,2023-07-01
2023,Azerbaijan,July,191.0,7,2023-07-01
2023,Bahamas,July,3.0,7,2023-07-01
2023,Bahrain,July,204.0,7,2023-07-01
2023,Bangladesh,July,1520.0,7,2023-07-01
2023,Barbados,July,1.0,7,2023-07-01
2023,Belarus,July,453.0,7,2023-07-01
2023,Belgium,July,2259.0,7,2023-07-01
2023,Belize,July,0.0,7,2023-07-01
2023,Benin,July,0.0,7,2023-07-01
2023,Bhutan,July,41.0,7,2023-07-01
2023,Bolivia,July,2.0,7,2023-07-01
2023,Bosnia and Herzegovina,July,10.0,7,2023-07-01
2023,Botswana,July,11.0,7,2023-07-01
2023,Brazil,July,69.0,7,2023-07-01
2023,Brunei Darussalam,July,5.0,7,2023-07-01
2023,Bulgaria,July,45.0,7,2023-07-01
2023,Burkina Faso,July,0.0,7,2023-07-01
2023,Burundi,July,1.0,7,2023-07-01
2023,Cambodia,July,47.0,7,2023-07-01
2023,Cameroon,July,2.0,7,2023-07-01
2023,Canada,July,5737.0,7,2023-07-01
2023,Cape Verde,July,1.0,7,2023-07-01
2023,Central African Republic,July,0.0,7,2023-07-01
2023,Chad,July,0.0,7,2023-07-01
2023,Chile,July,27.0,7,2023-07-01
2023,China,July,10062.0,7,2023-07-01
2023,Colombia,July,22.0,7,2023-07-01
2023,Comoros,July,16.0,7,2023-07-01
2023,"Congo, The Democratic Republic",July,2.0,7,2023-07-01
2023,Costa Rica,July,3.0,7,2023-07-01
2023,Cote Divoire,July,0.0,7,2023-07-01
2023,Croatia,July,59.0,7,2023-07-01
2023,Cuba,July,2.0,7,2023-07-01
2023,Cyprus,July,112.0,7,2023-07-01
2023,Czech Republic,July,789.0,7,2023-07-01
2023,Denmark,July,1721.0,7,2023-07-01
2023,Djibouti,July,2.0,7,2023-07-01
2023,Dominica,July,6.0,7,2023-07-01
2023,Dominican Republic,July,1.0,7,2023-07-01
2023,Ecuador,July,6.0,7,2023-07-01
2023,Egypt,July,292.0,7,2023-07-01
2023,El Salvador,July,5.0,7,2023-07-01
2023,Eritrea,July,1.0,7,2023-07-01
2023,Estonia,July,15.0,7,2023-07-01
2023,Ethiopia,July,19.0,7,2023-07-01
2023,Fiji,July,18.0,7,2023-07-01
2023,Finland,July,106.0,7,2023-07-01
2023,France,July,7432.0,7,2023-07-01
2023,Gabon,July,0.0,7,2023-07-01
2023,"Gambia, The",July,0.0,7,2023-07-01
2023,Georgia,July,24.0,7,2023-07-01
2023,Germany,July,8013.0,7,2023-07-01
2023,Ghana,July,1.0,7,2023-07-01
2023,Greece,July,101.0,7,2023-07-01
2023,Grenada,July,0.0,7,2023-07-01
2023,Guatemala,July,4.0,7,2023-07-01
2023,Guinea,July,2.0,7,2023-07-01
2023,Guyana,July,0.0,7,2023-07-01
2023,Haiti,July,1.0,7,2023-07-01
2023,Honduras,July,1.0,7,2023-07-01
2023,Hungary,July,200.0,7,2023-07-01
2023,Iceland,July,27.0,7,2023-07-01
2023,India,July,23461.0,7,2023-07-01
2023,Indonesia,July,249.0,7,2023-07-01
2023,Iran,July,264.0,7,2023-07-01
2023,Iraq,July,100.0,7,2023-07-01
2023,Ireland,July,517.0,7,2023-07-01
2023,Israel,July,1919.0,7,2023-07-01
2023,Italy,July,2370.0,7,2023-07-01
2023,Jamaica,July,3.0,7,2023-07-01
2023,Japan,July,1454.0,7,2023-07-01
2023,Jordan,July,545.0,7,2023-07-01
2023,Kazakhstan,July,106.0,7,2023-07-01
2023,Kenya,July,44.0,7,2023-07-01
2023,Kiribati,July,0.0,7,2023-07-01
2023,Kosovar,July,5.0,7,2023-07-01
2023,Kuwait,July,259.0,7,2023-07-01
2023,Kyrgyzstan,July,61.0,7,2023-07-01
2023,"Lao, People's Democratic Republic",July,6.0,7,2023-07-01
2023,Latvia,July,31.0,7,2023-07-01
2023,Lebanon,July,321.0,7,2023-07-01
2023,Lesotho,July,2.0,7,2023-07-01
2023,Liberia,July,0.0,7,2023-07-01
2023,Libya(Libyan Arab Jamahir),July,3.0,7,2023-07-01
2023,Liechtenstein,July,10.0,7,2023-07-01
2023,Lithuania,July,113.0,7,2023-07-01
2023,Luxembourg,July,61.0,7,2023-07-01
2023,Macedonia,July,13.0,7,2023-07-01
2023,Madagascar,July,9.0,7,2023-07-01
2023,Malawi,July,1.0,7,2023-07-01
2023,Malaysia,July,915.0,7,2023-07-01
2023,Maldives,July,6286.0,7,2023-07-01
2023,Mali,July,1.0,7,2023-07-01
2023,Malta,July,39.0,7,2023-07-01
2023,Marshall Islands,July,0.0,7,2023-07-01
2023,Mauritania,July,0.0,7,2023-07-01
2023,Mauritius,July,21.0,7,2023-07-01
2023,Mexico,July,44.0,7,2023-07-01
2023,Moldova,July,13.0,7,2023-07-01
2023,Monaco,July,0.0,7,2023-07-01
2023,Mongolia,July,11.0,7,2023-07-01
2023,Montenegro,July,1.0,7,2023-07-01
2023,Morocco,July,81.0,7,2023-07-01
2023,Mozambique,July,7.0,7,2023-07-01
2023,Myanmar,July,93.0,7,2023-07-01
2023,Namibia,July,1.0,7,2023-07-01
2023,Nauru,July,0.0,7,2023-07-01
2023,Nepal,July,375.0,7,2023-07-01
2023,Netherlands,July,6796.0,7,2023-07-01
2023,New Zealand,July,734.0,7,2023-07-01
2023,Nicaragua,July,0.0,7,2023-07-01
2023,Niger,July,0.0,7,2023-07-01
2023,Nigeria,July,9.0,7,2023-07-01
2023,Norway,July,1643.0,7,2023-07-01
2023,Oman,July,427.0,7,2023-07-01
2023,Pakistan,July,1223.0,7,2023-07-01
2023,Palau,July,0.0,7,2023-07-01
2023,Palestinian Territories,July,76.0,7,2023-07-01
2023,Panama,July,1.0,7,2023-07-01
2023,Papua New Guinea,July,1.0,7,2023-07-01
2023,Paraguay,July,4.0,7,2023-07-01
2023,Peru,July,21.0,7,2023-07-01
2023,Philippines,July,448.0,7,2023-07-01
2023,Poland,July,999.0,7,2023-07-01
2023,Portugal,July,282.0,7,2023-07-01
2023,Qatar,July,179.0,7,2023-07-01
2023,Romania,July,172.0,7,2023-07-01
2023,Russian Federation,July,8009.0,7,2023-07-01
2023,Rwanda,July,1.0,7,2023-07-01
2023,Saint Kitts and Nevis,July,3.0,7,2023-07-01
2023,Saint Lucia,July,0.0,7,2023-07-01
2023,Saint Vincent The Grenadi,July,0.0,7,2023-07-01
2023,Samoa,July,0.0,7,2023-07-01
2023,San Marino,July,0.0,7,2023-07-01
2023,Saudi Arabia,July,1564.0,7,2023-07-01
2023,Senegal,July,0.0,7,2023-07-01
2023,Serbia,July,63.0,7,2023-07-01
2023,Seychelles,July,267.0,7,2023-07-01
2023,Sierra Leone,July,2.0,7,2023-07-01
2023,Singapore,July,656.0,7,2023-07-01
2023,Slovakia(Slovak Republic),July,254.0,7,2023-07-01
2023,Slovenia,July,351.0,7,2023-07-01
2023,Solomon Islands,July,0.0,7,2023-07-01
2023,Somalia,July,6.0,7,2023-07-01
2023,South Africa-Zuid Afrika,July,232.0,7,2023-07-01
2023,South Korea,July,628.0,7,2023-07-01
2023,South Sudan,July,3.0,7,2023-07-01
2023,Spain,July,2751.0,7,2023-07-01
2023,Sudan,July,154.0,7,2023-07-01
2023,Suriname,July,4.0,7,2023-07-01
2023,Swaziland,July,1.0,7,2023-07-01
2023,Sweden,July,560.0,7,2023-07-01
2023,Switzerland,July,4329.0,7,2023-07-01
2023,Syrian Arab Republic,July,0.0,7,2023-07-01
2023,Taiwan Province of China,July,411.0,7,2023-07-01
2023,Tajikistan,July,11.0,7,2023-07-01
2023,Tanzania,July,9.0,7,2023-07-01
2023,Thailand,July,633.0,7,2023-07-01
2023,Timor-Leste,July,7.0,7,2023-07-01
2023,Togo,July,1.0,7,2023-07-01
2023,Tonga,July,1.0,7,2023-07-01
2023,Trinidad and Tobago,July,2.0,7,2023-07-01
2023,Tunisia,July,71.0,7,2023-07-01
2023,Turkey,July,251.0,7,2023-07-01
2023,Turkmenistan,July,11.0,7,2023-07-01
2023,Tuvalu,July,1.0,7,2023-07-01
2023,Uganda,July,27.0,7,2023-07-01
2023,Ukraine,July,185.0,7,2023-07-01
2023,United Arab Emirates,July,576.0,7,2023-07-01
2023,United Kingdom,July,17482.0,7,2023-07-01
2023,United States,July,4120.0,7,2023-07-01
2023,Uruguay,July,7.0,7,2023-07-01
2023,Uzbekistan,July,48.0,7,2023-07-01
2023,Vanuatu,July,4.0,7,2023-07-01
2023,Venezuela,July,9.0,7,2023-07-01
2023,Viet Nam,July,195.0,7,2023-07-01
2023,Yemen (Yemen Arab Republic),July,55.0,7,2023-07-01
2023,Zambia(Northern Rhodesia),July,5.0,7,2023-07-01
2023,Zimbabwe,July,16.0,7,2023-07-01
2023,Afghanistan,August,41.0,8,2023-08-01
2023,Albania,August,9.0,8,2023-08-01
2023,Algeria,August,36.0,8,2023-08-01
2023,Andorra,August,15.0,8,2023-08-01
2023,Angola,August,1.0,8,2023-08-01
2023,Antigua and Barbuda,August,6.0,8,2023-08-01
2023,Argentina,August,52.0,8,2023-08-01
2023,Armenia,August,144.0,8,2023-08-01
2023,Aruba,August,0.0,8,2023-08-01
2023,Australia,August,5522.0,8,2023-08-01
2023,Austria,August,866.0,8,2023-08-01
2023,Azerbaijan,August,156.0,8,2023-08-01
2023,Bahamas,August,0.0,8,2023-08-01
2023,Bahrain,August,176.0,8,2023-08-01
2023,Bangladesh,August,1533.0,8,2023-08-01
2023,Barbados,August,5.0,8,2023-08-01
2023,Belarus,August,497.0,8,2023-08-01
2023,Belgium,August,1330.0,8,2023-08-01
2023,Belize,August,1.0,8,2023-08-01
2023,Benin,August,1.0,8,2023-08-01
2023,Bhutan,August,60.0,8,2023-08-01
2023,Bolivia,August,2.0,8,2023-08-01
2023,Bosnia and Herzegovina,August,15.0,8,2023-08-01
2023,Botswana,August,2.0,8,2023-08-01
2023,Brazil,August,77.0,8,2023-08-01
2023,Brunei Darussalam,August,2.0,8,2023-08-01
2023,Bulgaria,August,46.0,8,2023-08-01
2023,Burkina Faso,August,1.0,8,2023-08-01
2023,Burundi,August,2.0,8,2023-08-01
2023,Cambodia,August,9.0,8,2023-08-01
2023,Cameroon,August,2.0,8,2023-08-01
2023,Canada,August,4735.0,8,2023-08-01
2023,Cape Verde,August,0.0,8,2023-08-01
2023,Central African Republic,August,0.0,8,2023-08-01
2023,Chad,August,0.0,8,2023-08-01
2023,Chile,August,28.0,8,2023-08-01
2023,China,August,9262.0,8,2023-08-01
2023,Colombia,August,52.0,8,2023-08-01
2023,Comoros,August,6.0,8,2023-08-01
2023,"Congo, The Democratic Republic",August,2.0,8,2023-08-01
2023,Costa Rica,August,2.0,8,2023-08-01
2023,Cote Divoire,August,1.0,8,2023-08-01
2023,Croatia,August,73.0,8,2023-08-01
2023,Cuba,August,2.0,8,2023-08-01
2023,Cyprus,August,282.0,8,2023-08-01
2023,Czech Republic,August,525.0,8,2023-08-01
2023,Denmark,August,552.0,8,2023-08-01
2023,Djibouti,August,0.0,8,2023-08-01
2023,Dominica,August,4.0,8,2023-08-01
2023,Dominican Republic,August,1.0,8,2023-08-01
2023,Ecuador,August,4.0,8,2023-08-01
2023,Egypt,August,239.0,8,2023-08-01
2023,El Salvador,August,4.0,8,2023-08-01
2023,Eritrea,August,4.0,8,2023-08-01
2023,Estonia,August,26.0,8,2023-08-01
2023,Ethiopia,August,6.0,8,2023-08-01
2023,Fiji,August,18.0,8,2023-08-01
2023,Finland,August,61.0,8,2023-08-01
2023,France,August,6223.0,8,2023-08-01
2023,Gabon,August,0.0,8,2023-08-01
2023,"Gambia, The",August,2.0,8,2023-08-01
2023,Georgia,August,45.0,8,2023-08-01
2023,Germany,August,8472.0,8,2023-08-01
2023,Ghana,August,0.0,8,2023-08-01
2023,Greece,August,307.0,8,2023-08-01
2023,Grenada,August,2.0,8,2023-08-01
2023,Guatemala,August,2.0,8,2023-08-01
2023,Guinea,August,0.0,8,2023-08-01
2023,Guyana,August,3.0,8,2023-08-01
2023,Haiti,August,0.0,8,2023-08-01
2023,Honduras,August,1.0,8,2023-08-01
2023,Hungary,August,166.0,8,2023-08-01
2023,Iceland,August,5.0,8,2023-08-01
2023,India,August,30593.0,8,2023-08-01
2023,Indonesia,August,208.0,8,2023-08-01
2023,Iran,August,279.0,8,2023-08-01
2023,Iraq,August,103.0,8,2023-08-01
2023,Ireland,August,380.0,8,2023-08-01
2023,Israel,August,3396.0,8,2023-08-01
2023,Italy,August,5110.0,8,2023-08-01
2023,Jamaica,August,7.0,8,2023-08-01
2023,Japan,August,2604.0,8,2023-08-01
2023,Jordan,August,389.0,8,2023-08-01
2023,Kazakhstan,August,75.0,8,2023-08-01
2023,Kenya,August,106.0,8,2023-08-01
2023,Kiribati,August,0.0,8,2023-08-01
2023,Kosovar,August,2.0,8,2023-08-01
2023,Kuwait,August,293.0,8,2023-08-01
2023,Kyrgyzstan,August,44.0,8,2023-08-01
2023,"Lao, People's Democratic Republic",August,9.0,8,2023-08-01
2023,Latvia,August,31.0,8,2023-08-01
2023,Lebanon,August,250.0,8,2023-08-01
2023,Lesotho,August,0.0,8,2023-08-01
2023,Liberia,August,0.0,8,2023-08-01
2023,Libya(Libyan Arab Jamahir),August,11.0,8,2023-08-01
2023,Liechtenstein,August,2.0,8,2023-08-01
2023,Lithuania,August,91.0,8,2023-08-01
2023,Luxembourg,August,78.0,8,2023-08-01
2023,Macedonia,August,9.0,8,2023-08-01
2023,Madagascar,August,8.0,8,2023-08-01
2023,Malawi,August,1.0,8,2023-08-01
2023,Malaysia,August,1207.0,8,2023-08-01
2023,Maldives,August,2596.0,8,2023-08-01
2023,Mali,August,2.0,8,2023-08-01
2023,Malta,August,77.0,8,2023-08-01
2023,Marshall Islands,August,5.0,8,2023-08-01
2023,Mauritania,August,0.0,8,2023-08-01
2023,Mauritius,August,23.0,8,2023-08-01
2023,Mexico,August,45.0,8,2023-08-01
2023,Moldova,August,8.0,8,2023-08-01
2023,Monaco,August,1.0,8,2023-08-01
2023,Mongolia,August,8.0,8,2023-08-01
2023,Montenegro,August,9.0,8,2023-08-01
2023,Morocco,August,82.0,8,2023-08-01
2023,Mozambique,August,2.0,8,2023-08-01
2023,Myanmar,August,355.0,8,2023-08-01
2023,Namibia,August,1.0,8,2023-08-01
2023,Nauru,August,3.0,8,2023-08-01
2023,Nepal,August,476.0,8,2023-08-01
2023,Netherlands,August,3429.0,8,2023-08-01
2023,New Zealand,August,575.0,8,2023-08-01
2023,Nicaragua,August,0.0,8,2023-08-01
2023,Niger,August,1.0,8,2023-08-01
2023,Nigeria,August,7.0,8,2023-08-01
2023,Norway,August,481.0,8,2023-08-01
2023,Oman,August,386.0,8,2023-08-01
2023,Pakistan,August,1264.0,8,2023-08-01
2023,Palau,August,2.0,8,2023-08-01
2023,Palestinian Territories,August,133.0,8,2023-08-01
2023,Panama,August,0.0,8,2023-08-01
2023,Papua New Guinea,August,2.0,8,2023-08-01
2023,Paraguay,August,4.0,8,2023-08-01
2023,Peru,August,10.0,8,2023-08-01
2023,Philippines,August,468.0,8,2023-08-01
2023,Poland,August,1029.0,8,2023-08-01
2023,Portugal,August,368.0,8,2023-08-01
2023,Qatar,August,134.0,8,2023-08-01
2023,Romania,August,304.0,8,2023-08-01
2023,Russian Federation,August,6853.0,8,2023-08-01
2023,Rwanda,August,1.0,8,2023-08-01
2023,Saint Kitts and Nevis,August,12.0,8,2023-08-01
2023,Saint Lucia,August,1.0,8,2023-08-01
2023,Saint Vincent The Grenadi,August,7.0,8,2023-08-01
2023,Samoa,August,1.0,8,2023-08-01
2023,San Marino,August,3.0,8,2023-08-01
2023,Saudi Arabia,August,708.0,8,2023-08-01
2023,Senegal,August,3.0,8,2023-08-01
2023,Serbia,August,88.0,8,2023-08-01
2023,Seychelles,August,243.0,8,2023-08-01
2023,Sierra Leone,August,1.0,8,2023-08-01
2023,Singapore,August,904.0,8,2023-08-01
2023,Slovakia(Slovak Republic),August,227.0,8,2023-08-01
2023,Slovenia,August,154.0,8,2023-08-01
2023,Solomon Islands,August,0.0,8,2023-08-01
2023,Somalia,August,2.0,8,2023-08-01
2023,South Africa-Zuid Afrika,August,338.0,8,2023-08-01
2023,South Korea,August,666.0,8,2023-08-01
2023,South Sudan,August,0.0,8,2023-08-01
2023,Spain,August,4455.0,8,2023-08-01
2023,Sudan,August,88.0,8,2023-08-01
2023,Suriname,August,5.0,8,2023-08-01
2023,Swaziland,August,0.0,8,2023-08-01
2023,Sweden,August,317.0,8,2023-08-01
2023,Switzerland,August,1483.0,8,2023-08-01
2023,Syrian Arab Republic,August,0.0,8,2023-08-01
2023,Taiwan Province of China,August,611.0,8,2023-08-01
2023,Tajikistan,August,8.0,8,2023-08-01
2023,Tanzania,August,10.0,8,2023-08-01
2023,Thailand,August,480.0,8,2023-08-01
2023,Timor-Leste,August,0.0,8,2023-08-01
2023,Togo,August,0.0,8,2023-08-01
2023,Tonga,August,0.0,8,2023-08-01
2023,Trinidad and Tobago,August,3.0,8,2023-08-01
2023,Tunisia,August,46.0,8,2023-08-01
2023,Turkey,August,262.0,8,2023-08-01
2023,Turkmenistan,August,2.0,8,2023-08-01
2023,Tuvalu,August,2.0,8,2023-08-01
2023,Uganda,August,12.0,8,2023-08-01
2023,Ukraine,August,183.0,8,2023-08-01
2023,United Arab Emirates,August,379.0,8,2023-08-01
2023,United Kingdom,August,15035.0,8,2023-08-01
2023,United States,August,3107.0,8,2023-08-01
2023,Uruguay,August,7.0,8,2023-08-01
2023,Uzbekistan,August,39.0,8,2023-08-01
2023,Vanuatu,August,3.0,8,2023-08-01
2023,Venezuela,August,15.0,8,2023-08-01
2023,Viet Nam,August,238.0,8,2023-08-01
2023,Yemen (Yemen Arab Republic),August,83.0,8,2023-08-01
2023,Zambia(Northern Rhodesia),August,4.0,8,2023-08-01
2023,Zimbabwe,August,14.0,8,2023-08-01
2023,Afghanistan,September,21.0,9,2023-09-01
2023,Albania,September,3.0,9,2023-09-01
2023,Algeria,September,39.0,9,2023-09-01
2023,Andorra,September,4.0,9,2023-09-01
2023,Angola,September,0.0,9,2023-09-01
2023,Antigua and Barbuda,September,3.0,9,2023-09-01
2023,Argentina,September,42.0,9,2023-09-01
2023,Armenia,September,101.0,9,2023-09-01
2023,Aruba,September,0.0,9,2023-09-01
2023,Australia,September,5969.0,9,2023-09-01
2023,Austria,September,726.0,9,2023-09-01
2023,Azerbaijan,September,82.0,9,2023-09-01
2023,Bahamas,September,2.0,9,2023-09-01
2023,Bahrain,September,52.0,9,2023-09-01
2023,Bangladesh,September,1441.0,9,2023-09-01
2023,Barbados,September,1.0,9,2023-09-01
2023,Belarus,September,778.0,9,2023-09-01
2023,Belgium,September,1061.0,9,2023-09-01
2023,Belize,September,1.0,9,2023-09-01
2023,Benin,September,3.0,9,2023-09-01
2023,Bhutan,September,32.0,9,2023-09-01
2023,Bolivia,September,0.0,9,2023-09-01
2023,Bosnia and Herzegovina,September,8.0,9,2023-09-01
2023,Botswana,September,2.0,9,2023-09-01
2023,Brazil,September,82.0,9,2023-09-01
2023,Brunei Darussalam,September,4.0,9,2023-09-01
2023,Bulgaria,September,60.0,9,2023-09-01
2023,Burkina Faso,September,0.0,9,2023-09-01
2023,Burundi,September,2.0,9,2023-09-01
2023,Cambodia,September,26.0,9,2023-09-01
2023,Cameroon,September,1.0,9,2023-09-01
2023,Canada,September,2426.0,9,2023-09-01
2023,Cape Verde,September,0.0,9,2023-09-01
2023,Central African Republic,September,0.0,9,2023-09-01
2023,Chad,September,1.0,9,2023-09-01
2023,Chile,September,19.0,9,2023-09-01
2023,China,September,8445.0,9,2023-09-01
2023,Colombia,September,49.0,9,2023-09-01
2023,Comoros,September,7.0,9,2023-09-01
2023,"Congo, The Democratic Republic",September,2.0,9,2023-09-01
2023,Costa Rica,September,5.0,9,2023-09-01
2023,Cote Divoire,September,0.0,9,2023-09-01
2023,Croatia,September,48.0,9,2023-09-01
2023,Cuba,September,1.0,9,2023-09-01
2023,Cyprus,September,15.0,9,2023-09-01
2023,Czech Republic,September,413.0,9,2023-09-01
2023,Denmark,September,472.0,9,2023-09-01
2023,Djibouti,September,1.0,9,2023-09-01
2023,Dominica,September,8.0,9,2023-09-01
2023,Dominican Republic,September,5.0,9,2023-09-01
2023,Ecuador,September,6.0,9,2023-09-01
2023,Egypt,September,189.0,9,2023-09-01
2023,El Salvador,September,2.0,9,2023-09-01
2023,Eritrea,September,1.0,9,2023-09-01
2023,Estonia,September,47.0,9,2023-09-01
2023,Ethiopia,September,13.0,9,2023-09-01
2023,Fiji,September,6.0,9,2023-09-01
2023,Finland,September,132.0,9,2023-09-01
2023,France,September,2661.0,9,2023-09-01
2023,Gabon,September,0.0,9,2023-09-01
2023,"Gambia, The",September,2.0,9,2023-09-01
2023,Georgia,September,19.0,9,2023-09-01
2023,Germany,September,7231.0,9,2023-09-01
2023,Ghana,September,5.0,9,2023-09-01
2023,Greece,September,51.0,9,2023-09-01
2023,Grenada,September,2.0,9,2023-09-01
2023,Guatemala,September,6.0,9,2023-09-01
2023,Guinea,September,0.0,9,2023-09-01
2023,Guyana,September,1.0,9,2023-09-01
2023,Haiti,September,0.0,9,2023-09-01
2023,Honduras,September,3.0,9,2023-09-01
2023,Hungary,September,97.0,9,2023-09-01
2023,Iceland,September,16.0,9,2023-09-01
2023,India,September,30063.0,9,2023-09-01
2023,Indonesia,September,184.0,9,2023-09-01
2023,Iran,September,1593.0,9,2023-09-01
2023,Iraq,September,73.0,9,2023-09-01
2023,Ireland,September,293.0,9,2023-09-01
2023,Israel,September,4162.0,9,2023-09-01
2023,Italy,September,1257.0,9,2023-09-01
2023,Jamaica,September,3.0,9,2023-09-01
2023,Japan,September,1830.0,9,2023-09-01
2023,Jordan,September,242.0,9,2023-09-01
2023,Kazakhstan,September,91.0,9,2023-09-01
2023,Kenya,September,40.0,9,2023-09-01
2023,Kiribati,September,0.0,9,2023-09-01
2023,Kosovar,September,3.0,9,2023-09-01
2023,Kuwait,September,147.0,9,2023-09-01
2023,Kyrgyzstan,September,37.0,9,2023-09-01
2023,"Lao, People's Democratic Republic",September,13.0,9,2023-09-01
2023,Latvia,September,28.0,9,2023-09-01
2023,Lebanon,September,292.0,9,2023-09-01
2023,Lesotho,September,0.0,9,2023-09-01
2023,Liberia,September,0.0,9,2023-09-01
2023,Libya(Libyan Arab Jamahir),September,6.0,9,2023-09-01
2023,Liechtenstein,September,1.0,9,2023-09-01
2023,Lithuania,September,113.0,9,2023-09-01
2023,Luxembourg,September,35.0,9,2023-09-01
2023,Macedonia,September,9.0,9,2023-09-01
2023,Madagascar,September,17.0,9,2023-09-01
2023,Malawi,September,2.0,9,2023-09-01
2023,Malaysia,September,924.0,9,2023-09-01
2023,Maldives,September,2287.0,9,2023-09-01
2023,Mali,September,2.0,9,2023-09-01
2023,Malta,September,105.0,9,2023-09-01
2023,Marshall Islands,September,0.0,9,2023-09-01
2023,Mauritania,September,0.0,9,2023-09-01
2023,Mauritius,September,29.0,9,2023-09-01
2023,Mexico,September,119.0,9,2023-09-01
2023,Moldova,September,14.0,9,2023-09-01
2023,Monaco,September,4.0,9,2023-09-01
2023,Mongolia,September,15.0,9,2023-09-01
2023,Montenegro,September,2.0,9,2023-09-01
2023,Morocco,September,49.0,9,2023-09-01
2023,Mozambique,September,1.0,9,2023-09-01
2023,Myanmar,September,47.0,9,2023-09-01
2023,Namibia,September,2.0,9,2023-09-01
2023,Nauru,September,0.0,9,2023-09-01
2023,Nepal,September,593.0,9,2023-09-01
2023,Netherlands,September,3177.0,9,2023-09-01
2023,New Zealand,September,648.0,9,2023-09-01
2023,Nicaragua,September,3.0,9,2023-09-01
2023,Niger,September,1.0,9,2023-09-01
2023,Nigeria,September,6.0,9,2023-09-01
2023,Norway,September,547.0,9,2023-09-01
2023,Oman,September,74.0,9,2023-09-01
2023,Pakistan,September,1391.0,9,2023-09-01
2023,Palau,September,1.0,9,2023-09-01
2023,Palestinian Territories,September,40.0,9,2023-09-01
2023,Panama,September,2.0,9,2023-09-01
2023,Papua New Guinea,September,5.0,9,2023-09-01
2023,Paraguay,September,0.0,9,2023-09-01
2023,Peru,September,9.0,9,2023-09-01
2023,Philippines,September,328.0,9,2023-09-01
2023,Poland,September,1599.0,9,2023-09-01
2023,Portugal,September,286.0,9,2023-09-01
2023,Qatar,September,23.0,9,2023-09-01
2023,Romania,September,166.0,9,2023-09-01
2023,Russian Federation,September,7163.0,9,2023-09-01
2023,Rwanda,September,0.0,9,2023-09-01
2023,Saint Kitts and Nevis,September,3.0,9,2023-09-01
2023,Saint Lucia,September,4.0,9,2023-09-01
2023,Saint Vincent The Grenadi,September,1.0,9,2023-09-01
2023,Samoa,September,0.0,9,2023-09-01
2023,San Marino,September,0.0,9,2023-09-01
2023,Saudi Arabia,September,331.0,9,2023-09-01
2023,Senegal,September,4.0,9,2023-09-01
2023,Serbia,September,76.0,9,2023-09-01
2023,Seychelles,September,103.0,9,2023-09-01
2023,Sierra Leone,September,0.0,9,2023-09-01
2023,Singapore,September,759.0,9,2023-09-01
2023,Slovakia(Slovak Republic),September,258.0,9,2023-09-01
2023,Slovenia,September,108.0,9,2023-09-01
2023,Solomon Islands,September,0.0,9,2023-09-01
2023,Somalia,September,1.0,9,2023-09-01
2023,South Africa-Zuid Afrika,September,185.0,9,2023-09-01
2023,South Korea,September,656.0,9,2023-09-01
2023,South Sudan,September,0.0,9,2023-09-01
2023,Spain,September,2414.0,9,2023-09-01
2023,Sudan,September,33.0,9,2023-09-01
2023,Suriname,September,12.0,9,2023-09-01
2023,Swaziland,September,0.0,9,2023-09-01
2023,Sweden,September,327.0,9,2023-09-01
2023,Switzerland,September,1638.0,9,2023-09-01
2023,Syrian Arab Republic,September,0.0,9,2023-09-01
2023,Taiwan Province of China,September,616.0,9,2023-09-01
2023,Tajikistan,September,8.0,9,2023-09-01
2023,Tanzania,September,18.0,9,2023-09-01
2023,Thailand,September,326.0,9,2023-09-01
2023,Timor-Leste,September,11.0,9,2023-09-01
2023,Togo,September,0.0,9,2023-09-01
2023,Tonga,September,1.0,9,2023-09-01
2023,Trinidad and Tobago,September,2.0,9,2023-09-01
2023,Tunisia,September,40.0,9,2023-09-01
2023,Turkey,September,256.0,9,2023-09-01
2023,Turkmenistan,September,5.0,9,2023-09-01
2023,Tuvalu,September,0.0,9,2023-09-01
2023,Uganda,September,11.0,9,2023-09-01
2023,Ukraine,September,233.0,9,2023-09-01
2023,United Arab Emirates,September,228.0,9,2023-09-01
2023,United Kingdom,September,7504.0,9,2023-09-01
2023,United States,September,2357.0,9,2023-09-01
2023,Uruguay,September,7.0,9,2023-09-01
2023,Uzbekistan,September,52.0,9,2023-09-01
2023,Vanuatu,September,2.0,9,2023-09-01
2023,Venezuela,September,1.0,9,2023-09-01
2023,Viet Nam,September,154.0,9,2023-09-01
2023,Yemen (Yemen Arab Republic),September,31.0,9,2023-09-01
2023,Zambia(Northern Rhodesia),September,3.0,9,2023-09-01
2023,Zimbabwe,September,10.0,9,2023-09-01
2023,Afghanistan,October,5.0,10,2023-10-01
2023,Albania,October,4.0,10,2023-10-01
2023,Algeria,October,19.0,10,2023-10-01
2023,Andorra,October,7.0,10,2023-10-01
2023,Angola,October,0.0,10,2023-10-01
2023,Antigua and Barbuda,October,0.0,10,2023-10-01
2023,Argentina,October,49.0,10,2023-10-01
2023,Armenia,October,301.0,10,2023-10-01
2023,Aruba,October,0.0,10,2023-10-01
2023,Australia,October,4977.0,10,2023-10-01
2023,Austria,October,778.0,10,2023-10-01
2023,Azerbaijan,October,94.0,10,2023-10-01
2023,Bahamas,October,0.0,10,2023-10-01
2023,Bahrain,October,54.0,10,2023-10-01
2023,Bangladesh,October,2456.0,10,2023-10-01
2023,Barbados,October,1.0,10,2023-10-01
2023,Belarus,October,824.0,10,2023-10-01
2023,Belgium,October,666.0,10,2023-10-01
2023,Belize,October,2.0,10,2023-10-01
2023,Benin,October,1.0,10,2023-10-01
2023,Bhutan,October,39.0,10,2023-10-01
2023,Bolivia,October,5.0,10,2023-10-01
2023,Bosnia and Herzegovina,October,9.0,10,2023-10-01
2023,Botswana,October,2.0,10,2023-10-01
2023,Brazil,October,94.0,10,2023-10-01
2023,Brunei Darussalam,October,1.0,10,2023-10-01
2023,Bulgaria,October,94.0,10,2023-10-01
2023,Burkina Faso,October,2.0,10,2023-10-01
2023,Burundi,October,2.0,10,2023-10-01
2023,Cambodia,October,70.0,10,2023-10-01
2023,Cameroon,October,4.0,10,2023-10-01
2023,Canada,October,2302.0,10,2023-10-01
2023,Cape Verde,October,0.0,10,2023-10-01
2023,Central African Republic,October,0.0,10,2023-10-01
2023,Chad,October,0.0,10,2023-10-01
2023,Chile,October,30.0,10,2023-10-01
2023,China,October,6211.0,10,2023-10-01
2023,Colombia,October,30.0,10,2023-10-01
2023,Comoros,October,1.0,10,2023-10-01
2023,"Congo, The Democratic Republic",October,3.0,10,2023-10-01
2023,Costa Rica,October,8.0,10,2023-10-01
2023,Cote Divoire,October,3.0,10,2023-10-01
2023,Croatia,October,104.0,10,2023-10-01
2023,Cuba,October,4.0,10,2023-10-01
2023,Cyprus,October,59.0,10,2023-10-01
2023,Czech Republic,October,681.0,10,2023-10-01
2023,Denmark,October,556.0,10,2023-10-01
2023,Djibouti,October,1.0,10,2023-10-01
2023,Dominica,October,4.0,10,2023-10-01
2023,Dominican Republic,October,6.0,10,2023-10-01
2023,Ecuador,October,11.0,10,2023-10-01
2023,Egypt,October,269.0,10,2023-10-01
2023,El Salvador,October,1.0,10,2023-10-01
2023,Eritrea,October,1.0,10,2023-10-01
2023,Estonia,October,99.0,10,2023-10-01
2023,Ethiopia,October,11.0,10,2023-10-01
2023,Fiji,October,16.0,10,2023-10-01
2023,Finland,October,197.0,10,2023-10-01
2023,France,October,2956.0,10,2023-10-01
2023,Gabon,October,0.0,10,2023-10-01
2023,"Gambia, The",October,4.0,10,2023-10-01
2023,Georgia,October,88.0,10,2023-10-01
2023,Germany,October,7548.0,10,2023-10-01
2023,Ghana,October,3.0,10,2023-10-01
2023,Greece,October,135.0,10,2023-10-01
2023,Grenada,October,3.0,10,2023-10-01
2023,Guatemala,October,5.0,10,2023-10-01
2023,Guinea,October,1.0,10,2023-10-01
2023,Guyana,October,2.0,10,2023-10-01
2023,Haiti,October,1.0,10,2023-10-01
2023,Honduras,October,1.0,10,2023-10-01
2023,Hungary,October,211.0,10,2023-10-01
2023,Iceland,October,17.0,10,2023-10-01
2023,India,October,28222.0,10,2023-10-01
2023,Indonesia,October,256.0,10,2023-10-01
2023,Iran,October,530.0,10,2023-10-01
2023,Iraq,October,49.0,10,2023-10-01
2023,Ireland,October,512.0,10,2023-10-01
2023,Israel,October,460.0,10,2023-10-01
2023,Italy,October,967.0,10,2023-10-01
2023,Jamaica,October,7.0,10,2023-10-01
2023,Japan,October,1295.0,10,2023-10-01
2023,Jordan,October,218.0,10,2023-10-01
2023,Kazakhstan,October,166.0,10,2023-10-01
2023,Kenya,October,42.0,10,2023-10-01
2023,Kiribati,October,0.0,10,2023-10-01
2023,Kosovar,October,2.0,10,2023-10-01
2023,Kuwait,October,85.0,10,2023-10-01
2023,Kyrgyzstan,October,35.0,10,2023-10-01
2023,"Lao, People's Democratic Republic",October,6.0,10,2023-10-01
2023,Latvia,October,99.0,10,2023-10-01
2023,Lebanon,October,268.0,10,2023-10-01
2023,Lesotho,October,0.0,10,2023-10-01
2023,Liberia,October,0.0,10,2023-10-01
2023,Libya(Libyan Arab Jamahir),October,3.0,10,2023-10-01
2023,Liechtenstein,October,7.0,10,2023-10-01
2023,Lithuania,October,226.0,10,2023-10-01
2023,Luxembourg,October,20.0,10,2023-10-01
2023,Macedonia,October,29.0,10,2023-10-01
2023,Madagascar,October,21.0,10,2023-10-01
2023,Malawi,October,9.0,10,2023-10-01
2023,Malaysia,October,788.0,10,2023-10-01
2023,Maldives,October,3862.0,10,2023-10-01
2023,Mali,October,3.0,10,2023-10-01
2023,Malta,October,42.0,10,2023-10-01
2023,Marshall Islands,October,0.0,10,2023-10-01
2023,Mauritania,October,1.0,10,2023-10-01
2023,Mauritius,October,22.0,10,2023-10-01
2023,Mexico,October,54.0,10,2023-10-01
2023,Moldova,October,14.0,10,2023-10-01
2023,Monaco,October,0.0,10,2023-10-01
2023,Mongolia,October,18.0,10,2023-10-01
2023,Montenegro,October,6.0,10,2023-10-01
2023,Morocco,October,45.0,10,2023-10-01
2023,Mozambique,October,7.0,10,2023-10-01
2023,Myanmar,October,63.0,10,2023-10-01
2023,Namibia,October,1.0,10,2023-10-01
2023,Nauru,October,0.0,10,2023-10-01
2023,Nepal,October,632.0,10,2023-10-01
2023,Netherlands,October,2117.0,10,2023-10-01
2023,New Zealand,October,561.0,10,2023-10-01
2023,Nicaragua,October,1.0,10,2023-10-01
2023,Niger,October,3.0,10,2023-10-01
2023,Nigeria,October,15.0,10,2023-10-01
2023,Norway,October,394.0,10,2023-10-01
2023,Oman,October,77.0,10,2023-10-01
2023,Pakistan,October,903.0,10,2023-10-01
2023,Palau,October,1.0,10,2023-10-01
2023,Palestinian Territories,October,29.0,10,2023-10-01
2023,Panama,October,2.0,10,2023-10-01
2023,Papua New Guinea,October,3.0,10,2023-10-01
2023,Paraguay,October,3.0,10,2023-10-01
2023,Peru,October,9.0,10,2023-10-01
2023,Philippines,October,318.0,10,2023-10-01
2023,Poland,October,1418.0,10,2023-10-01
2023,Portugal,October,304.0,10,2023-10-01
2023,Qatar,October,47.0,10,2023-10-01
2023,Romania,October,299.0,10,2023-10-01
2023,Russian Federation,October,10629.0,10,2023-10-01
2023,Rwanda,October,2.0,10,2023-10-01
2023,Saint Kitts and Nevis,October,6.0,10,2023-10-01
2023,Saint Lucia,October,0.0,10,2023-10-01
2023,Saint Vincent The Grenadi,October,0.0,10,2023-10-01
2023,Samoa,October,2.0,10,2023-10-01
2023,San Marino,October,0.0,10,2023-10-01
2023,Saudi Arabia,October,290.0,10,2023-10-01
2023,Senegal,October,8.0,10,2023-10-01
2023,Serbia,October,82.0,10,2023-10-01
2023,Seychelles,October,143.0,10,2023-10-01
2023,Sierra Leone,October,0.0,10,2023-10-01
2023,Singapore,October,600.0,10,2023-10-01
2023,Slovakia(Slovak Republic),October,394.0,10,2023-10-01
2023,Slovenia,October,203.0,10,2023-10-01
2023,Solomon Islands,October,0.0,10,2023-10-01
2023,Somalia,October,12.0,10,2023-10-01
2023,South Africa-Zuid Afrika,October,232.0,10,2023-10-01
2023,South Korea,October,604.0,10,2023-10-01
2023,South Sudan,October,1.0,10,2023-10-01
2023,Spain,October,2488.0,10,2023-10-01
2023,Sudan,October,36.0,10,2023-10-01
2023,Suriname,October,1.0,10,2023-10-01
2023,Swaziland,October,0.0,10,2023-10-01
2023,Sweden,October,617.0,10,2023-10-01
2023,Switzerland,October,1608.0,10,2023-10-01
2023,Syrian Arab Republic,October,0.0,10,2023-10-01
2023,Taiwan Province of China,October,761.0,10,2023-10-01
2023,Tajikistan,October,23.0,10,2023-10-01
2023,Tanzania,October,17.0,10,2023-10-01
2023,Thailand,October,394.0,10,2023-10-01
2023,Timor-Leste,October,0.0,10,2023-10-01
2023,Togo,October,4.0,10,2023-10-01
2023,Tonga,October,0.0,10,2023-10-01
2023,Trinidad and Tobago,October,4.0,10,2023-10-01
2023,Tunisia,October,65.0,10,2023-10-01
2023,Turkey,October,349.0,10,2023-10-01
2023,Turkmenistan,October,9.0,10,2023-10-01
2023,Tuvalu,October,0.0,10,2023-10-01
2023,Uganda,October,16.0,10,2023-10-01
2023,Ukraine,October,305.0,10,2023-10-01
2023,United Arab Emirates,October,190.0,10,2023-10-01
2023,United Kingdom,October,8454.0,10,2023-10-01
2023,United States,October,2651.0,10,2023-10-01
2023,Uruguay,October,6.0,10,2023-10-01
2023,Uzbekistan,October,68.0,10,2023-10-01
2023,Vanuatu,October,2.0,10,2023-10-01
2023,Venezuela,October,5.0,10,2023-10-01
2023,Viet Nam,October,113.0,10,2023-10-01
2023,Yemen (Yemen Arab Republic),October,52.0,10,2023-10-01
2023,Zambia(Northern Rhodesia),October,4.0,10,2023-10-01
2023,Zimbabwe,October,10.0,10,2023-10-01
2023,Afghanistan,November,25.0,11,2023-11-01
2023,Albania,November,8.0,11,2023-11-01
2023,Algeria,November,27.0,11,2023-11-01
2023,Andorra,November,1.0,11,2023-11-01
2023,Angola,November,1.0,11,2023-11-01
2023,Antigua and Barbuda,November,2.0,11,2023-11-01
2023,Argentina,November,56.0,11,2023-11-01
2023,Armenia,November,324.0,11,2023-11-01
2023,Aruba,November,0.0,11,2023-11-01
2023,Australia,November,7900.0,11,2023-11-01
2023,Austria,November,1212.0,11,2023-11-01
2023,Azerbaijan,November,195.0,11,2023-11-01
2023,Bahamas,November,1.0,11,2023-11-01
2023,Bahrain,November,82.0,11,2023-11-01
2023,Bangladesh,November,2674.0,11,2023-11-01
2023,Barbados,November,2.0,11,2023-11-01
2023,Belarus,November,1508.0,11,2023-11-01
2023,Belgium,November,769.0,11,2023-11-01
2023,Belize,November,0.0,11,2023-11-01
2023,Benin,November,0.0,11,2023-11-01
2023,Bhutan,November,33.0,11,2023-11-01
2023,Bolivia,November,3.0,11,2023-11-01
2023,Bosnia and Herzegovina,November,14.0,11,2023-11-01
2023,Botswana,November,3.0,11,2023-11-01
2023,Brazil,November,117.0,11,2023-11-01
2023,Brunei Darussalam,November,6.0,11,2023-11-01
2023,Bulgaria,November,234.0,11,2023-11-01
2023,Burkina Faso,November,0.0,11,2023-11-01
2023,Burundi,November,2.0,11,2023-11-01
2023,Cambodia,November,42.0,11,2023-11-01
2023,Cameroon,November,3.0,11,2023-11-01
2023,Canada,November,2678.0,11,2023-11-01
2023,Cape Verde,November,0.0,11,2023-11-01
2023,Central African Republic,November,1.0,11,2023-11-01
2023,Chad,November,0.0,11,2023-11-01
2023,Chile,November,31.0,11,2023-11-01
2023,China,November,6673.0,11,2023-11-01
2023,Colombia,November,56.0,11,2023-11-01
2023,Comoros,November,5.0,11,2023-11-01
2023,"Congo, The Democratic Republic",November,0.0,11,2023-11-01
2023,Costa Rica,November,6.0,11,2023-11-01
2023,Cote Divoire,November,1.0,11,2023-11-01
2023,Croatia,November,111.0,11,2023-11-01
2023,Cuba,November,7.0,11,2023-11-01
2023,Cyprus,November,71.0,11,2023-11-01
2023,Czech Republic,November,2373.0,11,2023-11-01
2023,Denmark,November,764.0,11,2023-11-01
2023,Djibouti,November,1.0,11,2023-11-01
2023,Dominica,November,3.0,11,2023-11-01
2023,Dominican Republic,November,4.0,11,2023-11-01
2023,Ecuador,November,12.0,11,2023-11-01
2023,Egypt,November,344.0,11,2023-11-01
2023,El Salvador,November,3.0,11,2023-11-01
2023,Eritrea,November,1.0,11,2023-11-01
2023,Estonia,November,229.0,11,2023-11-01
2023,Ethiopia,November,12.0,11,2023-11-01
2023,Fiji,November,19.0,11,2023-11-01
2023,Finland,November,352.0,11,2023-11-01
2023,France,November,3882.0,11,2023-11-01
2023,Gabon,November,0.0,11,2023-11-01
2023,"Gambia, The",November,1.0,11,2023-11-01
2023,Georgia,November,79.0,11,2023-11-01
2023,Germany,November,12331.0,11,2023-11-01
2023,Ghana,November,14.0,11,2023-11-01
2023,Greece,November,187.0,11,2023-11-01
2023,Grenada,November,3.0,11,2023-11-01
2023,Guatemala,November,10.0,11,2023-11-01
2023,Guinea,November,1.0,11,2023-11-01
2023,Guyana,November,3.0,11,2023-11-01
2023,Haiti,November,2.0,11,2023-11-01
2023,Honduras,November,6.0,11,2023-11-01
2023,Hungary,November,505.0,11,2023-11-01
2023,Iceland,November,19.0,11,2023-11-01
2023,India,November,30339.0,11,2023-11-01
2023,Indonesia,November,217.0,11,2023-11-01
2023,Iran,November,783.0,11,2023-11-01
2023,Iraq,November,37.0,11,2023-11-01
2023,Ireland,November,489.0,11,2023-11-01
2023,Israel,November,187.0,11,2023-11-01
2023,Italy,November,1662.0,11,2023-11-01
2023,Jamaica,November,5.0,11,2023-11-01
2023,Japan,November,2875.0,11,2023-11-01
2023,Jordan,November,152.0,11,2023-11-01
2023,Kazakhstan,November,193.0,11,2023-11-01
2023,Kenya,November,30.0,11,2023-11-01
2023,Kiribati,November,0.0,11,2023-11-01
2023,Kosovar,November,3.0,11,2023-11-01
2023,Kuwait,November,66.0,11,2023-11-01
2023,Kyrgyzstan,November,79.0,11,2023-11-01
2023,"Lao, People's Democratic Republic",November,10.0,11,2023-11-01
2023,Latvia,November,293.0,11,2023-11-01
2023,Lebanon,November,171.0,11,2023-11-01
2023,Lesotho,November,0.0,11,2023-11-01
2023,Liberia,November,1.0,11,2023-11-01
2023,Libya(Libyan Arab Jamahir),November,7.0,11,2023-11-01
2023,Liechtenstein,November,8.0,11,2023-11-01
2023,Lithuania,November,396.0,11,2023-11-01
2023,Luxembourg,November,29.0,11,2023-11-01
2023,Macedonia,November,16.0,11,2023-11-01
2023,Madagascar,November,13.0,11,2023-11-01
2023,Malawi,November,7.0,11,2023-11-01
2023,Malaysia,November,1084.0,11,2023-11-01
2023,Maldives,November,2420.0,11,2023-11-01
2023,Mali,November,2.0,11,2023-11-01
2023,Malta,November,37.0,11,2023-11-01
2023,Marshall Islands,November,0.0,11,2023-11-01
2023,Mauritania,November,1.0,11,2023-11-01
2023,Mauritius,November,40.0,11,2023-11-01
2023,Mexico,November,82.0,11,2023-11-01
2023,Moldova,November,49.0,11,2023-11-01
2023,Monaco,November,0.0,11,2023-11-01
2023,Mongolia,November,14.0,11,2023-11-01
2023,Montenegro,November,6.0,11,2023-11-01
2023,Morocco,November,64.0,11,2023-11-01
2023,Mozambique,November,3.0,11,2023-11-01
2023,Myanmar,November,138.0,11,2023-11-01
2023,Namibia,November,3.0,11,2023-11-01
2023,Nauru,November,0.0,11,2023-11-01
2023,Nepal,November,411.0,11,2023-11-01
2023,Netherlands,November,2370.0,11,2023-11-01
2023,New Zealand,November,749.0,11,2023-11-01
2023,Nicaragua,November,1.0,11,2023-11-01
2023,Niger,November,0.0,11,2023-11-01
2023,Nigeria,November,13.0,11,2023-11-01
2023,Norway,November,622.0,11,2023-11-01
2023,Oman,November,122.0,11,2023-11-01
2023,Pakistan,November,962.0,11,2023-11-01
2023,Palau,November,0.0,11,2023-11-01
2023,Palestinian Territories,November,26.0,11,2023-11-01
2023,Panama,November,3.0,11,2023-11-01
2023,Papua New Guinea,November,0.0,11,2023-11-01
2023,Paraguay,November,0.0,11,2023-11-01
2023,Peru,November,20.0,11,2023-11-01
2023,Philippines,November,296.0,11,2023-11-01
2023,Poland,November,3343.0,11,2023-11-01
2023,Portugal,November,557.0,11,2023-11-01
2023,Qatar,November,27.0,11,2023-11-01
2023,Romania,November,516.0,11,2023-11-01
2023,Russian Federation,November,24912.0,11,2023-11-01
2023,Rwanda,November,2.0,11,2023-11-01
2023,Saint Kitts and Nevis,November,8.0,11,2023-11-01
2023,Saint Lucia,November,2.0,11,2023-11-01
2023,Saint Vincent The Grenadi,November,0.0,11,2023-11-01
2023,Samoa,November,0.0,11,2023-11-01
2023,San Marino,November,2.0,11,2023-11-01
2023,Saudi Arabia,November,872.0,11,2023-11-01
2023,Senegal,November,2.0,11,2023-11-01
2023,Serbia,November,164.0,11,2023-11-01
2023,Seychelles,November,103.0,11,2023-11-01
2023,Sierra Leone,November,1.0,11,2023-11-01
2023,Singapore,November,1140.0,11,2023-11-01
2023,Slovakia(Slovak Republic),November,617.0,11,2023-11-01
2023,Slovenia,November,195.0,11,2023-11-01
2023,Solomon Islands,November,1.0,11,2023-11-01
2023,Somalia,November,2.0,11,2023-11-01
2023,South Africa-Zuid Afrika,November,274.0,11,2023-11-01
2023,South Korea,November,867.0,11,2023-11-01
2023,South Sudan,November,2.0,11,2023-11-01
2023,Spain,November,2673.0,11,2023-11-01
2023,Sudan,November,145.0,11,2023-11-01
2023,Suriname,November,1.0,11,2023-11-01
2023,Swaziland,November,2.0,11,2023-11-01
2023,Sweden,November,948.0,11,2023-11-01
2023,Switzerland,November,1970.0,11,2023-11-01
2023,Syrian Arab Republic,November,0.0,11,2023-11-01
2023,Taiwan Province of China,November,553.0,11,2023-11-01
2023,Tajikistan,November,7.0,11,2023-11-01
2023,Tanzania,November,8.0,11,2023-11-01
2023,Thailand,November,380.0,11,2023-11-01
2023,Timor-Leste,November,4.0,11,2023-11-01
2023,Togo,November,0.0,11,2023-11-01
2023,Tonga,November,0.0,11,2023-11-01
2023,Trinidad and Tobago,November,5.0,11,2023-11-01
2023,Tunisia,November,45.0,11,2023-11-01
2023,Turkey,November,566.0,11,2023-11-01
2023,Turkmenistan,November,13.0,11,2023-11-01
2023,Tuvalu,November,0.0,11,2023-11-01
2023,Uganda,November,9.0,11,2023-11-01
2023,Ukraine,November,479.0,11,2023-11-01
2023,United Arab Emirates,November,148.0,11,2023-11-01
2023,United Kingdom,November,11526.0,11,2023-11-01
2023,United States,November,4299.0,11,2023-11-01
2023,Uruguay,November,6.0,11,2023-11-01
2023,Uzbekistan,November,51.0,11,2023-11-01
2023,Vanuatu,November,4.0,11,2023-11-01
2023,Venezuela,November,11.0,11,2023-11-01
2023,Viet Nam,November,335.0,11,2023-11-01
2023,Yemen (Yemen Arab Republic),November,34.0,11,2023-11-01
2023,Zambia(Northern Rhodesia),November,1.0,11,2023-11-01
2023,Zimbabwe,November,14.0,11,2023-11-01
2023,Afghanistan,December,16.0,12,2023-12-01
2023,Albania,December,12.0,12,2023-12-01
2023,Algeria,December,29.0,12,2023-12-01
2023,Andorra,December,6.0,12,2023-12-01
2023,Angola,December,5.0,12,2023-12-01
2023,Antigua and Barbuda,December,3.0,12,2023-12-01
2023,Argentina,December,67.0,12,2023-12-01
2023,Armenia,December,653.0,12,2023-12-01
2023,Aruba,December,1.0,12,2023-12-01
2023,Australia,December,10847.0,12,2023-12-01
2023,Austria,December,1883.0,12,2023-12-01
2023,Azerbaijan,December,194.0,12,2023-12-01
2023,Bahamas,December,5.0,12,2023-12-01
2023,Bahrain,December,104.0,12,2023-12-01
2023,Bangladesh,December,3185.0,12,2023-12-01
2023,Barbados,December,0.0,12,2023-12-01
2023,Belarus,December,1566.0,12,2023-12-01
2023,Belgium,December,995.0,12,2023-12-01
2023,Belize,December,0.0,12,2023-12-01
2023,Benin,December,3.0,12,2023-12-01
2023,Bhutan,December,68.0,12,2023-12-01
2023,Bolivia,December,4.0,12,2023-12-01
2023,Bosnia and Herzegovina,December,50.0,12,2023-12-01
2023,Botswana,December,21.0,12,2023-12-01
2023,Brazil,December,236.0,12,2023-12-01
2023,Brunei Darussalam,December,3.0,12,2023-12-01
2023,Bulgaria,December,555.0,12,2023-12-01
2023,Burkina Faso,December,0.0,12,2023-12-01
2023,Burundi,December,1.0,12,2023-12-01
2023,Cambodia,December,28.0,12,2023-12-01
2023,Cameroon,December,1.0,12,2023-12-01
2023,Canada,December,3640.0,12,2023-12-01
2023,Cape Verde,December,0.0,12,2023-12-01
2023,Central African Republic,December,1.0,12,2023-12-01
2023,Chad,December,0.0,12,2023-12-01
2023,Chile,December,41.0,12,2023-12-01
2023,China,December,8274.0,12,2023-12-01
2023,Colombia,December,79.0,12,2023-12-01
2023,Comoros,December,2.0,12,2023-12-01
2023,"Congo, The Democratic Republic",December,1.0,12,2023-12-01
2023,Costa Rica,December,10.0,12,2023-12-01
2023,Cote Divoire,December,0.0,12,2023-12-01
2023,Croatia,December,172.0,12,2023-12-01
2023,Cuba,December,6.0,12,2023-12-01
2023,Cyprus,December,95.0,12,2023-12-01
2023,Czech Republic,December,2466.0,12,2023-12-01
2023,Denmark,December,1440.0,12,2023-12-01
2023,Djibouti,December,1.0,12,2023-12-01
2023,Dominica,December,20.0,12,2023-12-01
2023,Dominican Republic,December,2.0,12,2023-12-01
2023,Ecuador,December,12.0,12,2023-12-01
2023,Egypt,December,472.0,12,2023-12-01
2023,El Salvador,December,4.0,12,2023-12-01
2023,Eritrea,December,0.0,12,2023-12-01
2023,Estonia,December,706.0,12,2023-12-01
2023,Ethiopia,December,19.0,12,2023-12-01
2023,Fiji,December,40.0,12,2023-12-01
2023,Finland,December,473.0,12,2023-12-01
2023,France,December,5509.0,12,2023-12-01
2023,Gabon,December,0.0,12,2023-12-01
2023,"Gambia, The",December,7.0,12,2023-12-01
2023,Georgia,December,83.0,12,2023-12-01
2023,Germany,December,13747.0,12,2023-12-01
2023,Ghana,December,2.0,12,2023-12-01
2023,Greece,December,344.0,12,2023-12-01
2023,Grenada,December,2.0,12,2023-12-01
2023,Guatemala,December,6.0,12,2023-12-01
2023,Guinea,December,1.0,12,2023-12-01
2023,Guyana,December,1.0,12,2023-12-01
2023,Haiti,December,2.0,12,2023-12-01
2023,Honduras,December,2.0,12,2023-12-01
2023,Hungary,December,1040.0,12,2023-12-01
2023,Iceland,December,39.0,12,2023-12-01
2023,India,December,43973.0,12,2023-12-01
2023,Indonesia,December,277.0,12,2023-12-01
2023,Iran,December,900.0,12,2023-12-01
2023,Iraq,December,94.0,12,2023-12-01
2023,Ireland,December,852.0,12,2023-12-01
2023,Israel,December,421.0,12,2023-12-01
2023,Italy,December,3389.0,12,2023-12-01
2023,Jamaica,December,10.0,12,2023-12-01
2023,Japan,December,2554.0,12,2023-12-01
2023,Jordan,December,304.0,12,2023-12-01
2023,Kazakhstan,December,2399.0,12,2023-12-01
2023,Kenya,December,126.0,12,2023-12-01
2023,Kiribati,December,0.0,12,2023-12-01
2023,Kosovar,December,4.0,12,2023-12-01
2023,Kuwait,December,150.0,12,2023-12-01
2023,Kyrgyzstan,December,238.0,12,2023-12-01
2023,"Lao, People's Democratic Republic",December,10.0,12,2023-12-01
2023,Latvia,December,476.0,12,2023-12-01
2023,Lebanon,December,484.0,12,2023-12-01
2023,Lesotho,December,0.0,12,2023-12-01
2023,Liberia,December,0.0,12,2023-12-01
2023,Libya(Libyan Arab Jamahir),December,4.0,12,2023-12-01
2023,Liechtenstein,December,8.0,12,2023-12-01
2023,Lithuania,December,490.0,12,2023-12-01
2023,Luxembourg,December,62.0,12,2023-12-01
2023,Macedonia,December,37.0,12,2023-12-01
2023,Madagascar,December,20.0,12,2023-12-01
2023,Malawi,December,4.0,12,2023-12-01
2023,Malaysia,December,1784.0,12,2023-12-01
2023,Maldives,December,5968.0,12,2023-12-01
2023,Mali,December,1.0,12,2023-12-01
2023,Malta,December,163.0,12,2023-12-01
2023,Marshall Islands,December,0.0,12,2023-12-01
2023,Mauritania,December,3.0,12,2023-12-01
2023,Mauritius,December,194.0,12,2023-12-01
2023,Mexico,December,147.0,12,2023-12-01
2023,Moldova,December,89.0,12,2023-12-01
2023,Monaco,December,4.0,12,2023-12-01
2023,Mongolia,December,5.0,12,2023-12-01
2023,Montenegro,December,4.0,12,2023-12-01
2023,Morocco,December,134.0,12,2023-12-01
2023,Mozambique,December,2.0,12,2023-12-01
2023,Myanmar,December,103.0,12,2023-12-01
2023,Namibia,December,3.0,12,2023-12-01
2023,Nauru,December,0.0,12,2023-12-01
2023,Nepal,December,468.0,12,2023-12-01
2023,Netherlands,December,2672.0,12,2023-12-01
2023,New Zealand,December,1343.0,12,2023-12-01
2023,Nicaragua,December,1.0,12,2023-12-01
2023,Niger,December,0.0,12,2023-12-01
2023,Nigeria,December,6.0,12,2023-12-01
2023,Norway,December,1035.0,12,2023-12-01
2023,Oman,December,108.0,12,2023-12-01
2023,Pakistan,December,1168.0,12,2023-12-01
2023,Palau,December,0.0,12,2023-12-01
2023,Palestinian Territories,December,43.0,12,2023-12-01
2023,Panama,December,1.0,12,2023-12-01
2023,Papua New Guinea,December,16.0,12,2023-12-01
2023,Paraguay,December,0.0,12,2023-12-01
2023,Peru,December,22.0,12,2023-12-01
2023,Philippines,December,448.0,12,2023-12-01
2023,Poland,December,3217.0,12,2023-12-01
2023,Portugal,December,527.0,12,2023-12-01
2023,Qatar,December,33.0,12,2023-12-01
2023,Romania,December,955.0,12,2023-12-01
2023,Russian Federation,December,29657.0,12,2023-12-01
2023,Rwanda,December,7.0,12,2023-12-01
2023,Saint Kitts and Nevis,December,10.0,12,2023-12-01
2023,Saint Lucia,December,1.0,12,2023-12-01
2023,Saint Vincent The Grenadi,December,0.0,12,2023-12-01
2023,Samoa,December,0.0,12,2023-12-01
2023,San Marino,December,0.0,12,2023-12-01
2023,Saudi Arabia,December,293.0,12,2023-12-01
2023,Senegal,December,2.0,12,2023-12-01
2023,Serbia,December,215.0,12,2023-12-01
2023,Seychelles,December,275.0,12,2023-12-01
2023,Sierra Leone,December,0.0,12,2023-12-01
2023,Singapore,December,1601.0,12,2023-12-01
2023,Slovakia(Slovak Republic),December,462.0,12,2023-12-01
2023,Slovenia,December,227.0,12,2023-12-01
2023,Solomon Islands,December,1.0,12,2023-12-01
2023,Somalia,December,9.0,12,2023-12-01
2023,South Africa-Zuid Afrika,December,901.0,12,2023-12-01
2023,South Korea,December,957.0,12,2023-12-01
2023,South Sudan,December,0.0,12,2023-12-01
2023,Spain,December,2667.0,12,2023-12-01
2023,Sudan,December,65.0,12,2023-12-01
2023,Suriname,December,0.0,12,2023-12-01
2023,Swaziland,December,5.0,12,2023-12-01
2023,Sweden,December,2118.0,12,2023-12-01
2023,Switzerland,December,2654.0,12,2023-12-01
2023,Syrian Arab Republic,December,0.0,12,2023-12-01
2023,Taiwan Province of China,December,374.0,12,2023-12-01
2023,Tajikistan,December,27.0,12,2023-12-01
2023,Tanzania,December,23.0,12,2023-12-01
2023,Thailand,December,637.0,12,2023-12-01
2023,Timor-Leste,December,0.0,12,2023-12-01
2023,Togo,December,0.0,12,2023-12-01
2023,Tonga,December,0.0,12,2023-12-01
2023,Trinidad and Tobago,December,10.0,12,2023-12-01
2023,Tunisia,December,107.0,12,2023-12-01
2023,Turkey,December,515.0,12,2023-12-01
2023,Turkmenistan,December,23.0,12,2023-12-01
2023,Tuvalu,December,0.0,12,2023-12-01
2023,Uganda,December,7.0,12,2023-12-01
2023,Ukraine,December,1042.0,12,2023-12-01
2023,United Arab Emirates,December,342.0,12,2023-12-01
2023,United Kingdom,December,19265.0,12,2023-12-01
2023,United States,December,8044.0,12,2023-12-01
2023,Uruguay,December,3.0,12,2023-12-01
2023,Uzbekistan,December,242.0,12,2023-12-01
2023,Vanuatu,December,7.0,12,2023-12-01
2023,Venezuela,December,13.0,12,2023-12-01
2023,Viet Nam,December,202.0,12,2023-12-01
2023,Yemen (Yemen Arab Republic),December,44.0,12,2023-12-01
2023,Zambia(Northern Rhodesia),December,6.0,12,2023-12-01
2023,Zimbabwe,December,37.0,12,2023-12-01
2024,Afghanistan,January,26.0,1,2024-01-01
2024,Albania,January,7.0,1,2024-01-01
2024,Algeria,January,18.0,1,2024-01-01
2024,Andorra,January,3.0,1,2024-01-01
2024,Angola,January,8.0,1,2024-01-01
2024,Antigua and Barbuda,January,3.0,1,2024-01-01
2024,Argentina,January,141.0,1,2024-01-01
2024,Armenia,January,510.0,1,2024-01-01
2024,Aruba,January,0.0,1,2024-01-01
2024,Australia,January,6645.0,1,2024-01-01
2024,Austria,January,2385.0,1,2024-01-01
2024,Azerbaijan,January,163.0,1,2024-01-01
2024,Bahamas,January,0.0,1,2024-01-01
2024,Bahrain,January,122.0,1,2024-01-01
2024,Bangladesh,January,2329.0,1,2024-01-01
2024,Barbados,January,0.0,1,2024-01-01
2024,Belarus,January,2342.0,1,2024-01-01
2024,Belgium,January,1313.0,1,2024-01-01
2024,Belize,January,1.0,1,2024-01-01
2024,Benin,January,0.0,1,2024-01-01
2024,Bhutan,January,135.0,1,2024-01-01
2024,Bolivia,January,8.0,1,2024-01-01
2024,Bosnia and Herzegovina,January,37.0,1,2024-01-01
2024,Botswana,January,3.0,1,2024-01-01
2024,Brazil,January,236.0,1,2024-01-01
2024,Brunei Darussalam,January,1.0,1,2024-01-01
2024,Bulgaria,January,656.0,1,2024-01-01
2024,Burkina Faso,January,0.0,1,2024-01-01
2024,Burundi,January,0.0,1,2024-01-01
2024,Cambodia,January,42.0,1,2024-01-01
2024,Cameroon,January,1.0,1,2024-01-01
2024,Canada,January,4126.0,1,2024-01-01
2024,Cape Verde,January,0.0,1,2024-01-01
2024,Central African Republic,January,0.0,1,2024-01-01
2024,Chad,January,0.0,1,2024-01-01
2024,Chile,January,56.0,1,2024-01-01
2024,China,January,12528.0,1,2024-01-01
2024,Colombia,January,54.0,1,2024-01-01
2024,Comoros,January,6.0,1,2024-01-01
2024,Congo,January,2.0,1,2024-01-01
2024,Costa Rica,January,20.0,1,2024-01-01
2024,Cote Divoire,January,0.0,1,2024-01-01
2024,Croatia,January,281.0,1,2024-01-01
2024,Cuba,January,6.0,1,2024-01-01
2024,Cyprus,January,91.0,1,2024-01-01
2024,Czech Republic,January,3484.0,1,2024-01-01
2024,Denmark,January,2542.0,1,2024-01-01
2024,Djibouti,January,1.0,1,2024-01-01
2024,Dominica,January,7.0,1,2024-01-01
2024,Dominican Republic,January,8.0,1,2024-01-01
2024,Ecuador,January,9.0,1,2024-01-01
2024,Egypt,January,396.0,1,2024-01-01
2024,El Salvador,January,2.0,1,2024-01-01
2024,Equatorial Guinea,January,0.0,1,2024-01-01
2024,Eritrea,January,1.0,1,2024-01-01
2024,Estonia,January,910.0,1,2024-01-01
2024,Ethiopia,January,8.0,1,2024-01-01
2024,Fiji,January,16.0,1,2024-01-01
2024,Finland,January,737.0,1,2024-01-01
2024,France,January,9919.0,1,2024-01-01
2024,Gabon,January,0.0,1,2024-01-01
2024,"Gambia, The",January,0.0,1,2024-01-01
2024,Georgia,January,216.0,1,2024-01-01
2024,Germany,January,13593.0,1,2024-01-01
2024,Ghana,January,3.0,1,2024-01-01
2024,Greece,January,264.0,1,2024-01-01
2024,Grenada,January,1.0,1,2024-01-01
2024,Guatemala,January,2.0,1,2024-01-01
2024,Guinea,January,0.0,1,2024-01-01
2024,Guinea-Bissau,January,0.0,1,2024-01-01
2024,Guyana,January,0.0,1,2024-01-01
2024,Haiti,January,1.0,1,2024-01-01
2024,Honduras,January,1.0,1,2024-01-01
2024,Hungary,January,1544.0,1,2024-01-01
2024,Iceland,January,41.0,1,2024-01-01
2024,India,January,34399.0,1,2024-01-01
2024,Indonesia,January,224.0,1,2024-01-01
2024,Iran,January,688.0,1,2024-01-01
2024,Iraq,January,54.0,1,2024-01-01
2024,Ireland,January,797.0,1,2024-01-01
2024,Israel,January,773.0,1,2024-01-01
2024,Italy,January,3485.0,1,2024-01-01
2024,Jamaica,January,4.0,1,2024-01-01
2024,Japan,January,1993.0,1,2024-01-01
2024,Jordan,January,180.0,1,2024-01-01
2024,Kazakhstan,January,3350.0,1,2024-01-01
2024,Kenya,January,42.0,1,2024-01-01
2024,Kiribati,January,0.0,1,2024-01-01
2024,Kosovar,January,1.0,1,2024-01-01
2024,Kuwait,January,231.0,1,2024-01-01
2024,Kyrgyzstan,January,239.0,1,2024-01-01
2024,"Lao, People's Democratic",January,4.0,1,2024-01-01
2024,Latvia,January,750.0,1,2024-01-01
2024,Lebanon,January,155.0,1,2024-01-01
2024,Lesotho,January,0.0,1,2024-01-01
2024,Liberia,January,0.0,1,2024-01-01
2024,Libya,January,2.0,1,2024-01-01
2024,Liechtenstein,January,7.0,1,2024-01-01
2024,Lithuania,January,1015.0,1,2024-01-01
2024,Luxembourg,January,70.0,1,2024-01-01
2024,Macedonia,January,20.0,1,2024-01-01
2024,Madagascar,January,13.0,1,2024-01-01
2024,Malawi,January,3.0,1,2024-01-01
2024,Malaysia,January,1096.0,1,2024-01-01
2024,Maldives,January,2919.0,1,2024-01-01
2024,Mali,January,0.0,1,2024-01-01
2024,Malta,January,92.0,1,2024-01-01
2024,Marshall Islands,January,1.0,1,2024-01-01
2024,Mauritania,January,0.0,1,2024-01-01
2024,Mauritius,January,48.0,1,2024-01-01
2024,Mexico,January,96.0,1,2024-01-01
2024,Micronesia,January,0.0,1,2024-01-01
2024,Moldova,January,134.0,1,2024-01-01
2024,Monaco,January,5.0,1,2024-01-01
2024,Mongolia,January,15.0,1,2024-01-01
2024,Montenegro,January,34.0,1,2024-01-01
2024,Morocco,January,62.0,1,2024-01-01
2024,Mozambique,January,2.0,1,2024-01-01
2024,Myanmar,January,106.0,1,2024-01-01
2024,Namibia,January,3.0,1,2024-01-01
2024,Nauru,January,0.0,1,2024-01-01
2024,Nepal,January,625.0,1,2024-01-01
2024,Netherlands,January,4531.0,1,2024-01-01
2024,Netherlands Antilles,January,0.0,1,2024-01-01
2024,New Zealand,January,732.0,1,2024-01-01
2024,Nicaragua,January,1.0,1,2024-01-01
2024,Niger,January,0.0,1,2024-01-01
2024,Nigeria,January,1.0,1,2024-01-01
2024,Norway,January,1226.0,1,2024-01-01
2024,Oman,January,236.0,1,2024-01-01
2024,Pakistan,January,956.0,1,2024-01-01
2024,Palau,January,0.0,1,2024-01-01
2024,Palestinian Territories,January,25.0,1,2024-01-01
2024,Panama,January,4.0,1,2024-01-01
2024,Papua New Guinea,January,3.0,1,2024-01-01
2024,Paraguay,January,2.0,1,2024-01-01
2024,Peru,January,24.0,1,2024-01-01
2024,Philippines,January,262.0,1,2024-01-01
2024,Poland,January,7800.0,1,2024-01-01
2024,Portugal,January,487.0,1,2024-01-01
2024,Qatar,January,41.0,1,2024-01-01
2024,Romania,January,853.0,1,2024-01-01
2024,Russian Federation,January,31159.0,1,2024-01-01
2024,Rwanda,January,1.0,1,2024-01-01
2024,Saint Kitts and Nevis,January,17.0,1,2024-01-01
2024,Saint Lucia,January,1.0,1,2024-01-01
2024,Saint Vincent The Grenadi,January,0.0,1,2024-01-01
2024,Samoa,January,0.0,1,2024-01-01
2024,San Marino,January,6.0,1,2024-01-01
2024,Saudi Arabia,January,511.0,1,2024-01-01
2024,Senegal,January,4.0,1,2024-01-01
2024,Serbia,January,314.0,1,2024-01-01
2024,Seychelles,January,211.0,1,2024-01-01
2024,Sierra Leone,January,2.0,1,2024-01-01
2024,Singapore,January,804.0,1,2024-01-01
2024,Slovakia,January,990.0,1,2024-01-01
2024,Slovenia,January,275.0,1,2024-01-01
2024,Solomon Islands,January,0.0,1,2024-01-01
2024,Somalia,January,6.0,1,2024-01-01
2024,South Africa,January,332.0,1,2024-01-01
2024,South Korea,January,1677.0,1,2024-01-01
2024,South Sudan,January,3.0,1,2024-01-01
2024,Spain,January,2004.0,1,2024-01-01
2024,Sudan,January,54.0,1,2024-01-01
2024,Suriname,January,2.0,1,2024-01-01
2024,Swaziland,January,2.0,1,2024-01-01
2024,Sweden,January,1921.0,1,2024-01-01
2024,Switzerland,January,2951.0,1,2024-01-01
2024,Syrian Arab Republic,January,2.0,1,2024-01-01
2024,Tajikistan,January,18.0,1,2024-01-01
2024,Tanzania,January,12.0,1,2024-01-01
2024,Thailand,January,505.0,1,2024-01-01
2024,Timor-Leste,January,4.0,1,2024-01-01
2024,Togo,January,0.0,1,2024-01-01
2024,Tonga,January,1.0,1,2024-01-01
2024,Trinidad and Tobago,January,6.0,1,2024-01-01
2024,Tunisia,January,56.0,1,2024-01-01
2024,Turkey,January,717.0,1,2024-01-01
2024,Turkmenistan,January,11.0,1,2024-01-01
2024,Tuvalu,January,0.0,1,2024-01-01
2024,Uganda,January,11.0,1,2024-01-01
2024,Ukraine,January,1485.0,1,2024-01-01
2024,United Arab Emirates,January,219.0,1,2024-01-01
2024,United Kingdom,January,16665.0,1,2024-01-01
2024,United States,January,5712.0,1,2024-01-01
2024,Uruguay,January,12.0,1,2024-01-01
2024,Uzbekistan,January,402.0,1,2024-01-01
2024,Vanuatu,January,1.0,1,2024-01-01
2024,Venezuela,January,3.0,1,2024-01-01
2024,Viet Nam,January,166.0,1,2024-01-01
2024,Yemen,January,29.0,1,2024-01-01
2024,Zambia,January,1.0,1,2024-01-01
2024,Zimbabwe,January,36.0,1,2024-01-01
2024,Afghanistan,February,21.0,2,2024-02-01
2024,Albania,February,6.0,2,2024-02-01
2024,Algeria,February,38.0,2,2024-02-01
2024,Andorra,February,6.0,2,2024-02-01
2024,Angola,February,0.0,2,2024-02-01
2024,Antigua and Barbuda,February,5.0,2,2024-02-01
2024,Argentina,February,79.0,2,2024-02-01
2024,Armenia,February,264.0,2,2024-02-01
2024,Aruba,February,0.0,2,2024-02-01
2024,Australia,February,6265.0,2,2024-02-01
2024,Austria,February,2372.0,2,2024-02-01
2024,Azerbaijan,February,157.0,2,2024-02-01
2024,Bahamas,February,0.0,2,2024-02-01
2024,Bahrain,February,81.0,2,2024-02-01
2024,Bangladesh,February,2389.0,2,2024-02-01
2024,Barbados,February,1.0,2,2024-02-01
2024,Belarus,February,1884.0,2,2024-02-01
2024,Belgium,February,1577.0,2,2024-02-01
2024,Belize,February,2.0,2,2024-02-01
2024,Benin,February,0.0,2,2024-02-01
2024,Bhutan,February,67.0,2,2024-02-01
2024,Bolivia,February,7.0,2,2024-02-01
2024,Bosnia and Herzegovina,February,66.0,2,2024-02-01
2024,Botswana,February,2.0,2,2024-02-01
2024,Brazil,February,212.0,2,2024-02-01
2024,Brunei Darussalam,February,11.0,2,2024-02-01
2024,Bulgaria,February,624.0,2,2024-02-01
2024,Burkina Faso,February,0.0,2,2024-02-01
2024,Burundi,February,0.0,2,2024-02-01
2024,Cambodia,February,41.0,2,2024-02-01
2024,Cameroon,February,4.0,2,2024-02-01
2024,Canada,February,3912.0,2,2024-02-01
2024,Cape Verde,February,0.0,2,2024-02-01
2024,Central African Republic,February,0.0,2,2024-02-01
2024,Chad,February,0.0,2,2024-02-01
2024,Chile,February,61.0,2,2024-02-01
2024,China,February,16279.0,2,2024-02-01
2024,Colombia,February,70.0,2,2024-02-01
2024,Comoros,February,6.0,2,2024-02-01
2024,Congo,February,5.0,2,2024-02-01
2024,Costa Rica,February,14.0,2,2024-02-01
2024,Cote Divoire,February,1.0,2,2024-02-01
2024,Croatia,February,249.0,2,2024-02-01
2024,Cuba,February,1.0,2,2024-02-01
2024,Cyprus,February,62.0,2,2024-02-01
2024,Czech Republic,February,3852.0,2,2024-02-01
2024,Denmark,February,2160.0,2,2024-02-01
2024,Djibouti,February,4.0,2,2024-02-01
2024,Dominica,February,9.0,2,2024-02-01
2024,Dominican Republic,February,1.0,2,2024-02-01
2024,Ecuador,February,13.0,2,2024-02-01
2024,Egypt,February,476.0,2,2024-02-01
2024,El Salvador,February,4.0,2,2024-02-01
2024,Equatorial Guinea,February,0.0,2,2024-02-01
2024,Eritrea,February,1.0,2,2024-02-01
2024,Estonia,February,898.0,2,2024-02-01
2024,Ethiopia,February,6.0,2,2024-02-01
2024,Fiji,February,9.0,2,2024-02-01
2024,Finland,February,666.0,2,2024-02-01
2024,France,February,12503.0,2,2024-02-01
2024,Gabon,February,0.0,2,2024-02-01
2024,"Gambia, The",February,2.0,2,2024-02-01
2024,Georgia,February,187.0,2,2024-02-01
2024,Germany,February,16259.0,2,2024-02-01
2024,Ghana,February,4.0,2,2024-02-01
2024,Greece,February,264.0,2,2024-02-01
2024,Grenada,February,0.0,2,2024-02-01
2024,Guatemala,February,10.0,2,2024-02-01
2024,Guinea,February,2.0,2,2024-02-01
2024,Guinea-Bissau,February,0.0,2,2024-02-01
2024,Guyana,February,1.0,2,2024-02-01
2024,Haiti,February,0.0,2,2024-02-01
2024,Honduras,February,1.0,2,2024-02-01
2024,Hungary,February,1311.0,2,2024-02-01
2024,Iceland,February,28.0,2,2024-02-01
2024,India,February,30027.0,2,2024-02-01
2024,Indonesia,February,320.0,2,2024-02-01
2024,Iran,February,919.0,2,2024-02-01
2024,Iraq,February,74.0,2,2024-02-01
2024,Ireland,February,874.0,2,2024-02-01
2024,Israel,February,1988.0,2,2024-02-01
2024,Italy,February,3194.0,2,2024-02-01
2024,Jamaica,February,11.0,2,2024-02-01
2024,Japan,February,2666.0,2,2024-02-01
2024,Jordan,February,227.0,2,2024-02-01
2024,Kazakhstan,February,2682.0,2,2024-02-01
2024,Kenya,February,64.0,2,2024-02-01
2024,Kiribati,February,0.0,2,2024-02-01
2024,Kosovar,February,4.0,2,2024-02-01
2024,Kuwait,February,222.0,2,2024-02-01
2024,Kyrgyzstan,February,219.0,2,2024-02-01
2024,"Lao, People's Democratic",February,13.0,2,2024-02-01
2024,Latvia,February,654.0,2,2024-02-01
2024,Lebanon,February,293.0,2,2024-02-01
2024,Lesotho,February,1.0,2,2024-02-01
2024,Liberia,February,1.0,2,2024-02-01
2024,Libya,February,7.0,2,2024-02-01
2024,Liechtenstein,February,9.0,2,2024-02-01
2024,Lithuania,February,1601.0,2,2024-02-01
2024,Luxembourg,February,86.0,2,2024-02-01
2024,Macedonia,February,24.0,2,2024-02-01
2024,Madagascar,February,10.0,2,2024-02-01
2024,Malawi,February,0.0,2,2024-02-01
2024,Malaysia,February,2250.0,2,2024-02-01
2024,Maldives,February,3235.0,2,2024-02-01
2024,Mali,February,1.0,2,2024-02-01
2024,Malta,February,125.0,2,2024-02-01
2024,Marshall Islands,February,0.0,2,2024-02-01
2024,Mauritania,February,0.0,2,2024-02-01
2024,Mauritius,February,53.0,2,2024-02-01
2024,Mexico,February,95.0,2,2024-02-01
2024,Micronesia,February,0.0,2,2024-02-01
2024,Moldova,February,166.0,2,2024-02-01
2024,Monaco,February,11.0,2,2024-02-01
2024,Mongolia,February,6.0,2,2024-02-01
2024,Montenegro,February,19.0,2,2024-02-01
2024,Morocco,February,103.0,2,2024-02-01
2024,Mozambique,February,2.0,2,2024-02-01
2024,Myanmar,February,101.0,2,2024-02-01
2024,Namibia,February,5.0,2,2024-02-01
2024,Nauru,February,0.0,2,2024-02-01
2024,Nepal,February,508.0,2,2024-02-01
2024,Netherlands,February,4011.0,2,2024-02-01
2024,Netherlands Antilles,February,0.0,2,2024-02-01
2024,New Zealand,February,567.0,2,2024-02-01
2024,Nicaragua,February,1.0,2,2024-02-01
2024,Niger,February,1.0,2,2024-02-01
2024,Nigeria,February,11.0,2,2024-02-01
2024,Norway,February,1329.0,2,2024-02-01
2024,Oman,February,116.0,2,2024-02-01
2024,Pakistan,February,1299.0,2,2024-02-01
2024,Palau,February,0.0,2,2024-02-01
2024,Palestinian Territories,February,61.0,2,2024-02-01
2024,Panama,February,7.0,2,2024-02-01
2024,Papua New Guinea,February,1.0,2,2024-02-01
2024,Paraguay,February,2.0,2,2024-02-01
2024,Peru,February,13.0,2,2024-02-01
2024,Philippines,February,440.0,2,2024-02-01
2024,Poland,February,6909.0,2,2024-02-01
2024,Portugal,February,654.0,2,2024-02-01
2024,Qatar,February,45.0,2,2024-02-01
2024,Romania,February,940.0,2,2024-02-01
2024,Russian Federation,February,32030.0,2,2024-02-01
2024,Rwanda,February,6.0,2,2024-02-01
2024,Saint Kitts and Nevis,February,12.0,2,2024-02-01
2024,Saint Lucia,February,1.0,2,2024-02-01
2024,Saint Vincent The Grenadi,February,1.0,2,2024-02-01
2024,Samoa,February,0.0,2,2024-02-01
2024,San Marino,February,0.0,2,2024-02-01
2024,Saudi Arabia,February,549.0,2,2024-02-01
2024,Senegal,February,2.0,2,2024-02-01
2024,Serbia,February,293.0,2,2024-02-01
2024,Seychelles,February,149.0,2,2024-02-01
2024,Sierra Leone,February,2.0,2,2024-02-01
2024,Singapore,February,862.0,2,2024-02-01
2024,Slovakia,February,1179.0,2,2024-02-01
2024,Slovenia,February,611.0,2,2024-02-01
2024,Solomon Islands,February,1.0,2,2024-02-01
2024,Somalia,February,4.0,2,2024-02-01
2024,South Africa,February,350.0,2,2024-02-01
2024,South Korea,February,830.0,2,2024-02-01
2024,South Sudan,February,1.0,2,2024-02-01
2024,Spain,February,2036.0,2,2024-02-01
2024,Sudan,February,41.0,2,2024-02-01
2024,Suriname,February,0.0,2,2024-02-01
2024,Swaziland,February,0.0,2,2024-02-01
2024,Sweden,February,1903.0,2,2024-02-01
2024,Switzerland,February,2888.0,2,2024-02-01
2024,Syrian Arab Republic,February,10.0,2,2024-02-01
2024,Tajikistan,February,8.0,2,2024-02-01
2024,Tanzania,February,25.0,2,2024-02-01
2024,Thailand,February,716.0,2,2024-02-01
2024,Timor-Leste,February,0.0,2,2024-02-01
2024,Togo,February,0.0,2,2024-02-01
2024,Tonga,February,0.0,2,2024-02-01
2024,Trinidad and Tobago,February,16.0,2,2024-02-01
2024,Tunisia,February,136.0,2,2024-02-01
2024,Turkey,February,663.0,2,2024-02-01
2024,Turkmenistan,February,5.0,2,2024-02-01
2024,Tuvalu,February,0.0,2,2024-02-01
2024,Uganda,February,33.0,2,2024-02-01
2024,Ukraine,February,1193.0,2,2024-02-01
2024,United Arab Emirates,February,227.0,2,2024-02-01
2024,United Kingdom,February,20614.0,2,2024-02-01
2024,United States,February,5709.0,2,2024-02-01
2024,Uruguay,February,16.0,2,2024-02-01
2024,Uzbekistan,February,70.0,2,2024-02-01
2024,Vanuatu,February,2.0,2,2024-02-01
2024,Venezuela,February,17.0,2,2024-02-01
2024,Viet Nam,February,270.0,2,2024-02-01
2024,Yemen,February,65.0,2,2024-02-01
2024,Zambia,February,3.0,2,2024-02-01
2024,Zimbabwe,February,12.0,2,2024-02-01
2024,Afghanistan,March,18.0,3,2024-03-01
2024,Albania,March,13.0,3,2024-03-01
2024,Algeria,March,10.0,3,2024-03-01
2024,Andorra,March,10.0,3,2024-03-01
2024,Angola,March,2.0,3,2024-03-01
2024,Antigua and Barbuda,March,5.0,3,2024-03-01
2024,Argentina,March,120.0,3,2024-03-01
2024,Armenia,March,326.0,3,2024-03-01
2024,Aruba,March,0.0,3,2024-03-01
2024,Australia,March,8852.0,3,2024-03-01
2024,Austria,March,1674.0,3,2024-03-01
2024,Azerbaijan,March,469.0,3,2024-03-01
2024,Bahamas,March,4.0,3,2024-03-01
2024,Bahrain,March,29.0,3,2024-03-01
2024,Bangladesh,March,1308.0,3,2024-03-01
2024,Barbados,March,13.0,3,2024-03-01
2024,Belarus,March,1665.0,3,2024-03-01
2024,Belgium,March,1565.0,3,2024-03-01
2024,Belize,March,4.0,3,2024-03-01
2024,Benin,March,0.0,3,2024-03-01
2024,Bhutan,March,68.0,3,2024-03-01
2024,Bolivia,March,2.0,3,2024-03-01
2024,Bosnia and Herzegovina,March,17.0,3,2024-03-01
2024,Botswana,March,3.0,3,2024-03-01
2024,Brazil,March,159.0,3,2024-03-01
2024,Brunei Darussalam,March,9.0,3,2024-03-01
2024,Bulgaria,March,458.0,3,2024-03-01
2024,Burkina Faso,March,0.0,3,2024-03-01
2024,Burundi,March,1.0,3,2024-03-01
2024,Cambodia,March,531.0,3,2024-03-01
2024,Cameroon,March,4.0,3,2024-03-01
2024,Canada,March,4034.0,3,2024-03-01
2024,Cape Verde,March,0.0,3,2024-03-01
2024,Central African Republic,March,29.0,3,2024-03-01
2024,Chad,March,1.0,3,2024-03-01
2024,Chile,March,77.0,3,2024-03-01
2024,China,March,13836.0,3,2024-03-01
2024,Colombia,March,69.0,3,2024-03-01
2024,Comoros,March,3.0,3,2024-03-01
2024,Congo,March,0.0,3,2024-03-01
2024,Costa Rica,March,11.0,3,2024-03-01
2024,Cote Divoire,March,2.0,3,2024-03-01
2024,Croatia,March,200.0,3,2024-03-01
2024,Cuba,March,10.0,3,2024-03-01
2024,Cyprus,March,67.0,3,2024-03-01
2024,Czech Republic,March,2988.0,3,2024-03-01
2024,Denmark,March,1497.0,3,2024-03-01
2024,Djibouti,March,5.0,3,2024-03-01
2024,Dominica,March,14.0,3,2024-03-01
2024,Dominican Republic,March,3.0,3,2024-03-01
2024,Ecuador,March,7.0,3,2024-03-01
2024,Egypt,March,99.0,3,2024-03-01
2024,El Salvador,March,4.0,3,2024-03-01
2024,Equatorial Guinea,March,0.0,3,2024-03-01
2024,Eritrea,March,1.0,3,2024-03-01
2024,Estonia,March,690.0,3,2024-03-01
2024,Ethiopia,March,10.0,3,2024-03-01
2024,Fiji,March,11.0,3,2024-03-01
2024,Finland,March,464.0,3,2024-03-01
2024,France,March,10960.0,3,2024-03-01
2024,Gabon,March,0.0,3,2024-03-01
2024,"Gambia, The",March,0.0,3,2024-03-01
2024,Georgia,March,148.0,3,2024-03-01
2024,Germany,March,18324.0,3,2024-03-01
2024,Ghana,March,4.0,3,2024-03-01
2024,Greece,March,305.0,3,2024-03-01
2024,Grenada,March,2.0,3,2024-03-01
2024,Guatemala,March,2.0,3,2024-03-01
2024,Guinea,March,0.0,3,2024-03-01
2024,Guinea-Bissau,March,1.0,3,2024-03-01
2024,Guyana,March,4.0,3,2024-03-01
2024,Haiti,March,0.0,3,2024-03-01
2024,Honduras,March,1.0,3,2024-03-01
2024,Hungary,March,585.0,3,2024-03-01
2024,Iceland,March,26.0,3,2024-03-01
2024,India,March,31853.0,3,2024-03-01
2024,Indonesia,March,257.0,3,2024-03-01
2024,Iran,March,3589.0,3,2024-03-01
2024,Iraq,March,21.0,3,2024-03-01
2024,Ireland,March,1008.0,3,2024-03-01
2024,Israel,March,2212.0,3,2024-03-01
2024,Italy,March,2502.0,3,2024-03-01
2024,Jamaica,March,18.0,3,2024-03-01
2024,Japan,March,2575.0,3,2024-03-01
2024,Jordan,March,85.0,3,2024-03-01
2024,Kazakhstan,March,2266.0,3,2024-03-01
2024,Kenya,March,80.0,3,2024-03-01
2024,Kiribati,March,1.0,3,2024-03-01
2024,Kosovar,March,3.0,3,2024-03-01
2024,Kuwait,March,59.0,3,2024-03-01
2024,Kyrgyzstan,March,108.0,3,2024-03-01
2024,"Lao, People's Democratic",March,11.0,3,2024-03-01
2024,Latvia,March,670.0,3,2024-03-01
2024,Lebanon,March,242.0,3,2024-03-01
2024,Lesotho,March,3.0,3,2024-03-01
2024,Liberia,March,0.0,3,2024-03-01
2024,Libya,March,0.0,3,2024-03-01
2024,Liechtenstein,March,5.0,3,2024-03-01
2024,Lithuania,March,1219.0,3,2024-03-01
2024,Luxembourg,March,104.0,3,2024-03-01
2024,Macedonia,March,16.0,3,2024-03-01
2024,Madagascar,March,19.0,3,2024-03-01
2024,Malawi,March,5.0,3,2024-03-01
2024,Malaysia,March,1721.0,3,2024-03-01
2024,Maldives,March,1562.0,3,2024-03-01
2024,Mali,March,1.0,3,2024-03-01
2024,Malta,March,125.0,3,2024-03-01
2024,Marshall Islands,March,0.0,3,2024-03-01
2024,Mauritania,March,4.0,3,2024-03-01
2024,Mauritius,March,43.0,3,2024-03-01
2024,Mexico,March,111.0,3,2024-03-01
2024,Micronesia,March,1.0,3,2024-03-01
2024,Moldova,March,92.0,3,2024-03-01
2024,Monaco,March,1.0,3,2024-03-01
2024,Mongolia,March,7.0,3,2024-03-01
2024,Montenegro,March,17.0,3,2024-03-01
2024,Morocco,March,35.0,3,2024-03-01
2024,Mozambique,March,5.0,3,2024-03-01
2024,Myanmar,March,110.0,3,2024-03-01
2024,Namibia,March,5.0,3,2024-03-01
2024,Nauru,March,2.0,3,2024-03-01
2024,Nepal,March,309.0,3,2024-03-01
2024,Netherlands,March,3707.0,3,2024-03-01
2024,Netherlands Antilles,March,0.0,3,2024-03-01
2024,New Zealand,March,1032.0,3,2024-03-01
2024,Nicaragua,March,1.0,3,2024-03-01
2024,Niger,March,0.0,3,2024-03-01
2024,Nigeria,March,3.0,3,2024-03-01
2024,Norway,March,1033.0,3,2024-03-01
2024,Oman,March,28.0,3,2024-03-01
2024,Pakistan,March,941.0,3,2024-03-01
2024,Palau,March,0.0,3,2024-03-01
2024,Palestinian Territories,March,8.0,3,2024-03-01
2024,Panama,March,5.0,3,2024-03-01
2024,Papua New Guinea,March,28.0,3,2024-03-01
2024,Paraguay,March,4.0,3,2024-03-01
2024,Peru,March,24.0,3,2024-03-01
2024,Philippines,March,395.0,3,2024-03-01
2024,Poland,March,4789.0,3,2024-03-01
2024,Portugal,March,670.0,3,2024-03-01
2024,Qatar,March,16.0,3,2024-03-01
2024,Romania,March,638.0,3,2024-03-01
2024,Russian Federation,March,28016.0,3,2024-03-01
2024,Rwanda,March,3.0,3,2024-03-01
2024,Saint Kitts and Nevis,March,10.0,3,2024-03-01
2024,Saint Lucia,March,2.0,3,2024-03-01
2024,Saint Vincent The Grenadi,March,0.0,3,2024-03-01
2024,Samoa,March,0.0,3,2024-03-01
2024,San Marino,March,0.0,3,2024-03-01
2024,Saudi Arabia,March,91.0,3,2024-03-01
2024,Senegal,March,0.0,3,2024-03-01
2024,Serbia,March,239.0,3,2024-03-01
2024,Seychelles,March,198.0,3,2024-03-01
2024,Sierra Leone,March,2.0,3,2024-03-01
2024,Singapore,March,1166.0,3,2024-03-01
2024,Slovakia,March,945.0,3,2024-03-01
2024,Slovenia,March,194.0,3,2024-03-01
2024,Solomon Islands,March,0.0,3,2024-03-01
2024,Somalia,March,10.0,3,2024-03-01
2024,South Africa,March,548.0,3,2024-03-01
2024,South Korea,March,861.0,3,2024-03-01
2024,South Sudan,March,0.0,3,2024-03-01
2024,Spain,March,2706.0,3,2024-03-01
2024,Sudan,March,14.0,3,2024-03-01
2024,Suriname,March,0.0,3,2024-03-01
2024,Swaziland,March,1.0,3,2024-03-01
2024,Sweden,March,1331.0,3,2024-03-01
2024,Switzerland,March,2522.0,3,2024-03-01
2024,Syrian Arab Republic,March,0.0,3,2024-03-01
2024,Tajikistan,March,11.0,3,2024-03-01
2024,Tanzania,March,15.0,3,2024-03-01
2024,Thailand,March,928.0,3,2024-03-01
2024,Timor-Leste,March,3.0,3,2024-03-01
2024,Togo,March,1.0,3,2024-03-01
2024,Tonga,March,0.0,3,2024-03-01
2024,Trinidad and Tobago,March,14.0,3,2024-03-01
2024,Tunisia,March,27.0,3,2024-03-01
2024,Turkey,March,473.0,3,2024-03-01
2024,Turkmenistan,March,9.0,3,2024-03-01
2024,Tuvalu,March,0.0,3,2024-03-01
2024,Uganda,March,15.0,3,2024-03-01
2024,Ukraine,March,907.0,3,2024-03-01
2024,United Arab Emirates,March,72.0,3,2024-03-01
2024,United Kingdom,March,21540.0,3,2024-03-01
2024,United States,March,7617.0,3,2024-03-01
2024,Uruguay,March,11.0,3,2024-03-01
2024,Uzbekistan,March,71.0,3,2024-03-01
2024,Vanuatu,March,6.0,3,2024-03-01
2024,Venezuela,March,19.0,3,2024-03-01
2024,Viet Nam,March,304.0,3,2024-03-01
2024,Yemen,March,11.0,3,2024-03-01
2024,Zambia,March,6.0,3,2024-03-01
2024,Zimbabwe,March,25.0,3,2024-03-01
2024,Afghanistan,April,0.0,4,2024-04-01
2024,Albania,April,10.0,4,2024-04-01
2024,Algeria,April,38.0,4,2024-04-01
2024,Andorra,April,1.0,4,2024-04-01
2024,Angola,April,1.0,4,2024-04-01
2024,Antigua and Barbuda,April,3.0,4,2024-04-01
2024,Argentina,April,102.0,4,2024-04-01
2024,Armenia,April,128.0,4,2024-04-01
2024,Aruba,April,0.0,4,2024-04-01
2024,Australia,April,7202.0,4,2024-04-01
2024,Austria,April,1092.0,4,2024-04-01
2024,Azerbaijan,April,101.0,4,2024-04-01
2024,Bahamas,April,0.0,4,2024-04-01
2024,Bahrain,April,85.0,4,2024-04-01
2024,Bangladesh,April,2354.0,4,2024-04-01
2024,Barbados,April,2.0,4,2024-04-01
2024,Belarus,April,752.0,4,2024-04-01
2024,Belgium,April,914.0,4,2024-04-01
2024,Belize,April,2.0,4,2024-04-01
2024,Benin,April,1.0,4,2024-04-01
2024,Bhutan,April,24.0,4,2024-04-01
2024,Bolivia,April,6.0,4,2024-04-01
2024,Bosnia and Herzegovina,April,18.0,4,2024-04-01
2024,Botswana,April,2.0,4,2024-04-01
2024,Brazil,April,239.0,4,2024-04-01
2024,Brunei Darussalam,April,4.0,4,2024-04-01
2024,Bulgaria,April,313.0,4,2024-04-01
2024,Burkina Faso,April,1.0,4,2024-04-01
2024,Burundi,April,0.0,4,2024-04-01
2024,Cambodia,April,162.0,4,2024-04-01
2024,Cameroon,April,1.0,4,2024-04-01
2024,Canada,April,3594.0,4,2024-04-01
2024,Cape Verde,April,0.0,4,2024-04-01
2024,Central African Republic,April,0.0,4,2024-04-01
2024,Chad,April,0.0,4,2024-04-01
2024,Chile,April,53.0,4,2024-04-01
2024,China,April,8969.0,4,2024-04-01
2024,Colombia,April,88.0,4,2024-04-01
2024,Comoros,April,2.0,4,2024-04-01
2024,Congo,April,0.0,4,2024-04-01
2024,Costa Rica,April,11.0,4,2024-04-01
2024,Cote Divoire,April,0.0,4,2024-04-01
2024,Croatia,April,70.0,4,2024-04-01
2024,Cuba,April,1.0,4,2024-04-01
2024,Cyprus,April,112.0,4,2024-04-01
2024,Czech Republic,April,1279.0,4,2024-04-01
2024,Denmark,April,822.0,4,2024-04-01
2024,Djibouti,April,0.0,4,2024-04-01
2024,Dominica,April,8.0,4,2024-04-01
2024,Dominican Republic,April,1.0,4,2024-04-01
2024,Ecuador,April,9.0,4,2024-04-01
2024,Egypt,April,458.0,4,2024-04-01
2024,El Salvador,April,1.0,4,2024-04-01
2024,Equatorial Guinea,April,6.0,4,2024-04-01
2024,Eritrea,April,3.0,4,2024-04-01
2024,Estonia,April,236.0,4,2024-04-01
2024,Ethiopia,April,17.0,4,2024-04-01
2024,Fiji,April,26.0,4,2024-04-01
2024,Finland,April,238.0,4,2024-04-01
2024,France,April,8792.0,4,2024-04-01
2024,Gabon,April,0.0,4,2024-04-01
2024,"Gambia, The",April,2.0,4,2024-04-01
2024,Georgia,April,132.0,4,2024-04-01
2024,Germany,April,9843.0,4,2024-04-01
2024,Ghana,April,3.0,4,2024-04-01
2024,Greece,April,306.0,4,2024-04-01
2024,Grenada,April,2.0,4,2024-04-01
2024,Guatemala,April,6.0,4,2024-04-01
2024,Guinea,April,2.0,4,2024-04-01
2024,Guinea-Bissau,April,0.0,4,2024-04-01
2024,Guyana,April,0.0,4,2024-04-01
2024,Haiti,April,0.0,4,2024-04-01
2024,Honduras,April,2.0,4,2024-04-01
2024,Hungary,April,237.0,4,2024-04-01
2024,Iceland,April,16.0,4,2024-04-01
2024,India,April,27304.0,4,2024-04-01
2024,Indonesia,April,248.0,4,2024-04-01
2024,Iran,April,426.0,4,2024-04-01
2024,Iraq,April,58.0,4,2024-04-01
2024,Ireland,April,846.0,4,2024-04-01
2024,Israel,April,3169.0,4,2024-04-01
2024,Italy,April,2245.0,4,2024-04-01
2024,Jamaica,April,1.0,4,2024-04-01
2024,Japan,April,1949.0,4,2024-04-01
2024,Jordan,April,313.0,4,2024-04-01
2024,Kazakhstan,April,152.0,4,2024-04-01
2024,Kenya,April,45.0,4,2024-04-01
2024,Kiribati,April,0.0,4,2024-04-01
2024,Kosovar,April,3.0,4,2024-04-01
2024,Kuwait,April,225.0,4,2024-04-01
2024,Kyrgyzstan,April,50.0,4,2024-04-01
2024,"Lao, People's Democratic",April,12.0,4,2024-04-01
2024,Latvia,April,146.0,4,2024-04-01
2024,Lebanon,April,671.0,4,2024-04-01
2024,Lesotho,April,0.0,4,2024-04-01
2024,Liberia,April,0.0,4,2024-04-01
2024,Libya,April,3.0,4,2024-04-01
2024,Liechtenstein,April,10.0,4,2024-04-01
2024,Lithuania,April,401.0,4,2024-04-01
2024,Luxembourg,April,81.0,4,2024-04-01
2024,Macedonia,April,23.0,4,2024-04-01
2024,Madagascar,April,7.0,4,2024-04-01
2024,Malawi,April,3.0,4,2024-04-01
2024,Malaysia,April,1277.0,4,2024-04-01
2024,Maldives,April,2938.0,4,2024-04-01
2024,Mali,April,1.0,4,2024-04-01
2024,Malta,April,38.0,4,2024-04-01
2024,Marshall Islands,April,0.0,4,2024-04-01
2024,Mauritania,April,1.0,4,2024-04-01
2024,Mauritius,April,59.0,4,2024-04-01
2024,Mexico,April,155.0,4,2024-04-01
2024,Micronesia,April,0.0,4,2024-04-01
2024,Moldova,April,81.0,4,2024-04-01
2024,Monaco,April,3.0,4,2024-04-01
2024,Mongolia,April,4.0,4,2024-04-01
2024,Montenegro,April,18.0,4,2024-04-01
2024,Morocco,April,131.0,4,2024-04-01
2024,Mozambique,April,1.0,4,2024-04-01
2024,Myanmar,April,125.0,4,2024-04-01
2024,Namibia,April,3.0,4,2024-04-01
2024,Nauru,April,0.0,4,2024-04-01
2024,Nepal,April,284.0,4,2024-04-01
2024,Netherlands,April,3437.0,4,2024-04-01
2024,Netherlands Antilles,April,0.0,4,2024-04-01
2024,New Zealand,April,1116.0,4,2024-04-01
2024,Nicaragua,April,1.0,4,2024-04-01
2024,Niger,April,1.0,4,2024-04-01
2024,Nigeria,April,9.0,4,2024-04-01
2024,Norway,April,548.0,4,2024-04-01
2024,Oman,April,125.0,4,2024-04-01
2024,Pakistan,April,797.0,4,2024-04-01
2024,Palau,April,0.0,4,2024-04-01
2024,Palestinian Territories,April,57.0,4,2024-04-01
2024,Panama,April,3.0,4,2024-04-01
2024,Papua New Guinea,April,3.0,4,2024-04-01
2024,Paraguay,April,2.0,4,2024-04-01
2024,Peru,April,42.0,4,2024-04-01
2024,Philippines,April,578.0,4,2024-04-01
2024,Poland,April,2349.0,4,2024-04-01
2024,Portugal,April,530.0,4,2024-04-01
2024,Qatar,April,99.0,4,2024-04-01
2024,Romania,April,655.0,4,2024-04-01
2024,Russian Federation,April,15103.0,4,2024-04-01
2024,Rwanda,April,2.0,4,2024-04-01
2024,Saint Kitts and Nevis,April,26.0,4,2024-04-01
2024,Saint Lucia,April,0.0,4,2024-04-01
2024,Saint Vincent The Grenadi,April,0.0,4,2024-04-01
2024,Samoa,April,0.0,4,2024-04-01
2024,San Marino,April,0.0,4,2024-04-01
2024,Saudi Arabia,April,360.0,4,2024-04-01
2024,Senegal,April,3.0,4,2024-04-01
2024,Serbia,April,222.0,4,2024-04-01
2024,Seychelles,April,289.0,4,2024-04-01
2024,Sierra Leone,April,3.0,4,2024-04-01
2024,Singapore,April,858.0,4,2024-04-01
2024,Slovakia,April,535.0,4,2024-04-01
2024,Slovenia,April,338.0,4,2024-04-01
2024,Solomon Islands,April,0.0,4,2024-04-01
2024,Somalia,April,8.0,4,2024-04-01
2024,South Africa,April,474.0,4,2024-04-01
2024,South Korea,April,637.0,4,2024-04-01
2024,South Sudan,April,0.0,4,2024-04-01
2024,Spain,April,2166.0,4,2024-04-01
2024,Sudan,April,68.0,4,2024-04-01
2024,Suriname,April,3.0,4,2024-04-01
2024,Swaziland,April,0.0,4,2024-04-01
2024,Sweden,April,537.0,4,2024-04-01
2024,Switzerland,April,2557.0,4,2024-04-01
2024,Syrian Arab Republic,April,7.0,4,2024-04-01
2024,Tajikistan,April,10.0,4,2024-04-01
2024,Tanzania,April,11.0,4,2024-04-01
2024,Thailand,April,834.0,4,2024-04-01
2024,Timor-Leste,April,6.0,4,2024-04-01
2024,Togo,April,0.0,4,2024-04-01
2024,Tonga,April,2.0,4,2024-04-01
2024,Trinidad and Tobago,April,8.0,4,2024-04-01
2024,Tunisia,April,152.0,4,2024-04-01
2024,Turkey,April,910.0,4,2024-04-01
2024,Turkmenistan,April,8.0,4,2024-04-01
2024,Tuvalu,April,0.0,4,2024-04-01
2024,Uganda,April,29.0,4,2024-04-01
2024,Ukraine,April,437.0,4,2024-04-01
2024,United Arab Emirates,April,378.0,4,2024-04-01
2024,United Kingdom,April,13173.0,4,2024-04-01
2024,United States,April,5574.0,4,2024-04-01
2024,Uruguay,April,8.0,4,2024-04-01
2024,Uzbekistan,April,57.0,4,2024-04-01
2024,Vanuatu,April,4.0,4,2024-04-01
2024,Venezuela,April,25.0,4,2024-04-01
2024,Viet Nam,April,235.0,4,2024-04-01
2024,Yemen,April,26.0,4,2024-04-01
2024,Zambia,April,1.0,4,2024-04-01
2024,Zimbabwe,April,16.0,4,2024-04-01
2024,Afghanistan,May,20.0,5,2024-05-01
2024,Albania,May,11.0,5,2024-05-01
2024,Algeria,May,28.0,5,2024-05-01
2024,Andorra,May,7.0,5,2024-05-01
2024,Angola,May,5.0,5,2024-05-01
2024,Antigua and Barbuda,May,1.0,5,2024-05-01
2024,Argentina,May,44.0,5,2024-05-01
2024,Armenia,May,60.0,5,2024-05-01
2024,Aruba,May,0.0,5,2024-05-01
2024,Australia,May,5465.0,5,2024-05-01
2024,Austria,May,544.0,5,2024-05-01
2024,Azerbaijan,May,39.0,5,2024-05-01
2024,Bahamas,May,0.0,5,2024-05-01
2024,Bahrain,May,68.0,5,2024-05-01
2024,Bangladesh,May,2878.0,5,2024-05-01
2024,Barbados,May,0.0,5,2024-05-01
2024,Belarus,May,195.0,5,2024-05-01
2024,Belgium,May,549.0,5,2024-05-01
2024,Belize,May,0.0,5,2024-05-01
2024,Benin,May,2.0,5,2024-05-01
2024,Bhutan,May,52.0,5,2024-05-01
2024,Bolivia,May,5.0,5,2024-05-01
2024,Bosnia and Herzegovina,May,15.0,5,2024-05-01
2024,Botswana,May,1.0,5,2024-05-01
2024,Brazil,May,106.0,5,2024-05-01
2024,Brunei Darussalam,May,3.0,5,2024-05-01
2024,Bulgaria,May,71.0,5,2024-05-01
2024,Burkina Faso,May,1.0,5,2024-05-01
2024,Burundi,May,1.0,5,2024-05-01
2024,Cambodia,May,82.0,5,2024-05-01
2024,Cameroon,May,0.0,5,2024-05-01
2024,Canada,May,3294.0,5,2024-05-01
2024,Cape Verde,May,0.0,5,2024-05-01
2024,Central African Republic,May,0.0,5,2024-05-01
2024,Chad,May,0.0,5,2024-05-01
2024,Chile,May,42.0,5,2024-05-01
2024,China,May,7930.0,5,2024-05-01
2024,Colombia,May,40.0,5,2024-05-01
2024,Comoros,May,10.0,5,2024-05-01
2024,Congo,May,2.0,5,2024-05-01
2024,Costa Rica,May,7.0,5,2024-05-01
2024,Cote Divoire,May,0.0,5,2024-05-01
2024,Croatia,May,35.0,5,2024-05-01
2024,Cuba,May,1.0,5,2024-05-01
2024,Cyprus,May,31.0,5,2024-05-01
2024,Czech Republic,May,314.0,5,2024-05-01
2024,Denmark,May,410.0,5,2024-05-01
2024,Djibouti,May,0.0,5,2024-05-01
2024,Dominica,May,11.0,5,2024-05-01
2024,Dominican Republic,May,4.0,5,2024-05-01
2024,Ecuador,May,8.0,5,2024-05-01
2024,Egypt,May,223.0,5,2024-05-01
2024,El Salvador,May,1.0,5,2024-05-01
2024,Equatorial Guinea,May,0.0,5,2024-05-01
2024,Eritrea,May,2.0,5,2024-05-01
2024,Estonia,May,11.0,5,2024-05-01
2024,Ethiopia,May,6.0,5,2024-05-01
2024,Fiji,May,13.0,5,2024-05-01
2024,Finland,May,159.0,5,2024-05-01
2024,France,May,4064.0,5,2024-05-01
2024,Gabon,May,0.0,5,2024-05-01
2024,"Gambia, The",May,4.0,5,2024-05-01
2024,Georgia,May,39.0,5,2024-05-01
2024,Germany,May,7495.0,5,2024-05-01
2024,Ghana,May,1.0,5,2024-05-01
2024,Greece,May,133.0,5,2024-05-01
2024,Grenada,May,0.0,5,2024-05-01
2024,Guatemala,May,6.0,5,2024-05-01
2024,Guinea,May,1.0,5,2024-05-01
2024,Guinea-Bissau,May,0.0,5,2024-05-01
2024,Guyana,May,0.0,5,2024-05-01
2024,Haiti,May,0.0,5,2024-05-01
2024,Honduras,May,2.0,5,2024-05-01
2024,Hungary,May,78.0,5,2024-05-01
2024,Iceland,May,22.0,5,2024-05-01
2024,India,May,32254.0,5,2024-05-01
2024,Indonesia,May,218.0,5,2024-05-01
2024,Iran,May,280.0,5,2024-05-01
2024,Iraq,May,101.0,5,2024-05-01
2024,Ireland,May,315.0,5,2024-05-01
2024,Israel,May,1506.0,5,2024-05-01
2024,Italy,May,1010.0,5,2024-05-01
2024,Jamaica,May,7.0,5,2024-05-01
2024,Japan,May,1581.0,5,2024-05-01
2024,Jordan,May,149.0,5,2024-05-01
2024,Kazakhstan,May,65.0,5,2024-05-01
2024,Kenya,May,45.0,5,2024-05-01
2024,Kiribati,May,0.0,5,2024-05-01
2024,Kosovar,May,5.0,5,2024-05-01
2024,Kuwait,May,77.0,5,2024-05-01
2024,Kyrgyzstan,May,32.0,5,2024-05-01
2024,"Lao, People's Democratic",May,18.0,5,2024-05-01
2024,Latvia,May,22.0,5,2024-05-01
2024,Lebanon,May,216.0,5,2024-05-01
2024,Lesotho,May,0.0,5,2024-05-01
2024,Liberia,May,0.0,5,2024-05-01
2024,Libya,May,11.0,5,2024-05-01
2024,Liechtenstein,May,2.0,5,2024-05-01
2024,Lithuania,May,69.0,5,2024-05-01
2024,Luxembourg,May,37.0,5,2024-05-01
2024,Macedonia,May,29.0,5,2024-05-01
2024,Madagascar,May,5.0,5,2024-05-01
2024,Malawi,May,4.0,5,2024-05-01
2024,Malaysia,May,1204.0,5,2024-05-01
2024,Maldives,May,8040.0,5,2024-05-01
2024,Mali,May,0.0,5,2024-05-01
2024,Malta,May,21.0,5,2024-05-01
2024,Marshall Islands,May,0.0,5,2024-05-01
2024,Mauritania,May,1.0,5,2024-05-01
2024,Mauritius,May,25.0,5,2024-05-01
2024,Mexico,May,57.0,5,2024-05-01
2024,Micronesia,May,0.0,5,2024-05-01
2024,Moldova,May,8.0,5,2024-05-01
2024,Monaco,May,0.0,5,2024-05-01
2024,Mongolia,May,8.0,5,2024-05-01
2024,Montenegro,May,2.0,5,2024-05-01
2024,Morocco,May,59.0,5,2024-05-01
2024,Mozambique,May,7.0,5,2024-05-01
2024,Myanmar,May,83.0,5,2024-05-01
2024,Namibia,May,0.0,5,2024-05-01
2024,Nauru,May,0.0,5,2024-05-01
2024,Nepal,May,282.0,5,2024-05-01
2024,Netherlands,May,1845.0,5,2024-05-01
2024,Netherlands Antilles,May,0.0,5,2024-05-01
2024,New Zealand,May,664.0,5,2024-05-01
2024,Nicaragua,May,0.0,5,2024-05-01
2024,Niger,May,0.0,5,2024-05-01
2024,Nigeria,May,0.0,5,2024-05-01
2024,Norway,May,379.0,5,2024-05-01
2024,Oman,May,139.0,5,2024-05-01
2024,Pakistan,May,938.0,5,2024-05-01
2024,Palau,May,0.0,5,2024-05-01
2024,Palestinian Territories,May,31.0,5,2024-05-01
2024,Panama,May,2.0,5,2024-05-01
2024,Papua New Guinea,May,0.0,5,2024-05-01
2024,Paraguay,May,2.0,5,2024-05-01
2024,Peru,May,16.0,5,2024-05-01
2024,Philippines,May,395.0,5,2024-05-01
2024,Poland,May,1002.0,5,2024-05-01
2024,Portugal,May,314.0,5,2024-05-01
2024,Qatar,May,39.0,5,2024-05-01
2024,Romania,May,147.0,5,2024-05-01
2024,Russian Federation,May,4384.0,5,2024-05-01
2024,Rwanda,May,1.0,5,2024-05-01
2024,Saint Kitts and Nevis,May,10.0,5,2024-05-01
2024,Saint Lucia,May,0.0,5,2024-05-01
2024,Saint Vincent The Grenadi,May,1.0,5,2024-05-01
2024,Samoa,May,0.0,5,2024-05-01
2024,San Marino,May,2.0,5,2024-05-01
2024,Saudi Arabia,May,213.0,5,2024-05-01
2024,Senegal,May,0.0,5,2024-05-01
2024,Serbia,May,32.0,5,2024-05-01
2024,Seychelles,May,117.0,5,2024-05-01
2024,Sierra Leone,May,0.0,5,2024-05-01
2024,Singapore,May,914.0,5,2024-05-01
2024,Slovakia,May,173.0,5,2024-05-01
2024,Slovenia,May,46.0,5,2024-05-01
2024,Solomon Islands,May,0.0,5,2024-05-01
2024,Somalia,May,5.0,5,2024-05-01
2024,South Africa,May,195.0,5,2024-05-01
2024,South Korea,May,571.0,5,2024-05-01
2024,South Sudan,May,0.0,5,2024-05-01
2024,Spain,May,1369.0,5,2024-05-01
2024,Sudan,May,69.0,5,2024-05-01
2024,Suriname,May,0.0,5,2024-05-01
2024,Swaziland,May,2.0,5,2024-05-01
2024,Sweden,May,278.0,5,2024-05-01
2024,Switzerland,May,1345.0,5,2024-05-01
2024,Syrian Arab Republic,May,3.0,5,2024-05-01
2024,Tajikistan,May,10.0,5,2024-05-01
2024,Tanzania,May,14.0,5,2024-05-01
2024,Thailand,May,583.0,5,2024-05-01
2024,Timor-Leste,May,2.0,5,2024-05-01
2024,Togo,May,1.0,5,2024-05-01
2024,Tonga,May,3.0,5,2024-05-01
2024,Trinidad and Tobago,May,10.0,5,2024-05-01
2024,Tunisia,May,57.0,5,2024-05-01
2024,Turkey,May,294.0,5,2024-05-01
2024,Turkmenistan,May,3.0,5,2024-05-01
2024,Tuvalu,May,0.0,5,2024-05-01
2024,Uganda,May,16.0,5,2024-05-01
2024,Ukraine,May,203.0,5,2024-05-01
2024,United Arab Emirates,May,229.0,5,2024-05-01
2024,United Kingdom,May,8094.0,5,2024-05-01
2024,United States,May,4082.0,5,2024-05-01
2024,Uruguay,May,20.0,5,2024-05-01
2024,Uzbekistan,May,32.0,5,2024-05-01
2024,Vanuatu,May,2.0,5,2024-05-01
2024,Venezuela,May,6.0,5,2024-05-01
2024,Viet Nam,May,290.0,5,2024-05-01
2024,Yemen,May,14.0,5,2024-05-01
2024,Zambia,May,2.0,5,2024-05-01
2024,Zimbabwe,May,11.0,5,2024-05-01
2024,Afghanistan,June,2.0,6,2024-06-01
2024,Albania,June,7.0,6,2024-06-01
2024,Algeria,June,48.0,6,2024-06-01
2024,Andorra,June,6.0,6,2024-06-01
2024,Angola,June,0.0,6,2024-06-01
2024,Antigua and Barbuda,June,0.0,6,2024-06-01
2024,Argentina,June,51.0,6,2024-06-01
2024,Armenia,June,71.0,6,2024-06-01
2024,Aruba,June,0.0,6,2024-06-01
2024,Australia,June,6317.0,6,2024-06-01
2024,Austria,June,384.0,6,2024-06-01
2024,Azerbaijan,June,83.0,6,2024-06-01
2024,Bahamas,June,3.0,6,2024-06-01
2024,Bahrain,June,197.0,6,2024-06-01
2024,Bangladesh,June,4374.0,6,2024-06-01
2024,Barbados,June,5.0,6,2024-06-01
2024,Belarus,June,175.0,6,2024-06-01
2024,Belgium,June,872.0,6,2024-06-01
2024,Belize,June,1.0,6,2024-06-01
2024,Benin,June,1.0,6,2024-06-01
2024,Bhutan,June,33.0,6,2024-06-01
2024,Bolivia,June,4.0,6,2024-06-01
2024,Bosnia and Herzegovina,June,10.0,6,2024-06-01
2024,Botswana,June,5.0,6,2024-06-01
2024,Brazil,June,111.0,6,2024-06-01
2024,Brunei Darussalam,June,15.0,6,2024-06-01
2024,Bulgaria,June,26.0,6,2024-06-01
2024,Burkina Faso,June,0.0,6,2024-06-01
2024,Burundi,June,1.0,6,2024-06-01
2024,Cambodia,June,50.0,6,2024-06-01
2024,Cameroon,June,0.0,6,2024-06-01
2024,Canada,June,3263.0,6,2024-06-01
2024,Cape Verde,June,0.0,6,2024-06-01
2024,Central African Republic,June,0.0,6,2024-06-01
2024,Chad,June,0.0,6,2024-06-01
2024,Chile,June,32.0,6,2024-06-01
2024,China,June,9222.0,6,2024-06-01
2024,Colombia,June,44.0,6,2024-06-01
2024,Comoros,June,8.0,6,2024-06-01
2024,Congo,June,3.0,6,2024-06-01
2024,Costa Rica,June,3.0,6,2024-06-01
2024,Cote Divoire,June,0.0,6,2024-06-01
2024,Croatia,June,23.0,6,2024-06-01
2024,Cuba,June,10.0,6,2024-06-01
2024,Cyprus,June,57.0,6,2024-06-01
2024,Czech Republic,June,526.0,6,2024-06-01
2024,Denmark,June,714.0,6,2024-06-01
2024,Djibouti,June,1.0,6,2024-06-01
2024,Dominica,June,9.0,6,2024-06-01
2024,Dominican Republic,June,3.0,6,2024-06-01
2024,Ecuador,June,9.0,6,2024-06-01
2024,Egypt,June,365.0,6,2024-06-01
2024,El Salvador,June,5.0,6,2024-06-01
2024,Equatorial Guinea,June,0.0,6,2024-06-01
2024,Eritrea,June,6.0,6,2024-06-01
2024,Estonia,June,30.0,6,2024-06-01
2024,Ethiopia,June,13.0,6,2024-06-01
2024,Fiji,June,9.0,6,2024-06-01
2024,Finland,June,130.0,6,2024-06-01
2024,France,June,3102.0,6,2024-06-01
2024,Gabon,June,0.0,6,2024-06-01
2024,"Gambia, The",June,2.0,6,2024-06-01
2024,Georgia,June,26.0,6,2024-06-01
2024,Germany,June,4556.0,6,2024-06-01
2024,Ghana,June,0.0,6,2024-06-01
2024,Greece,June,82.0,6,2024-06-01
2024,Grenada,June,5.0,6,2024-06-01
2024,Guatemala,June,5.0,6,2024-06-01
2024,Guinea,June,5.0,6,2024-06-01
2024,Guinea-Bissau,June,0.0,6,2024-06-01
2024,Guyana,June,3.0,6,2024-06-01
2024,Haiti,June,1.0,6,2024-06-01
2024,Honduras,June,0.0,6,2024-06-01
2024,Hungary,June,160.0,6,2024-06-01
2024,Iceland,June,6.0,6,2024-06-01
2024,India,June,28631.0,6,2024-06-01
2024,Indonesia,June,272.0,6,2024-06-01
2024,Iran,June,318.0,6,2024-06-01
2024,Iraq,June,93.0,6,2024-06-01
2024,Ireland,June,673.0,6,2024-06-01
2024,Israel,June,1515.0,6,2024-06-01
2024,Italy,June,1792.0,6,2024-06-01
2024,Jamaica,June,12.0,6,2024-06-01
2024,Japan,June,1666.0,6,2024-06-01
2024,Jordan,June,373.0,6,2024-06-01
2024,Kazakhstan,June,96.0,6,2024-06-01
2024,Kenya,June,29.0,6,2024-06-01
2024,Kiribati,June,0.0,6,2024-06-01
2024,Kosovar,June,2.0,6,2024-06-01
2024,Kuwait,June,231.0,6,2024-06-01
2024,Kyrgyzstan,June,25.0,6,2024-06-01
2024,"Lao, People's Democratic",June,19.0,6,2024-06-01
2024,Latvia,June,30.0,6,2024-06-01
2024,Lebanon,June,308.0,6,2024-06-01
2024,Lesotho,June,0.0,6,2024-06-01
2024,Liberia,June,1.0,6,2024-06-01
2024,Libya,June,4.0,6,2024-06-01
2024,Liechtenstein,June,3.0,6,2024-06-01
2024,Lithuania,June,73.0,6,2024-06-01
2024,Luxembourg,June,13.0,6,2024-06-01
2024,Macedonia,June,10.0,6,2024-06-01
2024,Madagascar,June,7.0,6,2024-06-01
2024,Malawi,June,1.0,6,2024-06-01
2024,Malaysia,June,1384.0,6,2024-06-01
2024,Maldives,June,5109.0,6,2024-06-01
2024,Mali,June,1.0,6,2024-06-01
2024,Malta,June,14.0,6,2024-06-01
2024,Marshall Islands,June,0.0,6,2024-06-01
2024,Mauritania,June,0.0,6,2024-06-01
2024,Mauritius,June,25.0,6,2024-06-01
2024,Mexico,June,38.0,6,2024-06-01
2024,Micronesia,June,0.0,6,2024-06-01
2024,Moldova,June,2.0,6,2024-06-01
2024,Monaco,June,0.0,6,2024-06-01
2024,Mongolia,June,22.0,6,2024-06-01
2024,Montenegro,June,3.0,6,2024-06-01
2024,Morocco,June,80.0,6,2024-06-01
2024,Mozambique,June,4.0,6,2024-06-01
2024,Myanmar,June,117.0,6,2024-06-01
2024,Namibia,June,2.0,6,2024-06-01
2024,Nauru,June,0.0,6,2024-06-01
2024,Nepal,June,200.0,6,2024-06-01
2024,Netherlands,June,1935.0,6,2024-06-01
2024,Netherlands Antilles,June,0.0,6,2024-06-01
2024,New Zealand,June,853.0,6,2024-06-01
2024,Nicaragua,June,1.0,6,2024-06-01
2024,Niger,June,0.0,6,2024-06-01
2024,Nigeria,June,1.0,6,2024-06-01
2024,Norway,June,1452.0,6,2024-06-01
2024,Oman,June,322.0,6,2024-06-01
2024,Pakistan,June,1399.0,6,2024-06-01
2024,Palau,June,0.0,6,2024-06-01
2024,Palestinian Territories,June,81.0,6,2024-06-01
2024,Panama,June,0.0,6,2024-06-01
2024,Papua New Guinea,June,4.0,6,2024-06-01
2024,Paraguay,June,1.0,6,2024-06-01
2024,Peru,June,11.0,6,2024-06-01
2024,Philippines,June,544.0,6,2024-06-01
2024,Poland,June,1047.0,6,2024-06-01
2024,Portugal,June,281.0,6,2024-06-01
2024,Qatar,June,80.0,6,2024-06-01
2024,Romania,June,192.0,6,2024-06-01
2024,Russian Federation,June,3412.0,6,2024-06-01
2024,Rwanda,June,5.0,6,2024-06-01
2024,Saint Kitts and Nevis,June,10.0,6,2024-06-01
2024,Saint Lucia,June,4.0,6,2024-06-01
2024,Saint Vincent The Grenadi,June,0.0,6,2024-06-01
2024,Samoa,June,1.0,6,2024-06-01
2024,San Marino,June,4.0,6,2024-06-01
2024,Saudi Arabia,June,990.0,6,2024-06-01
2024,Senegal,June,1.0,6,2024-06-01
2024,Serbia,June,52.0,6,2024-06-01
2024,Seychelles,June,238.0,6,2024-06-01
2024,Sierra Leone,June,1.0,6,2024-06-01
2024,Singapore,June,1284.0,6,2024-06-01
2024,Slovakia,June,163.0,6,2024-06-01
2024,Slovenia,June,115.0,6,2024-06-01
2024,Solomon Islands,June,1.0,6,2024-06-01
2024,Somalia,June,4.0,6,2024-06-01
2024,South Africa,June,349.0,6,2024-06-01
2024,South Korea,June,579.0,6,2024-06-01
2024,South Sudan,June,0.0,6,2024-06-01
2024,Spain,June,2081.0,6,2024-06-01
2024,Sudan,June,116.0,6,2024-06-01
2024,Suriname,June,1.0,6,2024-06-01
2024,Swaziland,June,0.0,6,2024-06-01
2024,Sweden,June,568.0,6,2024-06-01
2024,Switzerland,June,1291.0,6,2024-06-01
2024,Syrian Arab Republic,June,1.0,6,2024-06-01
2024,Tajikistan,June,12.0,6,2024-06-01
2024,Tanzania,June,18.0,6,2024-06-01
2024,Thailand,June,364.0,6,2024-06-01
2024,Timor-Leste,June,2.0,6,2024-06-01
2024,Togo,June,1.0,6,2024-06-01
2024,Tonga,June,4.0,6,2024-06-01
2024,Trinidad and Tobago,June,7.0,6,2024-06-01
2024,Tunisia,June,59.0,6,2024-06-01
2024,Turkey,June,572.0,6,2024-06-01
2024,Turkmenistan,June,1.0,6,2024-06-01
2024,Tuvalu,June,2.0,6,2024-06-01
2024,Uganda,June,13.0,6,2024-06-01
2024,Ukraine,June,206.0,6,2024-06-01
2024,United Arab Emirates,June,591.0,6,2024-06-01
2024,United Kingdom,June,9266.0,6,2024-06-01
2024,United States,June,4023.0,6,2024-06-01
2024,Uruguay,June,5.0,6,2024-06-01
2024,Uzbekistan,June,42.0,6,2024-06-01
2024,Vanuatu,June,13.0,6,2024-06-01
2024,Venezuela,June,11.0,6,2024-06-01
2024,Viet Nam,June,237.0,6,2024-06-01
2024,Yemen,June,43.0,6,2024-06-01
2024,Zambia,June,1.0,6,2024-06-01
2024,Zimbabwe,June,14.0,6,2024-06-01
2024,Afghanistan,July,15.0,7,2024-07-01
2024,Albania,July,11.0,7,2024-07-01
2024,Algeria,July,54.0,7,2024-07-01
2024,Andorra,July,20.0,7,2024-07-01
2024,Angola,July,0.0,7,2024-07-01
2024,Antigua and Barbuda,July,5.0,7,2024-07-01
2024,Argentina,July,50.0,7,2024-07-01
2024,Armenia,July,128.0,7,2024-07-01
2024,Aruba,July,0.0,7,2024-07-01
2024,Australia,July,7371.0,7,2024-07-01
2024,Austria,July,1722.0,7,2024-07-01
2024,Azerbaijan,July,150.0,7,2024-07-01
2024,Bahamas,July,3.0,7,2024-07-01
2024,Bahrain,July,162.0,7,2024-07-01
2024,Bangladesh,July,4607.0,7,2024-07-01
2024,Barbados,July,4.0,7,2024-07-01
2024,Belarus,July,203.0,7,2024-07-01
2024,Belgium,July,3435.0,7,2024-07-01
2024,Belize,July,4.0,7,2024-07-01
2024,Benin,July,1.0,7,2024-07-01
2024,Bhutan,July,29.0,7,2024-07-01
2024,Bolivia,July,2.0,7,2024-07-01
2024,Bosnia and Herzegovina,July,18.0,7,2024-07-01
2024,Botswana,July,3.0,7,2024-07-01
2024,Brazil,July,134.0,7,2024-07-01
2024,Brunei Darussalam,July,7.0,7,2024-07-01
2024,Bulgaria,July,34.0,7,2024-07-01
2024,Burkina Faso,July,0.0,7,2024-07-01
2024,Burundi,July,0.0,7,2024-07-01
2024,Cambodia,July,24.0,7,2024-07-01
2024,Cameroon,July,2.0,7,2024-07-01
2024,Canada,July,4821.0,7,2024-07-01
2024,Cape Verde,July,1.0,7,2024-07-01
2024,Central African Republic,July,1.0,7,2024-07-01
2024,Chad,July,0.0,7,2024-07-01
2024,Chile,July,36.0,7,2024-07-01
2024,China,July,13685.0,7,2024-07-01
2024,Colombia,July,51.0,7,2024-07-01
2024,Comoros,July,17.0,7,2024-07-01
2024,Congo,July,2.0,7,2024-07-01
2024,Costa Rica,July,3.0,7,2024-07-01
2024,Cote Divoire,July,0.0,7,2024-07-01
2024,Croatia,July,78.0,7,2024-07-01
2024,Cuba,July,4.0,7,2024-07-01
2024,Cyprus,July,191.0,7,2024-07-01
2024,Czech Republic,July,1133.0,7,2024-07-01
2024,Denmark,July,2147.0,7,2024-07-01
2024,Djibouti,July,0.0,7,2024-07-01
2024,Dominica,July,17.0,7,2024-07-01
2024,Dominican Republic,July,1.0,7,2024-07-01
2024,Ecuador,July,11.0,7,2024-07-01
2024,Egypt,July,326.0,7,2024-07-01
2024,El Salvador,July,4.0,7,2024-07-01
2024,Equatorial Guinea,July,0.0,7,2024-07-01
2024,Eritrea,July,0.0,7,2024-07-01
2024,Estonia,July,24.0,7,2024-07-01
2024,Ethiopia,July,11.0,7,2024-07-01
2024,Fiji,July,9.0,7,2024-07-01
2024,Finland,July,94.0,7,2024-07-01
2024,France,July,9405.0,7,2024-07-01
2024,Gabon,July,0.0,7,2024-07-01
2024,"Gambia, The",July,1.0,7,2024-07-01
2024,Georgia,July,30.0,7,2024-07-01
2024,Germany,July,10618.0,7,2024-07-01
2024,Ghana,July,4.0,7,2024-07-01
2024,Greece,July,119.0,7,2024-07-01
2024,Grenada,July,2.0,7,2024-07-01
2024,Guatemala,July,1.0,7,2024-07-01
2024,Guinea,July,0.0,7,2024-07-01
2024,Guinea-Bissau,July,1.0,7,2024-07-01
2024,Guyana,July,1.0,7,2024-07-01
2024,Haiti,July,2.0,7,2024-07-01
2024,Honduras,July,2.0,7,2024-07-01
2024,Hungary,July,210.0,7,2024-07-01
2024,Iceland,July,29.0,7,2024-07-01
2024,India,July,41173.0,7,2024-07-01
2024,Indonesia,July,275.0,7,2024-07-01
2024,Iran,July,339.0,7,2024-07-01
2024,Iraq,July,119.0,7,2024-07-01
2024,Ireland,July,715.0,7,2024-07-01
2024,Israel,July,2962.0,7,2024-07-01
2024,Italy,July,3630.0,7,2024-07-01
2024,Jamaica,July,7.0,7,2024-07-01
2024,Japan,July,2202.0,7,2024-07-01
2024,Jordan,July,275.0,7,2024-07-01
2024,Kazakhstan,July,168.0,7,2024-07-01
2024,Kenya,July,128.0,7,2024-07-01
2024,Kiribati,July,0.0,7,2024-07-01
2024,Kosovar,July,1.0,7,2024-07-01
2024,Kuwait,July,198.0,7,2024-07-01
2024,Kyrgyzstan,July,65.0,7,2024-07-01
2024,"Lao, People's Democratic",July,11.0,7,2024-07-01
2024,Latvia,July,30.0,7,2024-07-01
2024,Lebanon,July,283.0,7,2024-07-01
2024,Lesotho,July,1.0,7,2024-07-01
2024,Liberia,July,4.0,7,2024-07-01
2024,Libya,July,2.0,7,2024-07-01
2024,Liechtenstein,July,10.0,7,2024-07-01
2024,Lithuania,July,174.0,7,2024-07-01
2024,Luxembourg,July,77.0,7,2024-07-01
2024,Macedonia,July,25.0,7,2024-07-01
2024,Madagascar,July,28.0,7,2024-07-01
2024,Malawi,July,10.0,7,2024-07-01
2024,Malaysia,July,1596.0,7,2024-07-01
2024,Maldives,July,3097.0,7,2024-07-01
2024,Mali,July,1.0,7,2024-07-01
2024,Malta,July,61.0,7,2024-07-01
2024,Marshall Islands,July,0.0,7,2024-07-01
2024,Mauritania,July,0.0,7,2024-07-01
2024,Mauritius,July,33.0,7,2024-07-01
2024,Mexico,July,44.0,7,2024-07-01
2024,Micronesia,July,0.0,7,2024-07-01
2024,Moldova,July,13.0,7,2024-07-01
2024,Monaco,July,4.0,7,2024-07-01
2024,Mongolia,July,10.0,7,2024-07-01
2024,Montenegro,July,6.0,7,2024-07-01
2024,Morocco,July,87.0,7,2024-07-01
2024,Mozambique,July,1.0,7,2024-07-01
2024,Myanmar,July,194.0,7,2024-07-01
2024,Namibia,July,6.0,7,2024-07-01
2024,Nauru,July,0.0,7,2024-07-01
2024,Nepal,July,382.0,7,2024-07-01
2024,Netherlands,July,11431.0,7,2024-07-01
2024,Netherlands Antilles,July,0.0,7,2024-07-01
2024,New Zealand,July,1017.0,7,2024-07-01
2024,Nicaragua,July,0.0,7,2024-07-01
2024,Niger,July,0.0,7,2024-07-01
2024,Nigeria,July,9.0,7,2024-07-01
2024,Norway,July,1800.0,7,2024-07-01
2024,Oman,July,685.0,7,2024-07-01
2024,Pakistan,July,1848.0,7,2024-07-01
2024,Palau,July,0.0,7,2024-07-01
2024,Palestinian Territories,July,96.0,7,2024-07-01
2024,Panama,July,3.0,7,2024-07-01
2024,Papua New Guinea,July,2.0,7,2024-07-01
2024,Paraguay,July,1.0,7,2024-07-01
2024,Peru,July,16.0,7,2024-07-01
2024,Philippines,July,500.0,7,2024-07-01
2024,Poland,July,2257.0,7,2024-07-01
2024,Portugal,July,351.0,7,2024-07-01
2024,Qatar,July,156.0,7,2024-07-01
2024,Romania,July,264.0,7,2024-07-01
2024,Russian Federation,July,4578.0,7,2024-07-01
2024,Rwanda,July,4.0,7,2024-07-01
2024,Saint Kitts and Nevis,July,8.0,7,2024-07-01
2024,Saint Lucia,July,1.0,7,2024-07-01
2024,Saint Vincent The Grenadi,July,1.0,7,2024-07-01
2024,Samoa,July,0.0,7,2024-07-01
2024,San Marino,July,0.0,7,2024-07-01
2024,Saudi Arabia,July,1276.0,7,2024-07-01
2024,Senegal,July,2.0,7,2024-07-01
2024,Serbia,July,91.0,7,2024-07-01
2024,Seychelles,July,222.0,7,2024-07-01
2024,Sierra Leone,July,4.0,7,2024-07-01
2024,Singapore,July,853.0,7,2024-07-01
2024,Slovakia,July,292.0,7,2024-07-01
2024,Slovenia,July,417.0,7,2024-07-01
2024,Solomon Islands,July,1.0,7,2024-07-01
2024,Somalia,July,6.0,7,2024-07-01
2024,South Africa,July,333.0,7,2024-07-01
2024,South Korea,July,1009.0,7,2024-07-01
2024,South Sudan,July,0.0,7,2024-07-01
2024,Spain,July,4224.0,7,2024-07-01
2024,Sudan,July,122.0,7,2024-07-01
2024,Suriname,July,2.0,7,2024-07-01
2024,Swaziland,July,3.0,7,2024-07-01
2024,Sweden,July,716.0,7,2024-07-01
2024,Switzerland,July,5089.0,7,2024-07-01
2024,Syrian Arab Republic,July,0.0,7,2024-07-01
2024,Tajikistan,July,11.0,7,2024-07-01
2024,Tanzania,July,74.0,7,2024-07-01
2024,Thailand,July,483.0,7,2024-07-01
2024,Timor-Leste,July,0.0,7,2024-07-01
2024,Togo,July,0.0,7,2024-07-01
2024,Tonga,July,1.0,7,2024-07-01
2024,Trinidad and Tobago,July,5.0,7,2024-07-01
2024,Tunisia,July,79.0,7,2024-07-01
2024,Turkey,July,403.0,7,2024-07-01
2024,Turkmenistan,July,14.0,7,2024-07-01
2024,Tuvalu,July,0.0,7,2024-07-01
2024,Uganda,July,18.0,7,2024-07-01
2024,Ukraine,July,214.0,7,2024-07-01
2024,United Arab Emirates,July,836.0,7,2024-07-01
2024,United Kingdom,July,20837.0,7,2024-07-01
2024,United States,July,4962.0,7,2024-07-01
2024,Uruguay,July,3.0,7,2024-07-01
2024,Uzbekistan,July,64.0,7,2024-07-01
2024,Vanuatu,July,6.0,7,2024-07-01
2024,Venezuela,July,8.0,7,2024-07-01
2024,Viet Nam,July,279.0,7,2024-07-01
2024,Yemen,July,73.0,7,2024-07-01
2024,Zambia,July,0.0,7,2024-07-01
2024,Zimbabwe,July,13.0,7,2024-07-01
2024,Afghanistan,August,18.0,8,2024-08-01
2024,Albania,August,13.0,8,2024-08-01
2024,Algeria,August,49.0,8,2024-08-01
2024,Andorra,August,25.0,8,2024-08-01
2024,Angola,August,2.0,8,2024-08-01
2024,Antigua and Barbuda,August,2.0,8,2024-08-01
2024,Argentina,August,43.0,8,2024-08-01
2024,Armenia,August,136.0,8,2024-08-01
2024,Aruba,August,0.0,8,2024-08-01
2024,Australia,August,6687.0,8,2024-08-01
2024,Austria,August,1150.0,8,2024-08-01
2024,Azerbaijan,August,97.0,8,2024-08-01
2024,Bahamas,August,0.0,8,2024-08-01
2024,Bahrain,August,140.0,8,2024-08-01
2024,Bangladesh,August,3877.0,8,2024-08-01
2024,Barbados,August,3.0,8,2024-08-01
2024,Belarus,August,199.0,8,2024-08-01
2024,Belgium,August,1751.0,8,2024-08-01
2024,Belize,August,1.0,8,2024-08-01
2024,Benin,August,0.0,8,2024-08-01
2024,Bhutan,August,51.0,8,2024-08-01
2024,Bolivia,August,6.0,8,2024-08-01
2024,Bosnia and Herzegovina,August,19.0,8,2024-08-01
2024,Botswana,August,7.0,8,2024-08-01
2024,Brazil,August,129.0,8,2024-08-01
2024,Brunei Darussalam,August,6.0,8,2024-08-01
2024,Bulgaria,August,43.0,8,2024-08-01
2024,Burkina Faso,August,0.0,8,2024-08-01
2024,Burundi,August,1.0,8,2024-08-01
2024,Cambodia,August,25.0,8,2024-08-01
2024,Cameroon,August,0.0,8,2024-08-01
2024,Canada,August,3868.0,8,2024-08-01
2024,Cape Verde,August,1.0,8,2024-08-01
2024,Central African Republic,August,1.0,8,2024-08-01
2024,Chad,August,1.0,8,2024-08-01
2024,Chile,August,42.0,8,2024-08-01
2024,China,August,12088.0,8,2024-08-01
2024,Colombia,August,51.0,8,2024-08-01
2024,Comoros,August,14.0,8,2024-08-01
2024,Congo,August,3.0,8,2024-08-01
2024,Costa Rica,August,2.0,8,2024-08-01
2024,Cote Divoire,August,1.0,8,2024-08-01
2024,Croatia,August,133.0,8,2024-08-01
2024,Cuba,August,6.0,8,2024-08-01
2024,Cyprus,August,307.0,8,2024-08-01
2024,Czech Republic,August,822.0,8,2024-08-01
2024,Denmark,August,606.0,8,2024-08-01
2024,Djibouti,August,2.0,8,2024-08-01
2024,Dominica,August,6.0,8,2024-08-01
2024,Dominican Republic,August,2.0,8,2024-08-01
2024,Ecuador,August,1.0,8,2024-08-01
2024,Egypt,August,265.0,8,2024-08-01
2024,El Salvador,August,1.0,8,2024-08-01
2024,Equatorial Guinea,August,0.0,8,2024-08-01
2024,Eritrea,August,0.0,8,2024-08-01
2024,Estonia,August,15.0,8,2024-08-01
2024,Ethiopia,August,14.0,8,2024-08-01
2024,Fiji,August,7.0,8,2024-08-01
2024,Finland,August,100.0,8,2024-08-01
2024,France,August,8596.0,8,2024-08-01
2024,Gabon,August,0.0,8,2024-08-01
2024,"Gambia, The",August,3.0,8,2024-08-01
2024,Georgia,August,26.0,8,2024-08-01
2024,Germany,August,10623.0,8,2024-08-01
2024,Ghana,August,4.0,8,2024-08-01
2024,Greece,August,339.0,8,2024-08-01
2024,Grenada,August,5.0,8,2024-08-01
2024,Guatemala,August,3.0,8,2024-08-01
2024,Guinea,August,2.0,8,2024-08-01
2024,Guinea-Bissau,August,0.0,8,2024-08-01
2024,Guyana,August,2.0,8,2024-08-01
2024,Haiti,August,0.0,8,2024-08-01
2024,Honduras,August,2.0,8,2024-08-01
2024,Hungary,August,261.0,8,2024-08-01
2024,Iceland,August,21.0,8,2024-08-01
2024,India,August,33031.0,8,2024-08-01
2024,Indonesia,August,291.0,8,2024-08-01
2024,Iran,August,883.0,8,2024-08-01
2024,Iraq,August,172.0,8,2024-08-01
2024,Ireland,August,586.0,8,2024-08-01
2024,Israel,August,3248.0,8,2024-08-01
2024,Italy,August,9586.0,8,2024-08-01
2024,Jamaica,August,5.0,8,2024-08-01
2024,Japan,August,4102.0,8,2024-08-01
2024,Jordan,August,173.0,8,2024-08-01
2024,Kazakhstan,August,71.0,8,2024-08-01
2024,Kenya,August,54.0,8,2024-08-01
2024,Kiribati,August,0.0,8,2024-08-01
2024,Kosovar,August,1.0,8,2024-08-01
2024,Kuwait,August,207.0,8,2024-08-01
2024,Kyrgyzstan,August,21.0,8,2024-08-01
2024,"Lao, People's Democratic",August,9.0,8,2024-08-01
2024,Latvia,August,23.0,8,2024-08-01
2024,Lebanon,August,244.0,8,2024-08-01
2024,Lesotho,August,1.0,8,2024-08-01
2024,Liberia,August,1.0,8,2024-08-01
2024,Libya,August,6.0,8,2024-08-01
2024,Liechtenstein,August,5.0,8,2024-08-01
2024,Lithuania,August,111.0,8,2024-08-01
2024,Luxembourg,August,109.0,8,2024-08-01
2024,Macedonia,August,14.0,8,2024-08-01
2024,Madagascar,August,11.0,8,2024-08-01
2024,Malawi,August,2.0,8,2024-08-01
2024,Malaysia,August,1571.0,8,2024-08-01
2024,Maldives,August,3198.0,8,2024-08-01
2024,Mali,August,2.0,8,2024-08-01
2024,Malta,August,136.0,8,2024-08-01
2024,Marshall Islands,August,0.0,8,2024-08-01
2024,Mauritania,August,0.0,8,2024-08-01
2024,Mauritius,August,57.0,8,2024-08-01
2024,Mexico,August,58.0,8,2024-08-01
2024,Micronesia,August,1.0,8,2024-08-01
2024,Moldova,August,11.0,8,2024-08-01
2024,Monaco,August,2.0,8,2024-08-01
2024,Mongolia,August,1.0,8,2024-08-01
2024,Montenegro,August,9.0,8,2024-08-01
2024,Morocco,August,112.0,8,2024-08-01
2024,Mozambique,August,1.0,8,2024-08-01
2024,Myanmar,August,417.0,8,2024-08-01
2024,Namibia,August,0.0,8,2024-08-01
2024,Nauru,August,0.0,8,2024-08-01
2024,Nepal,August,252.0,8,2024-08-01
2024,Netherlands,August,5355.0,8,2024-08-01
2024,Netherlands Antilles,August,0.0,8,2024-08-01
2024,New Zealand,August,1011.0,8,2024-08-01
2024,Nicaragua,August,0.0,8,2024-08-01
2024,Niger,August,0.0,8,2024-08-01
2024,Nigeria,August,5.0,8,2024-08-01
2024,Norway,August,486.0,8,2024-08-01
2024,Oman,August,473.0,8,2024-08-01
2024,Pakistan,August,1040.0,8,2024-08-01
2024,Palau,August,0.0,8,2024-08-01
2024,Palestinian Territories,August,65.0,8,2024-08-01
2024,Panama,August,1.0,8,2024-08-01
2024,Papua New Guinea,August,5.0,8,2024-08-01
2024,Paraguay,August,0.0,8,2024-08-01
2024,Peru,August,25.0,8,2024-08-01
2024,Philippines,August,465.0,8,2024-08-01
2024,Poland,August,2240.0,8,2024-08-01
2024,Portugal,August,667.0,8,2024-08-01
2024,Qatar,August,102.0,8,2024-08-01
2024,Romania,August,336.0,8,2024-08-01
2024,Russian Federation,August,4351.0,8,2024-08-01
2024,Rwanda,August,2.0,8,2024-08-01
2024,Saint Kitts and Nevis,August,8.0,8,2024-08-01
2024,Saint Lucia,August,1.0,8,2024-08-01
2024,Saint Vincent The Grenadi,August,0.0,8,2024-08-01
2024,Samoa,August,0.0,8,2024-08-01
2024,San Marino,August,1.0,8,2024-08-01
2024,Saudi Arabia,August,330.0,8,2024-08-01
2024,Senegal,August,0.0,8,2024-08-01
2024,Serbia,August,107.0,8,2024-08-01
2024,Seychelles,August,327.0,8,2024-08-01
2024,Sierra Leone,August,3.0,8,2024-08-01
2024,Singapore,August,1215.0,8,2024-08-01
2024,Slovakia,August,290.0,8,2024-08-01
2024,Slovenia,August,186.0,8,2024-08-01
2024,Solomon Islands,August,1.0,8,2024-08-01
2024,Somalia,August,19.0,8,2024-08-01
2024,South Africa,August,324.0,8,2024-08-01
2024,South Korea,August,698.0,8,2024-08-01
2024,South Sudan,August,1.0,8,2024-08-01
2024,Spain,August,7262.0,8,2024-08-01
2024,Sudan,August,77.0,8,2024-08-01
2024,Suriname,August,2.0,8,2024-08-01
2024,Swaziland,August,4.0,8,2024-08-01
2024,Sweden,August,290.0,8,2024-08-01
2024,Switzerland,August,1856.0,8,2024-08-01
2024,Syrian Arab Republic,August,0.0,8,2024-08-01
2024,Tajikistan,August,20.0,8,2024-08-01
2024,Tanzania,August,15.0,8,2024-08-01
2024,Thailand,August,598.0,8,2024-08-01
2024,Timor-Leste,August,0.0,8,2024-08-01
2024,Togo,August,3.0,8,2024-08-01
2024,Tonga,August,1.0,8,2024-08-01
2024,Trinidad and Tobago,August,6.0,8,2024-08-01
2024,Tunisia,August,54.0,8,2024-08-01
2024,Turkey,August,448.0,8,2024-08-01
2024,Turkmenistan,August,6.0,8,2024-08-01
2024,Tuvalu,August,0.0,8,2024-08-01
2024,Uganda,August,13.0,8,2024-08-01
2024,Ukraine,August,203.0,8,2024-08-01
2024,United Arab Emirates,August,562.0,8,2024-08-01
2024,United Kingdom,August,17587.0,8,2024-08-01
2024,United States,August,3539.0,8,2024-08-01
2024,Uruguay,August,4.0,8,2024-08-01
2024,Uzbekistan,August,28.0,8,2024-08-01
2024,Vanuatu,August,9.0,8,2024-08-01
2024,Venezuela,August,9.0,8,2024-08-01
2024,Viet Nam,August,293.0,8,2024-08-01
2024,Yemen,August,45.0,8,2024-08-01
2024,Zambia,August,3.0,8,2024-08-01
2024,Zimbabwe,August,11.0,8,2024-08-01
2024,Afghanistan,September,5.0,9,2024-09-01
2024,Albania,September,6.0,9,2024-09-01
2024,Algeria,September,25.0,9,2024-09-01
2024,Andorra,September,23.0,9,2024-09-01
2024,Angola,September,1.0,9,2024-09-01
2024,Antigua and Barbuda,September,1.0,9,2024-09-01
2024,Argentina,September,45.0,9,2024-09-01
2024,Armenia,September,107.0,9,2024-09-01
2024,Aruba,September,0.0,9,2024-09-01
2024,Australia,September,7200.0,9,2024-09-01
2024,Austria,September,757.0,9,2024-09-01
2024,Azerbaijan,September,100.0,9,2024-09-01
2024,Bahamas,September,1.0,9,2024-09-01
2024,Bahrain,September,54.0,9,2024-09-01
2024,Bangladesh,September,4178.0,9,2024-09-01
2024,Barbados,September,0.0,9,2024-09-01
2024,Belarus,September,177.0,9,2024-09-01
2024,Belgium,September,1669.0,9,2024-09-01
2024,Belize,September,1.0,9,2024-09-01
2024,Benin,September,2.0,9,2024-09-01
2024,Bhutan,September,45.0,9,2024-09-01
2024,Bolivia,September,3.0,9,2024-09-01
2024,Bosnia and Herzegovina,September,26.0,9,2024-09-01
2024,Botswana,September,2.0,9,2024-09-01
2024,Brazil,September,100.0,9,2024-09-01
2024,Brunei Darussalam,September,0.0,9,2024-09-01
2024,Bulgaria,September,32.0,9,2024-09-01
2024,Burkina Faso,September,0.0,9,2024-09-01
2024,Burundi,September,3.0,9,2024-09-01
2024,Cambodia,September,55.0,9,2024-09-01
2024,Cameroon,September,0.0,9,2024-09-01
2024,Canada,September,2095.0,9,2024-09-01
2024,Cape Verde,September,0.0,9,2024-09-01
2024,Central African Republic,September,0.0,9,2024-09-01
2024,Chad,September,0.0,9,2024-09-01
2024,Chile,September,32.0,9,2024-09-01
2024,China,September,9685.0,9,2024-09-01
2024,Colombia,September,26.0,9,2024-09-01
2024,Comoros,September,5.0,9,2024-09-01
2024,Congo,September,0.0,9,2024-09-01
2024,Costa Rica,September,2.0,9,2024-09-01
2024,Cote Divoire,September,0.0,9,2024-09-01
2024,Croatia,September,95.0,9,2024-09-01
2024,Cuba,September,6.0,9,2024-09-01
2024,Cyprus,September,45.0,9,2024-09-01
2024,Czech Republic,September,496.0,9,2024-09-01
2024,Denmark,September,566.0,9,2024-09-01
2024,Djibouti,September,2.0,9,2024-09-01
2024,Dominica,September,2.0,9,2024-09-01
2024,Dominican Republic,September,1.0,9,2024-09-01
2024,Ecuador,September,11.0,9,2024-09-01
2024,Egypt,September,232.0,9,2024-09-01
2024,El Salvador,September,3.0,9,2024-09-01
2024,Equatorial Guinea,September,0.0,9,2024-09-01
2024,Eritrea,September,0.0,9,2024-09-01
2024,Estonia,September,45.0,9,2024-09-01
2024,Ethiopia,September,12.0,9,2024-09-01
2024,Fiji,September,2.0,9,2024-09-01
2024,Finland,September,165.0,9,2024-09-01
2024,France,September,3749.0,9,2024-09-01
2024,Gabon,September,2.0,9,2024-09-01
2024,"Gambia, The",September,1.0,9,2024-09-01
2024,Georgia,September,27.0,9,2024-09-01
2024,Germany,September,8260.0,9,2024-09-01
2024,Ghana,September,6.0,9,2024-09-01
2024,Greece,September,106.0,9,2024-09-01
2024,Grenada,September,3.0,9,2024-09-01
2024,Guatemala,September,4.0,9,2024-09-01
2024,Guinea,September,0.0,9,2024-09-01
2024,Guinea-Bissau,September,2.0,9,2024-09-01
2024,Guyana,September,3.0,9,2024-09-01
2024,Haiti,September,1.0,9,2024-09-01
2024,Honduras,September,2.0,9,2024-09-01
2024,Hungary,September,137.0,9,2024-09-01
2024,Iceland,September,12.0,9,2024-09-01
2024,India,September,27884.0,9,2024-09-01
2024,Indonesia,September,431.0,9,2024-09-01
2024,Iran,September,1227.0,9,2024-09-01
2024,Iraq,September,81.0,9,2024-09-01
2024,Ireland,September,434.0,9,2024-09-01
2024,Israel,September,3142.0,9,2024-09-01
2024,Italy,September,1902.0,9,2024-09-01
2024,Jamaica,September,12.0,9,2024-09-01
2024,Japan,September,3526.0,9,2024-09-01
2024,Jordan,September,151.0,9,2024-09-01
2024,Kazakhstan,September,99.0,9,2024-09-01
2024,Kenya,September,79.0,9,2024-09-01
2024,Kiribati,September,0.0,9,2024-09-01
2024,Kosovar,September,6.0,9,2024-09-01
2024,Kuwait,September,119.0,9,2024-09-01
2024,Kyrgyzstan,September,35.0,9,2024-09-01
2024,"Lao, People's Democratic",September,4.0,9,2024-09-01
2024,Latvia,September,29.0,9,2024-09-01
2024,Lebanon,September,163.0,9,2024-09-01
2024,Lesotho,September,3.0,9,2024-09-01
2024,Liberia,September,1.0,9,2024-09-01
2024,Libya,September,0.0,9,2024-09-01
2024,Liechtenstein,September,3.0,9,2024-09-01
2024,Lithuania,September,92.0,9,2024-09-01
2024,Luxembourg,September,13.0,9,2024-09-01
2024,Macedonia,September,16.0,9,2024-09-01
2024,Madagascar,September,6.0,9,2024-09-01
2024,Malawi,September,2.0,9,2024-09-01
2024,Malaysia,September,1954.0,9,2024-09-01
2024,Maldives,September,4359.0,9,2024-09-01
2024,Mali,September,3.0,9,2024-09-01
2024,Malta,September,108.0,9,2024-09-01
2024,Marshall Islands,September,0.0,9,2024-09-01
2024,Mauritania,September,1.0,9,2024-09-01
2024,Mauritius,September,20.0,9,2024-09-01
2024,Mexico,September,100.0,9,2024-09-01
2024,Micronesia,September,0.0,9,2024-09-01
2024,Moldova,September,6.0,9,2024-09-01
2024,Monaco,September,1.0,9,2024-09-01
2024,Mongolia,September,20.0,9,2024-09-01
2024,Montenegro,September,1.0,9,2024-09-01
2024,Morocco,September,78.0,9,2024-09-01
2024,Mozambique,September,2.0,9,2024-09-01
2024,Myanmar,September,33.0,9,2024-09-01
2024,Namibia,September,2.0,9,2024-09-01
2024,Nauru,September,0.0,9,2024-09-01
2024,Nepal,September,234.0,9,2024-09-01
2024,Netherlands,September,3725.0,9,2024-09-01
2024,Netherlands Antilles,September,1.0,9,2024-09-01
2024,New Zealand,September,1033.0,9,2024-09-01
2024,Nicaragua,September,1.0,9,2024-09-01
2024,Niger,September,0.0,9,2024-09-01
2024,Nigeria,September,18.0,9,2024-09-01
2024,Norway,September,443.0,9,2024-09-01
2024,Oman,September,185.0,9,2024-09-01
2024,Pakistan,September,556.0,9,2024-09-01
2024,Palau,September,33.0,9,2024-09-01
2024,Palestinian Territories,September,0.0,9,2024-09-01
2024,Panama,September,4.0,9,2024-09-01
2024,Papua New Guinea,September,9.0,9,2024-09-01
2024,Paraguay,September,0.0,9,2024-09-01
2024,Peru,September,13.0,9,2024-09-01
2024,Philippines,September,398.0,9,2024-09-01
2024,Poland,September,2243.0,9,2024-09-01
2024,Portugal,September,410.0,9,2024-09-01
2024,Qatar,September,19.0,9,2024-09-01
2024,Romania,September,254.0,9,2024-09-01
2024,Russian Federation,September,4199.0,9,2024-09-01
2024,Rwanda,September,8.0,9,2024-09-01
2024,Saint Kitts and Nevis,September,9.0,9,2024-09-01
2024,Saint Lucia,September,1.0,9,2024-09-01
2024,Saint Vincent The Grenadi,September,0.0,9,2024-09-01
2024,Samoa,September,0.0,9,2024-09-01
2024,San Marino,September,2.0,9,2024-09-01
2024,Saudi Arabia,September,319.0,9,2024-09-01
2024,Senegal,September,0.0,9,2024-09-01
2024,Serbia,September,103.0,9,2024-09-01
2024,Seychelles,September,196.0,9,2024-09-01
2024,Sierra Leone,September,1.0,9,2024-09-01
2024,Singapore,September,710.0,9,2024-09-01
2024,Slovakia,September,255.0,9,2024-09-01
2024,Slovenia,September,188.0,9,2024-09-01
2024,Solomon Islands,September,3.0,9,2024-09-01
2024,Somalia,September,7.0,9,2024-09-01
2024,South Africa,September,299.0,9,2024-09-01
2024,South Korea,September,608.0,9,2024-09-01
2024,South Sudan,September,0.0,9,2024-09-01
2024,Spain,September,4166.0,9,2024-09-01
2024,Sudan,September,62.0,9,2024-09-01
2024,Suriname,September,0.0,9,2024-09-01
2024,Swaziland,September,1.0,9,2024-09-01
2024,Sweden,September,345.0,9,2024-09-01
2024,Switzerland,September,1778.0,9,2024-09-01
2024,Syrian Arab Republic,September,0.0,9,2024-09-01
2024,Tajikistan,September,8.0,9,2024-09-01
2024,Tanzania,September,20.0,9,2024-09-01
2024,Thailand,September,384.0,9,2024-09-01
2024,Timor-Leste,September,0.0,9,2024-09-01
2024,Togo,September,0.0,9,2024-09-01
2024,Tonga,September,0.0,9,2024-09-01
2024,Trinidad and Tobago,September,4.0,9,2024-09-01
2024,Tunisia,September,45.0,9,2024-09-01
2024,Turkey,September,361.0,9,2024-09-01
2024,Turkmenistan,September,2.0,9,2024-09-01
2024,Tuvalu,September,0.0,9,2024-09-01
2024,Uganda,September,10.0,9,2024-09-01
2024,Ukraine,September,191.0,9,2024-09-01
2024,United Arab Emirates,September,270.0,9,2024-09-01
2024,United Kingdom,September,8688.0,9,2024-09-01
2024,United States,September,2460.0,9,2024-09-01
2024,Uruguay,September,7.0,9,2024-09-01
2024,Uzbekistan,September,31.0,9,2024-09-01
2024,Vanuatu,September,5.0,9,2024-09-01
2024,Venezuela,September,8.0,9,2024-09-01
2024,Viet Nam,September,183.0,9,2024-09-01
2024,Yemen,September,11.0,9,2024-09-01
2024,Zambia,September,1.0,9,2024-09-01
2024,Zimbabwe,September,3.0,9,2024-09-01
2024,Afghanistan,October,7.0,10,2024-10-01
2024,Albania,October,8.0,10,2024-10-01
2024,Algeria,October,26.0,10,2024-10-01
2024,Andorra,October,14.0,10,2024-10-01
2024,Angola,October,2.0,10,2024-10-01
2024,Antigua and Barbuda,October,9.0,10,2024-10-01
2024,Argentina,October,91.0,10,2024-10-01
2024,Armenia,October,371.0,10,2024-10-01
2024,Aruba,October,0.0,10,2024-10-01
2024,Australia,October,6523.0,10,2024-10-01
2024,Austria,October,917.0,10,2024-10-01
2024,Azerbaijan,October,98.0,10,2024-10-01
2024,Bahamas,October,4.0,10,2024-10-01
2024,Bahrain,October,64.0,10,2024-10-01
2024,Bangladesh,October,3732.0,10,2024-10-01
2024,Barbados,October,7.0,10,2024-10-01
2024,Belarus,October,504.0,10,2024-10-01
2024,Belgium,October,847.0,10,2024-10-01
2024,Belize,October,2.0,10,2024-10-01
2024,Benin,October,0.0,10,2024-10-01
2024,Bhutan,October,41.0,10,2024-10-01
2024,Bolivia,October,3.0,10,2024-10-01
2024,Bosnia and Herzegovina,October,14.0,10,2024-10-01
2024,Botswana,October,4.0,10,2024-10-01
2024,Brazil,October,125.0,10,2024-10-01
2024,Brunei Darussalam,October,2.0,10,2024-10-01
2024,Bulgaria,October,233.0,10,2024-10-01
2024,Burkina Faso,October,2.0,10,2024-10-01
2024,Burundi,October,0.0,10,2024-10-01
2024,Cambodia,October,59.0,10,2024-10-01
2024,Cameroon,October,4.0,10,2024-10-01
2024,Canada,October,2339.0,10,2024-10-01
2024,Cape Verde,October,0.0,10,2024-10-01
2024,Central African Republic,October,0.0,10,2024-10-01
2024,Chad,October,1.0,10,2024-10-01
2024,Chile,October,40.0,10,2024-10-01
2024,China,October,9164.0,10,2024-10-01
2024,Colombia,October,62.0,10,2024-10-01
2024,Comoros,October,13.0,10,2024-10-01
2024,Congo,October,0.0,10,2024-10-01
2024,Costa Rica,October,5.0,10,2024-10-01
2024,Cote Divoire,October,2.0,10,2024-10-01
2024,Croatia,October,110.0,10,2024-10-01
2024,Cuba,October,4.0,10,2024-10-01
2024,Cyprus,October,52.0,10,2024-10-01
2024,Czech Republic,October,729.0,10,2024-10-01
2024,Denmark,October,739.0,10,2024-10-01
2024,Djibouti,October,3.0,10,2024-10-01
2024,Dominica,October,14.0,10,2024-10-01
2024,Dominican Republic,October,5.0,10,2024-10-01
2024,Ecuador,October,13.0,10,2024-10-01
2024,Egypt,October,282.0,10,2024-10-01
2024,El Salvador,October,2.0,10,2024-10-01
2024,Equatorial Guinea,October,0.0,10,2024-10-01
2024,Eritrea,October,1.0,10,2024-10-01
2024,Estonia,October,131.0,10,2024-10-01
2024,Ethiopia,October,12.0,10,2024-10-01
2024,Fiji,October,10.0,10,2024-10-01
2024,Finland,October,215.0,10,2024-10-01
2024,France,October,4688.0,10,2024-10-01
2024,Gabon,October,0.0,10,2024-10-01
2024,"Gambia, The",October,0.0,10,2024-10-01
2024,Georgia,October,24.0,10,2024-10-01
2024,Germany,October,9217.0,10,2024-10-01
2024,Ghana,October,11.0,10,2024-10-01
2024,Greece,October,142.0,10,2024-10-01
2024,Grenada,October,3.0,10,2024-10-01
2024,Guatemala,October,4.0,10,2024-10-01
2024,Guinea,October,1.0,10,2024-10-01
2024,Guinea-Bissau,October,0.0,10,2024-10-01
2024,Guyana,October,9.0,10,2024-10-01
2024,Haiti,October,3.0,10,2024-10-01
2024,Honduras,October,2.0,10,2024-10-01
2024,Hungary,October,431.0,10,2024-10-01
2024,Iceland,October,20.0,10,2024-10-01
2024,India,October,36417.0,10,2024-10-01
2024,Indonesia,October,297.0,10,2024-10-01
2024,Iran,October,591.0,10,2024-10-01
2024,Iraq,October,64.0,10,2024-10-01
2024,Ireland,October,706.0,10,2024-10-01
2024,Israel,October,1398.0,10,2024-10-01
2024,Italy,October,1431.0,10,2024-10-01
2024,Jamaica,October,9.0,10,2024-10-01
2024,Japan,October,2392.0,10,2024-10-01
2024,Jordan,October,315.0,10,2024-10-01
2024,Kazakhstan,October,213.0,10,2024-10-01
2024,Kenya,October,42.0,10,2024-10-01
2024,Kiribati,October,0.0,10,2024-10-01
2024,Kosovar,October,3.0,10,2024-10-01
2024,Kuwait,October,70.0,10,2024-10-01
2024,Kyrgyzstan,October,34.0,10,2024-10-01
2024,"Lao, People's Democratic",October,1.0,10,2024-10-01
2024,Latvia,October,152.0,10,2024-10-01
2024,Lebanon,October,110.0,10,2024-10-01
2024,Lesotho,October,0.0,10,2024-10-01
2024,Liberia,October,2.0,10,2024-10-01
2024,Libya,October,5.0,10,2024-10-01
2024,Liechtenstein,October,7.0,10,2024-10-01
2024,Lithuania,October,285.0,10,2024-10-01
2024,Luxembourg,October,29.0,10,2024-10-01
2024,Macedonia,October,30.0,10,2024-10-01
2024,Madagascar,October,10.0,10,2024-10-01
2024,Malawi,October,5.0,10,2024-10-01
2024,Malaysia,October,1013.0,10,2024-10-01
2024,Maldives,October,2880.0,10,2024-10-01
2024,Mali,October,1.0,10,2024-10-01
2024,Malta,October,23.0,10,2024-10-01
2024,Marshall Islands,October,1.0,10,2024-10-01
2024,Mauritania,October,2.0,10,2024-10-01
2024,Mauritius,October,21.0,10,2024-10-01
2024,Mexico,October,90.0,10,2024-10-01
2024,Micronesia,October,1.0,10,2024-10-01
2024,Moldova,October,18.0,10,2024-10-01
2024,Monaco,October,3.0,10,2024-10-01
2024,Mongolia,October,2.0,10,2024-10-01
2024,Montenegro,October,5.0,10,2024-10-01
2024,Morocco,October,100.0,10,2024-10-01
2024,Mozambique,October,3.0,10,2024-10-01
2024,Myanmar,October,82.0,10,2024-10-01
2024,Namibia,October,1.0,10,2024-10-01
2024,Nauru,October,0.0,10,2024-10-01
2024,Nepal,October,552.0,10,2024-10-01
2024,Netherlands,October,2859.0,10,2024-10-01
2024,Netherlands Antilles,October,0.0,10,2024-10-01
2024,New Zealand,October,780.0,10,2024-10-01
2024,Nicaragua,October,0.0,10,2024-10-01
2024,Niger,October,0.0,10,2024-10-01
2024,Nigeria,October,7.0,10,2024-10-01
2024,Norway,October,442.0,10,2024-10-01
2024,Oman,October,155.0,10,2024-10-01
2024,Pakistan,October,1140.0,10,2024-10-01
2024,Palau,October,0.0,10,2024-10-01
2024,Palestinian Territories,October,36.0,10,2024-10-01
2024,Panama,October,3.0,10,2024-10-01
2024,Papua New Guinea,October,6.0,10,2024-10-01
2024,Paraguay,October,1.0,10,2024-10-01
2024,Peru,October,32.0,10,2024-10-01
2024,Philippines,October,407.0,10,2024-10-01
2024,Poland,October,2132.0,10,2024-10-01
2024,Portugal,October,633.0,10,2024-10-01
2024,Qatar,October,33.0,10,2024-10-01
2024,Romania,October,354.0,10,2024-10-01
2024,Russian Federation,October,10367.0,10,2024-10-01
2024,Rwanda,October,3.0,10,2024-10-01
2024,Saint Kitts and Nevis,October,9.0,10,2024-10-01
2024,Saint Lucia,October,15.0,10,2024-10-01
2024,Saint Vincent The Grenadi,October,1.0,10,2024-10-01
2024,Samoa,October,1.0,10,2024-10-01
2024,San Marino,October,3.0,10,2024-10-01
2024,Saudi Arabia,October,251.0,10,2024-10-01
2024,Senegal,October,2.0,10,2024-10-01
2024,Serbia,October,147.0,10,2024-10-01
2024,Seychelles,October,143.0,10,2024-10-01
2024,Sierra Leone,October,2.0,10,2024-10-01
2024,Singapore,October,717.0,10,2024-10-01
2024,Slovakia,October,439.0,10,2024-10-01
2024,Slovenia,October,297.0,10,2024-10-01
2024,Solomon Islands,October,1.0,10,2024-10-01
2024,Somalia,October,12.0,10,2024-10-01
2024,South Africa,October,259.0,10,2024-10-01
2024,South Korea,October,876.0,10,2024-10-01
2024,South Sudan,October,3.0,10,2024-10-01
2024,Spain,October,3458.0,10,2024-10-01
2024,Sudan,October,112.0,10,2024-10-01
2024,Suriname,October,0.0,10,2024-10-01
2024,Swaziland,October,5.0,10,2024-10-01
2024,Sweden,October,716.0,10,2024-10-01
2024,Switzerland,October,1816.0,10,2024-10-01
2024,Syrian Arab Republic,October,1.0,10,2024-10-01
2024,Tajikistan,October,17.0,10,2024-10-01
2024,Tanzania,October,18.0,10,2024-10-01
2024,Thailand,October,581.0,10,2024-10-01
2024,Timor-Leste,October,1.0,10,2024-10-01
2024,Togo,October,2.0,10,2024-10-01
2024,Tonga,October,1.0,10,2024-10-01
2024,Trinidad and Tobago,October,8.0,10,2024-10-01
2024,Tunisia,October,165.0,10,2024-10-01
2024,Turkey,October,409.0,10,2024-10-01
2024,Turkmenistan,October,21.0,10,2024-10-01
2024,Tuvalu,October,0.0,10,2024-10-01
2024,Uganda,October,8.0,10,2024-10-01
2024,Ukraine,October,350.0,10,2024-10-01
2024,United Arab Emirates,October,304.0,10,2024-10-01
2024,United Kingdom,October,10206.0,10,2024-10-01
2024,United States,October,3170.0,10,2024-10-01
2024,Uruguay,October,4.0,10,2024-10-01
2024,Uzbekistan,October,70.0,10,2024-10-01
2024,Vanuatu,October,6.0,10,2024-10-01
2024,Venezuela,October,10.0,10,2024-10-01
2024,Viet Nam,October,202.0,10,2024-10-01
2024,Yemen,October,21.0,10,2024-10-01
2024,Zambia,October,11.0,10,2024-10-01
2024,Zimbabwe,October,14.0,10,2024-10-01
2024,Afghanistan,November,5.0,11,2024-11-01
2024,Albania,November,10.0,11,2024-11-01
2024,Algeria,November,28.0,11,2024-11-01
2024,Andorra,November,3.0,11,2024-11-01
2024,Angola,November,3.0,11,2024-11-01
2024,Antigua and Barbuda,November,3.0,11,2024-11-01
2024,Argentina,November,66.0,11,2024-11-01
2024,Armenia,November,229.0,11,2024-11-01
2024,Aruba,November,0.0,11,2024-11-01
2024,Australia,November,7937.0,11,2024-11-01
2024,Austria,November,1705.0,11,2024-11-01
2024,Azerbaijan,November,438.0,11,2024-11-01
2024,Bahamas,November,1.0,11,2024-11-01
2024,Bahrain,November,86.0,11,2024-11-01
2024,Bangladesh,November,3375.0,11,2024-11-01
2024,Barbados,November,1.0,11,2024-11-01
2024,Belarus,November,1429.0,11,2024-11-01
2024,Belgium,November,1390.0,11,2024-11-01
2024,Belize,November,2.0,11,2024-11-01
2024,Benin,November,3.0,11,2024-11-01
2024,Bhutan,November,80.0,11,2024-11-01
2024,Bolivia,November,7.0,11,2024-11-01
2024,Bosnia and Herzegovina,November,18.0,11,2024-11-01
2024,Botswana,November,1.0,11,2024-11-01
2024,Brazil,November,186.0,11,2024-11-01
2024,Brunei Darussalam,November,1.0,11,2024-11-01
2024,Bulgaria,November,488.0,11,2024-11-01
2024,Burkina Faso,November,0.0,11,2024-11-01
2024,Burundi,November,1.0,11,2024-11-01
2024,Cambodia,November,53.0,11,2024-11-01
2024,Cameroon,November,2.0,11,2024-11-01
2024,Canada,November,3085.0,11,2024-11-01
2024,Cape Verde,November,0.0,11,2024-11-01
2024,Central African Republic,November,0.0,11,2024-11-01
2024,Chad,November,0.0,11,2024-11-01
2024,Chile,November,34.0,11,2024-11-01
2024,China,November,8371.0,11,2024-11-01
2024,Colombia,November,52.0,11,2024-11-01
2024,Comoros,November,4.0,11,2024-11-01
2024,Congo,November,4.0,11,2024-11-01
2024,Costa Rica,November,9.0,11,2024-11-01
2024,Cote Divoire,November,5.0,11,2024-11-01
2024,Croatia,November,217.0,11,2024-11-01
2024,Cuba,November,3.0,11,2024-11-01
2024,Cyprus,November,50.0,11,2024-11-01
2024,Czech Republic,November,1357.0,11,2024-11-01
2024,Denmark,November,1036.0,11,2024-11-01
2024,Djibouti,November,0.0,11,2024-11-01
2024,Dominica,November,18.0,11,2024-11-01
2024,Dominican Republic,November,0.0,11,2024-11-01
2024,Ecuador,November,7.0,11,2024-11-01
2024,Egypt,November,456.0,11,2024-11-01
2024,El Salvador,November,2.0,11,2024-11-01
2024,Equatorial Guinea,November,0.0,11,2024-11-01
2024,Eritrea,November,3.0,11,2024-11-01
2024,Estonia,November,234.0,11,2024-11-01
2024,Ethiopia,November,9.0,11,2024-11-01
2024,Fiji,November,26.0,11,2024-11-01
2024,Finland,November,534.0,11,2024-11-01
2024,France,November,6665.0,11,2024-11-01
2024,Gabon,November,0.0,11,2024-11-01
2024,"Gambia, The",November,1.0,11,2024-11-01
2024,Georgia,November,99.0,11,2024-11-01
2024,Germany,November,12593.0,11,2024-11-01
2024,Ghana,November,8.0,11,2024-11-01
2024,Greece,November,260.0,11,2024-11-01
2024,Grenada,November,7.0,11,2024-11-01
2024,Guatemala,November,6.0,11,2024-11-01
2024,Guinea,November,0.0,11,2024-11-01
2024,Guinea-Bissau,November,0.0,11,2024-11-01
2024,Guyana,November,2.0,11,2024-11-01
2024,Haiti,November,9.0,11,2024-11-01
2024,Honduras,November,2.0,11,2024-11-01
2024,Hungary,November,648.0,11,2024-11-01
2024,Iceland,November,58.0,11,2024-11-01
2024,India,November,41120.0,11,2024-11-01
2024,Indonesia,November,532.0,11,2024-11-01
2024,Iran,November,804.0,11,2024-11-01
2024,Iraq,November,79.0,11,2024-11-01
2024,Ireland,November,703.0,11,2024-11-01
2024,Israel,November,878.0,11,2024-11-01
2024,Italy,November,2237.0,11,2024-11-01
2024,Jamaica,November,5.0,11,2024-11-01
2024,Japan,November,2178.0,11,2024-11-01
2024,Jordan,November,224.0,11,2024-11-01
2024,Kazakhstan,November,289.0,11,2024-11-01
2024,Kenya,November,62.0,11,2024-11-01
2024,Kiribati,November,0.0,11,2024-11-01
2024,Kosovar,November,4.0,11,2024-11-01
2024,Kuwait,November,96.0,11,2024-11-01
2024,Kyrgyzstan,November,95.0,11,2024-11-01
2024,"Lao, People's Democratic",November,11.0,11,2024-11-01
2024,Latvia,November,435.0,11,2024-11-01
2024,Lebanon,November,332.0,11,2024-11-01
2024,Lesotho,November,0.0,11,2024-11-01
2024,Liberia,November,2.0,11,2024-11-01
2024,Libya,November,5.0,11,2024-11-01
2024,Liechtenstein,November,14.0,11,2024-11-01
2024,Lithuania,November,488.0,11,2024-11-01
2024,Luxembourg,November,62.0,11,2024-11-01
2024,Macedonia,November,15.0,11,2024-11-01
2024,Madagascar,November,15.0,11,2024-11-01
2024,Malawi,November,11.0,11,2024-11-01
2024,Malaysia,November,1467.0,11,2024-11-01
2024,Maldives,November,2982.0,11,2024-11-01
2024,Mali,November,0.0,11,2024-11-01
2024,Malta,November,53.0,11,2024-11-01
2024,Marshall Islands,November,0.0,11,2024-11-01
2024,Mauritania,November,0.0,11,2024-11-01
2024,Mauritius,November,120.0,11,2024-11-01
2024,Mexico,November,87.0,11,2024-11-01
2024,Micronesia,November,0.0,11,2024-11-01
2024,Moldova,November,55.0,11,2024-11-01
2024,Monaco,November,0.0,11,2024-11-01
2024,Mongolia,November,15.0,11,2024-11-01
2024,Montenegro,November,12.0,11,2024-11-01
2024,Morocco,November,74.0,11,2024-11-01
2024,Mozambique,November,1.0,11,2024-11-01
2024,Myanmar,November,65.0,11,2024-11-01
2024,Namibia,November,2.0,11,2024-11-01
2024,Nauru,November,0.0,11,2024-11-01
2024,Nepal,November,386.0,11,2024-11-01
2024,Netherlands,November,3387.0,11,2024-11-01
2024,Netherlands Antilles,November,1.0,11,2024-11-01
2024,New Zealand,November,915.0,11,2024-11-01
2024,Nicaragua,November,1.0,11,2024-11-01
2024,Niger,November,0.0,11,2024-11-01
2024,Nigeria,November,19.0,11,2024-11-01
2024,Norway,November,783.0,11,2024-11-01
2024,Oman,November,170.0,11,2024-11-01
2024,Pakistan,November,1148.0,11,2024-11-01
2024,Palau,November,0.0,11,2024-11-01
2024,Palestinian Territories,November,63.0,11,2024-11-01
2024,Panama,November,1.0,11,2024-11-01
2024,Papua New Guinea,November,7.0,11,2024-11-01
2024,Paraguay,November,3.0,11,2024-11-01
2024,Peru,November,23.0,11,2024-11-01
2024,Philippines,November,398.0,11,2024-11-01
2024,Poland,November,5164.0,11,2024-11-01
2024,Portugal,November,856.0,11,2024-11-01
2024,Qatar,November,34.0,11,2024-11-01
2024,Romania,November,531.0,11,2024-11-01
2024,Russian Federation,November,29053.0,11,2024-11-01
2024,Rwanda,November,5.0,11,2024-11-01
2024,Saint Kitts and Nevis,November,14.0,11,2024-11-01
2024,Saint Lucia,November,0.0,11,2024-11-01
2024,Saint Vincent The Grenadi,November,0.0,11,2024-11-01
2024,Samoa,November,0.0,11,2024-11-01
2024,San Marino,November,8.0,11,2024-11-01
2024,Saudi Arabia,November,644.0,11,2024-11-01
2024,Senegal,November,4.0,11,2024-11-01
2024,Serbia,November,181.0,11,2024-11-01
2024,Seychelles,November,167.0,11,2024-11-01
2024,Sierra Leone,November,2.0,11,2024-11-01
2024,Singapore,November,1197.0,11,2024-11-01
2024,Slovakia,November,736.0,11,2024-11-01
2024,Slovenia,November,200.0,11,2024-11-01
2024,Solomon Islands,November,2.0,11,2024-11-01
2024,Somalia,November,8.0,11,2024-11-01
2024,South Africa,November,320.0,11,2024-11-01
2024,South Korea,November,1188.0,11,2024-11-01
2024,South Sudan,November,1.0,11,2024-11-01
2024,Spain,November,3655.0,11,2024-11-01
2024,Sudan,November,110.0,11,2024-11-01
2024,Suriname,November,2.0,11,2024-11-01
2024,Swaziland,November,4.0,11,2024-11-01
2024,Sweden,November,1132.0,11,2024-11-01
2024,Switzerland,November,2490.0,11,2024-11-01
2024,Syrian Arab Republic,November,1.0,11,2024-11-01
2024,Tajikistan,November,15.0,11,2024-11-01
2024,Tanzania,November,29.0,11,2024-11-01
2024,Thailand,November,622.0,11,2024-11-01
2024,Timor-Leste,November,4.0,11,2024-11-01
2024,Togo,November,1.0,11,2024-11-01
2024,Tonga,November,3.0,11,2024-11-01
2024,Trinidad and Tobago,November,14.0,11,2024-11-01
2024,Tunisia,November,42.0,11,2024-11-01
2024,Turkey,November,620.0,11,2024-11-01
2024,Turkmenistan,November,6.0,11,2024-11-01
2024,Tuvalu,November,0.0,11,2024-11-01
2024,Uganda,November,15.0,11,2024-11-01
2024,Ukraine,November,554.0,11,2024-11-01
2024,United Arab Emirates,November,282.0,11,2024-11-01
2024,United Kingdom,November,12912.0,11,2024-11-01
2024,United States,November,4472.0,11,2024-11-01
2024,Uruguay,November,6.0,11,2024-11-01
2024,Uzbekistan,November,56.0,11,2024-11-01
2024,Vanuatu,November,3.0,11,2024-11-01
2024,Venezuela,November,14.0,11,2024-11-01
2024,Viet Nam,November,346.0,11,2024-11-01
2024,Yemen,November,40.0,11,2024-11-01
2024,Zambia,November,8.0,11,2024-11-01
2024,Zimbabwe,November,26.0,11,2024-11-01
2024,Afghanistan,December,61.0,12,2024-12-01
2024,Albania,December,15.0,12,2024-12-01
2024,Algeria,December,37.0,12,2024-12-01
2024,Andorra,December,13.0,12,2024-12-01
2024,Angola,December,0.0,12,2024-12-01
2024,Antigua and Barbuda,December,9.0,12,2024-12-01
2024,Argentina,December,99.0,12,2024-12-01
2024,Armenia,December,304.0,12,2024-12-01
2024,Aruba,December,0.0,12,2024-12-01
2024,Australia,December,13109.0,12,2024-12-01
2024,Austria,December,2401.0,12,2024-12-01
2024,Azerbaijan,December,140.0,12,2024-12-01
2024,Bahamas,December,5.0,12,2024-12-01
2024,Bahrain,December,81.0,12,2024-12-01
2024,Bangladesh,December,4154.0,12,2024-12-01
2024,Barbados,December,7.0,12,2024-12-01
2024,Belarus,December,1408.0,12,2024-12-01
2024,Belgium,December,1337.0,12,2024-12-01
2024,Belize,December,4.0,12,2024-12-01
2024,Benin,December,3.0,12,2024-12-01
2024,Bhutan,December,90.0,12,2024-12-01
2024,Bolivia,December,2.0,12,2024-12-01
2024,Bosnia and Herzegovina,December,48.0,12,2024-12-01
2024,Botswana,December,21.0,12,2024-12-01
2024,Brazil,December,208.0,12,2024-12-01
2024,Brunei Darussalam,December,6.0,12,2024-12-01
2024,Bulgaria,December,721.0,12,2024-12-01
2024,Burkina Faso,December,1.0,12,2024-12-01
2024,Burundi,December,1.0,12,2024-12-01
2024,Cambodia,December,59.0,12,2024-12-01
2024,Cameroon,December,3.0,12,2024-12-01
2024,Canada,December,3781.0,12,2024-12-01
2024,Cape Verde,December,0.0,12,2024-12-01
2024,Central African Republic,December,1.0,12,2024-12-01
2024,Chad,December,2.0,12,2024-12-01
2024,Chile,December,47.0,12,2024-12-01
2024,China,December,9924.0,12,2024-12-01
2024,Colombia,December,59.0,12,2024-12-01
2024,Comoros,December,3.0,12,2024-12-01
2024,Congo,December,12.0,12,2024-12-01
2024,Costa Rica,December,11.0,12,2024-12-01
2024,Cote Divoire,December,0.0,12,2024-12-01
2024,Croatia,December,368.0,12,2024-12-01
2024,Cuba,December,5.0,12,2024-12-01
2024,Cyprus,December,129.0,12,2024-12-01
2024,Czech Republic,December,2299.0,12,2024-12-01
2024,Denmark,December,1713.0,12,2024-12-01
2024,Djibouti,December,0.0,12,2024-12-01
2024,Dominica,December,9.0,12,2024-12-01
2024,Dominican Republic,December,6.0,12,2024-12-01
2024,Ecuador,December,18.0,12,2024-12-01
2024,Egypt,December,491.0,12,2024-12-01
2024,El Salvador,December,3.0,12,2024-12-01
2024,Equatorial Guinea,December,0.0,12,2024-12-01
2024,Eritrea,December,2.0,12,2024-12-01
2024,Estonia,December,576.0,12,2024-12-01
2024,Ethiopia,December,13.0,12,2024-12-01
2024,Fiji,December,25.0,12,2024-12-01
2024,Finland,December,774.0,12,2024-12-01
2024,France,December,6332.0,12,2024-12-01
2024,Gabon,December,0.0,12,2024-12-01
2024,"Gambia, The",December,3.0,12,2024-12-01
2024,Georgia,December,70.0,12,2024-12-01
2024,Germany,December,14703.0,12,2024-12-01
2024,Ghana,December,10.0,12,2024-12-01
2024,Greece,December,533.0,12,2024-12-01
2024,Grenada,December,7.0,12,2024-12-01
2024,Guatemala,December,14.0,12,2024-12-01
2024,Guinea,December,2.0,12,2024-12-01
2024,Guinea-Bissau,December,0.0,12,2024-12-01
2024,Guyana,December,2.0,12,2024-12-01
2024,Haiti,December,1.0,12,2024-12-01
2024,Honduras,December,2.0,12,2024-12-01
2024,Hungary,December,978.0,12,2024-12-01
2024,Iceland,December,44.0,12,2024-12-01
2024,India,December,52881.0,12,2024-12-01
2024,Indonesia,December,379.0,12,2024-12-01
2024,Iran,December,794.0,12,2024-12-01
2024,Iraq,December,96.0,12,2024-12-01
2024,Ireland,December,1090.0,12,2024-12-01
2024,Israel,December,2054.0,12,2024-12-01
2024,Italy,December,5695.0,12,2024-12-01
2024,Jamaica,December,4.0,12,2024-12-01
2024,Japan,December,3599.0,12,2024-12-01
2024,Jordan,December,358.0,12,2024-12-01
2024,Kazakhstan,December,1932.0,12,2024-12-01
2024,Kenya,December,137.0,12,2024-12-01
2024,Kiribati,December,0.0,12,2024-12-01
2024,Kosovar,December,12.0,12,2024-12-01
2024,Kuwait,December,150.0,12,2024-12-01
2024,Kyrgyzstan,December,146.0,12,2024-12-01
2024,"Lao, People's Democratic",December,12.0,12,2024-12-01
2024,Latvia,December,629.0,12,2024-12-01
2024,Lebanon,December,421.0,12,2024-12-01
2024,Lesotho,December,6.0,12,2024-12-01
2024,Liberia,December,0.0,12,2024-12-01
2024,Libya,December,30.0,12,2024-12-01
2024,Liechtenstein,December,17.0,12,2024-12-01
2024,Lithuania,December,867.0,12,2024-12-01
2024,Luxembourg,December,83.0,12,2024-12-01
2024,Macedonia,December,31.0,12,2024-12-01
2024,Madagascar,December,12.0,12,2024-12-01
2024,Malawi,December,7.0,12,2024-12-01
2024,Malaysia,December,1726.0,12,2024-12-01
2024,Maldives,December,6903.0,12,2024-12-01
2024,Mali,December,0.0,12,2024-12-01
2024,Malta,December,204.0,12,2024-12-01
2024,Marshall Islands,December,0.0,12,2024-12-01
2024,Mauritania,December,0.0,12,2024-12-01
2024,Mauritius,December,251.0,12,2024-12-01
2024,Mexico,December,137.0,12,2024-12-01
2024,Micronesia,December,0.0,12,2024-12-01
2024,Moldova,December,137.0,12,2024-12-01
2024,Monaco,December,2.0,12,2024-12-01
2024,Mongolia,December,19.0,12,2024-12-01
2024,Montenegro,December,43.0,12,2024-12-01
2024,Morocco,December,121.0,12,2024-12-01
2024,Mozambique,December,19.0,12,2024-12-01
2024,Myanmar,December,82.0,12,2024-12-01
2024,Namibia,December,7.0,12,2024-12-01
2024,Nauru,December,0.0,12,2024-12-01
2024,Nepal,December,449.0,12,2024-12-01
2024,Netherlands,December,3893.0,12,2024-12-01
2024,Netherlands Antilles,December,0.0,12,2024-12-01
2024,New Zealand,December,1562.0,12,2024-12-01
2024,Nicaragua,December,1.0,12,2024-12-01
2024,Niger,December,0.0,12,2024-12-01
2024,Nigeria,December,13.0,12,2024-12-01
2024,Norway,December,1478.0,12,2024-12-01
2024,Oman,December,141.0,12,2024-12-01
2024,Pakistan,December,1389.0,12,2024-12-01
2024,Palau,December,1.0,12,2024-12-01
2024,Palestinian Territories,December,77.0,12,2024-12-01
2024,Panama,December,3.0,12,2024-12-01
2024,Papua New Guinea,December,14.0,12,2024-12-01
2024,Paraguay,December,1.0,12,2024-12-01
2024,Peru,December,8.0,12,2024-12-01
2024,Philippines,December,485.0,12,2024-12-01
2024,Poland,December,6233.0,12,2024-12-01
2024,Portugal,December,636.0,12,2024-12-01
2024,Qatar,December,82.0,12,2024-12-01
2024,Romania,December,1243.0,12,2024-12-01
2024,Russian Federation,December,35268.0,12,2024-12-01
2024,Rwanda,December,6.0,12,2024-12-01
2024,Saint Kitts and Nevis,December,19.0,12,2024-12-01
2024,Saint Lucia,December,3.0,12,2024-12-01
2024,Saint Vincent The Grenadi,December,1.0,12,2024-12-01
2024,Samoa,December,0.0,12,2024-12-01
2024,San Marino,December,8.0,12,2024-12-01
2024,Saudi Arabia,December,353.0,12,2024-12-01
2024,Senegal,December,5.0,12,2024-12-01
2024,Serbia,December,234.0,12,2024-12-01
2024,Seychelles,December,434.0,12,2024-12-01
2024,Sierra Leone,December,4.0,12,2024-12-01
2024,Singapore,December,2011.0,12,2024-12-01
2024,Slovakia,December,713.0,12,2024-12-01
2024,Slovenia,December,610.0,12,2024-12-01
2024,Solomon Islands,December,1.0,12,2024-12-01
2024,Somalia,December,9.0,12,2024-12-01
2024,South Africa,December,1089.0,12,2024-12-01
2024,South Korea,December,1266.0,12,2024-12-01
2024,South Sudan,December,0.0,12,2024-12-01
2024,Spain,December,2801.0,12,2024-12-01
2024,Sudan,December,96.0,12,2024-12-01
2024,Suriname,December,3.0,12,2024-12-01
2024,Swaziland,December,6.0,12,2024-12-01
2024,Sweden,December,3676.0,12,2024-12-01
2024,Switzerland,December,3246.0,12,2024-12-01
2024,Syrian Arab Republic,December,0.0,12,2024-12-01
2024,Tajikistan,December,9.0,12,2024-12-01
2024,Tanzania,December,17.0,12,2024-12-01
2024,Thailand,December,648.0,12,2024-12-01
2024,Timor-Leste,December,7.0,12,2024-12-01
2024,Togo,December,0.0,12,2024-12-01
2024,Tonga,December,0.0,12,2024-12-01
2024,Trinidad and Tobago,December,4.0,12,2024-12-01
2024,Tunisia,December,108.0,12,2024-12-01
2024,Turkey,December,803.0,12,2024-12-01
2024,Turkmenistan,December,5.0,12,2024-12-01
2024,Tuvalu,December,0.0,12,2024-12-01
2024,Uganda,December,15.0,12,2024-12-01
2024,Ukraine,December,1156.0,12,2024-12-01
2024,United Arab Emirates,December,326.0,12,2024-12-01
2024,United Kingdom,December,18757.0,12,2024-12-01
2024,United States,December,8212.0,12,2024-12-01
2024,Uruguay,December,6.0,12,2024-12-01
2024,Uzbekistan,December,295.0,12,2024-12-01
2024,Vanuatu,December,4.0,12,2024-12-01
2024,Venezuela,December,17.0,12,2024-12-01
2024,Viet Nam,December,158.0,12,2024-12-01
2024,Yemen,December,27.0,12,2024-12-01
2024,Zambia,December,13.0,12,2024-12-01
2024,Zimbabwe,December,22.0,12,2024-12-01
2025,Afghanistan,January,6.0,1,2025-01-01
2025,Albania,January,17.0,1,2025-01-01
2025,Algeria,January,26.0,1,2025-01-01
2025,Andorra,January,10.0,1,2025-01-01
2025,Angola,January,0.0,1,2025-01-01
2025,Antigua and Barbuda,January,3.0,1,2025-01-01
2025,Argentina,January,164.0,1,2025-01-01
2025,Armenia,January,261.0,1,2025-01-01
2025,Australia,January,9563.0,1,2025-01-01
2025,Austria,January,2492.0,1,2025-01-01
2025,Azerbaijan,January,149.0,1,2025-01-01
2025,Bahamas,January,0.0,1,2025-01-01
2025,Bahrain,January,159.0,1,2025-01-01
2025,Bangladesh,January,4626.0,1,2025-01-01
2025,Barbados,January,3.0,1,2025-01-01
2025,Belarus,January,2050.0,1,2025-01-01
2025,Belgium,January,1739.0,1,2025-01-01
2025,Belize,January,0.0,1,2025-01-01
2025,Benin,January,0.0,1,2025-01-01
2025,Bhutan,January,92.0,1,2025-01-01
2025,Bolivia,January,0.0,1,2025-01-01
2025,Bosnia and Herzegovina,January,37.0,1,2025-01-01
2025,Botswana,January,7.0,1,2025-01-01
2025,Brazil,January,234.0,1,2025-01-01
2025,Brunei Darussalam,January,12.0,1,2025-01-01
2025,Bulgaria,January,634.0,1,2025-01-01
2025,Burkina Faso,January,2.0,1,2025-01-01
2025,Burundi,January,2.0,1,2025-01-01
2025,Cambodia,January,26.0,1,2025-01-01
2025,Cameroon,January,2.0,1,2025-01-01
2025,Canada,January,4458.0,1,2025-01-01
2025,Cape Verde,January,0.0,1,2025-01-01
2025,Central African Republic,January,0.0,1,2025-01-01
2025,Chad,January,0.0,1,2025-01-01
2025,Chile,January,45.0,1,2025-01-01
2025,China,January,16709.0,1,2025-01-01
2025,Colombia,January,45.0,1,2025-01-01
2025,Comoros,January,3.0,1,2025-01-01
2025,Costa Rica,January,9.0,1,2025-01-01
2025,Cote d'lvoire,January,1.0,1,2025-01-01
2025,Country,January,0.0,1,2025-01-01
2025,Country,January,0.0,1,2025-01-01
2025,Country,January,0.0,1,2025-01-01
2025,Country,January,0.0,1,2025-01-01
2025,Country,January,0.0,1,2025-01-01
2025,Croatia,January,316.0,1,2025-01-01
2025,Cuba,January,3.0,1,2025-01-01
2025,Cyprus,January,87.0,1,2025-01-01
2025,Czech Republic,January,2754.0,1,2025-01-01
2025,Democratic Republic of Congo,January,0.0,1,2025-01-01
2025,Denmark,January,2822.0,1,2025-01-01
2025,Djibouti,January,2.0,1,2025-01-01
2025,Dominica,January,7.0,1,2025-01-01
2025,Dominican Republic,January,3.0,1,2025-01-01
2025,Ecuador,January,6.0,1,2025-01-01
2025,Egypt,January,357.0,1,2025-01-01
2025,El Salvador,January,1.0,1,2025-01-01
2025,Equatorial Guinea,January,0.0,1,2025-01-01
2025,Eritrea,January,2.0,1,2025-01-01
2025,Estonia,January,915.0,1,2025-01-01
2025,Ethiopia,January,13.0,1,2025-01-01
2025,Fiji,January,29.0,1,2025-01-01
2025,Finland,January,808.0,1,2025-01-01
2025,France,January,12619.0,1,2025-01-01
2025,Gabon,January,0.0,1,2025-01-01
2025,Georgia,January,170.0,1,2025-01-01
2025,Germany,January,15050.0,1,2025-01-01
2025,Ghana,January,8.0,1,2025-01-01
2025,Greece,January,415.0,1,2025-01-01
2025,Grenada,January,0.0,1,2025-01-01
2025,Guatemala,January,6.0,1,2025-01-01
2025,Guinea,January,2.0,1,2025-01-01
2025,Guinea-Bissau,January,3.0,1,2025-01-01
2025,Guyana,January,5.0,1,2025-01-01
2025,Haiti,January,0.0,1,2025-01-01
2025,Honduras,January,1.0,1,2025-01-01
2025,Hungary,January,1388.0,1,2025-01-01
2025,Iceland,January,58.0,1,2025-01-01
2025,India,January,43375.0,1,2025-01-01
2025,Indonesia,January,280.0,1,2025-01-01
2025,Iran,January,886.0,1,2025-01-01
2025,Iraq,January,131.0,1,2025-01-01
2025,Ireland,January,986.0,1,2025-01-01
2025,Israel,January,2730.0,1,2025-01-01
2025,Italy,January,4778.0,1,2025-01-01
2025,Jamaica,January,3.0,1,2025-01-01
2025,Japan,January,2631.0,1,2025-01-01
2025,Jordan,January,178.0,1,2025-01-01
2025,Kazakhstan,January,3015.0,1,2025-01-01
2025,Kenya,January,42.0,1,2025-01-01
2025,Kiribati,January,0.0,1,2025-01-01
2025,Kosovo,January,9.0,1,2025-01-01
2025,Kuwait,January,174.0,1,2025-01-01
2025,Kyrgyzstan,January,151.0,1,2025-01-01
2025,Lao People's Democratic Republic,January,37.0,1,2025-01-01
2025,Latvia,January,844.0,1,2025-01-01
2025,Lebanon,January,145.0,1,2025-01-01
2025,Lesotho,January,1.0,1,2025-01-01
2025,Liberia,January,1.0,1,2025-01-01
2025,Libya,January,2.0,1,2025-01-01
2025,Liechtenstein,January,8.0,1,2025-01-01
2025,Lithuania,January,1639.0,1,2025-01-01
2025,Luxembourg,January,73.0,1,2025-01-01
2025,Macedonia,January,25.0,1,2025-01-01
2025,Madagascar,January,15.0,1,2025-01-01
2025,Malawi,January,3.0,1,2025-01-01
2025,Malaysia,January,2125.0,1,2025-01-01
2025,Maldives,January,2999.0,1,2025-01-01
2025,Mali,January,1.0,1,2025-01-01
2025,Malta,January,129.0,1,2025-01-01
2025,Marshall Islands,January,1.0,1,2025-01-01
2025,Mauritania,January,0.0,1,2025-01-01
2025,Mauritius,January,49.0,1,2025-01-01
2025,Mexico,January,82.0,1,2025-01-01
2025,Moldova,January,130.0,1,2025-01-01
2025,Monaco,January,4.0,1,2025-01-01
2025,Mongolia,January,28.0,1,2025-01-01
2025,Montenegro,January,23.0,1,2025-01-01
2025,Morocco,January,82.0,1,2025-01-01
2025,Mozambique,January,7.0,1,2025-01-01
2025,Myanmar,January,97.0,1,2025-01-01
2025,Namibia,January,0.0,1,2025-01-01
2025,Nauru,January,0.0,1,2025-01-01
2025,Nepal,January,689.0,1,2025-01-01
2025,Netherlands,January,6484.0,1,2025-01-01
2025,New Zealand,January,997.0,1,2025-01-01
2025,Nicaragua,January,0.0,1,2025-01-01
2025,Niger,January,1.0,1,2025-01-01
2025,Nigeria,January,14.0,1,2025-01-01
2025,North Korea,January,0.0,1,2025-01-01
2025,Norway,January,1665.0,1,2025-01-01
2025,Oman,January,156.0,1,2025-01-01
2025,Pakistan,January,1430.0,1,2025-01-01
2025,Palau,January,0.0,1,2025-01-01
2025,Palestinian Territories,January,18.0,1,2025-01-01
2025,Panama,January,2.0,1,2025-01-01
2025,Papua New Guinea,January,4.0,1,2025-01-01
2025,Paraguay,January,5.0,1,2025-01-01
2025,Peru,January,16.0,1,2025-01-01
2025,Philippines,January,424.0,1,2025-01-01
2025,Poland,January,7585.0,1,2025-01-01
2025,Portugal,January,789.0,1,2025-01-01
2025,Qatar,January,33.0,1,2025-01-01
2025,Republic of Congo,January,6.0,1,2025-01-01
2025,Romania,January,888.0,1,2025-01-01
2025,Russian Federation,January,34096.0,1,2025-01-01
2025,Rwanda,January,6.0,1,2025-01-01
2025,Saint Barthelemy,January,0.0,1,2025-01-01
2025,Saint Kitts and Nevis,January,15.0,1,2025-01-01
2025,Saint Lucia,January,4.0,1,2025-01-01
2025,Saint Vincent and the Grenadi,January,1.0,1,2025-01-01
2025,Samoa,January,0.0,1,2025-01-01
2025,San Marino,January,2.0,1,2025-01-01
2025,Sao Tome and Principe,January,0.0,1,2025-01-01
2025,Saudi Arabia,January,487.0,1,2025-01-01
2025,Senegal,January,5.0,1,2025-01-01
2025,Serbia,January,392.0,1,2025-01-01
2025,Seychelles,January,397.0,1,2025-01-01
2025,Sierra Leone,January,5.0,1,2025-01-01
2025,Singapore,January,1048.0,1,2025-01-01
2025,Slovakia,January,1117.0,1,2025-01-01
2025,Slovenia,January,498.0,1,2025-01-01
2025,Solomon Islands,January,0.0,1,2025-01-01
2025,Somalia,January,3.0,1,2025-01-01
2025,South Africa,January,365.0,1,2025-01-01
2025,South Korea,January,2149.0,1,2025-01-01
2025,South Sudan,January,2.0,1,2025-01-01
2025,Spain,January,2696.0,1,2025-01-01
2025,Sudan,January,70.0,1,2025-01-01
2025,Suriname,January,0.0,1,2025-01-01
2025,Swaziland,January,1.0,1,2025-01-01
2025,Sweden,January,2235.0,1,2025-01-01
2025,Switzerland,January,3322.0,1,2025-01-01
2025,Syrian Arab Republic,January,2.0,1,2025-01-01
2025,TUVALU,January,0.0,1,2025-01-01
2025,Tajikistan,January,28.0,1,2025-01-01
2025,Tanzania,January,10.0,1,2025-01-01
2025,Thailand,January,625.0,1,2025-01-01
2025,The Gambia,January,0.0,1,2025-01-01
2025,Timor-Leste,January,2.0,1,2025-01-01
2025,Togo,January,0.0,1,2025-01-01
2025,Tonga,January,0.0,1,2025-01-01
2025,Trinidad and Tobago,January,8.0,1,2025-01-01
2025,Tunisia,January,43.0,1,2025-01-01
2025,Turkey,January,1152.0,1,2025-01-01
2025,Turkmenistan,January,21.0,1,2025-01-01
2025,Uganda,January,23.0,1,2025-01-01
2025,Ukraine,January,1872.0,1,2025-01-01
2025,United Arab Emirates,January,191.0,1,2025-01-01
2025,United Kingdom,January,21730.0,1,2025-01-01
2025,United States,January,7067.0,1,2025-01-01
2025,Uruguay,January,20.0,1,2025-01-01
2025,Uzbekistan,January,140.0,1,2025-01-01
2025,Vanuatu,January,7.0,1,2025-01-01
2025,Vatican City,January,0.0,1,2025-01-01
2025,Venezuela,January,10.0,1,2025-01-01
2025,Vietnam,January,257.0,1,2025-01-01
2025,Yemen,January,56.0,1,2025-01-01
2025,Zambia,January,9.0,1,2025-01-01
2025,Zimbabwe,January,11.0,1,2025-01-01
2025,Afghanistan,February,15.0,2,2025-02-01
2025,Albania,February,33.0,2,2025-02-01
2025,Algeria,February,43.0,2,2025-02-01
2025,Andorra,February,7.0,2,2025-02-01
2025,Angola,February,3.0,2,2025-02-01
2025,Antigua and Barbuda,February,3.0,2,2025-02-01
2025,Argentina,February,79.0,2,2025-02-01
2025,Armenia,February,195.0,2,2025-02-01
2025,Australia,February,8778.0,2,2025-02-01
2025,Austria,February,2640.0,2,2025-02-01
2025,Azerbaijan,February,86.0,2,2025-02-01
2025,Bahamas,February,5.0,2,2025-02-01
2025,Bahrain,February,49.0,2,2025-02-01
2025,Bangladesh,February,5262.0,2,2025-02-01
2025,Barbados,February,1.0,2,2025-02-01
2025,Belarus,February,1455.0,2,2025-02-01
2025,Belgium,February,1994.0,2,2025-02-01
2025,Belize,February,0.0,2,2025-02-01
2025,Benin,February,0.0,2,2025-02-01
2025,Bhutan,February,39.0,2,2025-02-01
2025,Bolivia,February,3.0,2,2025-02-01
2025,Bosnia and Herzegovina,February,46.0,2,2025-02-01
2025,Botswana,February,1.0,2,2025-02-01
2025,Brazil,February,177.0,2,2025-02-01
2025,Brunei Darussalam,February,1.0,2,2025-02-01
2025,Bulgaria,February,838.0,2,2025-02-01
2025,Burkina Faso,February,1.0,2,2025-02-01
2025,Burundi,February,0.0,2,2025-02-01
2025,Cambodia,February,132.0,2,2025-02-01
2025,Cameroon,February,1.0,2,2025-02-01
2025,Canada,February,4550.0,2,2025-02-01
2025,Cape Verde,February,0.0,2,2025-02-01
2025,Central African Republic,February,0.0,2,2025-02-01
2025,Chad,February,0.0,2,2025-02-01
2025,Chile,February,77.0,2,2025-02-01
2025,China,February,11690.0,2,2025-02-01
2025,Colombia,February,44.0,2,2025-02-01
2025,Comoros,February,1.0,2,2025-02-01
2025,Costa Rica,February,13.0,2,2025-02-01
2025,Cote d'lvoire,February,0.0,2,2025-02-01
2025,Country,February,0.0,2,2025-02-01
2025,Country,February,0.0,2,2025-02-01
2025,Country,February,0.0,2,2025-02-01
2025,Country,February,0.0,2,2025-02-01
2025,Country,February,0.0,2,2025-02-01
2025,Croatia,February,360.0,2,2025-02-01
2025,Cuba,February,4.0,2,2025-02-01
2025,Cyprus,February,80.0,2,2025-02-01
2025,Czech Republic,February,3370.0,2,2025-02-01
2025,Democratic Republic of Congo,February,2.0,2,2025-02-01
2025,Denmark,February,2713.0,2,2025-02-01
2025,Djibouti,February,1.0,2,2025-02-01
2025,Dominica,February,9.0,2,2025-02-01
2025,Dominican Republic,February,1.0,2,2025-02-01
2025,Ecuador,February,12.0,2,2025-02-01
2025,Egypt,February,469.0,2,2025-02-01
2025,El Salvador,February,2.0,2,2025-02-01
2025,Equatorial Guinea,February,0.0,2,2025-02-01
2025,Eritrea,February,1.0,2,2025-02-01
2025,Estonia,February,934.0,2,2025-02-01
2025,Ethiopia,February,17.0,2,2025-02-01
2025,Fiji,February,23.0,2,2025-02-01
2025,Finland,February,790.0,2,2025-02-01
2025,France,February,15469.0,2,2025-02-01
2025,Gabon,February,0.0,2,2025-02-01
2025,Georgia,February,81.0,2,2025-02-01
2025,Germany,February,17233.0,2,2025-02-01
2025,Ghana,February,4.0,2,2025-02-01
2025,Greece,February,395.0,2,2025-02-01
2025,Grenada,February,2.0,2,2025-02-01
2025,Guatemala,February,3.0,2,2025-02-01
2025,Guinea,February,0.0,2,2025-02-01
2025,Guinea-Bissau,February,0.0,2,2025-02-01
2025,Guyana,February,5.0,2,2025-02-01
2025,Haiti,February,1.0,2,2025-02-01
2025,Honduras,February,2.0,2,2025-02-01
2025,Hungary,February,1089.0,2,2025-02-01
2025,Iceland,February,38.0,2,2025-02-01
2025,India,February,35728.0,2,2025-02-01
2025,Indonesia,February,515.0,2,2025-02-01
2025,Iran,February,615.0,2,2025-02-01
2025,Iraq,February,114.0,2,2025-02-01
2025,Ireland,February,1067.0,2,2025-02-01
2025,Israel,February,2959.0,2,2025-02-01
2025,Italy,February,4115.0,2,2025-02-01
2025,Jamaica,February,5.0,2,2025-02-01
2025,Japan,February,3527.0,2,2025-02-01
2025,Jordan,February,297.0,2,2025-02-01
2025,Kazakhstan,February,2463.0,2,2025-02-01
2025,Kenya,February,55.0,2,2025-02-01
2025,Kiribati,February,0.0,2,2025-02-01
2025,Kosovo,February,12.0,2,2025-02-01
2025,Kuwait,February,204.0,2,2025-02-01
2025,Kyrgyzstan,February,126.0,2,2025-02-01
2025,Lao People's Democratic Republic,February,31.0,2,2025-02-01
2025,Latvia,February,596.0,2,2025-02-01
2025,Lebanon,February,357.0,2,2025-02-01
2025,Lesotho,February,0.0,2,2025-02-01
2025,Liberia,February,4.0,2,2025-02-01
2025,Libya,February,5.0,2,2025-02-01
2025,Liechtenstein,February,12.0,2,2025-02-01
2025,Lithuania,February,1354.0,2,2025-02-01
2025,Luxembourg,February,96.0,2,2025-02-01
2025,Macedonia,February,8.0,2,2025-02-01
2025,Madagascar,February,11.0,2,2025-02-01
2025,Malawi,February,4.0,2,2025-02-01
2025,Malaysia,February,1415.0,2,2025-02-01
2025,Maldives,February,2843.0,2,2025-02-01
2025,Mali,February,0.0,2,2025-02-01
2025,Malta,February,130.0,2,2025-02-01
2025,Marshall Islands,February,0.0,2,2025-02-01
2025,Mauritania,February,0.0,2,2025-02-01
2025,Mauritius,February,90.0,2,2025-02-01
2025,Mexico,February,118.0,2,2025-02-01
2025,Moldova,February,167.0,2,2025-02-01
2025,Monaco,February,2.0,2,2025-02-01
2025,Mongolia,February,4.0,2,2025-02-01
2025,Montenegro,February,11.0,2,2025-02-01
2025,Morocco,February,102.0,2,2025-02-01
2025,Mozambique,February,6.0,2,2025-02-01
2025,Myanmar,February,82.0,2,2025-02-01
2025,Namibia,February,11.0,2,2025-02-01
2025,Nauru,February,0.0,2,2025-02-01
2025,Nepal,February,374.0,2,2025-02-01
2025,Netherlands,February,5589.0,2,2025-02-01
2025,New Zealand,February,741.0,2,2025-02-01
2025,Nicaragua,February,3.0,2,2025-02-01
2025,Niger,February,0.0,2,2025-02-01
2025,Nigeria,February,4.0,2,2025-02-01
2025,North Korea,February,0.0,2,2025-02-01
2025,Norway,February,1400.0,2,2025-02-01
2025,Oman,February,212.0,2,2025-02-01
2025,Pakistan,February,1152.0,2,2025-02-01
2025,Palau,February,0.0,2,2025-02-01
2025,Palestinian Territories,February,34.0,2,2025-02-01
2025,Panama,February,6.0,2,2025-02-01
2025,Papua New Guinea,February,4.0,2,2025-02-01
2025,Paraguay,February,2.0,2,2025-02-01
2025,Peru,February,24.0,2,2025-02-01
2025,Philippines,February,381.0,2,2025-02-01
2025,Poland,February,8519.0,2,2025-02-01
2025,Portugal,February,699.0,2,2025-02-01
2025,Qatar,February,46.0,2,2025-02-01
2025,Republic of Congo,February,0.0,2,2025-02-01
2025,Romania,February,894.0,2,2025-02-01
2025,Russian Federation,February,30295.0,2,2025-02-01
2025,Rwanda,February,3.0,2,2025-02-01
2025,Saint Barthelemy,February,0.0,2,2025-02-01
2025,Saint Kitts and Nevis,February,16.0,2,2025-02-01
2025,Saint Lucia,February,3.0,2,2025-02-01
2025,Saint Vincent and the Grenadi,February,0.0,2,2025-02-01
2025,Samoa,February,0.0,2,2025-02-01
2025,San Marino,February,4.0,2,2025-02-01
2025,Sao Tome and Principe,February,0.0,2,2025-02-01
2025,Saudi Arabia,February,358.0,2,2025-02-01
2025,Senegal,February,4.0,2,2025-02-01
2025,Serbia,February,309.0,2,2025-02-01
2025,Seychelles,February,212.0,2,2025-02-01
2025,Sierra Leone,February,1.0,2,2025-02-01
2025,Singapore,February,1024.0,2,2025-02-01
2025,Slovakia,February,1209.0,2,2025-02-01
2025,Slovenia,February,684.0,2,2025-02-01
2025,Solomon Islands,February,0.0,2,2025-02-01
2025,Somalia,February,4.0,2,2025-02-01
2025,South Africa,February,393.0,2,2025-02-01
2025,South Korea,February,1471.0,2,2025-02-01
2025,South Sudan,February,1.0,2,2025-02-01
2025,Spain,February,2528.0,2,2025-02-01
2025,Sudan,February,52.0,2,2025-02-01
2025,Suriname,February,3.0,2,2025-02-01
2025,Swaziland,February,0.0,2,2025-02-01
2025,Sweden,February,2007.0,2,2025-02-01
2025,Switzerland,February,3266.0,2,2025-02-01
2025,Syrian Arab Republic,February,0.0,2,2025-02-01
2025,TUVALU,February,0.0,2,2025-02-01
2025,Tajikistan,February,21.0,2,2025-02-01
2025,Tanzania,February,12.0,2,2025-02-01
2025,Thailand,February,719.0,2,2025-02-01
2025,The Gambia,February,3.0,2,2025-02-01
2025,Timor-Leste,February,8.0,2,2025-02-01
2025,Togo,February,0.0,2,2025-02-01
2025,Tonga,February,0.0,2,2025-02-01
2025,Trinidad and Tobago,February,8.0,2,2025-02-01
2025,Tunisia,February,124.0,2,2025-02-01
2025,Turkey,February,728.0,2,2025-02-01
2025,Turkmenistan,February,9.0,2,2025-02-01
2025,Uganda,February,14.0,2,2025-02-01
2025,Ukraine,February,1387.0,2,2025-02-01
2025,United Arab Emirates,February,171.0,2,2025-02-01
2025,United Kingdom,February,25528.0,2,2025-02-01
2025,United States,February,6439.0,2,2025-02-01
2025,Uruguay,February,26.0,2,2025-02-01
2025,Uzbekistan,February,134.0,2,2025-02-01
2025,Vanuatu,February,3.0,2,2025-02-01
2025,Vatican City,February,0.0,2,2025-02-01
2025,Venezuela,February,15.0,2,2025-02-01
2025,Vietnam,February,253.0,2,2025-02-01
2025,Yemen,February,27.0,2,2025-02-01
2025,Zambia,February,9.0,2,2025-02-01
2025,Zimbabwe,February,15.0,2,2025-02-01
2025,Afghanistan,March,2.0,3,2025-03-01
2025,Albania,March,10.0,3,2025-03-01
2025,Algeria,March,19.0,3,2025-03-01
2025,Andorra,March,6.0,3,2025-03-01
2025,Angola,March,1.0,3,2025-03-01
2025,Antigua and Barbuda,March,0.0,3,2025-03-01
2025,Argentina,March,101.0,3,2025-03-01
2025,Armenia,March,224.0,3,2025-03-01
2025,Australia,March,9012.0,3,2025-03-01
2025,Austria,March,1756.0,3,2025-03-01
2025,Azerbaijan,March,267.0,3,2025-03-01
2025,Bahamas,March,2.0,3,2025-03-01
2025,Bahrain,March,52.0,3,2025-03-01
2025,Bangladesh,March,4713.0,3,2025-03-01
2025,Barbados,March,4.0,3,2025-03-01
2025,Belarus,March,1257.0,3,2025-03-01
2025,Belgium,March,1609.0,3,2025-03-01
2025,Belize,March,3.0,3,2025-03-01
2025,Benin,March,4.0,3,2025-03-01
2025,Bhutan,March,22.0,3,2025-03-01
2025,Bolivia,March,2.0,3,2025-03-01
2025,Bosnia and Herzegovina,March,34.0,3,2025-03-01
2025,Botswana,March,1.0,3,2025-03-01
2025,Brazil,March,213.0,3,2025-03-01
2025,Brunei Darussalam,March,2.0,3,2025-03-01
2025,Bulgaria,March,748.0,3,2025-03-01
2025,Burkina Faso,March,1.0,3,2025-03-01
2025,Burundi,March,0.0,3,2025-03-01
2025,Cambodia,March,125.0,3,2025-03-01
2025,Cameroon,March,2.0,3,2025-03-01
2025,Canada,March,4219.0,3,2025-03-01
2025,Cape Verde,March,3.0,3,2025-03-01
2025,Central African Republic,March,2.0,3,2025-03-01
2025,Chad,March,0.0,3,2025-03-01
2025,Chile,March,86.0,3,2025-03-01
2025,China,March,11114.0,3,2025-03-01
2025,Colombia,March,84.0,3,2025-03-01
2025,Comoros,March,2.0,3,2025-03-01
2025,Costa Rica,March,15.0,3,2025-03-01
2025,Cote d'lvoire,March,3.0,3,2025-03-01
2025,Country,March,0.0,3,2025-03-01
2025,Country,March,0.0,3,2025-03-01
2025,Country,March,0.0,3,2025-03-01
2025,Country,March,0.0,3,2025-03-01
2025,Country,March,0.0,3,2025-03-01
2025,Croatia,March,192.0,3,2025-03-01
2025,Cuba,March,5.0,3,2025-03-01
2025,Cyprus,March,105.0,3,2025-03-01
2025,Czech Republic,March,2266.0,3,2025-03-01
2025,Democratic Republic of Congo,March,5.0,3,2025-03-01
2025,Denmark,March,1299.0,3,2025-03-01
2025,Djibouti,March,0.0,3,2025-03-01
2025,Dominica,March,21.0,3,2025-03-01
2025,Dominican Republic,March,0.0,3,2025-03-01
2025,Ecuador,March,9.0,3,2025-03-01
2025,Egypt,March,276.0,3,2025-03-01
2025,El Salvador,March,1.0,3,2025-03-01
2025,Equatorial Guinea,March,0.0,3,2025-03-01
2025,Eritrea,March,1.0,3,2025-03-01
2025,Estonia,March,757.0,3,2025-03-01
2025,Ethiopia,March,27.0,3,2025-03-01
2025,Fiji,March,10.0,3,2025-03-01
2025,Finland,March,452.0,3,2025-03-01
2025,France,March,15278.0,3,2025-03-01
2025,Gabon,March,0.0,3,2025-03-01
2025,Georgia,March,101.0,3,2025-03-01
2025,Germany,March,17918.0,3,2025-03-01
2025,Ghana,March,8.0,3,2025-03-01
2025,Greece,March,330.0,3,2025-03-01
2025,Grenada,March,4.0,3,2025-03-01
2025,Guatemala,March,5.0,3,2025-03-01
2025,Guinea,March,1.0,3,2025-03-01
2025,Guinea-Bissau,March,0.0,3,2025-03-01
2025,Guyana,March,6.0,3,2025-03-01
2025,Haiti,March,1.0,3,2025-03-01
2025,Honduras,March,1.0,3,2025-03-01
2025,Hungary,March,695.0,3,2025-03-01
2025,Iceland,March,18.0,3,2025-03-01
2025,India,March,39212.0,3,2025-03-01
2025,Indonesia,March,313.0,3,2025-03-01
2025,Iran,March,3695.0,3,2025-03-01
2025,Iraq,March,58.0,3,2025-03-01
2025,Ireland,March,1239.0,3,2025-03-01
2025,Israel,March,2069.0,3,2025-03-01
2025,Italy,March,3524.0,3,2025-03-01
2025,Jamaica,March,2.0,3,2025-03-01
2025,Japan,March,3708.0,3,2025-03-01
2025,Jordan,March,329.0,3,2025-03-01
2025,Kazakhstan,March,1808.0,3,2025-03-01
2025,Kenya,March,103.0,3,2025-03-01
2025,Kiribati,March,0.0,3,2025-03-01
2025,Kosovo,March,3.0,3,2025-03-01
2025,Kuwait,March,130.0,3,2025-03-01
2025,Kyrgyzstan,March,75.0,3,2025-03-01
2025,Lao People's Democratic Republic,March,17.0,3,2025-03-01
2025,Latvia,March,791.0,3,2025-03-01
2025,Lebanon,March,474.0,3,2025-03-01
2025,Lesotho,March,0.0,3,2025-03-01
2025,Liberia,March,1.0,3,2025-03-01
2025,Libya,March,0.0,3,2025-03-01
2025,Liechtenstein,March,6.0,3,2025-03-01
2025,Lithuania,March,1263.0,3,2025-03-01
2025,Luxembourg,March,68.0,3,2025-03-01
2025,Macedonia,March,15.0,3,2025-03-01
2025,Madagascar,March,12.0,3,2025-03-01
2025,Malawi,March,3.0,3,2025-03-01
2025,Malaysia,March,2256.0,3,2025-03-01
2025,Maldives,March,1932.0,3,2025-03-01
2025,Mali,March,1.0,3,2025-03-01
2025,Malta,March,78.0,3,2025-03-01
2025,Marshall Islands,March,0.0,3,2025-03-01
2025,Mauritania,March,2.0,3,2025-03-01
2025,Mauritius,March,77.0,3,2025-03-01
2025,Mexico,March,135.0,3,2025-03-01
2025,Moldova,March,73.0,3,2025-03-01
2025,Monaco,March,3.0,3,2025-03-01
2025,Mongolia,March,12.0,3,2025-03-01
2025,Montenegro,March,20.0,3,2025-03-01
2025,Morocco,March,65.0,3,2025-03-01
2025,Mozambique,March,0.0,3,2025-03-01
2025,Myanmar,March,94.0,3,2025-03-01
2025,Namibia,March,2.0,3,2025-03-01
2025,Nauru,March,0.0,3,2025-03-01
2025,Nepal,March,307.0,3,2025-03-01
2025,Netherlands,March,4838.0,3,2025-03-01
2025,New Zealand,March,965.0,3,2025-03-01
2025,Nicaragua,March,6.0,3,2025-03-01
2025,Niger,March,0.0,3,2025-03-01
2025,Nigeria,March,6.0,3,2025-03-01
2025,North Korea,March,0.0,3,2025-03-01
2025,Norway,March,960.0,3,2025-03-01
2025,Oman,March,25.0,3,2025-03-01
2025,Pakistan,March,736.0,3,2025-03-01
2025,Palau,March,0.0,3,2025-03-01
2025,Palestinian Territories,March,23.0,3,2025-03-01
2025,Panama,March,4.0,3,2025-03-01
2025,Papua New Guinea,March,12.0,3,2025-03-01
2025,Paraguay,March,4.0,3,2025-03-01
2025,Peru,March,27.0,3,2025-03-01
2025,Philippines,March,585.0,3,2025-03-01
2025,Poland,March,5661.0,3,2025-03-01
2025,Portugal,March,876.0,3,2025-03-01
2025,Qatar,March,39.0,3,2025-03-01
2025,Republic of Congo,March,1.0,3,2025-03-01
2025,Romania,March,760.0,3,2025-03-01
2025,Russian Federation,March,29177.0,3,2025-03-01
2025,Rwanda,March,6.0,3,2025-03-01
2025,Saint Barthelemy,March,0.0,3,2025-03-01
2025,Saint Kitts and Nevis,March,18.0,3,2025-03-01
2025,Saint Lucia,March,5.0,3,2025-03-01
2025,Saint Vincent and the Grenadi,March,0.0,3,2025-03-01
2025,Samoa,March,3.0,3,2025-03-01
2025,San Marino,March,3.0,3,2025-03-01
2025,Sao Tome and Principe,March,0.0,3,2025-03-01
2025,Saudi Arabia,March,201.0,3,2025-03-01
2025,Senegal,March,2.0,3,2025-03-01
2025,Serbia,March,308.0,3,2025-03-01
2025,Seychelles,March,225.0,3,2025-03-01
2025,Sierra Leone,March,6.0,3,2025-03-01
2025,Singapore,March,1189.0,3,2025-03-01
2025,Slovakia,March,832.0,3,2025-03-01
2025,Slovenia,March,226.0,3,2025-03-01
2025,Solomon Islands,March,1.0,3,2025-03-01
2025,Somalia,March,1.0,3,2025-03-01
2025,South Africa,March,669.0,3,2025-03-01
2025,South Korea,March,963.0,3,2025-03-01
2025,South Sudan,March,1.0,3,2025-03-01
2025,Spain,March,2548.0,3,2025-03-01
2025,Sudan,March,22.0,3,2025-03-01
2025,Suriname,March,3.0,3,2025-03-01
2025,Swaziland,March,1.0,3,2025-03-01
2025,Sweden,March,1243.0,3,2025-03-01
2025,Switzerland,March,2740.0,3,2025-03-01
2025,Syrian Arab Republic,March,1.0,3,2025-03-01
2025,TUVALU,March,0.0,3,2025-03-01
2025,Tajikistan,March,18.0,3,2025-03-01
2025,Tanzania,March,7.0,3,2025-03-01
2025,Thailand,March,903.0,3,2025-03-01
2025,The Gambia,March,0.0,3,2025-03-01
2025,Timor-Leste,March,1.0,3,2025-03-01
2025,Togo,March,2.0,3,2025-03-01
2025,Tonga,March,0.0,3,2025-03-01
2025,Trinidad and Tobago,March,4.0,3,2025-03-01
2025,Tunisia,March,70.0,3,2025-03-01
2025,Turkey,March,992.0,3,2025-03-01
2025,Turkmenistan,March,16.0,3,2025-03-01
2025,Uganda,March,9.0,3,2025-03-01
2025,Ukraine,March,1119.0,3,2025-03-01
2025,United Arab Emirates,March,165.0,3,2025-03-01
2025,United Kingdom,March,22447.0,3,2025-03-01
2025,United States,March,7676.0,3,2025-03-01
2025,Uruguay,March,33.0,3,2025-03-01
2025,Uzbekistan,March,64.0,3,2025-03-01
2025,Vanuatu,March,5.0,3,2025-03-01
2025,Vatican City,March,0.0,3,2025-03-01
2025,Venezuela,March,18.0,3,2025-03-01
2025,Vietnam,March,314.0,3,2025-03-01
2025,Yemen,March,14.0,3,2025-03-01
2025,Zambia,March,2.0,3,2025-03-01
2025,Zimbabwe,March,10.0,3,2025-03-01
2025,Afghanistan,April,21.0,4,2025-04-01
2025,Albania,April,14.0,4,2025-04-01
2025,Algeria,April,20.0,4,2025-04-01
2025,Andorra,April,33.0,4,2025-04-01
2025,Angola,April,2.0,4,2025-04-01
2025,Antigua and Barbuda,April,3.0,4,2025-04-01
2025,Argentina,April,62.0,4,2025-04-01
2025,Armenia,April,124.0,4,2025-04-01
2025,Australia,April,10744.0,4,2025-04-01
2025,Austria,April,1087.0,4,2025-04-01
2025,Azerbaijan,April,64.0,4,2025-04-01
2025,Bahamas,April,1.0,4,2025-04-01
2025,Bahrain,April,77.0,4,2025-04-01
2025,Bangladesh,April,5428.0,4,2025-04-01
2025,Barbados,April,1.0,4,2025-04-01
2025,Belarus,April,436.0,4,2025-04-01
2025,Belgium,April,1623.0,4,2025-04-01
2025,Belize,April,2.0,4,2025-04-01
2025,Benin,April,3.0,4,2025-04-01
2025,Bhutan,April,72.0,4,2025-04-01
2025,Bolivia,April,1.0,4,2025-04-01
2025,Bosnia and Herzegovina,April,67.0,4,2025-04-01
2025,Botswana,April,4.0,4,2025-04-01
2025,Brazil,April,178.0,4,2025-04-01
2025,Brunei Darussalam,April,6.0,4,2025-04-01
2025,Bulgaria,April,288.0,4,2025-04-01
2025,Burkina Faso,April,0.0,4,2025-04-01
2025,Burundi,April,0.0,4,2025-04-01
2025,Cambodia,April,551.0,4,2025-04-01
2025,Cameroon,April,1.0,4,2025-04-01
2025,Canada,April,3238.0,4,2025-04-01
2025,Cape Verde,April,0.0,4,2025-04-01
2025,Central African Republic,April,0.0,4,2025-04-01
2025,Chad,April,0.0,4,2025-04-01
2025,Chile,April,61.0,4,2025-04-01
2025,China,April,8667.0,4,2025-04-01
2025,Colombia,April,62.0,4,2025-04-01
2025,Comoros,April,4.0,4,2025-04-01
2025,Costa Rica,April,9.0,4,2025-04-01
2025,Cote d'lvoire,April,0.0,4,2025-04-01
2025,Country,April,0.0,4,2025-04-01
2025,Country,April,0.0,4,2025-04-01
2025,Country,April,0.0,4,2025-04-01
2025,Country,April,0.0,4,2025-04-01
2025,Country,April,0.0,4,2025-04-01
2025,Croatia,April,150.0,4,2025-04-01
2025,Cuba,April,2.0,4,2025-04-01
2025,Cyprus,April,110.0,4,2025-04-01
2025,Czech Republic,April,1227.0,4,2025-04-01
2025,Democratic Republic of Congo,April,1.0,4,2025-04-01
2025,Denmark,April,1316.0,4,2025-04-01
2025,Djibouti,April,0.0,4,2025-04-01
2025,Dominica,April,12.0,4,2025-04-01
2025,Dominican Republic,April,4.0,4,2025-04-01
2025,Ecuador,April,11.0,4,2025-04-01
2025,Egypt,April,434.0,4,2025-04-01
2025,El Salvador,April,0.0,4,2025-04-01
2025,Equatorial Guinea,April,0.0,4,2025-04-01
2025,Eritrea,April,0.0,4,2025-04-01
2025,Estonia,April,108.0,4,2025-04-01
2025,Ethiopia,April,13.0,4,2025-04-01
2025,Fiji,April,20.0,4,2025-04-01
2025,Finland,April,236.0,4,2025-04-01
2025,France,April,8276.0,4,2025-04-01
2025,Gabon,April,0.0,4,2025-04-01
2025,Georgia,April,30.0,4,2025-04-01
2025,Germany,April,11654.0,4,2025-04-01
2025,Ghana,April,3.0,4,2025-04-01
2025,Greece,April,423.0,4,2025-04-01
2025,Grenada,April,1.0,4,2025-04-01
2025,Guatemala,April,7.0,4,2025-04-01
2025,Guinea,April,2.0,4,2025-04-01
2025,Guinea-Bissau,April,0.0,4,2025-04-01
2025,Guyana,April,2.0,4,2025-04-01
2025,Haiti,April,2.0,4,2025-04-01
2025,Honduras,April,1.0,4,2025-04-01
2025,Hungary,April,421.0,4,2025-04-01
2025,Iceland,April,28.0,4,2025-04-01
2025,India,April,38744.0,4,2025-04-01
2025,Indonesia,April,446.0,4,2025-04-01
2025,Iran,April,232.0,4,2025-04-01
2025,Iraq,April,89.0,4,2025-04-01
2025,Ireland,April,953.0,4,2025-04-01
2025,Israel,April,1821.0,4,2025-04-01
2025,Italy,April,3633.0,4,2025-04-01
2025,Jamaica,April,2.0,4,2025-04-01
2025,Japan,April,2374.0,4,2025-04-01
2025,Jordan,April,210.0,4,2025-04-01
2025,Kazakhstan,April,121.0,4,2025-04-01
2025,Kenya,April,79.0,4,2025-04-01
2025,Kiribati,April,0.0,4,2025-04-01
2025,Kosovo,April,7.0,4,2025-04-01
2025,Kuwait,April,132.0,4,2025-04-01
2025,Kyrgyzstan,April,24.0,4,2025-04-01
2025,Lao People's Democratic Republic,April,14.0,4,2025-04-01
2025,Latvia,April,96.0,4,2025-04-01
2025,Lebanon,April,353.0,4,2025-04-01
2025,Lesotho,April,2.0,4,2025-04-01
2025,Liberia,April,0.0,4,2025-04-01
2025,Libya,April,6.0,4,2025-04-01
2025,Liechtenstein,April,25.0,4,2025-04-01
2025,Lithuania,April,178.0,4,2025-04-01
2025,Luxembourg,April,114.0,4,2025-04-01
2025,Macedonia,April,23.0,4,2025-04-01
2025,Madagascar,April,14.0,4,2025-04-01
2025,Malawi,April,2.0,4,2025-04-01
2025,Malaysia,April,1486.0,4,2025-04-01
2025,Maldives,April,2516.0,4,2025-04-01
2025,Mali,April,1.0,4,2025-04-01
2025,Malta,April,118.0,4,2025-04-01
2025,Marshall Islands,April,0.0,4,2025-04-01
2025,Mauritania,April,3.0,4,2025-04-01
2025,Mauritius,April,82.0,4,2025-04-01
2025,Mexico,April,107.0,4,2025-04-01
2025,Moldova,April,18.0,4,2025-04-01
2025,Monaco,April,0.0,4,2025-04-01
2025,Mongolia,April,16.0,4,2025-04-01
2025,Montenegro,April,15.0,4,2025-04-01
2025,Morocco,April,95.0,4,2025-04-01
2025,Mozambique,April,2.0,4,2025-04-01
2025,Myanmar,April,166.0,4,2025-04-01
2025,Namibia,April,1.0,4,2025-04-01
2025,Nauru,April,0.0,4,2025-04-01
2025,Nepal,April,527.0,4,2025-04-01
2025,Netherlands,April,4476.0,4,2025-04-01
2025,New Zealand,April,1434.0,4,2025-04-01
2025,Nicaragua,April,1.0,4,2025-04-01
2025,Niger,April,0.0,4,2025-04-01
2025,Nigeria,April,4.0,4,2025-04-01
2025,North Korea,April,0.0,4,2025-04-01
2025,Norway,April,878.0,4,2025-04-01
2025,Oman,April,183.0,4,2025-04-01
2025,Pakistan,April,1156.0,4,2025-04-01
2025,Palau,April,1.0,4,2025-04-01
2025,Palestinian Territories,April,72.0,4,2025-04-01
2025,Panama,April,1.0,4,2025-04-01
2025,Papua New Guinea,April,46.0,4,2025-04-01
2025,Paraguay,April,3.0,4,2025-04-01
2025,Peru,April,30.0,4,2025-04-01
2025,Philippines,April,565.0,4,2025-04-01
2025,Poland,April,2098.0,4,2025-04-01
2025,Portugal,April,763.0,4,2025-04-01
2025,Qatar,April,107.0,4,2025-04-01
2025,Republic of Congo,April,0.0,4,2025-04-01
2025,Romania,April,456.0,4,2025-04-01
2025,Russian Federation,April,13525.0,4,2025-04-01
2025,Rwanda,April,6.0,4,2025-04-01
2025,Saint Barthelemy,April,0.0,4,2025-04-01
2025,Saint Kitts and Nevis,April,6.0,4,2025-04-01
2025,Saint Lucia,April,7.0,4,2025-04-01
2025,Saint Vincent and the Grenadi,April,0.0,4,2025-04-01
2025,Samoa,April,1.0,4,2025-04-01
2025,San Marino,April,2.0,4,2025-04-01
2025,Sao Tome and Principe,April,0.0,4,2025-04-01
2025,Saudi Arabia,April,416.0,4,2025-04-01
2025,Senegal,April,4.0,4,2025-04-01
2025,Serbia,April,227.0,4,2025-04-01
2025,Seychelles,April,365.0,4,2025-04-01
2025,Sierra Leone,April,2.0,4,2025-04-01
2025,Singapore,April,1060.0,4,2025-04-01
2025,Slovakia,April,627.0,4,2025-04-01
2025,Slovenia,April,338.0,4,2025-04-01
2025,Solomon Islands,April,0.0,4,2025-04-01
2025,Somalia,April,14.0,4,2025-04-01
2025,South Africa,April,370.0,4,2025-04-01
2025,South Korea,April,584.0,4,2025-04-01
2025,South Sudan,April,0.0,4,2025-04-01
2025,Spain,April,3144.0,4,2025-04-01
2025,Sudan,April,102.0,4,2025-04-01
2025,Suriname,April,4.0,4,2025-04-01
2025,Swaziland,April,0.0,4,2025-04-01
2025,Sweden,April,696.0,4,2025-04-01
2025,Switzerland,April,3241.0,4,2025-04-01
2025,Syrian Arab Republic,April,0.0,4,2025-04-01
2025,TUVALU,April,0.0,4,2025-04-01
2025,Tajikistan,April,46.0,4,2025-04-01
2025,Tanzania,April,13.0,4,2025-04-01
2025,Thailand,April,1220.0,4,2025-04-01
2025,The Gambia,April,0.0,4,2025-04-01
2025,Timor-Leste,April,0.0,4,2025-04-01
2025,Togo,April,0.0,4,2025-04-01
2025,Tonga,April,0.0,4,2025-04-01
2025,Trinidad and Tobago,April,2.0,4,2025-04-01
2025,Tunisia,April,60.0,4,2025-04-01
2025,Turkey,April,533.0,4,2025-04-01
2025,Turkmenistan,April,13.0,4,2025-04-01
2025,Uganda,April,11.0,4,2025-04-01
2025,Ukraine,April,411.0,4,2025-04-01
2025,United Arab Emirates,April,502.0,4,2025-04-01
2025,United Kingdom,April,17348.0,4,2025-04-01
2025,United States,April,4202.0,4,2025-04-01
2025,Uruguay,April,46.0,4,2025-04-01
2025,Uzbekistan,April,47.0,4,2025-04-01
2025,Vanuatu,April,3.0,4,2025-04-01
2025,Vatican City,April,0.0,4,2025-04-01
2025,Venezuela,April,8.0,4,2025-04-01
2025,Vietnam,April,778.0,4,2025-04-01
2025,Yemen,April,38.0,4,2025-04-01
2025,Zambia,April,4.0,4,2025-04-01
2025,Zimbabwe,April,13.0,4,2025-04-01
2025,Afghanistan,May,10.0,5,2025-05-01
2025,Albania,May,13.0,5,2025-05-01
2025,Algeria,May,31.0,5,2025-05-01
2025,Andorra,May,6.0,5,2025-05-01
2025,Angola,May,0.0,5,2025-05-01
2025,Antigua and Barbuda,May,3.0,5,2025-05-01
2025,Argentina,May,60.0,5,2025-05-01
2025,Armenia,May,74.0,5,2025-05-01
2025,Australia,May,5929.0,5,2025-05-01
2025,Austria,May,483.0,5,2025-05-01
2025,Azerbaijan,May,54.0,5,2025-05-01
2025,Bahamas,May,1.0,5,2025-05-01
2025,Bahrain,May,54.0,5,2025-05-01
2025,Bangladesh,May,7282.0,5,2025-05-01
2025,Barbados,May,1.0,5,2025-05-01
2025,Belarus,May,148.0,5,2025-05-01
2025,Belgium,May,664.0,5,2025-05-01
2025,Belize,May,3.0,5,2025-05-01
2025,Benin,May,1.0,5,2025-05-01
2025,Bhutan,May,55.0,5,2025-05-01
2025,Bolivia,May,2.0,5,2025-05-01
2025,Bosnia and Herzegovina,May,20.0,5,2025-05-01
2025,Botswana,May,8.0,5,2025-05-01
2025,Brazil,May,132.0,5,2025-05-01
2025,Brunei Darussalam,May,17.0,5,2025-05-01
2025,Bulgaria,May,88.0,5,2025-05-01
2025,Burkina Faso,May,3.0,5,2025-05-01
2025,Burundi,May,0.0,5,2025-05-01
2025,Cambodia,May,28.0,5,2025-05-01
2025,Cameroon,May,2.0,5,2025-05-01
2025,Canada,May,3412.0,5,2025-05-01
2025,Cape Verde,May,1.0,5,2025-05-01
2025,Central African Republic,May,0.0,5,2025-05-01
2025,Chad,May,2.0,5,2025-05-01
2025,Chile,May,41.0,5,2025-05-01
2025,China,May,8803.0,5,2025-05-01
2025,Colombia,May,56.0,5,2025-05-01
2025,Comoros,May,6.0,5,2025-05-01
2025,Costa Rica,May,12.0,5,2025-05-01
2025,Cote d'lvoire,May,3.0,5,2025-05-01
2025,Country,May,0.0,5,2025-05-01
2025,Country,May,0.0,5,2025-05-01
2025,Country,May,0.0,5,2025-05-01
2025,Country,May,0.0,5,2025-05-01
2025,Country,May,0.0,5,2025-05-01
2025,Croatia,May,32.0,5,2025-05-01
2025,Cuba,May,2.0,5,2025-05-01
2025,Cyprus,May,51.0,5,2025-05-01
2025,Czech Republic,May,354.0,5,2025-05-01
2025,Democratic Republic of Congo,May,3.0,5,2025-05-01
2025,Denmark,May,500.0,5,2025-05-01
2025,Djibouti,May,3.0,5,2025-05-01
2025,Dominica,May,10.0,5,2025-05-01
2025,Dominican Republic,May,8.0,5,2025-05-01
2025,Ecuador,May,12.0,5,2025-05-01
2025,Egypt,May,298.0,5,2025-05-01
2025,El Salvador,May,3.0,5,2025-05-01
2025,Equatorial Guinea,May,1.0,5,2025-05-01
2025,Eritrea,May,1.0,5,2025-05-01
2025,Estonia,May,28.0,5,2025-05-01
2025,Ethiopia,May,11.0,5,2025-05-01
2025,Fiji,May,6.0,5,2025-05-01
2025,Finland,May,208.0,5,2025-05-01
2025,France,May,5470.0,5,2025-05-01
2025,Gabon,May,1.0,5,2025-05-01
2025,Georgia,May,26.0,5,2025-05-01
2025,Germany,May,7223.0,5,2025-05-01
2025,Ghana,May,3.0,5,2025-05-01
2025,Greece,May,140.0,5,2025-05-01
2025,Grenada,May,1.0,5,2025-05-01
2025,Guatemala,May,10.0,5,2025-05-01
2025,Guinea,May,2.0,5,2025-05-01
2025,Guinea-Bissau,May,0.0,5,2025-05-01
2025,Guyana,May,3.0,5,2025-05-01
2025,Haiti,May,1.0,5,2025-05-01
2025,Honduras,May,3.0,5,2025-05-01
2025,Hungary,May,133.0,5,2025-05-01
2025,Iceland,May,13.0,5,2025-05-01
2025,India,May,47001.0,5,2025-05-01
2025,Indonesia,May,471.0,5,2025-05-01
2025,Iran,May,354.0,5,2025-05-01
2025,Iraq,May,65.0,5,2025-05-01
2025,Ireland,May,473.0,5,2025-05-01
2025,Israel,May,896.0,5,2025-05-01
2025,Italy,May,1333.0,5,2025-05-01
2025,Jamaica,May,3.0,5,2025-05-01
2025,Japan,May,2126.0,5,2025-05-01
2025,Jordan,May,169.0,5,2025-05-01
2025,Kazakhstan,May,207.0,5,2025-05-01
2025,Kenya,May,71.0,5,2025-05-01
2025,Kiribati,May,0.0,5,2025-05-01
2025,Kosovo,May,4.0,5,2025-05-01
2025,Kuwait,May,106.0,5,2025-05-01
2025,Kyrgyzstan,May,72.0,5,2025-05-01
2025,Lao People's Democratic Republic,May,18.0,5,2025-05-01
2025,Latvia,May,50.0,5,2025-05-01
2025,Lebanon,May,169.0,5,2025-05-01
2025,Lesotho,May,5.0,5,2025-05-01
2025,Liberia,May,0.0,5,2025-05-01
2025,Libya,May,5.0,5,2025-05-01
2025,Liechtenstein,May,7.0,5,2025-05-01
2025,Lithuania,May,102.0,5,2025-05-01
2025,Luxembourg,May,23.0,5,2025-05-01
2025,Macedonia,May,19.0,5,2025-05-01
2025,Madagascar,May,17.0,5,2025-05-01
2025,Malawi,May,4.0,5,2025-05-01
2025,Malaysia,May,1920.0,5,2025-05-01
2025,Maldives,May,3006.0,5,2025-05-01
2025,Mali,May,4.0,5,2025-05-01
2025,Malta,May,18.0,5,2025-05-01
2025,Marshall Islands,May,0.0,5,2025-05-01
2025,Mauritania,May,3.0,5,2025-05-01
2025,Mauritius,May,56.0,5,2025-05-01
2025,Mexico,May,88.0,5,2025-05-01
2025,Moldova,May,11.0,5,2025-05-01
2025,Monaco,May,3.0,5,2025-05-01
2025,Mongolia,May,20.0,5,2025-05-01
2025,Montenegro,May,5.0,5,2025-05-01
2025,Morocco,May,108.0,5,2025-05-01
2025,Mozambique,May,2.0,5,2025-05-01
2025,Myanmar,May,203.0,5,2025-05-01
2025,Namibia,May,7.0,5,2025-05-01
2025,Nauru,May,0.0,5,2025-05-01
2025,Nepal,May,403.0,5,2025-05-01
2025,Netherlands,May,2329.0,5,2025-05-01
2025,New Zealand,May,840.0,5,2025-05-01
2025,Nicaragua,May,1.0,5,2025-05-01
2025,Niger,May,0.0,5,2025-05-01
2025,Nigeria,May,14.0,5,2025-05-01
2025,North Korea,May,0.0,5,2025-05-01
2025,Norway,May,355.0,5,2025-05-01
2025,Oman,May,136.0,5,2025-05-01
2025,Pakistan,May,946.0,5,2025-05-01
2025,Palau,May,0.0,5,2025-05-01
2025,Palestinian Territories,May,43.0,5,2025-05-01
2025,Panama,May,2.0,5,2025-05-01
2025,Papua New Guinea,May,21.0,5,2025-05-01
2025,Paraguay,May,4.0,5,2025-05-01
2025,Peru,May,20.0,5,2025-05-01
2025,Philippines,May,472.0,5,2025-05-01
2025,Poland,May,1078.0,5,2025-05-01
2025,Portugal,May,312.0,5,2025-05-01
2025,Qatar,May,47.0,5,2025-05-01
2025,Republic of Congo,May,2.0,5,2025-05-01
2025,Romania,May,190.0,5,2025-05-01
2025,Russian Federation,May,3328.0,5,2025-05-01
2025,Rwanda,May,0.0,5,2025-05-01
2025,Saint Barthelemy,May,0.0,5,2025-05-01
2025,Saint Kitts and Nevis,May,4.0,5,2025-05-01
2025,Saint Lucia,May,1.0,5,2025-05-01
2025,Saint Vincent and the Grenadi,May,7.0,5,2025-05-01
2025,Samoa,May,0.0,5,2025-05-01
2025,San Marino,May,2.0,5,2025-05-01
2025,Sao Tome and Principe,May,1.0,5,2025-05-01
2025,Saudi Arabia,May,433.0,5,2025-05-01
2025,Senegal,May,5.0,5,2025-05-01
2025,Serbia,May,56.0,5,2025-05-01
2025,Seychelles,May,192.0,5,2025-05-01
2025,Sierra Leone,May,2.0,5,2025-05-01
2025,Singapore,May,1054.0,5,2025-05-01
2025,Slovakia,May,212.0,5,2025-05-01
2025,Slovenia,May,55.0,5,2025-05-01
2025,Solomon Islands,May,1.0,5,2025-05-01
2025,Somalia,May,9.0,5,2025-05-01
2025,South Africa,May,198.0,5,2025-05-01
2025,South Korea,May,544.0,5,2025-05-01
2025,South Sudan,May,0.0,5,2025-05-01
2025,Spain,May,1593.0,5,2025-05-01
2025,Sudan,May,66.0,5,2025-05-01
2025,Suriname,May,2.0,5,2025-05-01
2025,Swaziland,May,1.0,5,2025-05-01
2025,Sweden,May,286.0,5,2025-05-01
2025,Switzerland,May,1424.0,5,2025-05-01
2025,Syrian Arab Republic,May,0.0,5,2025-05-01
2025,TUVALU,May,0.0,5,2025-05-01
2025,Tajikistan,May,35.0,5,2025-05-01
2025,Tanzania,May,19.0,5,2025-05-01
2025,Thailand,May,556.0,5,2025-05-01
2025,The Gambia,May,1.0,5,2025-05-01
2025,Timor-Leste,May,1.0,5,2025-05-01
2025,Togo,May,0.0,5,2025-05-01
2025,Tonga,May,1.0,5,2025-05-01
2025,Trinidad and Tobago,May,4.0,5,2025-05-01
2025,Tunisia,May,61.0,5,2025-05-01
2025,Turkey,May,384.0,5,2025-05-01
2025,Turkmenistan,May,9.0,5,2025-05-01
2025,Uganda,May,21.0,5,2025-05-01
2025,Ukraine,May,234.0,5,2025-05-01
2025,United Arab Emirates,May,400.0,5,2025-05-01
2025,United Kingdom,May,9221.0,5,2025-05-01
2025,United States,May,3607.0,5,2025-05-01
2025,Uruguay,May,12.0,5,2025-05-01
2025,Uzbekistan,May,54.0,5,2025-05-01
2025,Vanuatu,May,4.0,5,2025-05-01
2025,Vatican City,May,0.0,5,2025-05-01
2025,Venezuela,May,13.0,5,2025-05-01
2025,Vietnam,May,250.0,5,2025-05-01
2025,Yemen,May,28.0,5,2025-05-01
2025,Zambia,May,10.0,5,2025-05-01
2025,Zimbabwe,May,11.0,5,2025-05-01
2025,Afghanistan,June,2.0,6,2025-06-01
2025,Albania,June,3.0,6,2025-06-01
2025,Algeria,June,37.0,6,2025-06-01
2025,Andorra,June,9.0,6,2025-06-01
2025,Angola,June,0.0,6,2025-06-01
2025,Antigua and Barbuda,June,1.0,6,2025-06-01
2025,Argentina,June,56.0,6,2025-06-01
2025,Armenia,June,71.0,6,2025-06-01
2025,Australia,June,7299.0,6,2025-06-01
2025,Austria,June,487.0,6,2025-06-01
2025,Azerbaijan,June,78.0,6,2025-06-01
2025,Bahamas,June,1.0,6,2025-06-01
2025,Bahrain,June,230.0,6,2025-06-01
2025,Bangladesh,June,5826.0,6,2025-06-01
2025,Barbados,June,2.0,6,2025-06-01
2025,Belarus,June,86.0,6,2025-06-01
2025,Belgium,June,1135.0,6,2025-06-01
2025,Belize,June,1.0,6,2025-06-01
2025,Benin,June,1.0,6,2025-06-01
2025,Bhutan,June,49.0,6,2025-06-01
2025,Bolivia,June,3.0,6,2025-06-01
2025,Bosnia and Herzegovina,June,20.0,6,2025-06-01
2025,Botswana,June,3.0,6,2025-06-01
2025,Brazil,June,119.0,6,2025-06-01
2025,Brunei Darussalam,June,1.0,6,2025-06-01
2025,Bulgaria,June,51.0,6,2025-06-01
2025,Burkina Faso,June,2.0,6,2025-06-01
2025,Burundi,June,1.0,6,2025-06-01
2025,Cambodia,June,63.0,6,2025-06-01
2025,Cameroon,June,1.0,6,2025-06-01
2025,Canada,June,4239.0,6,2025-06-01
2025,Cape Verde,June,2.0,6,2025-06-01
2025,Central African Republic,June,0.0,6,2025-06-01
2025,Chad,June,7.0,6,2025-06-01
2025,Chile,June,23.0,6,2025-06-01
2025,China,June,8804.0,6,2025-06-01
2025,Colombia,June,43.0,6,2025-06-01
2025,Comoros,June,13.0,6,2025-06-01
2025,Costa Rica,June,6.0,6,2025-06-01
2025,Cote d'lvoire,June,0.0,6,2025-06-01
2025,Country,June,0.0,6,2025-06-01
2025,Country,June,0.0,6,2025-06-01
2025,Country,June,0.0,6,2025-06-01
2025,Country,June,0.0,6,2025-06-01
2025,Country,June,0.0,6,2025-06-01
2025,Croatia,June,28.0,6,2025-06-01
2025,Cuba,June,3.0,6,2025-06-01
2025,Cyprus,June,38.0,6,2025-06-01
2025,Czech Republic,June,625.0,6,2025-06-01
2025,Democratic Republic of Congo,June,4.0,6,2025-06-01
2025,Denmark,June,816.0,6,2025-06-01
2025,Djibouti,June,0.0,6,2025-06-01
2025,Dominica,June,28.0,6,2025-06-01
2025,Dominican Republic,June,2.0,6,2025-06-01
2025,Ecuador,June,11.0,6,2025-06-01
2025,Egypt,June,425.0,6,2025-06-01
2025,El Salvador,June,1.0,6,2025-06-01
2025,Equatorial Guinea,June,0.0,6,2025-06-01
2025,Eritrea,June,1.0,6,2025-06-01
2025,Estonia,June,19.0,6,2025-06-01
2025,Ethiopia,June,15.0,6,2025-06-01
2025,Fiji,June,11.0,6,2025-06-01
2025,Finland,June,145.0,6,2025-06-01
2025,France,June,4345.0,6,2025-06-01
2025,Gabon,June,0.0,6,2025-06-01
2025,Georgia,June,12.0,6,2025-06-01
2025,Germany,June,5498.0,6,2025-06-01
2025,Ghana,June,15.0,6,2025-06-01
2025,Greece,June,106.0,6,2025-06-01
2025,Grenada,June,6.0,6,2025-06-01
2025,Guatemala,June,6.0,6,2025-06-01
2025,Guinea,June,0.0,6,2025-06-01
2025,Guinea-Bissau,June,0.0,6,2025-06-01
2025,Guyana,June,0.0,6,2025-06-01
2025,Haiti,June,0.0,6,2025-06-01
2025,Honduras,June,7.0,6,2025-06-01
2025,Hungary,June,126.0,6,2025-06-01
2025,Iceland,June,28.0,6,2025-06-01
2025,India,June,37934.0,6,2025-06-01
2025,Indonesia,June,376.0,6,2025-06-01
2025,Iran,June,196.0,6,2025-06-01
2025,Iraq,June,188.0,6,2025-06-01
2025,Ireland,June,700.0,6,2025-06-01
2025,Israel,June,573.0,6,2025-06-01
2025,Italy,June,2174.0,6,2025-06-01
2025,Jamaica,June,4.0,6,2025-06-01
2025,Japan,June,2093.0,6,2025-06-01
2025,Jordan,June,286.0,6,2025-06-01
2025,Kazakhstan,June,96.0,6,2025-06-01
2025,Kenya,June,308.0,6,2025-06-01
2025,Kiribati,June,0.0,6,2025-06-01
2025,Kosovo,June,1.0,6,2025-06-01
2025,Kuwait,June,190.0,6,2025-06-01
2025,Kyrgyzstan,June,23.0,6,2025-06-01
2025,Lao People's Democratic Republic,June,28.0,6,2025-06-01
2025,Latvia,June,26.0,6,2025-06-01
2025,Lebanon,June,263.0,6,2025-06-01
2025,Lesotho,June,0.0,6,2025-06-01
2025,Liberia,June,0.0,6,2025-06-01
2025,Libya,June,5.0,6,2025-06-01
2025,Liechtenstein,June,7.0,6,2025-06-01
2025,Lithuania,June,126.0,6,2025-06-01
2025,Luxembourg,June,18.0,6,2025-06-01
2025,Macedonia,June,2.0,6,2025-06-01
2025,Madagascar,June,48.0,6,2025-06-01
2025,Malawi,June,7.0,6,2025-06-01
2025,Malaysia,June,1830.0,6,2025-06-01
2025,Maldives,June,3157.0,6,2025-06-01
2025,Mali,June,2.0,6,2025-06-01
2025,Malta,June,30.0,6,2025-06-01
2025,Marshall Islands,June,0.0,6,2025-06-01
2025,Mauritania,June,1.0,6,2025-06-01
2025,Mauritius,June,37.0,6,2025-06-01
2025,Mexico,June,61.0,6,2025-06-01
2025,Moldova,June,9.0,6,2025-06-01
2025,Monaco,June,0.0,6,2025-06-01
2025,Mongolia,June,11.0,6,2025-06-01
2025,Montenegro,June,0.0,6,2025-06-01
2025,Morocco,June,84.0,6,2025-06-01
2025,Mozambique,June,3.0,6,2025-06-01
2025,Myanmar,June,131.0,6,2025-06-01
2025,Namibia,June,0.0,6,2025-06-01
2025,Nauru,June,0.0,6,2025-06-01
2025,Nepal,June,352.0,6,2025-06-01
2025,Netherlands,June,2423.0,6,2025-06-01
2025,New Zealand,June,1084.0,6,2025-06-01
2025,Nicaragua,June,2.0,6,2025-06-01
2025,Niger,June,1.0,6,2025-06-01
2025,Nigeria,June,12.0,6,2025-06-01
2025,North Korea,June,0.0,6,2025-06-01
2025,Norway,June,1473.0,6,2025-06-01
2025,Oman,June,286.0,6,2025-06-01
2025,Pakistan,June,6833.0,6,2025-06-01
2025,Palau,June,0.0,6,2025-06-01
2025,Palestinian Territories,June,53.0,6,2025-06-01
2025,Panama,June,1.0,6,2025-06-01
2025,Papua New Guinea,June,4.0,6,2025-06-01
2025,Paraguay,June,2.0,6,2025-06-01
2025,Peru,June,22.0,6,2025-06-01
2025,Philippines,June,745.0,6,2025-06-01
2025,Poland,June,1138.0,6,2025-06-01
2025,Portugal,June,644.0,6,2025-06-01
2025,Qatar,June,109.0,6,2025-06-01
2025,Republic of Congo,June,1.0,6,2025-06-01
2025,Romania,June,219.0,6,2025-06-01
2025,Russian Federation,June,1891.0,6,2025-06-01
2025,Rwanda,June,0.0,6,2025-06-01
2025,Saint Barthelemy,June,0.0,6,2025-06-01
2025,Saint Kitts and Nevis,June,23.0,6,2025-06-01
2025,Saint Lucia,June,1.0,6,2025-06-01
2025,Saint Vincent and the Grenadi,June,1.0,6,2025-06-01
2025,Samoa,June,0.0,6,2025-06-01
2025,San Marino,June,5.0,6,2025-06-01
2025,Sao Tome and Principe,June,0.0,6,2025-06-01
2025,Saudi Arabia,June,660.0,6,2025-06-01
2025,Senegal,June,7.0,6,2025-06-01
2025,Serbia,June,90.0,6,2025-06-01
2025,Seychelles,June,280.0,6,2025-06-01
2025,Sierra Leone,June,0.0,6,2025-06-01
2025,Singapore,June,1830.0,6,2025-06-01
2025,Slovakia,June,133.0,6,2025-06-01
2025,Slovenia,June,123.0,6,2025-06-01
2025,Solomon Islands,June,2.0,6,2025-06-01
2025,Somalia,June,1.0,6,2025-06-01
2025,South Africa,June,344.0,6,2025-06-01
2025,South Korea,June,660.0,6,2025-06-01
2025,South Sudan,June,1.0,6,2025-06-01
2025,Spain,June,2331.0,6,2025-06-01
2025,Sudan,June,113.0,6,2025-06-01
2025,Suriname,June,2.0,6,2025-06-01
2025,Swaziland,June,0.0,6,2025-06-01
2025,Sweden,June,628.0,6,2025-06-01
2025,Switzerland,June,1589.0,6,2025-06-01
2025,Syrian Arab Republic,June,0.0,6,2025-06-01
2025,TUVALU,June,0.0,6,2025-06-01
2025,Tajikistan,June,16.0,6,2025-06-01
2025,Tanzania,June,259.0,6,2025-06-01
2025,Thailand,June,597.0,6,2025-06-01
2025,The Gambia,June,3.0,6,2025-06-01
2025,Timor-Leste,June,1.0,6,2025-06-01
2025,Togo,June,0.0,6,2025-06-01
2025,Tonga,June,1.0,6,2025-06-01
2025,Trinidad and Tobago,June,7.0,6,2025-06-01
2025,Tunisia,June,71.0,6,2025-06-01
2025,Turkey,June,607.0,6,2025-06-01
2025,Turkmenistan,June,19.0,6,2025-06-01
2025,Uganda,June,20.0,6,2025-06-01
2025,Ukraine,June,214.0,6,2025-06-01
2025,United Arab Emirates,June,720.0,6,2025-06-01
2025,United Kingdom,June,11628.0,6,2025-06-01
2025,United States,June,5422.0,6,2025-06-01
2025,Uruguay,June,12.0,6,2025-06-01
2025,Uzbekistan,June,38.0,6,2025-06-01
2025,Vanuatu,June,3.0,6,2025-06-01
2025,Vatican City,June,0.0,6,2025-06-01
2025,Venezuela,June,9.0,6,2025-06-01
2025,Vietnam,June,255.0,6,2025-06-01
2025,Yemen,June,64.0,6,2025-06-01
2025,Zambia,June,6.0,6,2025-06-01
2025,Zimbabwe,June,26.0,6,2025-06-01
2025,Afghanistan,July,1.0,7,2025-07-01
2025,Albania,July,8.0,7,2025-07-01
2025,Algeria,July,23.0,7,2025-07-01
2025,Andorra,July,17.0,7,2025-07-01
2025,Angola,July,4.0,7,2025-07-01
2025,Antigua and Barbuda,July,5.0,7,2025-07-01
2025,Argentina,July,45.0,7,2025-07-01
2025,Armenia,July,161.0,7,2025-07-01
2025,Australia,July,9117.0,7,2025-07-01
2025,Austria,July,1846.0,7,2025-07-01
2025,Azerbaijan,July,91.0,7,2025-07-01
2025,Bahamas,July,1.0,7,2025-07-01
2025,Bahrain,July,232.0,7,2025-07-01
2025,Bangladesh,July,3274.0,7,2025-07-01
2025,Barbados,July,0.0,7,2025-07-01
2025,Belarus,July,137.0,7,2025-07-01
2025,Belgium,July,4511.0,7,2025-07-01
2025,Belize,July,4.0,7,2025-07-01
2025,Benin,July,0.0,7,2025-07-01
2025,Bhutan,July,44.0,7,2025-07-01
2025,Bolivia,July,5.0,7,2025-07-01
2025,Bosnia and Herzegovina,July,10.0,7,2025-07-01
2025,Botswana,July,2.0,7,2025-07-01
2025,Brazil,July,124.0,7,2025-07-01
2025,Brunei Darussalam,July,17.0,7,2025-07-01
2025,Bulgaria,July,52.0,7,2025-07-01
2025,Burkina Faso,July,2.0,7,2025-07-01
2025,Burundi,July,0.0,7,2025-07-01
2025,Cambodia,July,46.0,7,2025-07-01
2025,Cameroon,July,1.0,7,2025-07-01
2025,Canada,July,5462.0,7,2025-07-01
2025,Cape Verde,July,0.0,7,2025-07-01
2025,Central African Republic,July,0.0,7,2025-07-01
2025,Chad,July,1.0,7,2025-07-01
2025,Chile,July,79.0,7,2025-07-01
2025,China,July,12982.0,7,2025-07-01
2025,Colombia,July,69.0,7,2025-07-01
2025,Comoros,July,15.0,7,2025-07-01
2025,Costa Rica,July,8.0,7,2025-07-01
2025,Cote d'lvoire,July,1.0,7,2025-07-01
2025,Country,July,0.0,7,2025-07-01
2025,Country,July,0.0,7,2025-07-01
2025,Country,July,0.0,7,2025-07-01
2025,Country,July,0.0,7,2025-07-01
2025,Country,July,0.0,7,2025-07-01
2025,Croatia,July,92.0,7,2025-07-01
2025,Cuba,July,2.0,7,2025-07-01
2025,Cyprus,July,150.0,7,2025-07-01
2025,Czech Republic,July,1367.0,7,2025-07-01
2025,Democratic Republic of Congo,July,1.0,7,2025-07-01
2025,Denmark,July,2509.0,7,2025-07-01
2025,Djibouti,July,4.0,7,2025-07-01
2025,Dominica,July,7.0,7,2025-07-01
2025,Dominican Republic,July,2.0,7,2025-07-01
2025,Ecuador,July,12.0,7,2025-07-01
2025,Egypt,July,328.0,7,2025-07-01
2025,El Salvador,July,1.0,7,2025-07-01
2025,Equatorial Guinea,July,0.0,7,2025-07-01
2025,Eritrea,July,1.0,7,2025-07-01
2025,Estonia,July,21.0,7,2025-07-01
2025,Ethiopia,July,23.0,7,2025-07-01
2025,Fiji,July,19.0,7,2025-07-01
2025,Finland,July,150.0,7,2025-07-01
2025,France,July,11059.0,7,2025-07-01
2025,Gabon,July,0.0,7,2025-07-01
2025,Georgia,July,18.0,7,2025-07-01
2025,Germany,July,10568.0,7,2025-07-01
2025,Ghana,July,2.0,7,2025-07-01
2025,Greece,July,162.0,7,2025-07-01
2025,Grenada,July,9.0,7,2025-07-01
2025,Guatemala,July,5.0,7,2025-07-01
2025,Guinea,July,1.0,7,2025-07-01
2025,Guinea-Bissau,July,0.0,7,2025-07-01
2025,Guyana,July,5.0,7,2025-07-01
2025,Haiti,July,1.0,7,2025-07-01
2025,Honduras,July,0.0,7,2025-07-01
2025,Hungary,July,265.0,7,2025-07-01
2025,Iceland,July,19.0,7,2025-07-01
2025,India,July,37128.0,7,2025-07-01
2025,Indonesia,July,361.0,7,2025-07-01
2025,Iran,July,151.0,7,2025-07-01
2025,Iraq,July,114.0,7,2025-07-01
2025,Ireland,July,873.0,7,2025-07-01
2025,Israel,July,1966.0,7,2025-07-01
2025,Italy,July,4886.0,7,2025-07-01
2025,Jamaica,July,7.0,7,2025-07-01
2025,Japan,July,3076.0,7,2025-07-01
2025,Jordan,July,262.0,7,2025-07-01
2025,Kazakhstan,July,78.0,7,2025-07-01
2025,Kenya,July,84.0,7,2025-07-01
2025,Kiribati,July,0.0,7,2025-07-01
2025,Kosovo,July,4.0,7,2025-07-01
2025,Kuwait,July,219.0,7,2025-07-01
2025,Kyrgyzstan,July,23.0,7,2025-07-01
2025,Lao People's Democratic Republic,July,21.0,7,2025-07-01
2025,Latvia,July,40.0,7,2025-07-01
2025,Lebanon,July,248.0,7,2025-07-01
2025,Lesotho,July,0.0,7,2025-07-01
2025,Liberia,July,0.0,7,2025-07-01
2025,Libya,July,6.0,7,2025-07-01
2025,Liechtenstein,July,14.0,7,2025-07-01
2025,Lithuania,July,144.0,7,2025-07-01
2025,Luxembourg,July,70.0,7,2025-07-01
2025,Macedonia,July,12.0,7,2025-07-01
2025,Madagascar,July,19.0,7,2025-07-01
2025,Malawi,July,3.0,7,2025-07-01
2025,Malaysia,July,1712.0,7,2025-07-01
2025,Maldives,July,4755.0,7,2025-07-01
2025,Mali,July,1.0,7,2025-07-01
2025,Malta,July,99.0,7,2025-07-01
2025,Marshall Islands,July,0.0,7,2025-07-01
2025,Mauritania,July,2.0,7,2025-07-01
2025,Mauritius,July,81.0,7,2025-07-01
2025,Mexico,July,44.0,7,2025-07-01
2025,Moldova,July,10.0,7,2025-07-01
2025,Monaco,July,4.0,7,2025-07-01
2025,Mongolia,July,8.0,7,2025-07-01
2025,Montenegro,July,4.0,7,2025-07-01
2025,Morocco,July,91.0,7,2025-07-01
2025,Mozambique,July,0.0,7,2025-07-01
2025,Myanmar,July,392.0,7,2025-07-01
2025,Namibia,July,2.0,7,2025-07-01
2025,Nauru,July,0.0,7,2025-07-01
2025,Nepal,July,442.0,7,2025-07-01
2025,Netherlands,July,15556.0,7,2025-07-01
2025,New Zealand,July,1106.0,7,2025-07-01
2025,Nicaragua,July,0.0,7,2025-07-01
2025,Niger,July,0.0,7,2025-07-01
2025,Nigeria,July,10.0,7,2025-07-01
2025,North Korea,July,0.0,7,2025-07-01
2025,Norway,July,1982.0,7,2025-07-01
2025,Oman,July,518.0,7,2025-07-01
2025,Pakistan,July,2002.0,7,2025-07-01
2025,Palau,July,0.0,7,2025-07-01
2025,Palestinian Territories,July,102.0,7,2025-07-01
2025,Panama,July,1.0,7,2025-07-01
2025,Papua New Guinea,July,4.0,7,2025-07-01
2025,Paraguay,July,2.0,7,2025-07-01
2025,Peru,July,22.0,7,2025-07-01
2025,Philippines,July,608.0,7,2025-07-01
2025,Poland,July,3469.0,7,2025-07-01
2025,Portugal,July,578.0,7,2025-07-01
2025,Qatar,July,159.0,7,2025-07-01
2025,Republic of Congo,July,1.0,7,2025-07-01
2025,Romania,July,231.0,7,2025-07-01
2025,Russian Federation,July,3158.0,7,2025-07-01
2025,Rwanda,July,1.0,7,2025-07-01
2025,Saint Barthelemy,July,1.0,7,2025-07-01
2025,Saint Kitts and Nevis,July,4.0,7,2025-07-01
2025,Saint Lucia,July,1.0,7,2025-07-01
2025,Saint Vincent and the Grenadi,July,0.0,7,2025-07-01
2025,Samoa,July,1.0,7,2025-07-01
2025,San Marino,July,1.0,7,2025-07-01
2025,Sao Tome and Principe,July,0.0,7,2025-07-01
2025,Saudi Arabia,July,1068.0,7,2025-07-01
2025,Senegal,July,5.0,7,2025-07-01
2025,Serbia,July,100.0,7,2025-07-01
2025,Seychelles,July,190.0,7,2025-07-01
2025,Sierra Leone,July,3.0,7,2025-07-01
2025,Singapore,July,1297.0,7,2025-07-01
2025,Slovakia,July,320.0,7,2025-07-01
2025,Slovenia,July,430.0,7,2025-07-01
2025,Solomon Islands,July,1.0,7,2025-07-01
2025,Somalia,July,6.0,7,2025-07-01
2025,South Africa,July,419.0,7,2025-07-01
2025,South Korea,July,932.0,7,2025-07-01
2025,South Sudan,July,0.0,7,2025-07-01
2025,Spain,July,5912.0,7,2025-07-01
2025,Sudan,July,121.0,7,2025-07-01
2025,Suriname,July,1.0,7,2025-07-01
2025,Swaziland,July,0.0,7,2025-07-01
2025,Sweden,July,689.0,7,2025-07-01
2025,Switzerland,July,4990.0,7,2025-07-01
2025,Syrian Arab Republic,July,0.0,7,2025-07-01
2025,TUVALU,July,0.0,7,2025-07-01
2025,Tajikistan,July,4.0,7,2025-07-01
2025,Tanzania,July,29.0,7,2025-07-01
2025,Thailand,July,506.0,7,2025-07-01
2025,The Gambia,July,1.0,7,2025-07-01
2025,Timor-Leste,July,2.0,7,2025-07-01
2025,Togo,July,1.0,7,2025-07-01
2025,Tonga,July,0.0,7,2025-07-01
2025,Trinidad and Tobago,July,14.0,7,2025-07-01
2025,Tunisia,July,63.0,7,2025-07-01
2025,Turkey,July,660.0,7,2025-07-01
2025,Turkmenistan,July,14.0,7,2025-07-01
2025,Uganda,July,28.0,7,2025-07-01
2025,Ukraine,July,279.0,7,2025-07-01
2025,United Arab Emirates,July,862.0,7,2025-07-01
2025,United Kingdom,July,23475.0,7,2025-07-01
2025,United States,July,5222.0,7,2025-07-01
2025,Uruguay,July,7.0,7,2025-07-01
2025,Uzbekistan,July,60.0,7,2025-07-01
2025,Vanuatu,July,1.0,7,2025-07-01
2025,Vatican City,July,0.0,7,2025-07-01
2025,Venezuela,July,11.0,7,2025-07-01
2025,Vietnam,July,266.0,7,2025-07-01
2025,Yemen,July,70.0,7,2025-07-01
2025,Zambia,July,4.0,7,2025-07-01
2025,Zimbabwe,July,7.0,7,2025-07-01
2025,Afghanistan,August,3.0,8,2025-08-01
2025,Albania,August,30.0,8,2025-08-01
2025,Algeria,August,54.0,8,2025-08-01
2025,Andorra,August,22.0,8,2025-08-01
2025,Angola,August,3.0,8,2025-08-01
2025,Antigua and Barbuda,August,0.0,8,2025-08-01
2025,Argentina,August,54.0,8,2025-08-01
2025,Armenia,August,123.0,8,2025-08-01
2025,Australia,August,7833.0,8,2025-08-01
2025,Austria,August,1425.0,8,2025-08-01
2025,Azerbaijan,August,133.0,8,2025-08-01
2025,Bahamas,August,5.0,8,2025-08-01
2025,Bahrain,August,134.0,8,2025-08-01
2025,Bangladesh,August,4074.0,8,2025-08-01
2025,Barbados,August,2.0,8,2025-08-01
2025,Belarus,August,181.0,8,2025-08-01
2025,Belgium,August,2047.0,8,2025-08-01
2025,Belize,August,3.0,8,2025-08-01
2025,Benin,August,6.0,8,2025-08-01
2025,Bhutan,August,44.0,8,2025-08-01
2025,Bolivia,August,2.0,8,2025-08-01
2025,Bosnia and Herzegovina,August,14.0,8,2025-08-01
2025,Botswana,August,2.0,8,2025-08-01
2025,Brazil,August,134.0,8,2025-08-01
2025,Brunei Darussalam,August,6.0,8,2025-08-01
2025,Bulgaria,August,57.0,8,2025-08-01
2025,Burkina Faso,August,0.0,8,2025-08-01
2025,Burundi,August,0.0,8,2025-08-01
2025,Cambodia,August,37.0,8,2025-08-01
2025,Cameroon,August,1.0,8,2025-08-01
2025,Canada,August,4333.0,8,2025-08-01
2025,Cape Verde,August,2.0,8,2025-08-01
2025,Central African Republic,August,0.0,8,2025-08-01
2025,Chad,August,0.0,8,2025-08-01
2025,Chile,August,39.0,8,2025-08-01
2025,China,August,12294.0,8,2025-08-01
2025,Colombia,August,60.0,8,2025-08-01
2025,Comoros,August,15.0,8,2025-08-01
2025,Costa Rica,August,6.0,8,2025-08-01
2025,Cote d'lvoire,August,2.0,8,2025-08-01
2025,Country,August,0.0,8,2025-08-01
2025,Country,August,0.0,8,2025-08-01
2025,Country,August,0.0,8,2025-08-01
2025,Country,August,0.0,8,2025-08-01
2025,Country,August,0.0,8,2025-08-01
2025,Croatia,August,157.0,8,2025-08-01
2025,Cuba,August,6.0,8,2025-08-01
2025,Cyprus,August,312.0,8,2025-08-01
2025,Czech Republic,August,874.0,8,2025-08-01
2025,Democratic Republic of Congo,August,5.0,8,2025-08-01
2025,Denmark,August,739.0,8,2025-08-01
2025,Djibouti,August,0.0,8,2025-08-01
2025,Dominica,August,12.0,8,2025-08-01
2025,Dominican Republic,August,2.0,8,2025-08-01
2025,Ecuador,August,11.0,8,2025-08-01
2025,Egypt,August,274.0,8,2025-08-01
2025,El Salvador,August,4.0,8,2025-08-01
2025,Equatorial Guinea,August,0.0,8,2025-08-01
2025,Eritrea,August,1.0,8,2025-08-01
2025,Estonia,August,16.0,8,2025-08-01
2025,Ethiopia,August,27.0,8,2025-08-01
2025,Fiji,August,15.0,8,2025-08-01
2025,Finland,August,113.0,8,2025-08-01
2025,France,August,10495.0,8,2025-08-01
2025,Gabon,August,0.0,8,2025-08-01
2025,Georgia,August,55.0,8,2025-08-01
2025,Germany,August,12500.0,8,2025-08-01
2025,Ghana,August,9.0,8,2025-08-01
2025,Greece,August,844.0,8,2025-08-01
2025,Grenada,August,3.0,8,2025-08-01
2025,Guatemala,August,5.0,8,2025-08-01
2025,Guinea,August,1.0,8,2025-08-01
2025,Guinea-Bissau,August,0.0,8,2025-08-01
2025,Guyana,August,0.0,8,2025-08-01
2025,Haiti,August,1.0,8,2025-08-01
2025,Honduras,August,1.0,8,2025-08-01
2025,Hungary,August,239.0,8,2025-08-01
2025,Iceland,August,7.0,8,2025-08-01
2025,India,August,46473.0,8,2025-08-01
2025,Indonesia,August,487.0,8,2025-08-01
2025,Iran,August,485.0,8,2025-08-01
2025,Iraq,August,204.0,8,2025-08-01
2025,Ireland,August,738.0,8,2025-08-01
2025,Israel,August,2403.0,8,2025-08-01
2025,Italy,August,12247.0,8,2025-08-01
2025,Jamaica,August,5.0,8,2025-08-01
2025,Japan,August,5127.0,8,2025-08-01
2025,Jordan,August,191.0,8,2025-08-01
2025,Kazakhstan,August,60.0,8,2025-08-01
2025,Kenya,August,93.0,8,2025-08-01
2025,Kiribati,August,0.0,8,2025-08-01
2025,Kosovo,August,3.0,8,2025-08-01
2025,Kuwait,August,232.0,8,2025-08-01
2025,Kyrgyzstan,August,67.0,8,2025-08-01
2025,Lao People's Democratic Republic,August,13.0,8,2025-08-01
2025,Latvia,August,28.0,8,2025-08-01
2025,Lebanon,August,240.0,8,2025-08-01
2025,Lesotho,August,0.0,8,2025-08-01
2025,Liberia,August,0.0,8,2025-08-01
2025,Libya,August,9.0,8,2025-08-01
2025,Liechtenstein,August,7.0,8,2025-08-01
2025,Lithuania,August,117.0,8,2025-08-01
2025,Luxembourg,August,144.0,8,2025-08-01
2025,Macedonia,August,13.0,8,2025-08-01
2025,Madagascar,August,10.0,8,2025-08-01
2025,Malawi,August,6.0,8,2025-08-01
2025,Malaysia,August,2157.0,8,2025-08-01
2025,Maldives,August,3003.0,8,2025-08-01
2025,Mali,August,1.0,8,2025-08-01
2025,Malta,August,151.0,8,2025-08-01
2025,Marshall Islands,August,0.0,8,2025-08-01
2025,Mauritania,August,0.0,8,2025-08-01
2025,Mauritius,August,60.0,8,2025-08-01
2025,Mexico,August,73.0,8,2025-08-01
2025,Moldova,August,11.0,8,2025-08-01
2025,Monaco,August,0.0,8,2025-08-01
2025,Mongolia,August,33.0,8,2025-08-01
2025,Montenegro,August,2.0,8,2025-08-01
2025,Morocco,August,132.0,8,2025-08-01
2025,Mozambique,August,1.0,8,2025-08-01
2025,Myanmar,August,527.0,8,2025-08-01
2025,Namibia,August,3.0,8,2025-08-01
2025,Nauru,August,1.0,8,2025-08-01
2025,Nepal,August,583.0,8,2025-08-01
2025,Netherlands,August,6082.0,8,2025-08-01
2025,New Zealand,August,1044.0,8,2025-08-01
2025,Nicaragua,August,2.0,8,2025-08-01
2025,Niger,August,1.0,8,2025-08-01
2025,Nigeria,August,12.0,8,2025-08-01
2025,North Korea,August,0.0,8,2025-08-01
2025,Norway,August,514.0,8,2025-08-01
2025,Oman,August,388.0,8,2025-08-01
2025,Pakistan,August,1580.0,8,2025-08-01
2025,Palau,August,0.0,8,2025-08-01
2025,Palestinian Territories,August,79.0,8,2025-08-01
2025,Panama,August,3.0,8,2025-08-01
2025,Papua New Guinea,August,6.0,8,2025-08-01
2025,Paraguay,August,3.0,8,2025-08-01
2025,Peru,August,28.0,8,2025-08-01
2025,Philippines,August,678.0,8,2025-08-01
2025,Poland,August,3404.0,8,2025-08-01
2025,Portugal,August,648.0,8,2025-08-01
2025,Qatar,August,159.0,8,2025-08-01
2025,Republic of Congo,August,0.0,8,2025-08-01
2025,Romania,August,397.0,8,2025-08-01
2025,Russian Federation,August,3446.0,8,2025-08-01
2025,Rwanda,August,8.0,8,2025-08-01
2025,Saint Barthelemy,August,0.0,8,2025-08-01
2025,Saint Kitts and Nevis,August,25.0,8,2025-08-01
2025,Saint Lucia,August,2.0,8,2025-08-01
2025,Saint Vincent and the Grenadi,August,0.0,8,2025-08-01
2025,Samoa,August,0.0,8,2025-08-01
2025,San Marino,August,2.0,8,2025-08-01
2025,Sao Tome and Principe,August,0.0,8,2025-08-01
2025,Saudi Arabia,August,690.0,8,2025-08-01
2025,Senegal,August,6.0,8,2025-08-01
2025,Serbia,August,73.0,8,2025-08-01
2025,Seychelles,August,510.0,8,2025-08-01
2025,Sierra Leone,August,0.0,8,2025-08-01
2025,Singapore,August,1262.0,8,2025-08-01
2025,Slovakia,August,346.0,8,2025-08-01
2025,Slovenia,August,217.0,8,2025-08-01
2025,Solomon Islands,August,1.0,8,2025-08-01
2025,Somalia,August,14.0,8,2025-08-01
2025,South Africa,August,460.0,8,2025-08-01
2025,South Korea,August,808.0,8,2025-08-01
2025,South Sudan,August,0.0,8,2025-08-01
2025,Spain,August,8843.0,8,2025-08-01
2025,Sudan,August,288.0,8,2025-08-01
2025,Suriname,August,3.0,8,2025-08-01
2025,Swaziland,August,0.0,8,2025-08-01
2025,Sweden,August,341.0,8,2025-08-01
2025,Switzerland,August,2067.0,8,2025-08-01
2025,Syrian Arab Republic,August,0.0,8,2025-08-01
2025,TUVALU,August,0.0,8,2025-08-01
2025,Tajikistan,August,6.0,8,2025-08-01
2025,Tanzania,August,35.0,8,2025-08-01
2025,Thailand,August,682.0,8,2025-08-01
2025,The Gambia,August,4.0,8,2025-08-01
2025,Timor-Leste,August,2.0,8,2025-08-01
2025,Togo,August,3.0,8,2025-08-01
2025,Tonga,August,1.0,8,2025-08-01
2025,Trinidad and Tobago,August,11.0,8,2025-08-01
2025,Tunisia,August,56.0,8,2025-08-01
2025,Turkey,August,606.0,8,2025-08-01
2025,Turkmenistan,August,7.0,8,2025-08-01
2025,Uganda,August,17.0,8,2025-08-01
2025,Ukraine,August,272.0,8,2025-08-01
2025,United Arab Emirates,August,820.0,8,2025-08-01
2025,United Kingdom,August,19764.0,8,2025-08-01
2025,United States,August,4970.0,8,2025-08-01
2025,Uruguay,August,9.0,8,2025-08-01
2025,Uzbekistan,August,57.0,8,2025-08-01
2025,Vanuatu,August,7.0,8,2025-08-01
2025,Vatican City,August,1.0,8,2025-08-01
2025,Venezuela,August,12.0,8,2025-08-01
2025,Vietnam,August,308.0,8,2025-08-01
2025,Yemen,August,75.0,8,2025-08-01
2025,Zambia,August,8.0,8,2025-08-01
2025,Zimbabwe,August,14.0,8,2025-08-01
2025,Afghanistan,September,5.0,9,2025-09-01
2025,Albania,September,14.0,9,2025-09-01
2025,Algeria,September,64.0,9,2025-09-01
2025,Andorra,September,4.0,9,2025-09-01
2025,Angola,September,0.0,9,2025-09-01
2025,Antigua and Barbuda,September,1.0,9,2025-09-01
2025,Argentina,September,83.0,9,2025-09-01
2025,Armenia,September,138.0,9,2025-09-01
2025,Australia,September,9105.0,9,2025-09-01
2025,Austria,September,708.0,9,2025-09-01
2025,Azerbaijan,September,51.0,9,2025-09-01
2025,Bahamas,September,6.0,9,2025-09-01
2025,Bahrain,September,76.0,9,2025-09-01
2025,Bangladesh,September,4953.0,9,2025-09-01
2025,Barbados,September,4.0,9,2025-09-01
2025,Belarus,September,208.0,9,2025-09-01
2025,Belgium,September,1732.0,9,2025-09-01
2025,Belize,September,1.0,9,2025-09-01
2025,Benin,September,4.0,9,2025-09-01
2025,Bhutan,September,70.0,9,2025-09-01
2025,Bolivia,September,6.0,9,2025-09-01
2025,Bosnia and Herzegovina,September,14.0,9,2025-09-01
2025,Botswana,September,4.0,9,2025-09-01
2025,Brazil,September,123.0,9,2025-09-01
2025,Brunei Darussalam,September,2.0,9,2025-09-01
2025,Bulgaria,September,97.0,9,2025-09-01
2025,Burkina Faso,September,4.0,9,2025-09-01
2025,Burundi,September,3.0,9,2025-09-01
2025,Cambodia,September,25.0,9,2025-09-01
2025,Cameroon,September,4.0,9,2025-09-01
2025,Canada,September,2513.0,9,2025-09-01
2025,Cape Verde,September,1.0,9,2025-09-01
2025,Central African Republic,September,2.0,9,2025-09-01
2025,Chad,September,1.0,9,2025-09-01
2025,Chile,September,38.0,9,2025-09-01
2025,China,September,10527.0,9,2025-09-01
2025,Colombia,September,58.0,9,2025-09-01
2025,Comoros,September,11.0,9,2025-09-01
2025,Costa Rica,September,5.0,9,2025-09-01
2025,Cote d'lvoire,September,1.0,9,2025-09-01
2025,Country,September,0.0,9,2025-09-01
2025,Country,September,0.0,9,2025-09-01
2025,Country,September,0.0,9,2025-09-01
2025,Country,September,0.0,9,2025-09-01
2025,Country,September,0.0,9,2025-09-01
2025,Croatia,September,31.0,9,2025-09-01
2025,Cuba,September,7.0,9,2025-09-01
2025,Cyprus,September,36.0,9,2025-09-01
2025,Czech Republic,September,641.0,9,2025-09-01
2025,Democratic Republic of Congo,September,5.0,9,2025-09-01
2025,Denmark,September,601.0,9,2025-09-01
2025,Djibouti,September,0.0,9,2025-09-01
2025,Dominica,September,12.0,9,2025-09-01
2025,Dominican Republic,September,2.0,9,2025-09-01
2025,Ecuador,September,15.0,9,2025-09-01
2025,Egypt,September,261.0,9,2025-09-01
2025,El Salvador,September,5.0,9,2025-09-01
2025,Equatorial Guinea,September,2.0,9,2025-09-01
2025,Eritrea,September,1.0,9,2025-09-01
2025,Estonia,September,39.0,9,2025-09-01
2025,Ethiopia,September,25.0,9,2025-09-01
2025,Fiji,September,26.0,9,2025-09-01
2025,Finland,September,193.0,9,2025-09-01
2025,France,September,5144.0,9,2025-09-01
2025,Gabon,September,1.0,9,2025-09-01
2025,Georgia,September,20.0,9,2025-09-01
2025,Germany,September,9344.0,9,2025-09-01
2025,Ghana,September,39.0,9,2025-09-01
2025,Greece,September,220.0,9,2025-09-01
2025,Grenada,September,2.0,9,2025-09-01
2025,Guatemala,September,9.0,9,2025-09-01
2025,Guinea,September,2.0,9,2025-09-01
2025,Guinea-Bissau,September,0.0,9,2025-09-01
2025,Guyana,September,0.0,9,2025-09-01
2025,Haiti,September,2.0,9,2025-09-01
2025,Honduras,September,4.0,9,2025-09-01
2025,Hungary,September,136.0,9,2025-09-01
2025,Iceland,September,9.0,9,2025-09-01
2025,India,September,49697.0,9,2025-09-01
2025,Indonesia,September,378.0,9,2025-09-01
2025,Iran,September,846.0,9,2025-09-01
2025,Iraq,September,302.0,9,2025-09-01
2025,Ireland,September,609.0,9,2025-09-01
2025,Israel,September,2136.0,9,2025-09-01
2025,Italy,September,2340.0,9,2025-09-01
2025,Jamaica,September,5.0,9,2025-09-01
2025,Japan,September,4137.0,9,2025-09-01
2025,Jordan,September,177.0,9,2025-09-01
2025,Kazakhstan,September,118.0,9,2025-09-01
2025,Kenya,September,68.0,9,2025-09-01
2025,Kiribati,September,2.0,9,2025-09-01
2025,Kosovo,September,4.0,9,2025-09-01
2025,Kuwait,September,142.0,9,2025-09-01
2025,Kyrgyzstan,September,75.0,9,2025-09-01
2025,Lao People's Democratic Republic,September,23.0,9,2025-09-01
2025,Latvia,September,49.0,9,2025-09-01
2025,Lebanon,September,261.0,9,2025-09-01
2025,Lesotho,September,1.0,9,2025-09-01
2025,Liberia,September,3.0,9,2025-09-01
2025,Libya,September,1.0,9,2025-09-01
2025,Liechtenstein,September,5.0,9,2025-09-01
2025,Lithuania,September,144.0,9,2025-09-01
2025,Luxembourg,September,37.0,9,2025-09-01
2025,Macedonia,September,25.0,9,2025-09-01
2025,Madagascar,September,8.0,9,2025-09-01
2025,Malawi,September,1.0,9,2025-09-01
2025,Malaysia,September,2570.0,9,2025-09-01
2025,Maldives,September,3930.0,9,2025-09-01
2025,Mali,September,10.0,9,2025-09-01
2025,Malta,September,113.0,9,2025-09-01
2025,Marshall Islands,September,0.0,9,2025-09-01
2025,Mauritania,September,1.0,9,2025-09-01
2025,Mauritius,September,47.0,9,2025-09-01
2025,Mexico,September,76.0,9,2025-09-01
2025,Moldova,September,15.0,9,2025-09-01
2025,Monaco,September,0.0,9,2025-09-01
2025,Mongolia,September,26.0,9,2025-09-01
2025,Montenegro,September,2.0,9,2025-09-01
2025,Morocco,September,89.0,9,2025-09-01
2025,Mozambique,September,7.0,9,2025-09-01
2025,Myanmar,September,166.0,9,2025-09-01
2025,Namibia,September,2.0,9,2025-09-01
2025,Nauru,September,0.0,9,2025-09-01
2025,Nepal,September,595.0,9,2025-09-01
2025,Netherlands,September,4433.0,9,2025-09-01
2025,New Zealand,September,1200.0,9,2025-09-01
2025,Nicaragua,September,2.0,9,2025-09-01
2025,Niger,September,0.0,9,2025-09-01
2025,Nigeria,September,30.0,9,2025-09-01
2025,North Korea,September,0.0,9,2025-09-01
2025,Norway,September,515.0,9,2025-09-01
2025,Oman,September,199.0,9,2025-09-01
2025,Pakistan,September,1468.0,9,2025-09-01
2025,Palau,September,0.0,9,2025-09-01
2025,Palestinian Territories,September,33.0,9,2025-09-01
2025,Panama,September,4.0,9,2025-09-01
2025,Papua New Guinea,September,13.0,9,2025-09-01
2025,Paraguay,September,2.0,9,2025-09-01
2025,Peru,September,33.0,9,2025-09-01
2025,Philippines,September,643.0,9,2025-09-01
2025,Poland,September,2654.0,9,2025-09-01
2025,Portugal,September,459.0,9,2025-09-01
2025,Qatar,September,34.0,9,2025-09-01
2025,Republic of Congo,September,4.0,9,2025-09-01
2025,Romania,September,198.0,9,2025-09-01
2025,Russian Federation,September,3228.0,9,2025-09-01
2025,Rwanda,September,10.0,9,2025-09-01
2025,Saint Barthelemy,September,0.0,9,2025-09-01
2025,Saint Kitts and Nevis,September,16.0,9,2025-09-01
2025,Saint Lucia,September,3.0,9,2025-09-01
2025,Saint Vincent and the Grenadi,September,1.0,9,2025-09-01
2025,Samoa,September,0.0,9,2025-09-01
2025,San Marino,September,1.0,9,2025-09-01
2025,Sao Tome and Principe,September,0.0,9,2025-09-01
2025,Saudi Arabia,September,326.0,9,2025-09-01
2025,Senegal,September,4.0,9,2025-09-01
2025,Serbia,September,69.0,9,2025-09-01
2025,Seychelles,September,119.0,9,2025-09-01
2025,Sierra Leone,September,1.0,9,2025-09-01
2025,Singapore,September,1053.0,9,2025-09-01
2025,Slovakia,September,335.0,9,2025-09-01
2025,Slovenia,September,146.0,9,2025-09-01
2025,Solomon Islands,September,0.0,9,2025-09-01
2025,Somalia,September,3.0,9,2025-09-01
2025,South Africa,September,409.0,9,2025-09-01
2025,South Korea,September,567.0,9,2025-09-01
2025,South Sudan,September,0.0,9,2025-09-01
2025,Spain,September,4841.0,9,2025-09-01
2025,Sudan,September,82.0,9,2025-09-01
2025,Suriname,September,3.0,9,2025-09-01
2025,Swaziland,September,2.0,9,2025-09-01
2025,Sweden,September,401.0,9,2025-09-01
2025,Switzerland,September,2193.0,9,2025-09-01
2025,Syrian Arab Republic,September,1.0,9,2025-09-01
2025,TUVALU,September,0.0,9,2025-09-01
2025,Tajikistan,September,14.0,9,2025-09-01
2025,Tanzania,September,12.0,9,2025-09-01
2025,Thailand,September,449.0,9,2025-09-01
2025,The Gambia,September,3.0,9,2025-09-01
2025,Timor-Leste,September,3.0,9,2025-09-01
2025,Togo,September,3.0,9,2025-09-01
2025,Tonga,September,0.0,9,2025-09-01
2025,Trinidad and Tobago,September,16.0,9,2025-09-01
2025,Tunisia,September,65.0,9,2025-09-01
2025,Turkey,September,423.0,9,2025-09-01
2025,Turkmenistan,September,8.0,9,2025-09-01
2025,Uganda,September,23.0,9,2025-09-01
2025,Ukraine,September,303.0,9,2025-09-01
2025,United Arab Emirates,September,464.0,9,2025-09-01
2025,United Kingdom,September,10752.0,9,2025-09-01
2025,United States,September,3569.0,9,2025-09-01
2025,Uruguay,September,16.0,9,2025-09-01
2025,Uzbekistan,September,65.0,9,2025-09-01
2025,Vanuatu,September,4.0,9,2025-09-01
2025,Vatican City,September,0.0,9,2025-09-01
2025,Venezuela,September,14.0,9,2025-09-01
2025,Vietnam,September,216.0,9,2025-09-01
2025,Yemen,September,40.0,9,2025-09-01
2025,Zambia,September,3.0,9,2025-09-01
2025,Zimbabwe,September,25.0,9,2025-09-01
2025,Afghanistan,October,4.0,10,2025-10-01
2025,Albania,October,10.0,10,2025-10-01
2025,Algeria,October,38.0,10,2025-10-01
2025,Andorra,October,0.0,10,2025-10-01
2025,Angola,October,0.0,10,2025-10-01
2025,Antigua and Barbuda,October,2.0,10,2025-10-01
2025,Argentina,October,70.0,10,2025-10-01
2025,Armenia,October,376.0,10,2025-10-01
2025,Australia,October,7903.0,10,2025-10-01
2025,Austria,October,878.0,10,2025-10-01
2025,Azerbaijan,October,79.0,10,2025-10-01
2025,Bahamas,October,13.0,10,2025-10-01
2025,Bahrain,October,61.0,10,2025-10-01
2025,Bangladesh,October,5521.0,10,2025-10-01
2025,Barbados,October,0.0,10,2025-10-01
2025,Belarus,October,719.0,10,2025-10-01
2025,Belgium,October,877.0,10,2025-10-01
2025,Belize,October,2.0,10,2025-10-01
2025,Benin,October,6.0,10,2025-10-01
2025,Bhutan,October,51.0,10,2025-10-01
2025,Bolivia,October,5.0,10,2025-10-01
2025,Bosnia and Herzegovina,October,20.0,10,2025-10-01
2025,Botswana,October,1.0,10,2025-10-01
2025,Brazil,October,156.0,10,2025-10-01
2025,Brunei Darussalam,October,1.0,10,2025-10-01
2025,Bulgaria,October,228.0,10,2025-10-01
2025,Burkina Faso,October,0.0,10,2025-10-01
2025,Burundi,October,0.0,10,2025-10-01
2025,Cambodia,October,29.0,10,2025-10-01
2025,Cameroon,October,0.0,10,2025-10-01
2025,Canada,October,2444.0,10,2025-10-01
2025,Cape Verde,October,2.0,10,2025-10-01
2025,Central African Republic,October,0.0,10,2025-10-01
2025,Chad,October,1.0,10,2025-10-01
2025,Chile,October,54.0,10,2025-10-01
2025,China,October,10864.0,10,2025-10-01
2025,Colombia,October,67.0,10,2025-10-01
2025,Comoros,October,11.0,10,2025-10-01
2025,Costa Rica,October,11.0,10,2025-10-01
2025,Cote d'lvoire,October,1.0,10,2025-10-01
2025,Country,October,0.0,10,2025-10-01
2025,Country,October,0.0,10,2025-10-01
2025,Country,October,0.0,10,2025-10-01
2025,Country,October,0.0,10,2025-10-01
2025,Country,October,0.0,10,2025-10-01
2025,Croatia,October,104.0,10,2025-10-01
2025,Cuba,October,3.0,10,2025-10-01
2025,Cyprus,October,75.0,10,2025-10-01
2025,Czech Republic,October,875.0,10,2025-10-01
2025,Democratic Republic of Congo,October,2.0,10,2025-10-01
2025,Denmark,October,969.0,10,2025-10-01
2025,Djibouti,October,0.0,10,2025-10-01
2025,Dominica,October,14.0,10,2025-10-01
2025,Dominican Republic,October,4.0,10,2025-10-01
2025,Ecuador,October,10.0,10,2025-10-01
2025,Egypt,October,305.0,10,2025-10-01
2025,El Salvador,October,1.0,10,2025-10-01
2025,Equatorial Guinea,October,0.0,10,2025-10-01
2025,Eritrea,October,2.0,10,2025-10-01
2025,Estonia,October,176.0,10,2025-10-01
2025,Ethiopia,October,17.0,10,2025-10-01
2025,Fiji,October,25.0,10,2025-10-01
2025,Finland,October,450.0,10,2025-10-01
2025,France,October,5157.0,10,2025-10-01
2025,Gabon,October,0.0,10,2025-10-01
2025,Georgia,October,25.0,10,2025-10-01
2025,Germany,October,9753.0,10,2025-10-01
2025,Ghana,October,4.0,10,2025-10-01
2025,Greece,October,269.0,10,2025-10-01
2025,Grenada,October,2.0,10,2025-10-01
2025,Guatemala,October,9.0,10,2025-10-01
2025,Guinea,October,0.0,10,2025-10-01
2025,Guinea-Bissau,October,1.0,10,2025-10-01
2025,Guyana,October,1.0,10,2025-10-01
2025,Haiti,October,0.0,10,2025-10-01
2025,Honduras,October,4.0,10,2025-10-01
2025,Hungary,October,434.0,10,2025-10-01
2025,Iceland,October,10.0,10,2025-10-01
2025,India,October,48113.0,10,2025-10-01
2025,Indonesia,October,356.0,10,2025-10-01
2025,Iran,October,632.0,10,2025-10-01
2025,Iraq,October,194.0,10,2025-10-01
2025,Ireland,October,767.0,10,2025-10-01
2025,Israel,October,1929.0,10,2025-10-01
2025,Italy,October,1913.0,10,2025-10-01
2025,Jamaica,October,5.0,10,2025-10-01
2025,Japan,October,2253.0,10,2025-10-01
2025,Jordan,October,254.0,10,2025-10-01
2025,Kazakhstan,October,246.0,10,2025-10-01
2025,Kenya,October,88.0,10,2025-10-01
2025,Kiribati,October,0.0,10,2025-10-01
2025,Kosovo,October,2.0,10,2025-10-01
2025,Kuwait,October,111.0,10,2025-10-01
2025,Kyrgyzstan,October,33.0,10,2025-10-01
2025,Lao People's Democratic Republic,October,7.0,10,2025-10-01
2025,Latvia,October,165.0,10,2025-10-01
2025,Lebanon,October,242.0,10,2025-10-01
2025,Lesotho,October,1.0,10,2025-10-01
2025,Liberia,October,0.0,10,2025-10-01
2025,Libya,October,9.0,10,2025-10-01
2025,Liechtenstein,October,2.0,10,2025-10-01
2025,Lithuania,October,271.0,10,2025-10-01
2025,Luxembourg,October,21.0,10,2025-10-01
2025,Macedonia,October,39.0,10,2025-10-01
2025,Madagascar,October,3.0,10,2025-10-01
2025,Malawi,October,5.0,10,2025-10-01
2025,Malaysia,October,1810.0,10,2025-10-01
2025,Maldives,October,2780.0,10,2025-10-01
2025,Mali,October,1.0,10,2025-10-01
2025,Malta,October,25.0,10,2025-10-01
2025,Marshall Islands,October,0.0,10,2025-10-01
2025,Mauritania,October,1.0,10,2025-10-01
2025,Mauritius,October,69.0,10,2025-10-01
2025,Mexico,October,94.0,10,2025-10-01
2025,Moldova,October,46.0,10,2025-10-01
2025,Monaco,October,0.0,10,2025-10-01
2025,Mongolia,October,17.0,10,2025-10-01
2025,Montenegro,October,17.0,10,2025-10-01
2025,Morocco,October,82.0,10,2025-10-01
2025,Mozambique,October,1.0,10,2025-10-01
2025,Myanmar,October,172.0,10,2025-10-01
2025,Namibia,October,0.0,10,2025-10-01
2025,Nauru,October,0.0,10,2025-10-01
2025,Nepal,October,455.0,10,2025-10-01
2025,Netherlands,October,3441.0,10,2025-10-01
2025,New Zealand,October,1069.0,10,2025-10-01
2025,Nicaragua,October,1.0,10,2025-10-01
2025,Niger,October,0.0,10,2025-10-01
2025,Nigeria,October,39.0,10,2025-10-01
2025,North Korea,October,2.0,10,2025-10-01
2025,Norway,October,574.0,10,2025-10-01
2025,Oman,October,200.0,10,2025-10-01
2025,Pakistan,October,1677.0,10,2025-10-01
2025,Palau,October,0.0,10,2025-10-01
2025,Palestinian Territories,October,38.0,10,2025-10-01
2025,Panama,October,2.0,10,2025-10-01
2025,Papua New Guinea,October,13.0,10,2025-10-01
2025,Paraguay,October,4.0,10,2025-10-01
2025,Peru,October,16.0,10,2025-10-01
2025,Philippines,October,588.0,10,2025-10-01
2025,Poland,October,2182.0,10,2025-10-01
2025,Portugal,October,492.0,10,2025-10-01
2025,Qatar,October,38.0,10,2025-10-01
2025,Republic of Congo,October,0.0,10,2025-10-01
2025,Romania,October,352.0,10,2025-10-01
2025,Russian Federation,October,11496.0,10,2025-10-01
2025,Rwanda,October,1.0,10,2025-10-01
2025,Saint Barthelemy,October,0.0,10,2025-10-01
2025,Saint Kitts and Nevis,October,14.0,10,2025-10-01
2025,Saint Lucia,October,2.0,10,2025-10-01
2025,Saint Vincent and the Grenadi,October,0.0,10,2025-10-01
2025,Samoa,October,0.0,10,2025-10-01
2025,San Marino,October,1.0,10,2025-10-01
2025,Sao Tome and Principe,October,0.0,10,2025-10-01
2025,Saudi Arabia,October,321.0,10,2025-10-01
2025,Senegal,October,2.0,10,2025-10-01
2025,Serbia,October,154.0,10,2025-10-01
2025,Seychelles,October,159.0,10,2025-10-01
2025,Sierra Leone,October,1.0,10,2025-10-01
2025,Singapore,October,1011.0,10,2025-10-01
2025,Slovakia,October,385.0,10,2025-10-01
2025,Slovenia,October,268.0,10,2025-10-01
2025,Solomon Islands,October,2.0,10,2025-10-01
2025,Somalia,October,10.0,10,2025-10-01
2025,South Africa,October,437.0,10,2025-10-01
2025,South Korea,October,1105.0,10,2025-10-01
2025,South Sudan,October,0.0,10,2025-10-01
2025,Spain,October,3692.0,10,2025-10-01
2025,Sudan,October,90.0,10,2025-10-01
2025,Suriname,October,0.0,10,2025-10-01
2025,Swaziland,October,0.0,10,2025-10-01
2025,Sweden,October,861.0,10,2025-10-01
2025,Switzerland,October,2079.0,10,2025-10-01
2025,Syrian Arab Republic,October,0.0,10,2025-10-01
2025,TUVALU,October,0.0,10,2025-10-01
2025,Tajikistan,October,17.0,10,2025-10-01
2025,Tanzania,October,20.0,10,2025-10-01
2025,Thailand,October,724.0,10,2025-10-01
2025,The Gambia,October,1.0,10,2025-10-01
2025,Timor-Leste,October,9.0,10,2025-10-01
2025,Togo,October,1.0,10,2025-10-01
2025,Tonga,October,0.0,10,2025-10-01
2025,Trinidad and Tobago,October,10.0,10,2025-10-01
2025,Tunisia,October,77.0,10,2025-10-01
2025,Turkey,October,583.0,10,2025-10-01
2025,Turkmenistan,October,40.0,10,2025-10-01
2025,Uganda,October,22.0,10,2025-10-01
2025,Ukraine,October,529.0,10,2025-10-01
2025,United Arab Emirates,October,532.0,10,2025-10-01
2025,United Kingdom,October,12934.0,10,2025-10-01
2025,United States,October,3991.0,10,2025-10-01
2025,Uruguay,October,14.0,10,2025-10-01
2025,Uzbekistan,October,81.0,10,2025-10-01
2025,Vanuatu,October,11.0,10,2025-10-01
2025,Vatican City,October,0.0,10,2025-10-01
2025,Venezuela,October,5.0,10,2025-10-01
2025,Vietnam,October,273.0,10,2025-10-01
2025,Yemen,October,40.0,10,2025-10-01
2025,Zambia,October,7.0,10,2025-10-01
2025,Zimbabwe,October,16.0,10,2025-10-01
2025,Afghanistan,November,3.0,11,2025-11-01
2025,Albania,November,11.0,11,2025-11-01
2025,Algeria,November,48.0,11,2025-11-01
2025,Andorra,November,6.0,11,2025-11-01
2025,Angola,November,2.0,11,2025-11-01
2025,Antigua and Barbuda,November,2.0,11,2025-11-01
2025,Argentina,November,110.0,11,2025-11-01
2025,Armenia,November,320.0,11,2025-11-01
2025,Australia,November,9384.0,11,2025-11-01
2025,Austria,November,1766.0,11,2025-11-01
2025,Azerbaijan,November,200.0,11,2025-11-01
2025,Bahamas,November,2.0,11,2025-11-01
2025,Bahrain,November,105.0,11,2025-11-01
2025,Bangladesh,November,4151.0,11,2025-11-01
2025,Barbados,November,2.0,11,2025-11-01
2025,Belarus,November,1820.0,11,2025-11-01
2025,Belgium,November,1572.0,11,2025-11-01
2025,Belize,November,0.0,11,2025-11-01
2025,Benin,November,2.0,11,2025-11-01
2025,Bhutan,November,58.0,11,2025-11-01
2025,Bolivia,November,3.0,11,2025-11-01
2025,Bosnia and Herzegovina,November,22.0,11,2025-11-01
2025,Botswana,November,1.0,11,2025-11-01
2025,Brazil,November,257.0,11,2025-11-01
2025,Brunei Darussalam,November,3.0,11,2025-11-01
2025,Bulgaria,November,557.0,11,2025-11-01
2025,Burkina Faso,November,1.0,11,2025-11-01
2025,Burundi,November,1.0,11,2025-11-01
2025,Cambodia,November,59.0,11,2025-11-01
2025,Cameroon,November,0.0,11,2025-11-01
2025,Canada,November,3327.0,11,2025-11-01
2025,Cape Verde,November,0.0,11,2025-11-01
2025,Central African Republic,November,0.0,11,2025-11-01
2025,Chad,November,0.0,11,2025-11-01
2025,Chile,November,70.0,11,2025-11-01
2025,China,November,9217.0,11,2025-11-01
2025,Colombia,November,73.0,11,2025-11-01
2025,Comoros,November,14.0,11,2025-11-01
2025,Costa Rica,November,7.0,11,2025-11-01
2025,Cote d'lvoire,November,1.0,11,2025-11-01
2025,Country,November,0.0,11,2025-11-01
2025,Country,November,0.0,11,2025-11-01
2025,Country,November,0.0,11,2025-11-01
2025,Country,November,0.0,11,2025-11-01
2025,Country,November,0.0,11,2025-11-01
2025,Croatia,November,279.0,11,2025-11-01
2025,Cuba,November,2.0,11,2025-11-01
2025,Cyprus,November,88.0,11,2025-11-01
2025,Czech Republic,November,2014.0,11,2025-11-01
2025,Democratic Republic of Congo,November,2.0,11,2025-11-01
2025,Denmark,November,1146.0,11,2025-11-01
2025,Djibouti,November,2.0,11,2025-11-01
2025,Dominica,November,17.0,11,2025-11-01
2025,Dominican Republic,November,9.0,11,2025-11-01
2025,Ecuador,November,16.0,11,2025-11-01
2025,Egypt,November,450.0,11,2025-11-01
2025,El Salvador,November,4.0,11,2025-11-01
2025,Equatorial Guinea,November,0.0,11,2025-11-01
2025,Eritrea,November,1.0,11,2025-11-01
2025,Estonia,November,432.0,11,2025-11-01
2025,Ethiopia,November,8.0,11,2025-11-01
2025,Fiji,November,19.0,11,2025-11-01
2025,Finland,November,704.0,11,2025-11-01
2025,France,November,8459.0,11,2025-11-01
2025,Gabon,November,1.0,11,2025-11-01
2025,Georgia,November,147.0,11,2025-11-01
2025,Germany,November,14518.0,11,2025-11-01
2025,Ghana,November,6.0,11,2025-11-01
2025,Greece,November,509.0,11,2025-11-01
2025,Grenada,November,7.0,11,2025-11-01
2025,Guatemala,November,8.0,11,2025-11-01
2025,Guinea,November,0.0,11,2025-11-01
2025,Guinea-Bissau,November,0.0,11,2025-11-01
2025,Guyana,November,2.0,11,2025-11-01
2025,Haiti,November,2.0,11,2025-11-01
2025,Honduras,November,4.0,11,2025-11-01
2025,Hungary,November,529.0,11,2025-11-01
2025,Iceland,November,45.0,11,2025-11-01
2025,India,November,51391.0,11,2025-11-01
2025,Indonesia,November,616.0,11,2025-11-01
2025,Iran,November,1051.0,11,2025-11-01
2025,Iraq,November,101.0,11,2025-11-01
2025,Ireland,November,983.0,11,2025-11-01
2025,Israel,November,1594.0,11,2025-11-01
2025,Italy,November,3005.0,11,2025-11-01
2025,Jamaica,November,3.0,11,2025-11-01
2025,Japan,November,2704.0,11,2025-11-01
2025,Jordan,November,351.0,11,2025-11-01
2025,Kazakhstan,November,298.0,11,2025-11-01
2025,Kenya,November,61.0,11,2025-11-01
2025,Kiribati,November,0.0,11,2025-11-01
2025,Kosovo,November,16.0,11,2025-11-01
2025,Kuwait,November,99.0,11,2025-11-01
2025,Kyrgyzstan,November,79.0,11,2025-11-01
2025,Lao People's Democratic Republic,November,9.0,11,2025-11-01
2025,Latvia,November,336.0,11,2025-11-01
2025,Lebanon,November,333.0,11,2025-11-01
2025,Lesotho,November,0.0,11,2025-11-01
2025,Liberia,November,3.0,11,2025-11-01
2025,Libya,November,2.0,11,2025-11-01
2025,Liechtenstein,November,9.0,11,2025-11-01
2025,Lithuania,November,507.0,11,2025-11-01
2025,Luxembourg,November,88.0,11,2025-11-01
2025,Macedonia,November,12.0,11,2025-11-01
2025,Madagascar,November,9.0,11,2025-11-01
2025,Malawi,November,3.0,11,2025-11-01
2025,Malaysia,November,2155.0,11,2025-11-01
2025,Maldives,November,2357.0,11,2025-11-01
2025,Mali,November,0.0,11,2025-11-01
2025,Malta,November,87.0,11,2025-11-01
2025,Marshall Islands,November,0.0,11,2025-11-01
2025,Mauritania,November,0.0,11,2025-11-01
2025,Mauritius,November,180.0,11,2025-11-01
2025,Mexico,November,153.0,11,2025-11-01
2025,Moldova,November,67.0,11,2025-11-01
2025,Monaco,November,2.0,11,2025-11-01
2025,Mongolia,November,29.0,11,2025-11-01
2025,Montenegro,November,31.0,11,2025-11-01
2025,Morocco,November,91.0,11,2025-11-01
2025,Mozambique,November,3.0,11,2025-11-01
2025,Myanmar,November,380.0,11,2025-11-01
2025,Namibia,November,0.0,11,2025-11-01
2025,Nauru,November,0.0,11,2025-11-01
2025,Nepal,November,455.0,11,2025-11-01
2025,Netherlands,November,3938.0,11,2025-11-01
2025,New Zealand,November,1126.0,11,2025-11-01
2025,Nicaragua,November,1.0,11,2025-11-01
2025,Niger,November,0.0,11,2025-11-01
2025,Nigeria,November,10.0,11,2025-11-01
2025,North Korea,November,0.0,11,2025-11-01
2025,Norway,November,968.0,11,2025-11-01
2025,Oman,November,170.0,11,2025-11-01
2025,Pakistan,November,1721.0,11,2025-11-01
2025,Palau,November,0.0,11,2025-11-01
2025,Palestinian Territories,November,71.0,11,2025-11-01
2025,Panama,November,7.0,11,2025-11-01
2025,Papua New Guinea,November,5.0,11,2025-11-01
2025,Paraguay,November,1.0,11,2025-11-01
2025,Peru,November,24.0,11,2025-11-01
2025,Philippines,November,580.0,11,2025-11-01
2025,Poland,November,5331.0,11,2025-11-01
2025,Portugal,November,1021.0,11,2025-11-01
2025,Qatar,November,36.0,11,2025-11-01
2025,Republic of Congo,November,2.0,11,2025-11-01
2025,Romania,November,451.0,11,2025-11-01
2025,Russian Federation,November,24953.0,11,2025-11-01
2025,Rwanda,November,0.0,11,2025-11-01
2025,Saint Barthelemy,November,0.0,11,2025-11-01
2025,Saint Kitts and Nevis,November,22.0,11,2025-11-01
2025,Saint Lucia,November,1.0,11,2025-11-01
2025,Saint Vincent and the Grenadi,November,0.0,11,2025-11-01
2025,Samoa,November,1.0,11,2025-11-01
2025,San Marino,November,4.0,11,2025-11-01
2025,Sao Tome and Principe,November,0.0,11,2025-11-01
2025,Saudi Arabia,November,825.0,11,2025-11-01
2025,Senegal,November,2.0,11,2025-11-01
2025,Serbia,November,256.0,11,2025-11-01
2025,Seychelles,November,241.0,11,2025-11-01
2025,Sierra Leone,November,1.0,11,2025-11-01
2025,Singapore,November,1277.0,11,2025-11-01
2025,Slovakia,November,830.0,11,2025-11-01
2025,Slovenia,November,249.0,11,2025-11-01
2025,Solomon Islands,November,3.0,11,2025-11-01
2025,Somalia,November,4.0,11,2025-11-01
2025,South Africa,November,396.0,11,2025-11-01
2025,South Korea,November,1042.0,11,2025-11-01
2025,South Sudan,November,0.0,11,2025-11-01
2025,Spain,November,4666.0,11,2025-11-01
2025,Sudan,November,172.0,11,2025-11-01
2025,Suriname,November,0.0,11,2025-11-01
2025,Swaziland,November,0.0,11,2025-11-01
2025,Sweden,November,1283.0,11,2025-11-01
2025,Switzerland,November,3232.0,11,2025-11-01
2025,Syrian Arab Republic,November,2.0,11,2025-11-01
2025,TUVALU,November,0.0,11,2025-11-01
2025,Tajikistan,November,19.0,11,2025-11-01
2025,Tanzania,November,24.0,11,2025-11-01
2025,Thailand,November,831.0,11,2025-11-01
2025,The Gambia,November,0.0,11,2025-11-01
2025,Timor-Leste,November,6.0,11,2025-11-01
2025,Togo,November,3.0,11,2025-11-01
2025,Tonga,November,0.0,11,2025-11-01
2025,Trinidad and Tobago,November,17.0,11,2025-11-01
2025,Tunisia,November,72.0,11,2025-11-01
2025,Turkey,November,766.0,11,2025-11-01
2025,Turkmenistan,November,6.0,11,2025-11-01
2025,Uganda,November,20.0,11,2025-11-01
2025,Ukraine,November,895.0,11,2025-11-01
2025,United Arab Emirates,November,430.0,11,2025-11-01
2025,United Kingdom,November,16915.0,11,2025-11-01
2025,United States,November,5284.0,11,2025-11-01
2025,Uruguay,November,8.0,11,2025-11-01
2025,Uzbekistan,November,59.0,11,2025-11-01
2025,Vanuatu,November,6.0,11,2025-11-01
2025,Vatican City,November,0.0,11,2025-11-01
2025,Venezuela,November,10.0,11,2025-11-01
2025,Vietnam,November,292.0,11,2025-11-01
2025,Yemen,November,40.0,11,2025-11-01
2025,Zambia,November,6.0,11,2025-11-01
2025,Zimbabwe,November,12.0,11,2025-11-01
2025,Afghanistan,December,7.0,12,2025-12-01
2025,Albania,December,12.0,12,2025-12-01
2025,Algeria,December,174.0,12,2025-12-01
2025,Andorra,December,6.0,12,2025-12-01
2025,Angola,December,2.0,12,2025-12-01
2025,Antigua and Barbuda,December,5.0,12,2025-12-01
2025,Argentina,December,102.0,12,2025-12-01
2025,Armenia,December,397.0,12,2025-12-01
2025,Australia,December,14820.0,12,2025-12-01
2025,Austria,December,2620.0,12,2025-12-01
2025,Azerbaijan,December,121.0,12,2025-12-01
2025,Bahamas,December,1.0,12,2025-12-01
2025,Bahrain,December,81.0,12,2025-12-01
2025,Bangladesh,December,4453.0,12,2025-12-01
2025,Barbados,December,3.0,12,2025-12-01
2025,Belarus,December,2034.0,12,2025-12-01
2025,Belgium,December,1553.0,12,2025-12-01
2025,Belize,December,1.0,12,2025-12-01
2025,Benin,December,1.0,12,2025-12-01
2025,Bhutan,December,16.0,12,2025-12-01
2025,Bolivia,December,6.0,12,2025-12-01
2025,Bosnia and Herzegovina,December,46.0,12,2025-12-01
2025,Botswana,December,10.0,12,2025-12-01
2025,Brazil,December,259.0,12,2025-12-01
2025,Brunei Darussalam,December,11.0,12,2025-12-01
2025,Bulgaria,December,624.0,12,2025-12-01
2025,Burkina Faso,December,0.0,12,2025-12-01
2025,Burundi,December,0.0,12,2025-12-01
2025,Cambodia,December,60.0,12,2025-12-01
2025,Cameroon,December,2.0,12,2025-12-01
2025,Canada,December,3938.0,12,2025-12-01
2025,Cape Verde,December,0.0,12,2025-12-01
2025,Central African Republic,December,1.0,12,2025-12-01
2025,Chad,December,1.0,12,2025-12-01
2025,Chile,December,76.0,12,2025-12-01
2025,China,December,10364.0,12,2025-12-01
2025,Colombia,December,78.0,12,2025-12-01
2025,Comoros,December,6.0,12,2025-12-01
2025,Costa Rica,December,10.0,12,2025-12-01
2025,Cote d'lvoire,December,2.0,12,2025-12-01
2025,Country,December,0.0,12,2025-12-01
2025,Country,December,0.0,12,2025-12-01
2025,Country,December,0.0,12,2025-12-01
2025,Country,December,0.0,12,2025-12-01
2025,Country,December,0.0,12,2025-12-01
2025,Croatia,December,385.0,12,2025-12-01
2025,Cuba,December,6.0,12,2025-12-01
2025,Cyprus,December,135.0,12,2025-12-01
2025,Czech Republic,December,2715.0,12,2025-12-01
2025,Democratic Republic of Congo,December,4.0,12,2025-12-01
2025,Denmark,December,1948.0,12,2025-12-01
2025,Djibouti,December,0.0,12,2025-12-01
2025,Dominica,December,17.0,12,2025-12-01
2025,Dominican Republic,December,2.0,12,2025-12-01
2025,Ecuador,December,24.0,12,2025-12-01
2025,Egypt,December,485.0,12,2025-12-01
2025,El Salvador,December,2.0,12,2025-12-01
2025,Equatorial Guinea,December,0.0,12,2025-12-01
2025,Eritrea,December,5.0,12,2025-12-01
2025,Estonia,December,864.0,12,2025-12-01
2025,Ethiopia,December,26.0,12,2025-12-01
2025,Fiji,December,33.0,12,2025-12-01
2025,Finland,December,1038.0,12,2025-12-01
2025,France,December,7270.0,12,2025-12-01
2025,Gabon,December,0.0,12,2025-12-01
2025,Georgia,December,101.0,12,2025-12-01
2025,Germany,December,16707.0,12,2025-12-01
2025,Ghana,December,10.0,12,2025-12-01
2025,Greece,December,857.0,12,2025-12-01
2025,Grenada,December,1.0,12,2025-12-01
2025,Guatemala,December,8.0,12,2025-12-01
2025,Guinea,December,1.0,12,2025-12-01
2025,Guinea-Bissau,December,0.0,12,2025-12-01
2025,Guyana,December,0.0,12,2025-12-01
2025,Haiti,December,1.0,12,2025-12-01
2025,Honduras,December,5.0,12,2025-12-01
2025,Hungary,December,953.0,12,2025-12-01
2025,Iceland,December,58.0,12,2025-12-01
2025,India,December,56715.0,12,2025-12-01
2025,Indonesia,December,457.0,12,2025-12-01
2025,Iran,December,643.0,12,2025-12-01
2025,Iraq,December,109.0,12,2025-12-01
2025,Ireland,December,1269.0,12,2025-12-01
2025,Israel,December,3515.0,12,2025-12-01
2025,Italy,December,6482.0,12,2025-12-01
2025,Jamaica,December,9.0,12,2025-12-01
2025,Japan,December,4397.0,12,2025-12-01
2025,Jordan,December,369.0,12,2025-12-01
2025,Kazakhstan,December,771.0,12,2025-12-01
2025,Kenya,December,149.0,12,2025-12-01
2025,Kiribati,December,0.0,12,2025-12-01
2025,Kosovo,December,2.0,12,2025-12-01
2025,Kuwait,December,160.0,12,2025-12-01
2025,Kyrgyzstan,December,100.0,12,2025-12-01
2025,Lao People's Democratic Republic,December,9.0,12,2025-12-01
2025,Latvia,December,569.0,12,2025-12-01
2025,Lebanon,December,452.0,12,2025-12-01
2025,Lesotho,December,0.0,12,2025-12-01
2025,Liberia,December,1.0,12,2025-12-01
2025,Libya,December,1.0,12,2025-12-01
2025,Liechtenstein,December,22.0,12,2025-12-01
2025,Lithuania,December,661.0,12,2025-12-01
2025,Luxembourg,December,102.0,12,2025-12-01
2025,Macedonia,December,20.0,12,2025-12-01
2025,Madagascar,December,11.0,12,2025-12-01
2025,Malawi,December,3.0,12,2025-12-01
2025,Malaysia,December,2248.0,12,2025-12-01
2025,Maldives,December,3887.0,12,2025-12-01
2025,Mali,December,0.0,12,2025-12-01
2025,Malta,December,173.0,12,2025-12-01
2025,Marshall Islands,December,0.0,12,2025-12-01
2025,Mauritania,December,0.0,12,2025-12-01
2025,Mauritius,December,143.0,12,2025-12-01
2025,Mexico,December,152.0,12,2025-12-01
2025,Moldova,December,99.0,12,2025-12-01
2025,Monaco,December,3.0,12,2025-12-01
2025,Mongolia,December,36.0,12,2025-12-01
2025,Montenegro,December,60.0,12,2025-12-01
2025,Morocco,December,117.0,12,2025-12-01
2025,Mozambique,December,7.0,12,2025-12-01
2025,Myanmar,December,153.0,12,2025-12-01
2025,Namibia,December,5.0,12,2025-12-01
2025,Nauru,December,0.0,12,2025-12-01
2025,Nepal,December,534.0,12,2025-12-01
2025,Netherlands,December,4575.0,12,2025-12-01
2025,New Zealand,December,1850.0,12,2025-12-01
2025,Nicaragua,December,4.0,12,2025-12-01
2025,Niger,December,0.0,12,2025-12-01
2025,Nigeria,December,5.0,12,2025-12-01
2025,North Korea,December,0.0,12,2025-12-01
2025,Norway,December,1748.0,12,2025-12-01
2025,Oman,December,152.0,12,2025-12-01
2025,Pakistan,December,1595.0,12,2025-12-01
2025,Palau,December,0.0,12,2025-12-01
2025,Palestinian Territories,December,66.0,12,2025-12-01
2025,Panama,December,2.0,12,2025-12-01
2025,Papua New Guinea,December,7.0,12,2025-12-01
2025,Paraguay,December,1.0,12,2025-12-01
2025,Peru,December,32.0,12,2025-12-01
2025,Philippines,December,512.0,12,2025-12-01
2025,Poland,December,6870.0,12,2025-12-01
2025,Portugal,December,704.0,12,2025-12-01
2025,Qatar,December,68.0,12,2025-12-01
2025,Republic of Congo,December,4.0,12,2025-12-01
2025,Romania,December,1367.0,12,2025-12-01
2025,Russian Federation,December,27987.0,12,2025-12-01
2025,Rwanda,December,4.0,12,2025-12-01
2025,Saint Barthelemy,December,0.0,12,2025-12-01
2025,Saint Kitts and Nevis,December,20.0,12,2025-12-01
2025,Saint Lucia,December,2.0,12,2025-12-01
2025,Saint Vincent and the Grenadi,December,0.0,12,2025-12-01
2025,Samoa,December,1.0,12,2025-12-01
2025,San Marino,December,9.0,12,2025-12-01
2025,Sao Tome and Principe,December,0.0,12,2025-12-01
2025,Saudi Arabia,December,335.0,12,2025-12-01
2025,Senegal,December,1.0,12,2025-12-01
2025,Serbia,December,263.0,12,2025-12-01
2025,Seychelles,December,578.0,12,2025-12-01
2025,Sierra Leone,December,1.0,12,2025-12-01
2025,Singapore,December,1981.0,12,2025-12-01
2025,Slovakia,December,976.0,12,2025-12-01
2025,Slovenia,December,464.0,12,2025-12-01
2025,Solomon Islands,December,1.0,12,2025-12-01
2025,Somalia,December,13.0,12,2025-12-01
2025,South Africa,December,1210.0,12,2025-12-01
2025,South Korea,December,1344.0,12,2025-12-01
2025,South Sudan,December,1.0,12,2025-12-01
2025,Spain,December,3244.0,12,2025-12-01
2025,Sudan,December,140.0,12,2025-12-01
2025,Suriname,December,2.0,12,2025-12-01
2025,Swaziland,December,8.0,12,2025-12-01
2025,Sweden,December,4193.0,12,2025-12-01
2025,Switzerland,December,3481.0,12,2025-12-01
2025,Syrian Arab Republic,December,5.0,12,2025-12-01
2025,TUVALU,December,1.0,12,2025-12-01
2025,Tajikistan,December,38.0,12,2025-12-01
2025,Tanzania,December,29.0,12,2025-12-01
2025,Thailand,December,783.0,12,2025-12-01
2025,The Gambia,December,0.0,12,2025-12-01
2025,Timor-Leste,December,5.0,12,2025-12-01
2025,Togo,December,0.0,12,2025-12-01
2025,Tonga,December,0.0,12,2025-12-01
2025,Trinidad and Tobago,December,12.0,12,2025-12-01
2025,Tunisia,December,105.0,12,2025-12-01
2025,Turkey,December,678.0,12,2025-12-01
2025,Turkmenistan,December,9.0,12,2025-12-01
2025,Uganda,December,20.0,12,2025-12-01
2025,Ukraine,December,1243.0,12,2025-12-01
2025,United Arab Emirates,December,399.0,12,2025-12-01
2025,United Kingdom,December,20535.0,12,2025-12-01
2025,United States,December,8524.0,12,2025-12-01
2025,Uruguay,December,10.0,12,2025-12-01
2025,Uzbekistan,December,188.0,12,2025-12-01
2025,Vanuatu,December,11.0,12,2025-12-01
2025,Vatican City,December,0.0,12,2025-12-01
2025,Venezuela,December,9.0,12,2025-12-01
2025,Vietnam,December,267.0,12,2025-12-01
2025,Yemen,December,26.0,12,2025-12-01
2025,Zambia,December,16.0,12,2025-12-01
2025,Zimbabwe,December,15.0,12,2025-12-01
