Year,Country,Month,Tourist_Arrivals,Month_Number,Date,Standard_Country,Continent
2019,AFGHANISTAN,January,49.0,1,2019-01-01,Afghanistan,Asia
2019,ALBANIA,January,48.0,1,2019-01-01,Albania,Europe
2019,ALGERIA,January,34.0,1,2019-01-01,Algeria,Africa
2019,ANDORRA,January,2.0,1,2019-01-01,Andorra,Europe
2019,ANGOLA,January,4.0,1,2019-01-01,Angola,Africa
2019,ANTIGUA AND BARBUDA,January,1.0,1,2019-01-01,Antigua and Barbuda,America
2019,ARGENTINA,January,192.0,1,2019-01-01,Argentina,America
2019,ARMENIA,January,156.0,1,2019-01-01,Armenia,Asia
2019,AUSTRALIA,January,10368.0,1,2019-01-01,Australia,Oceania
2019,AUSTRIA,January,2288.0,1,2019-01-01,Austria,Europe
2019,AZERBAIJAN,January,53.0,1,2019-01-01,Azerbaijan,Asia
2019,BAHAMAS,January,2.0,1,2019-01-01,Bahamas,America
2019,BAHRAIN,January,394.0,1,2019-01-01,Bahrain,Asia
2019,BANGLADESH,January,946.0,1,2019-01-01,Bangladesh,Asia
2019,BARBADOS,January,4.0,1,2019-01-01,Barbados,America
2019,BELARUS,January,997.0,1,2019-01-01,Belarus,Europe
2019,BELGIUM,January,1278.0,1,2019-01-01,Belgium,Europe
2019,BELIZE,January,4.0,1,2019-01-01,Belize,America
2019,BENIN,January,0.0,1,2019-01-01,Benin,Africa
2019,BHUTAN,January,37.0,1,2019-01-01,Bhutan,Asia
2019,BOLIVIA,January,4.0,1,2019-01-01,Bolivia,America
2019,BOSNIA AND HERZEGOVINA,January,32.0,1,2019-01-01,Bosnia and Herzegovina,Europe
2019,BOTSWANA,January,7.0,1,2019-01-01,Botswana,Africa
2019,BRAZIL,January,330.0,1,2019-01-01,Brazil,America
2019,BRUNEI DARUSSALAM,January,4.0,1,2019-01-01,Brunei Darussalam,Asia
2019,BULGARIA,January,341.0,1,2019-01-01,Bulgaria,Europe
2019,BURKINA FASO,January,0.0,1,2019-01-01,Burkina Faso,Africa
2019,BURUNDI,January,1.0,1,2019-01-01,Burundi,Africa
2019,CAMBODIA,January,128.0,1,2019-01-01,Cambodia,Asia
2019,CAMEROON,January,0.0,1,2019-01-01,Cameroon,Africa
2019,CANADA,January,5840.0,1,2019-01-01,Canada,America
2019,CAPE VERDE,January,0.0,1,2019-01-01,Cabo Verde,Africa
2019,CHAD,January,0.0,1,2019-01-01,Chad,Africa
2019,CHILE,January,132.0,1,2019-01-01,Chile,America
2019,CHINA,January,26414.0,1,2019-01-01,China,Asia
2019,COLOMBIA,January,88.0,1,2019-01-01,Colombia,America
2019,COMOROS,January,20.0,1,2019-01-01,Comoros,Africa
2019,CONGO THE DEM REPOF THE,January,6.0,1,2019-01-01,DR Congo,Africa
2019,"CONGO, REPUBLIC OF.",January,1.0,1,2019-01-01,Congo Republic,Africa
2019,COSTA RICA,January,21.0,1,2019-01-01,Costa Rica,America
2019,COTE DIVOIRE,January,0.0,1,2019-01-01,Côte d'Ivoire,Africa
2019,CROATIA,January,452.0,1,2019-01-01,Croatia,Europe
2019,CUBA,January,2.0,1,2019-01-01,Cuba,America
2019,CYPRUS,January,68.0,1,2019-01-01,Cyprus,Asia
2019,CZECH REPUBLIC,January,2787.0,1,2019-01-01,Czechia,Europe
2019,DENMARK,January,3059.0,1,2019-01-01,Denmark,Europe
2019,DJIBOUTI,January,1.0,1,2019-01-01,Djibouti,Africa
2019,DOMINICA,January,6.0,1,2019-01-01,Dominica,America
2019,DOMINICAN REPUBLIC,January,5.0,1,2019-01-01,Dominican Republic,America
2019,ECUADOR,January,14.0,1,2019-01-01,Ecuador,America
2019,EGYPT,January,320.0,1,2019-01-01,Egypt,Africa
2019,EL SALVADOR,January,1.0,1,2019-01-01,El Salvador,America
2019,ERITREA,January,3.0,1,2019-01-01,Eritrea,Africa
2019,ESTONIA,January,501.0,1,2019-01-01,Estonia,Europe
2019,ETHIOPIA,January,9.0,1,2019-01-01,Ethiopia,Africa
2019,FIJI,January,23.0,1,2019-01-01,Fiji,Oceania
2019,FINLAND,January,1589.0,1,2019-01-01,Finland,Europe
2019,FRANCE,January,11892.0,1,2019-01-01,France,Europe
2019,GABON,January,1.0,1,2019-01-01,Gabon,Africa
2019,"GAMBIA, THE",January,1.0,1,2019-01-01,Gambia,Africa
2019,GEORGIA,January,102.0,1,2019-01-01,Georgia,Asia
2019,GERMANY,January,14027.0,1,2019-01-01,Germany,Europe
2019,GHANA,January,8.0,1,2019-01-01,Ghana,Africa
2019,GREECE,January,766.0,1,2019-01-01,Greece,Europe
2019,GRENADA,January,0.0,1,2019-01-01,Grenada,America
2019,GUATEMALA,January,7.0,1,2019-01-01,Guatemala,America
2019,GUINEA,January,0.0,1,2019-01-01,Guinea,Africa
2019,GUINEA-BISSAU,January,0.0,1,2019-01-01,Guinea-Bissau,Africa
2019,GUYANA,January,6.0,1,2019-01-01,Guyana,America
2019,HAITI,January,1.0,1,2019-01-01,Haiti,America
2019,HONDURAS,January,16.0,1,2019-01-01,Honduras,America
2019,HONG KONG,January,0.0,1,2019-01-01,Hong Kong,Asia
2019,HUNGARY,January,845.0,1,2019-01-01,Hungary,Europe
2019,ICELAND,January,65.0,1,2019-01-01,Iceland,Europe
2019,INDIA,January,40049.0,1,2019-01-01,India,Asia
2019,INDONESIA,January,490.0,1,2019-01-01,Indonesia,Asia
2019,IRAN,January,204.0,1,2019-01-01,Iran,Asia
2019,IRAQ,January,95.0,1,2019-01-01,Iraq,Asia
2019,IRELAND,January,1067.0,1,2019-01-01,Ireland,Europe
2019,ISRAEL,January,1899.0,1,2019-01-01,Israel,Asia
2019,ITALY,January,6433.0,1,2019-01-01,Italy,Europe
2019,JAMAICA,January,2.0,1,2019-01-01,Jamaica,America
2019,JAPAN,January,3553.0,1,2019-01-01,Japan,Asia
2019,JORDAN,January,370.0,1,2019-01-01,Jordan,Asia
2019,KAZAKHSTAN,January,509.0,1,2019-01-01,Kazakhstan,Asia
2019,KENYA,January,68.0,1,2019-01-01,Kenya,Africa
2019,KIRIBATI,January,0.0,1,2019-01-01,Kiribati,Oceania
2019,KOSOVAR,January,1.0,1,2019-01-01,KOSOVAR,Other
2019,KUWAIT,January,545.0,1,2019-01-01,Kuwait,Asia
2019,KYRGYZSTAN,January,91.0,1,2019-01-01,Kyrgyzstan,Asia
2019,LAO PEOPLES DEM. REP.,January,7.0,1,2019-01-01,Laos,Asia
2019,LATVIA,January,373.0,1,2019-01-01,Latvia,Europe
2019,LEBANON,January,389.0,1,2019-01-01,Lebanon,Asia
2019,LESOTHO,January,3.0,1,2019-01-01,Lesotho,Africa
2019,LIBERIA,January,1.0,1,2019-01-01,Liberia,Africa
2019,LIBYA,January,11.0,1,2019-01-01,Libya,Africa
2019,LIECHTENSTEIN,January,6.0,1,2019-01-01,Liechtenstein,Europe
2019,LITHUANIA,January,451.0,1,2019-01-01,Lithuania,Europe
2019,LUXEMBOURG,January,69.0,1,2019-01-01,Luxembourg,Europe
2019,MACEDONIA,January,28.0,1,2019-01-01,North Macedonia,Europe
2019,MADAGASCAR,January,11.0,1,2019-01-01,Madagascar,Africa
2019,MALAWI,January,6.0,1,2019-01-01,Malawi,Africa
2019,MALAYSIA,January,1481.0,1,2019-01-01,Malaysia,Asia
2019,MALDIVES,January,6004.0,1,2019-01-01,Maldives,Asia
2019,MALI,January,6.0,1,2019-01-01,Mali,Africa
2019,MALTA,January,105.0,1,2019-01-01,Malta,Europe
2019,MARSHALL ISLANDS,January,0.0,1,2019-01-01,Marshall Islands,Oceania
2019,MAURITANIA,January,18.0,1,2019-01-01,Mauritania,Africa
2019,MAURITIUS,January,100.0,1,2019-01-01,Mauritius,Africa
2019,MEXICO,January,144.0,1,2019-01-01,Mexico,America
2019,MICRONESIA,January,0.0,1,2019-01-01,"Micronesia, Fed. Sts.",Oceania
2019,MOLDOVA,January,87.0,1,2019-01-01,Moldova,Europe
2019,MONACO,January,6.0,1,2019-01-01,Monaco,Europe
2019,MONGOLIA,January,31.0,1,2019-01-01,Mongolia,Asia
2019,MONTENEGRO,January,27.0,1,2019-01-01,Montenegro,Europe
2019,MOROCCO,January,128.0,1,2019-01-01,Morocco,Africa
2019,MOZAMBIQUE,January,4.0,1,2019-01-01,Mozambique,Africa
2019,MYANMAR,January,248.0,1,2019-01-01,Myanmar,Asia
2019,NAMIBIA,January,2.0,1,2019-01-01,Namibia,Africa
2019,NAURU,January,0.0,1,2019-01-01,Nauru,Oceania
2019,NEPAL,January,495.0,1,2019-01-01,Nepal,Asia
2019,NETHERLANDS,January,5101.0,1,2019-01-01,Netherlands,Europe
2019,NEW ZEALAND,January,1067.0,1,2019-01-01,New Zealand,Oceania
2019,NICARAGUA,January,1.0,1,2019-01-01,Nicaragua,America
2019,NIGER,January,0.0,1,2019-01-01,Niger,Africa
2019,NIGERIA,January,43.0,1,2019-01-01,Nigeria,Africa
2019,NORTH KOREA,January,0.0,1,2019-01-01,North Korea,Asia
2019,NORWAY,January,1906.0,1,2019-01-01,Norway,Europe
2019,OMAN,January,564.0,1,2019-01-01,Oman,Asia
2019,PAKISTAN,January,1543.0,1,2019-01-01,Pakistan,Asia
2019,PALESTINIAN TERRITORIES,January,77.0,1,2019-01-01,Palestine,Asia
2019,PANAMA,January,8.0,1,2019-01-01,Panama,America
2019,PAPUA NEW GUINEA,January,3.0,1,2019-01-01,Papua New Guinea,Oceania
2019,PARAGUAY,January,1.0,1,2019-01-01,Paraguay,America
2019,PERU,January,33.0,1,2019-01-01,Peru,America
2019,PHILIPPINES,January,1244.0,1,2019-01-01,Philippines,Asia
2019,POLAND,January,3840.0,1,2019-01-01,Poland,Europe
2019,PORTUGAL,January,452.0,1,2019-01-01,Portugal,Europe
2019,QATAR,January,65.0,1,2019-01-01,Qatar,Asia
2019,ROMANIA,January,891.0,1,2019-01-01,Romania,Europe
2019,RUSSIAN FEDERATION,January,13474.0,1,2019-01-01,Russia,Europe
2019,RWANDA,January,4.0,1,2019-01-01,Rwanda,Africa
2019,SAINT KITTS AND NEVIS,January,1.0,1,2019-01-01,St. Kitts and Nevis,America
2019,SAINT LUCIA,January,0.0,1,2019-01-01,St. Lucia,America
2019,SAINT VINCENT THE GRENADI,January,3.0,1,2019-01-01,St. Vincent and the Grenadines,America
2019,SAMOA,January,0.0,1,2019-01-01,Samoa,Oceania
2019,SAN MARINO,January,4.0,1,2019-01-01,San Marino,Europe
2019,SAUDI ARABIA,January,1759.0,1,2019-01-01,Saudi Arabia,Asia
2019,SENEGAL,January,3.0,1,2019-01-01,Senegal,Africa
2019,SERBIA.,January,274.0,1,2019-01-01,Serbia,Europe
2019,SEYCHELLES,January,0.0,1,2019-01-01,Seychelles,Africa
2019,SEYCHELLS,January,0.0,1,2019-01-01,Seychelles,Africa
2019,SIERRA LEONE,January,1.0,1,2019-01-01,Sierra Leone,Africa
2019,SINGAPORE,January,1117.0,1,2019-01-01,Singapore,Asia
2019,SLOVAKIA(SLOVAK REPUBLIC),January,780.0,1,2019-01-01,Slovakia,Europe
2019,SLOVENIA,January,377.0,1,2019-01-01,Slovenia,Europe
2019,SOLOMON ISLANDS,January,0.0,1,2019-01-01,Solomon Islands,Oceania
2019,SOMALIA,January,15.0,1,2019-01-01,Somalia,Africa
2019,SOUTH AFRICA-ZUID AFRIKA,January,870.0,1,2019-01-01,South Africa,Africa
2019,SOUTH KOREA,January,2140.0,1,2019-01-01,South Korea,Asia
2019,SOUTH SUDAN,January,0.0,1,2019-01-01,South Sudan,Africa
2019,SPAIN,January,1838.0,1,2019-01-01,Spain,Europe
2019,SUDAN,January,65.0,1,2019-01-01,Sudan,Africa
2019,SURINAME,January,1.0,1,2019-01-01,Suriname,America
2019,SWAZILAND,January,0.0,1,2019-01-01,Eswatini,Africa
2019,SWEDEN,January,4692.0,1,2019-01-01,Sweden,Europe
2019,SWITZERLAND,January,3457.0,1,2019-01-01,Switzerland,Europe
2019,SYRIAN ARAB REPUBLIC,January,16.0,1,2019-01-01,Syria,Asia
2019,TAIWAN PROVINCE OF CHINA,January,1097.0,1,2019-01-01,Taiwan,Asia
2019,TAJIKISTAN,January,7.0,1,2019-01-01,Tajikistan,Asia
2019,TANZANIA,January,23.0,1,2019-01-01,Tanzania,Africa
2019,THAILAND,January,938.0,1,2019-01-01,Thailand,Asia
2019,TIMOR-LESTE,January,9.0,1,2019-01-01,Timor-Leste,Asia
2019,TOGO,January,0.0,1,2019-01-01,Togo,Africa
2019,TONGA,January,1.0,1,2019-01-01,Tonga,Oceania
2019,TRINIDAD AND TOBAGO,January,7.0,1,2019-01-01,Trinidad and Tobago,America
2019,TUNISIA,January,90.0,1,2019-01-01,Tunisia,Africa
2019,TURKEY,January,584.0,1,2019-01-01,Türkiye,Asia
2019,TURKMENISTAN,January,1.0,1,2019-01-01,Turkmenistan,Asia
2019,TUVALU,January,0.0,1,2019-01-01,Tuvalu,Oceania
2019,UGANDA,January,197.0,1,2019-01-01,Uganda,Africa
2019,UKRAINE,January,6481.0,1,2019-01-01,Ukraine,Europe
2019,UNITED ARAB EMIRATES,January,346.0,1,2019-01-01,United Arab Emirates,Asia
2019,UNITED KINGDOM,January,26036.0,1,2019-01-01,United Kingdom,Europe
2019,UNITED STATES,January,7849.0,1,2019-01-01,United States,America
2019,URUGUAY,January,12.0,1,2019-01-01,Uruguay,America
2019,UZBEKISTAN,January,66.0,1,2019-01-01,Uzbekistan,Asia
2019,VANUATU,January,0.0,1,2019-01-01,Vanuatu,Oceania
2019,VENEZUELA,January,33.0,1,2019-01-01,Venezuela,America
2019,VIET NAM,January,189.0,1,2019-01-01,Vietnam,Asia
2019,YEMEN (YEMEN ARAB REP.),January,91.0,1,2019-01-01,Yemen,Asia
2019,ZAMBIA(NORTHERN RHODESIA),January,11.0,1,2019-01-01,Zambia,Africa
2019,ZIMBABWE,January,21.0,1,2019-01-01,Zimbabwe,Africa
2019,AFGHANISTAN,February,47.0,2,2019-02-01,Afghanistan,Asia
2019,ALBANIA,February,33.0,2,2019-02-01,Albania,Europe
2019,ALGERIA,February,32.0,2,2019-02-01,Algeria,Africa
2019,ANDORRA,February,3.0,2,2019-02-01,Andorra,Europe
2019,ANGOLA,February,2.0,2,2019-02-01,Angola,Africa
2019,ANTIGUA AND BARBUDA,February,2.0,2,2019-02-01,Antigua and Barbuda,America
2019,ARGENTINA,February,158.0,2,2019-02-01,Argentina,America
2019,ARMENIA,February,92.0,2,2019-02-01,Armenia,Asia
2019,AUSTRALIA,February,8810.0,2,2019-02-01,Australia,Oceania
2019,AUSTRIA,February,2709.0,2,2019-02-01,Austria,Europe
2019,AZERBAIJAN,February,64.0,2,2019-02-01,Azerbaijan,Asia
2019,BAHAMAS,February,2.0,2,2019-02-01,Bahamas,America
2019,BAHRAIN,February,162.0,2,2019-02-01,Bahrain,Asia
2019,BANGLADESH,February,731.0,2,2019-02-01,Bangladesh,Asia
2019,BARBADOS,February,1.0,2,2019-02-01,Barbados,America
2019,BELARUS,February,930.0,2,2019-02-01,Belarus,Europe
2019,BELGIUM,February,1681.0,2,2019-02-01,Belgium,Europe
2019,BELIZE,February,2.0,2,2019-02-01,Belize,America
2019,BENIN,February,0.0,2,2019-02-01,Benin,Africa
2019,BHUTAN,February,74.0,2,2019-02-01,Bhutan,Asia
2019,BOLIVIA,February,2.0,2,2019-02-01,Bolivia,America
2019,BOSNIA AND HERZEGOVINA,February,33.0,2,2019-02-01,Bosnia and Herzegovina,Europe
2019,BOTSWANA,February,4.0,2,2019-02-01,Botswana,Africa
2019,BRAZIL,February,233.0,2,2019-02-01,Brazil,America
2019,BRUNEI DARUSSALAM,February,11.0,2,2019-02-01,Brunei Darussalam,Asia
2019,BULGARIA,February,478.0,2,2019-02-01,Bulgaria,Europe
2019,BURKINA FASO,February,1.0,2,2019-02-01,Burkina Faso,Africa
2019,BURUNDI,February,1.0,2,2019-02-01,Burundi,Africa
2019,CAMBODIA,February,745.0,2,2019-02-01,Cambodia,Asia
2019,CAMEROON,February,1.0,2,2019-02-01,Cameroon,Africa
2019,CANADA,February,6469.0,2,2019-02-01,Canada,America
2019,CAPE VERDE,February,0.0,2,2019-02-01,Cabo Verde,Africa
2019,CHAD,February,0.0,2,2019-02-01,Chad,Africa
2019,CHILE,February,204.0,2,2019-02-01,Chile,America
2019,CHINA,February,28039.0,2,2019-02-01,China,Asia
2019,COLOMBIA,February,68.0,2,2019-02-01,Colombia,America
2019,COMOROS,February,5.0,2,2019-02-01,Comoros,Africa
2019,CONGO THE DEM REPOF THE,February,7.0,2,2019-02-01,DR Congo,Africa
2019,"CONGO, REPUBLIC OF.",February,0.0,2,2019-02-01,Congo Republic,Africa
2019,COSTA RICA,February,21.0,2,2019-02-01,Costa Rica,America
2019,COTE DIVOIRE,February,3.0,2,2019-02-01,Côte d'Ivoire,Africa
2019,CROATIA,February,289.0,2,2019-02-01,Croatia,Europe
2019,CUBA,February,2.0,2,2019-02-01,Cuba,America
2019,CYPRUS,February,66.0,2,2019-02-01,Cyprus,Asia
2019,CZECH REPUBLIC,February,4449.0,2,2019-02-01,Czechia,Europe
2019,DENMARK,February,3980.0,2,2019-02-01,Denmark,Europe
2019,DJIBOUTI,February,0.0,2,2019-02-01,Djibouti,Africa
2019,DOMINICA,February,5.0,2,2019-02-01,Dominica,America
2019,DOMINICAN REPUBLIC,February,3.0,2,2019-02-01,Dominican Republic,America
2019,ECUADOR,February,11.0,2,2019-02-01,Ecuador,America
2019,EGYPT,February,304.0,2,2019-02-01,Egypt,Africa
2019,EL SALVADOR,February,5.0,2,2019-02-01,El Salvador,America
2019,ERITREA,February,3.0,2,2019-02-01,Eritrea,Africa
2019,ESTONIA,February,559.0,2,2019-02-01,Estonia,Europe
2019,ETHIOPIA,February,11.0,2,2019-02-01,Ethiopia,Africa
2019,FIJI,February,17.0,2,2019-02-01,Fiji,Oceania
2019,FINLAND,February,1668.0,2,2019-02-01,Finland,Europe
2019,FRANCE,February,17295.0,2,2019-02-01,France,Europe
2019,GABON,February,0.0,2,2019-02-01,Gabon,Africa
2019,"GAMBIA, THE",February,0.0,2,2019-02-01,Gambia,Africa
2019,GEORGIA,February,64.0,2,2019-02-01,Georgia,Asia
2019,GERMANY,February,17268.0,2,2019-02-01,Germany,Europe
2019,GHANA,February,6.0,2,2019-02-01,Ghana,Africa
2019,GREECE,February,694.0,2,2019-02-01,Greece,Europe
2019,GRENADA,February,2.0,2,2019-02-01,Grenada,America
2019,GUATEMALA,February,8.0,2,2019-02-01,Guatemala,America
2019,GUINEA,February,2.0,2,2019-02-01,Guinea,Africa
2019,GUINEA-BISSAU,February,2.0,2,2019-02-01,Guinea-Bissau,Africa
2019,GUYANA,February,1.0,2,2019-02-01,Guyana,America
2019,HAITI,February,0.0,2,2019-02-01,Haiti,America
2019,HONDURAS,February,8.0,2,2019-02-01,Honduras,America
2019,HONG KONG,February,2.0,2,2019-02-01,Hong Kong,Asia
2019,HUNGARY,February,856.0,2,2019-02-01,Hungary,Europe
2019,ICELAND,February,112.0,2,2019-02-01,Iceland,Europe
2019,INDIA,February,32286.0,2,2019-02-01,India,Asia
2019,INDONESIA,February,484.0,2,2019-02-01,Indonesia,Asia
2019,IRAN,February,326.0,2,2019-02-01,Iran,Asia
2019,IRAQ,February,54.0,2,2019-02-01,Iraq,Asia
2019,IRELAND,February,1110.0,2,2019-02-01,Ireland,Europe
2019,ISRAEL,February,1532.0,2,2019-02-01,Israel,Asia
2019,ITALY,February,5363.0,2,2019-02-01,Italy,Europe
2019,JAMAICA,February,7.0,2,2019-02-01,Jamaica,America
2019,JAPAN,February,4878.0,2,2019-02-01,Japan,Asia
2019,JORDAN,February,240.0,2,2019-02-01,Jordan,Asia
2019,KAZAKHSTAN,February,327.0,2,2019-02-01,Kazakhstan,Asia
2019,KENYA,February,58.0,2,2019-02-01,Kenya,Africa
2019,KIRIBATI,February,0.0,2,2019-02-01,Kiribati,Oceania
2019,KOSOVAR,February,9.0,2,2019-02-01,KOSOVAR,Other
2019,KUWAIT,February,467.0,2,2019-02-01,Kuwait,Asia
2019,KYRGYZSTAN,February,43.0,2,2019-02-01,Kyrgyzstan,Asia
2019,LAO PEOPLES DEM. REP.,February,13.0,2,2019-02-01,Laos,Asia
2019,LATVIA,February,282.0,2,2019-02-01,Latvia,Europe
2019,LEBANON,February,410.0,2,2019-02-01,Lebanon,Asia
2019,LESOTHO,February,1.0,2,2019-02-01,Lesotho,Africa
2019,LIBERIA,February,0.0,2,2019-02-01,Liberia,Africa
2019,LIBYA,February,8.0,2,2019-02-01,Libya,Africa
2019,LIECHTENSTEIN,February,9.0,2,2019-02-01,Liechtenstein,Europe
2019,LITHUANIA,February,574.0,2,2019-02-01,Lithuania,Europe
2019,LUXEMBOURG,February,75.0,2,2019-02-01,Luxembourg,Europe
2019,MACEDONIA,February,18.0,2,2019-02-01,North Macedonia,Europe
2019,MADAGASCAR,February,7.0,2,2019-02-01,Madagascar,Africa
2019,MALAWI,February,0.0,2,2019-02-01,Malawi,Africa
2019,MALAYSIA,February,2070.0,2,2019-02-01,Malaysia,Asia
2019,MALDIVES,February,4931.0,2,2019-02-01,Maldives,Asia
2019,MALI,February,0.0,2,2019-02-01,Mali,Africa
2019,MALTA,February,120.0,2,2019-02-01,Malta,Europe
2019,MARSHALL ISLANDS,February,1.0,2,2019-02-01,Marshall Islands,Oceania
2019,MAURITANIA,February,2.0,2,2019-02-01,Mauritania,Africa
2019,MAURITIUS,February,50.0,2,2019-02-01,Mauritius,Africa
2019,MEXICO,February,133.0,2,2019-02-01,Mexico,America
2019,MICRONESIA,February,0.0,2,2019-02-01,"Micronesia, Fed. Sts.",Oceania
2019,MOLDOVA,February,83.0,2,2019-02-01,Moldova,Europe
2019,MONACO,February,2.0,2,2019-02-01,Monaco,Europe
2019,MONGOLIA,February,20.0,2,2019-02-01,Mongolia,Asia
2019,MONTENEGRO,February,9.0,2,2019-02-01,Montenegro,Europe
2019,MOROCCO,February,96.0,2,2019-02-01,Morocco,Africa
2019,MOZAMBIQUE,February,4.0,2,2019-02-01,Mozambique,Africa
2019,MYANMAR,February,274.0,2,2019-02-01,Myanmar,Asia
2019,NAMIBIA,February,5.0,2,2019-02-01,Namibia,Africa
2019,NAURU,February,0.0,2,2019-02-01,Nauru,Oceania
2019,NEPAL,February,467.0,2,2019-02-01,Nepal,Asia
2019,NETHERLANDS,February,5126.0,2,2019-02-01,Netherlands,Europe
2019,NEW ZEALAND,February,1070.0,2,2019-02-01,New Zealand,Oceania
2019,NICARAGUA,February,0.0,2,2019-02-01,Nicaragua,America
2019,NIGER,February,0.0,2,2019-02-01,Niger,Africa
2019,NIGERIA,February,13.0,2,2019-02-01,Nigeria,Africa
2019,NORTH KOREA,February,0.0,2,2019-02-01,North Korea,Asia
2019,NORWAY,February,2053.0,2,2019-02-01,Norway,Europe
2019,OMAN,February,355.0,2,2019-02-01,Oman,Asia
2019,PAKISTAN,February,1496.0,2,2019-02-01,Pakistan,Asia
2019,PALESTINIAN TERRITORIES,February,58.0,2,2019-02-01,Palestine,Asia
2019,PANAMA,February,15.0,2,2019-02-01,Panama,America
2019,PAPUA NEW GUINEA,February,0.0,2,2019-02-01,Papua New Guinea,Oceania
2019,PARAGUAY,February,3.0,2,2019-02-01,Paraguay,America
2019,PERU,February,33.0,2,2019-02-01,Peru,America
2019,PHILIPPINES,February,1485.0,2,2019-02-01,Philippines,Asia
2019,POLAND,February,3302.0,2,2019-02-01,Poland,Europe
2019,PORTUGAL,February,592.0,2,2019-02-01,Portugal,Europe
2019,QATAR,February,119.0,2,2019-02-01,Qatar,Asia
2019,ROMANIA,February,913.0,2,2019-02-01,Romania,Europe
2019,RUSSIAN FEDERATION,February,13008.0,2,2019-02-01,Russia,Europe
2019,RWANDA,February,1.0,2,2019-02-01,Rwanda,Africa
2019,SAINT KITTS AND NEVIS,February,5.0,2,2019-02-01,St. Kitts and Nevis,America
2019,SAINT LUCIA,February,1.0,2,2019-02-01,St. Lucia,America
2019,SAINT VINCENT THE GRENADI,February,0.0,2,2019-02-01,St. Vincent and the Grenadines,America
2019,SAMOA,February,1.0,2,2019-02-01,Samoa,Oceania
2019,SAN MARINO,February,4.0,2,2019-02-01,San Marino,Europe
2019,SAUDI ARABIA,February,1157.0,2,2019-02-01,Saudi Arabia,Asia
2019,SENEGAL,February,1.0,2,2019-02-01,Senegal,Africa
2019,SERBIA.,February,241.0,2,2019-02-01,Serbia,Europe
2019,SEYCHELLES,February,1.0,2,2019-02-01,Seychelles,Africa
2019,SEYCHELLS,February,0.0,2,2019-02-01,Seychelles,Africa
2019,SIERRA LEONE,February,4.0,2,2019-02-01,Sierra Leone,Africa
2019,SINGAPORE,February,1500.0,2,2019-02-01,Singapore,Asia
2019,SLOVAKIA(SLOVAK REPUBLIC),February,913.0,2,2019-02-01,Slovakia,Europe
2019,SLOVENIA,February,717.0,2,2019-02-01,Slovenia,Europe
2019,SOLOMON ISLANDS,February,0.0,2,2019-02-01,Solomon Islands,Oceania
2019,SOMALIA,February,10.0,2,2019-02-01,Somalia,Africa
2019,SOUTH AFRICA-ZUID AFRIKA,February,747.0,2,2019-02-01,South Africa,Africa
2019,SOUTH KOREA,February,1606.0,2,2019-02-01,South Korea,Asia
2019,SOUTH SUDAN,February,0.0,2,2019-02-01,South Sudan,Africa
2019,SPAIN,February,1771.0,2,2019-02-01,Spain,Europe
2019,SUDAN,February,25.0,2,2019-02-01,Sudan,Africa
2019,SURINAME,February,1.0,2,2019-02-01,Suriname,America
2019,SWAZILAND,February,0.0,2,2019-02-01,Eswatini,Africa
2019,SWEDEN,February,4739.0,2,2019-02-01,Sweden,Europe
2019,SWITZERLAND,February,3796.0,2,2019-02-01,Switzerland,Europe
2019,SYRIAN ARAB REPUBLIC,February,32.0,2,2019-02-01,Syria,Asia
2019,TAIWAN PROVINCE OF CHINA,February,1284.0,2,2019-02-01,Taiwan,Asia
2019,TAJIKISTAN,February,13.0,2,2019-02-01,Tajikistan,Asia
2019,TANZANIA,February,19.0,2,2019-02-01,Tanzania,Africa
2019,THAILAND,February,999.0,2,2019-02-01,Thailand,Asia
2019,TIMOR-LESTE,February,2.0,2,2019-02-01,Timor-Leste,Asia
2019,TOGO,February,1.0,2,2019-02-01,Togo,Africa
2019,TONGA,February,0.0,2,2019-02-01,Tonga,Oceania
2019,TRINIDAD AND TOBAGO,February,5.0,2,2019-02-01,Trinidad and Tobago,America
2019,TUNISIA,February,77.0,2,2019-02-01,Tunisia,Africa
2019,TURKEY,February,692.0,2,2019-02-01,Türkiye,Asia
2019,TURKMENISTAN,February,21.0,2,2019-02-01,Turkmenistan,Asia
2019,TUVALU,February,0.0,2,2019-02-01,Tuvalu,Oceania
2019,UGANDA,February,5.0,2,2019-02-01,Uganda,Africa
2019,UKRAINE,February,5353.0,2,2019-02-01,Ukraine,Europe
2019,UNITED ARAB EMIRATES,February,271.0,2,2019-02-01,United Arab Emirates,Asia
2019,UNITED KINGDOM,February,29750.0,2,2019-02-01,United Kingdom,Europe
2019,UNITED STATES,February,9678.0,2,2019-02-01,United States,America
2019,URUGUAY,February,13.0,2,2019-02-01,Uruguay,America
2019,UZBEKISTAN,February,51.0,2,2019-02-01,Uzbekistan,Asia
2019,VANUATU,February,1.0,2,2019-02-01,Vanuatu,Oceania
2019,VENEZUELA,February,27.0,2,2019-02-01,Venezuela,America
2019,VIET NAM,February,388.0,2,2019-02-01,Vietnam,Asia
2019,YEMEN (YEMEN ARAB REP.),February,54.0,2,2019-02-01,Yemen,Asia
2019,ZAMBIA(NORTHERN RHODESIA),February,2.0,2,2019-02-01,Zambia,Africa
2019,ZIMBABWE,February,13.0,2,2019-02-01,Zimbabwe,Africa
2019,AFGHANISTAN,March,59.0,3,2019-03-01,Afghanistan,Asia
2019,ALBANIA,March,54.0,3,2019-03-01,Albania,Europe
2019,ALGERIA,March,36.0,3,2019-03-01,Algeria,Africa
2019,ANDORRA,March,5.0,3,2019-03-01,Andorra,Europe
2019,ANGOLA,March,0.0,3,2019-03-01,Angola,Africa
2019,ANTIGUA AND BARBUDA,March,7.0,3,2019-03-01,Antigua and Barbuda,America
2019,ARGENTINA,March,190.0,3,2019-03-01,Argentina,America
2019,ARMENIA,March,85.0,3,2019-03-01,Armenia,Asia
2019,AUSTRALIA,March,11441.0,3,2019-03-01,Australia,Oceania
2019,AUSTRIA,March,1932.0,3,2019-03-01,Austria,Europe
2019,AZERBAIJAN,March,151.0,3,2019-03-01,Azerbaijan,Asia
2019,BAHAMAS,March,2.0,3,2019-03-01,Bahamas,America
2019,BAHRAIN,March,150.0,3,2019-03-01,Bahrain,Asia
2019,BANGLADESH,March,848.0,3,2019-03-01,Bangladesh,Asia
2019,BARBADOS,March,3.0,3,2019-03-01,Barbados,America
2019,BELARUS,March,914.0,3,2019-03-01,Belarus,Europe
2019,BELGIUM,March,1646.0,3,2019-03-01,Belgium,Europe
2019,BELIZE,March,3.0,3,2019-03-01,Belize,America
2019,BENIN,March,1.0,3,2019-03-01,Benin,Africa
2019,BHUTAN,March,25.0,3,2019-03-01,Bhutan,Asia
2019,BOLIVIA,March,4.0,3,2019-03-01,Bolivia,America
2019,BOSNIA AND HERZEGOVINA,March,29.0,3,2019-03-01,Bosnia and Herzegovina,Europe
2019,BOTSWANA,March,2.0,3,2019-03-01,Botswana,Africa
2019,BRAZIL,March,310.0,3,2019-03-01,Brazil,America
2019,BRUNEI DARUSSALAM,March,6.0,3,2019-03-01,Brunei Darussalam,Asia
2019,BULGARIA,March,375.0,3,2019-03-01,Bulgaria,Europe
2019,BURKINA FASO,March,4.0,3,2019-03-01,Burkina Faso,Africa
2019,BURUNDI,March,0.0,3,2019-03-01,Burundi,Africa
2019,CAMBODIA,March,1592.0,3,2019-03-01,Cambodia,Asia
2019,CAMEROON,March,1.0,3,2019-03-01,Cameroon,Africa
2019,CANADA,March,6011.0,3,2019-03-01,Canada,America
2019,CAPE VERDE,March,1.0,3,2019-03-01,Cabo Verde,Africa
2019,CHAD,March,4.0,3,2019-03-01,Chad,Africa
2019,CHILE,March,85.0,3,2019-03-01,Chile,America
2019,CHINA,March,23759.0,3,2019-03-01,China,Asia
2019,COLOMBIA,March,67.0,3,2019-03-01,Colombia,America
2019,COMOROS,March,22.0,3,2019-03-01,Comoros,Africa
2019,CONGO THE DEM REPOF THE,March,3.0,3,2019-03-01,DR Congo,Africa
2019,"CONGO, REPUBLIC OF.",March,0.0,3,2019-03-01,Congo Republic,Africa
2019,COSTA RICA,March,13.0,3,2019-03-01,Costa Rica,America
2019,COTE DIVOIRE,March,1.0,3,2019-03-01,Côte d'Ivoire,Africa
2019,CROATIA,March,218.0,3,2019-03-01,Croatia,Europe
2019,CUBA,March,7.0,3,2019-03-01,Cuba,America
2019,CYPRUS,March,73.0,3,2019-03-01,Cyprus,Asia
2019,CZECH REPUBLIC,March,3041.0,3,2019-03-01,Czechia,Europe
2019,DENMARK,March,1845.0,3,2019-03-01,Denmark,Europe
2019,DJIBOUTI,March,0.0,3,2019-03-01,Djibouti,Africa
2019,DOMINICA,March,7.0,3,2019-03-01,Dominica,America
2019,DOMINICAN REPUBLIC,March,9.0,3,2019-03-01,Dominican Republic,America
2019,ECUADOR,March,12.0,3,2019-03-01,Ecuador,America
2019,EGYPT,March,364.0,3,2019-03-01,Egypt,Africa
2019,EL SALVADOR,March,5.0,3,2019-03-01,El Salvador,America
2019,ERITREA,March,6.0,3,2019-03-01,Eritrea,Africa
2019,ESTONIA,March,268.0,3,2019-03-01,Estonia,Europe
2019,ETHIOPIA,March,19.0,3,2019-03-01,Ethiopia,Africa
2019,FIJI,March,17.0,3,2019-03-01,Fiji,Oceania
2019,FINLAND,March,1007.0,3,2019-03-01,Finland,Europe
2019,FRANCE,March,13957.0,3,2019-03-01,France,Europe
2019,GABON,March,0.0,3,2019-03-01,Gabon,Africa
2019,"GAMBIA, THE",March,1.0,3,2019-03-01,Gambia,Africa
2019,GEORGIA,March,53.0,3,2019-03-01,Georgia,Asia
2019,GERMANY,March,18134.0,3,2019-03-01,Germany,Europe
2019,GHANA,March,13.0,3,2019-03-01,Ghana,Africa
2019,GREECE,March,643.0,3,2019-03-01,Greece,Europe
2019,GRENADA,March,2.0,3,2019-03-01,Grenada,America
2019,GUATEMALA,March,9.0,3,2019-03-01,Guatemala,America
2019,GUINEA,March,0.0,3,2019-03-01,Guinea,Africa
2019,GUINEA-BISSAU,March,0.0,3,2019-03-01,Guinea-Bissau,Africa
2019,GUYANA,March,1.0,3,2019-03-01,Guyana,America
2019,HAITI,March,1.0,3,2019-03-01,Haiti,America
2019,HONDURAS,March,4.0,3,2019-03-01,Honduras,America
2019,HONG KONG,March,0.0,3,2019-03-01,Hong Kong,Asia
2019,HUNGARY,March,623.0,3,2019-03-01,Hungary,Europe
2019,ICELAND,March,57.0,3,2019-03-01,Iceland,Europe
2019,INDIA,March,34812.0,3,2019-03-01,India,Asia
2019,INDONESIA,March,532.0,3,2019-03-01,Indonesia,Asia
2019,IRAN,March,1025.0,3,2019-03-01,Iran,Asia
2019,IRAQ,March,113.0,3,2019-03-01,Iraq,Asia
2019,IRELAND,March,1224.0,3,2019-03-01,Ireland,Europe
2019,ISRAEL,March,1077.0,3,2019-03-01,Israel,Asia
2019,ITALY,March,4309.0,3,2019-03-01,Italy,Europe
2019,JAMAICA,March,14.0,3,2019-03-01,Jamaica,America
2019,JAPAN,March,4611.0,3,2019-03-01,Japan,Asia
2019,JORDAN,March,295.0,3,2019-03-01,Jordan,Asia
2019,KAZAKHSTAN,March,266.0,3,2019-03-01,Kazakhstan,Asia
2019,KENYA,March,41.0,3,2019-03-01,Kenya,Africa
2019,KIRIBATI,March,0.0,3,2019-03-01,Kiribati,Oceania
2019,KOSOVAR,March,0.0,3,2019-03-01,KOSOVAR,Other
2019,KUWAIT,March,246.0,3,2019-03-01,Kuwait,Asia
2019,KYRGYZSTAN,March,54.0,3,2019-03-01,Kyrgyzstan,Asia
2019,LAO PEOPLES DEM. REP.,March,22.0,3,2019-03-01,Laos,Asia
2019,LATVIA,March,274.0,3,2019-03-01,Latvia,Europe
2019,LEBANON,March,576.0,3,2019-03-01,Lebanon,Asia
2019,LESOTHO,March,0.0,3,2019-03-01,Lesotho,Africa
2019,LIBERIA,March,1.0,3,2019-03-01,Liberia,Africa
2019,LIBYA,March,12.0,3,2019-03-01,Libya,Africa
2019,LIECHTENSTEIN,March,13.0,3,2019-03-01,Liechtenstein,Europe
2019,LITHUANIA,March,399.0,3,2019-03-01,Lithuania,Europe
2019,LUXEMBOURG,March,85.0,3,2019-03-01,Luxembourg,Europe
2019,MACEDONIA,March,26.0,3,2019-03-01,North Macedonia,Europe
2019,MADAGASCAR,March,3.0,3,2019-03-01,Madagascar,Africa
2019,MALAWI,March,2.0,3,2019-03-01,Malawi,Africa
2019,MALAYSIA,March,1998.0,3,2019-03-01,Malaysia,Asia
2019,MALDIVES,March,7802.0,3,2019-03-01,Maldives,Asia
2019,MALI,March,5.0,3,2019-03-01,Mali,Africa
2019,MALTA,March,84.0,3,2019-03-01,Malta,Europe
2019,MARSHALL ISLANDS,March,0.0,3,2019-03-01,Marshall Islands,Oceania
2019,MAURITANIA,March,0.0,3,2019-03-01,Mauritania,Africa
2019,MAURITIUS,March,97.0,3,2019-03-01,Mauritius,Africa
2019,MEXICO,March,243.0,3,2019-03-01,Mexico,America
2019,MICRONESIA,March,0.0,3,2019-03-01,"Micronesia, Fed. Sts.",Oceania
2019,MOLDOVA,March,82.0,3,2019-03-01,Moldova,Europe
2019,MONACO,March,2.0,3,2019-03-01,Monaco,Europe
2019,MONGOLIA,March,37.0,3,2019-03-01,Mongolia,Asia
2019,MONTENEGRO,March,29.0,3,2019-03-01,Montenegro,Europe
2019,MOROCCO,March,147.0,3,2019-03-01,Morocco,Africa
2019,MOZAMBIQUE,March,3.0,3,2019-03-01,Mozambique,Africa
2019,MYANMAR,March,310.0,3,2019-03-01,Myanmar,Asia
2019,NAMIBIA,March,0.0,3,2019-03-01,Namibia,Africa
2019,NAURU,March,1.0,3,2019-03-01,Nauru,Oceania
2019,NEPAL,March,417.0,3,2019-03-01,Nepal,Asia
2019,NETHERLANDS,March,4864.0,3,2019-03-01,Netherlands,Europe
2019,NEW ZEALAND,March,1437.0,3,2019-03-01,New Zealand,Oceania
2019,NICARAGUA,March,3.0,3,2019-03-01,Nicaragua,America
2019,NIGER,March,0.0,3,2019-03-01,Niger,Africa
2019,NIGERIA,March,16.0,3,2019-03-01,Nigeria,Africa
2019,NORTH KOREA,March,1.0,3,2019-03-01,North Korea,Asia
2019,NORWAY,March,1278.0,3,2019-03-01,Norway,Europe
2019,OMAN,March,324.0,3,2019-03-01,Oman,Asia
2019,PAKISTAN,March,1081.0,3,2019-03-01,Pakistan,Asia
2019,PALESTINIAN TERRITORIES,March,74.0,3,2019-03-01,Palestine,Asia
2019,PANAMA,March,0.0,3,2019-03-01,Panama,America
2019,PAPUA NEW GUINEA,March,2.0,3,2019-03-01,Papua New Guinea,Oceania
2019,PARAGUAY,March,2.0,3,2019-03-01,Paraguay,America
2019,PERU,March,44.0,3,2019-03-01,Peru,America
2019,PHILIPPINES,March,1413.0,3,2019-03-01,Philippines,Asia
2019,POLAND,March,2653.0,3,2019-03-01,Poland,Europe
2019,PORTUGAL,March,806.0,3,2019-03-01,Portugal,Europe
2019,QATAR,March,115.0,3,2019-03-01,Qatar,Asia
2019,ROMANIA,March,679.0,3,2019-03-01,Romania,Europe
2019,RUSSIAN FEDERATION,March,12705.0,3,2019-03-01,Russia,Europe
2019,RWANDA,March,3.0,3,2019-03-01,Rwanda,Africa
2019,SAINT KITTS AND NEVIS,March,5.0,3,2019-03-01,St. Kitts and Nevis,America
2019,SAINT LUCIA,March,1.0,3,2019-03-01,St. Lucia,America
2019,SAINT VINCENT THE GRENADI,March,3.0,3,2019-03-01,St. Vincent and the Grenadines,America
2019,SAMOA,March,1.0,3,2019-03-01,Samoa,Oceania
2019,SAN MARINO,March,4.0,3,2019-03-01,San Marino,Europe
2019,SAUDI ARABIA,March,1402.0,3,2019-03-01,Saudi Arabia,Asia
2019,SENEGAL,March,6.0,3,2019-03-01,Senegal,Africa
2019,SERBIA.,March,186.0,3,2019-03-01,Serbia,Europe
2019,SEYCHELLES,March,0.0,3,2019-03-01,Seychelles,Africa
2019,SEYCHELLS,March,0.0,3,2019-03-01,Seychelles,Africa
2019,SIERRA LEONE,March,2.0,3,2019-03-01,Sierra Leone,Africa
2019,SINGAPORE,March,1824.0,3,2019-03-01,Singapore,Asia
2019,SLOVAKIA(SLOVAK REPUBLIC),March,763.0,3,2019-03-01,Slovakia,Europe
2019,SLOVENIA,March,297.0,3,2019-03-01,Slovenia,Europe
2019,SOLOMON ISLANDS,March,1.0,3,2019-03-01,Solomon Islands,Oceania
2019,SOMALIA,March,11.0,3,2019-03-01,Somalia,Africa
2019,SOUTH AFRICA-ZUID AFRIKA,March,1007.0,3,2019-03-01,South Africa,Africa
2019,SOUTH KOREA,March,1214.0,3,2019-03-01,South Korea,Asia
2019,SOUTH SUDAN,March,3.0,3,2019-03-01,South Sudan,Africa
2019,SPAIN,March,2380.0,3,2019-03-01,Spain,Europe
2019,SUDAN,March,44.0,3,2019-03-01,Sudan,Africa
2019,SURINAME,March,2.0,3,2019-03-01,Suriname,America
2019,SWAZILAND,March,1.0,3,2019-03-01,Eswatini,Africa
2019,SWEDEN,March,2660.0,3,2019-03-01,Sweden,Europe
2019,SWITZERLAND,March,3179.0,3,2019-03-01,Switzerland,Europe
2019,SYRIAN ARAB REPUBLIC,March,19.0,3,2019-03-01,Syria,Asia
2019,TAIWAN PROVINCE OF CHINA,March,889.0,3,2019-03-01,Taiwan,Asia
2019,TAJIKISTAN,March,8.0,3,2019-03-01,Tajikistan,Asia
2019,TANZANIA,March,18.0,3,2019-03-01,Tanzania,Africa
2019,THAILAND,March,983.0,3,2019-03-01,Thailand,Asia
2019,TIMOR-LESTE,March,3.0,3,2019-03-01,Timor-Leste,Asia
2019,TOGO,March,1.0,3,2019-03-01,Togo,Africa
2019,TONGA,March,1.0,3,2019-03-01,Tonga,Oceania
2019,TRINIDAD AND TOBAGO,March,45.0,3,2019-03-01,Trinidad and Tobago,America
2019,TUNISIA,March,119.0,3,2019-03-01,Tunisia,Africa
2019,TURKEY,March,444.0,3,2019-03-01,Türkiye,Asia
2019,TURKMENISTAN,March,17.0,3,2019-03-01,Turkmenistan,Asia
2019,TUVALU,March,0.0,3,2019-03-01,Tuvalu,Oceania
2019,UGANDA,March,10.0,3,2019-03-01,Uganda,Africa
2019,UKRAINE,March,4239.0,3,2019-03-01,Ukraine,Europe
2019,UNITED ARAB EMIRATES,March,590.0,3,2019-03-01,United Arab Emirates,Asia
2019,UNITED KINGDOM,March,29682.0,3,2019-03-01,United Kingdom,Europe
2019,UNITED STATES,March,12543.0,3,2019-03-01,United States,America
2019,URUGUAY,March,6.0,3,2019-03-01,Uruguay,America
2019,UZBEKISTAN,March,77.0,3,2019-03-01,Uzbekistan,Asia
2019,VANUATU,March,1.0,3,2019-03-01,Vanuatu,Oceania
2019,VENEZUELA,March,19.0,3,2019-03-01,Venezuela,America
2019,VIET NAM,March,499.0,3,2019-03-01,Vietnam,Asia
2019,YEMEN (YEMEN ARAB REP.),March,59.0,3,2019-03-01,Yemen,Asia
2019,ZAMBIA(NORTHERN RHODESIA),March,9.0,3,2019-03-01,Zambia,Africa
2019,ZIMBABWE,March,25.0,3,2019-03-01,Zimbabwe,Africa
2019,AFGHANISTAN,April,38.0,4,2019-04-01,Afghanistan,Asia
2019,ALBANIA,April,43.0,4,2019-04-01,Albania,Europe
2019,ALGERIA,April,32.0,4,2019-04-01,Algeria,Africa
2019,ANDORRA,April,9.0,4,2019-04-01,Andorra,Europe
2019,ANGOLA,April,0.0,4,2019-04-01,Angola,Africa
2019,ANTIGUA AND BARBUDA,April,2.0,4,2019-04-01,Antigua and Barbuda,America
2019,ARGENTINA,April,267.0,4,2019-04-01,Argentina,America
2019,ARMENIA,April,65.0,4,2019-04-01,Armenia,Asia
2019,AUSTRALIA,April,9565.0,4,2019-04-01,Australia,Oceania
2019,AUSTRIA,April,1656.0,4,2019-04-01,Austria,Europe
2019,AZERBAIJAN,April,17.0,4,2019-04-01,Azerbaijan,Asia
2019,BAHAMAS,April,4.0,4,2019-04-01,Bahamas,America
2019,BAHRAIN,April,141.0,4,2019-04-01,Bahrain,Asia
2019,BANGLADESH,April,593.0,4,2019-04-01,Bangladesh,Asia
2019,BARBADOS,April,0.0,4,2019-04-01,Barbados,America
2019,BELARUS,April,142.0,4,2019-04-01,Belarus,Europe
2019,BELGIUM,April,1626.0,4,2019-04-01,Belgium,Europe
2019,BELIZE,April,2.0,4,2019-04-01,Belize,America
2019,BENIN,April,1.0,4,2019-04-01,Benin,Africa
2019,BHUTAN,April,9.0,4,2019-04-01,Bhutan,Asia
2019,BOLIVIA,April,3.0,4,2019-04-01,Bolivia,America
2019,BOSNIA AND HERZEGOVINA,April,14.0,4,2019-04-01,Bosnia and Herzegovina,Europe
2019,BOTSWANA,April,2.0,4,2019-04-01,Botswana,Africa
2019,BRAZIL,April,637.0,4,2019-04-01,Brazil,America
2019,BRUNEI DARUSSALAM,April,2.0,4,2019-04-01,Brunei Darussalam,Asia
2019,BULGARIA,April,246.0,4,2019-04-01,Bulgaria,Europe
2019,BURKINA FASO,April,0.0,4,2019-04-01,Burkina Faso,Africa
2019,BURUNDI,April,0.0,4,2019-04-01,Burundi,Africa
2019,CAMBODIA,April,20.0,4,2019-04-01,Cambodia,Asia
2019,CAMEROON,April,1.0,4,2019-04-01,Cameroon,Africa
2019,CANADA,April,3741.0,4,2019-04-01,Canada,America
2019,CAPE VERDE,April,0.0,4,2019-04-01,Cabo Verde,Africa
2019,CHAD,April,0.0,4,2019-04-01,Chad,Africa
2019,CHILE,April,100.0,4,2019-04-01,Chile,America
2019,CHINA,April,14263.0,4,2019-04-01,China,Asia
2019,COLOMBIA,April,72.0,4,2019-04-01,Colombia,America
2019,COMOROS,April,11.0,4,2019-04-01,Comoros,Africa
2019,CONGO THE DEM REPOF THE,April,2.0,4,2019-04-01,DR Congo,Africa
2019,"CONGO, REPUBLIC OF.",April,0.0,4,2019-04-01,Congo Republic,Africa
2019,COSTA RICA,April,13.0,4,2019-04-01,Costa Rica,America
2019,COTE DIVOIRE,April,7.0,4,2019-04-01,Côte d'Ivoire,Africa
2019,CROATIA,April,186.0,4,2019-04-01,Croatia,Europe
2019,CUBA,April,1.0,4,2019-04-01,Cuba,America
2019,CYPRUS,April,68.0,4,2019-04-01,Cyprus,Asia
2019,CZECH REPUBLIC,April,1370.0,4,2019-04-01,Czechia,Europe
2019,DENMARK,April,1887.0,4,2019-04-01,Denmark,Europe
2019,DJIBOUTI,April,0.0,4,2019-04-01,Djibouti,Africa
2019,DOMINICA,April,6.0,4,2019-04-01,Dominica,America
2019,DOMINICAN REPUBLIC,April,3.0,4,2019-04-01,Dominican Republic,America
2019,ECUADOR,April,10.0,4,2019-04-01,Ecuador,America
2019,EGYPT,April,487.0,4,2019-04-01,Egypt,Africa
2019,EL SALVADOR,April,4.0,4,2019-04-01,El Salvador,America
2019,ERITREA,April,3.0,4,2019-04-01,Eritrea,Africa
2019,ESTONIA,April,143.0,4,2019-04-01,Estonia,Europe
2019,ETHIOPIA,April,16.0,4,2019-04-01,Ethiopia,Africa
2019,FIJI,April,13.0,4,2019-04-01,Fiji,Oceania
2019,FINLAND,April,364.0,4,2019-04-01,Finland,Europe
2019,FRANCE,April,9148.0,4,2019-04-01,France,Europe
2019,GABON,April,0.0,4,2019-04-01,Gabon,Africa
2019,"GAMBIA, THE",April,0.0,4,2019-04-01,Gambia,Africa
2019,GEORGIA,April,26.0,4,2019-04-01,Georgia,Asia
2019,GERMANY,April,16930.0,4,2019-04-01,Germany,Europe
2019,GHANA,April,29.0,4,2019-04-01,Ghana,Africa
2019,GREECE,April,619.0,4,2019-04-01,Greece,Europe
2019,GRENADA,April,0.0,4,2019-04-01,Grenada,America
2019,GUATEMALA,April,6.0,4,2019-04-01,Guatemala,America
2019,GUINEA,April,1.0,4,2019-04-01,Guinea,Africa
2019,GUINEA-BISSAU,April,0.0,4,2019-04-01,Guinea-Bissau,Africa
2019,GUYANA,April,1.0,4,2019-04-01,Guyana,America
2019,HAITI,April,3.0,4,2019-04-01,Haiti,America
2019,HONDURAS,April,4.0,4,2019-04-01,Honduras,America
2019,HONG KONG,April,6.0,4,2019-04-01,Hong Kong,Asia
2019,HUNGARY,April,267.0,4,2019-04-01,Hungary,Europe
2019,ICELAND,April,29.0,4,2019-04-01,Iceland,Europe
2019,INDIA,April,23431.0,4,2019-04-01,India,Asia
2019,INDONESIA,April,256.0,4,2019-04-01,Indonesia,Asia
2019,IRAN,April,205.0,4,2019-04-01,Iran,Asia
2019,IRAQ,April,58.0,4,2019-04-01,Iraq,Asia
2019,IRELAND,April,1105.0,4,2019-04-01,Ireland,Europe
2019,ISRAEL,April,1266.0,4,2019-04-01,Israel,Asia
2019,ITALY,April,3303.0,4,2019-04-01,Italy,Europe
2019,JAMAICA,April,12.0,4,2019-04-01,Jamaica,America
2019,JAPAN,April,2203.0,4,2019-04-01,Japan,Asia
2019,JORDAN,April,342.0,4,2019-04-01,Jordan,Asia
2019,KAZAKHSTAN,April,109.0,4,2019-04-01,Kazakhstan,Asia
2019,KENYA,April,52.0,4,2019-04-01,Kenya,Africa
2019,KIRIBATI,April,2.0,4,2019-04-01,Kiribati,Oceania
2019,KOSOVAR,April,1.0,4,2019-04-01,KOSOVAR,Other
2019,KUWAIT,April,247.0,4,2019-04-01,Kuwait,Asia
2019,KYRGYZSTAN,April,36.0,4,2019-04-01,Kyrgyzstan,Asia
2019,LAO PEOPLES DEM. REP.,April,18.0,4,2019-04-01,Laos,Asia
2019,LATVIA,April,97.0,4,2019-04-01,Latvia,Europe
2019,LEBANON,April,661.0,4,2019-04-01,Lebanon,Asia
2019,LESOTHO,April,0.0,4,2019-04-01,Lesotho,Africa
2019,LIBERIA,April,0.0,4,2019-04-01,Liberia,Africa
2019,LIBYA,April,21.0,4,2019-04-01,Libya,Africa
2019,LIECHTENSTEIN,April,11.0,4,2019-04-01,Liechtenstein,Europe
2019,LITHUANIA,April,140.0,4,2019-04-01,Lithuania,Europe
2019,LUXEMBOURG,April,220.0,4,2019-04-01,Luxembourg,Europe
2019,MACEDONIA,April,19.0,4,2019-04-01,North Macedonia,Europe
2019,MADAGASCAR,April,5.0,4,2019-04-01,Madagascar,Africa
2019,MALAWI,April,2.0,4,2019-04-01,Malawi,Africa
2019,MALAYSIA,April,995.0,4,2019-04-01,Malaysia,Asia
2019,MALDIVES,April,4655.0,4,2019-04-01,Maldives,Asia
2019,MALI,April,1.0,4,2019-04-01,Mali,Africa
2019,MALTA,April,53.0,4,2019-04-01,Malta,Europe
2019,MARSHALL ISLANDS,April,0.0,4,2019-04-01,Marshall Islands,Oceania
2019,MAURITANIA,April,2.0,4,2019-04-01,Mauritania,Africa
2019,MAURITIUS,April,52.0,4,2019-04-01,Mauritius,Africa
2019,MEXICO,April,349.0,4,2019-04-01,Mexico,America
2019,MICRONESIA,April,0.0,4,2019-04-01,"Micronesia, Fed. Sts.",Oceania
2019,MOLDOVA,April,16.0,4,2019-04-01,Moldova,Europe
2019,MONACO,April,17.0,4,2019-04-01,Monaco,Europe
2019,MONGOLIA,April,3.0,4,2019-04-01,Mongolia,Asia
2019,MONTENEGRO,April,14.0,4,2019-04-01,Montenegro,Europe
2019,MOROCCO,April,100.0,4,2019-04-01,Morocco,Africa
2019,MOZAMBIQUE,April,1.0,4,2019-04-01,Mozambique,Africa
2019,MYANMAR,April,159.0,4,2019-04-01,Myanmar,Asia
2019,NAMIBIA,April,5.0,4,2019-04-01,Namibia,Africa
2019,NAURU,April,0.0,4,2019-04-01,Nauru,Oceania
2019,NEPAL,April,449.0,4,2019-04-01,Nepal,Asia
2019,NETHERLANDS,April,3523.0,4,2019-04-01,Netherlands,Europe
2019,NEW ZEALAND,April,1483.0,4,2019-04-01,New Zealand,Oceania
2019,NICARAGUA,April,1.0,4,2019-04-01,Nicaragua,America
2019,NIGER,April,0.0,4,2019-04-01,Niger,Africa
2019,NIGERIA,April,4.0,4,2019-04-01,Nigeria,Africa
2019,NORTH KOREA,April,0.0,4,2019-04-01,North Korea,Asia
2019,NORWAY,April,1246.0,4,2019-04-01,Norway,Europe
2019,OMAN,April,282.0,4,2019-04-01,Oman,Asia
2019,PAKISTAN,April,848.0,4,2019-04-01,Pakistan,Asia
2019,PALESTINIAN TERRITORIES,April,111.0,4,2019-04-01,Palestine,Asia
2019,PANAMA,April,2.0,4,2019-04-01,Panama,America
2019,PAPUA NEW GUINEA,April,1.0,4,2019-04-01,Papua New Guinea,Oceania
2019,PARAGUAY,April,2.0,4,2019-04-01,Paraguay,America
2019,PERU,April,39.0,4,2019-04-01,Peru,America
2019,PHILIPPINES,April,1308.0,4,2019-04-01,Philippines,Asia
2019,POLAND,April,914.0,4,2019-04-01,Poland,Europe
2019,PORTUGAL,April,673.0,4,2019-04-01,Portugal,Europe
2019,QATAR,April,220.0,4,2019-04-01,Qatar,Asia
2019,ROMANIA,April,444.0,4,2019-04-01,Romania,Europe
2019,RUSSIAN FEDERATION,April,3680.0,4,2019-04-01,Russia,Europe
2019,RWANDA,April,0.0,4,2019-04-01,Rwanda,Africa
2019,SAINT KITTS AND NEVIS,April,5.0,4,2019-04-01,St. Kitts and Nevis,America
2019,SAINT LUCIA,April,2.0,4,2019-04-01,St. Lucia,America
2019,SAINT VINCENT THE GRENADI,April,0.0,4,2019-04-01,St. Vincent and the Grenadines,America
2019,SAMOA,April,0.0,4,2019-04-01,Samoa,Oceania
2019,SAN MARINO,April,0.0,4,2019-04-01,San Marino,Europe
2019,SAUDI ARABIA,April,1212.0,4,2019-04-01,Saudi Arabia,Asia
2019,SENEGAL,April,8.0,4,2019-04-01,Senegal,Africa
2019,SERBIA.,April,140.0,4,2019-04-01,Serbia,Europe
2019,SEYCHELLES,April,0.0,4,2019-04-01,Seychelles,Africa
2019,SEYCHELLS,April,0.0,4,2019-04-01,Seychelles,Africa
2019,SIERRA LEONE,April,0.0,4,2019-04-01,Sierra Leone,Africa
2019,SINGAPORE,April,1037.0,4,2019-04-01,Singapore,Asia
2019,SLOVAKIA(SLOVAK REPUBLIC),April,497.0,4,2019-04-01,Slovakia,Europe
2019,SLOVENIA,April,250.0,4,2019-04-01,Slovenia,Europe
2019,SOLOMON ISLANDS,April,0.0,4,2019-04-01,Solomon Islands,Oceania
2019,SOMALIA,April,11.0,4,2019-04-01,Somalia,Africa
2019,SOUTH AFRICA-ZUID AFRIKA,April,628.0,4,2019-04-01,South Africa,Africa
2019,SOUTH KOREA,April,677.0,4,2019-04-01,South Korea,Asia
2019,SOUTH SUDAN,April,0.0,4,2019-04-01,South Sudan,Africa
2019,SPAIN,April,2760.0,4,2019-04-01,Spain,Europe
2019,SUDAN,April,59.0,4,2019-04-01,Sudan,Africa
2019,SURINAME,April,6.0,4,2019-04-01,Suriname,America
2019,SWAZILAND,April,0.0,4,2019-04-01,Eswatini,Africa
2019,SWEDEN,April,1288.0,4,2019-04-01,Sweden,Europe
2019,SWITZERLAND,April,4531.0,4,2019-04-01,Switzerland,Europe
2019,SYRIAN ARAB REPUBLIC,April,15.0,4,2019-04-01,Syria,Asia
2019,TAIWAN PROVINCE OF CHINA,April,600.0,4,2019-04-01,Taiwan,Asia
2019,TAJIKISTAN,April,4.0,4,2019-04-01,Tajikistan,Asia
2019,TANZANIA,April,17.0,4,2019-04-01,Tanzania,Africa
2019,THAILAND,April,762.0,4,2019-04-01,Thailand,Asia
2019,TIMOR-LESTE,April,0.0,4,2019-04-01,Timor-Leste,Asia
2019,TOGO,April,0.0,4,2019-04-01,Togo,Africa
2019,TONGA,April,0.0,4,2019-04-01,Tonga,Oceania
2019,TRINIDAD AND TOBAGO,April,10.0,4,2019-04-01,Trinidad and Tobago,America
2019,TUNISIA,April,75.0,4,2019-04-01,Tunisia,Africa
2019,TURKEY,April,335.0,4,2019-04-01,Türkiye,Asia
2019,TURKMENISTAN,April,6.0,4,2019-04-01,Turkmenistan,Asia
2019,TUVALU,April,0.0,4,2019-04-01,Tuvalu,Oceania
2019,UGANDA,April,5.0,4,2019-04-01,Uganda,Africa
2019,UKRAINE,April,1224.0,4,2019-04-01,Ukraine,Europe
2019,UNITED ARAB EMIRATES,April,479.0,4,2019-04-01,United Arab Emirates,Asia
2019,UNITED KINGDOM,April,24718.0,4,2019-04-01,United Kingdom,Europe
2019,UNITED STATES,April,4810.0,4,2019-04-01,United States,America
2019,URUGUAY,April,25.0,4,2019-04-01,Uruguay,America
2019,UZBEKISTAN,April,37.0,4,2019-04-01,Uzbekistan,Asia
2019,VANUATU,April,1.0,4,2019-04-01,Vanuatu,Oceania
2019,VENEZUELA,April,22.0,4,2019-04-01,Venezuela,America
2019,VIET NAM,April,151.0,4,2019-04-01,Vietnam,Asia
2019,YEMEN (YEMEN ARAB REP.),April,87.0,4,2019-04-01,Yemen,Asia
2019,ZAMBIA(NORTHERN RHODESIA),April,2.0,4,2019-04-01,Zambia,Africa
2019,ZIMBABWE,April,29.0,4,2019-04-01,Zimbabwe,Africa
2019,AFGHANISTAN,May,2.0,5,2019-05-01,Afghanistan,Asia
2019,ALBANIA,May,40.0,5,2019-05-01,Albania,Europe
2019,ALGERIA,May,3.0,5,2019-05-01,Algeria,Africa
2019,ANDORRA,May,4.0,5,2019-05-01,Andorra,Europe
2019,ANGOLA,May,0.0,5,2019-05-01,Angola,Africa
2019,ANTIGUA AND BARBUDA,May,0.0,5,2019-05-01,Antigua and Barbuda,America
2019,ARGENTINA,May,42.0,5,2019-05-01,Argentina,America
2019,ARMENIA,May,12.0,5,2019-05-01,Armenia,Asia
2019,AUSTRALIA,May,2485.0,5,2019-05-01,Australia,Oceania
2019,AUSTRIA,May,144.0,5,2019-05-01,Austria,Europe
2019,AZERBAIJAN,May,15.0,5,2019-05-01,Azerbaijan,Asia
2019,BAHAMAS,May,0.0,5,2019-05-01,Bahamas,America
2019,BAHRAIN,May,17.0,5,2019-05-01,Bahrain,Asia
2019,BANGLADESH,May,186.0,5,2019-05-01,Bangladesh,Asia
2019,BARBADOS,May,1.0,5,2019-05-01,Barbados,America
2019,BELARUS,May,31.0,5,2019-05-01,Belarus,Europe
2019,BELGIUM,May,153.0,5,2019-05-01,Belgium,Europe
2019,BELIZE,May,0.0,5,2019-05-01,Belize,America
2019,BENIN,May,0.0,5,2019-05-01,Benin,Africa
2019,BHUTAN,May,11.0,5,2019-05-01,Bhutan,Asia
2019,BOLIVIA,May,0.0,5,2019-05-01,Bolivia,America
2019,BOSNIA AND HERZEGOVINA,May,8.0,5,2019-05-01,Bosnia and Herzegovina,Europe
2019,BOTSWANA,May,2.0,5,2019-05-01,Botswana,Africa
2019,BRAZIL,May,46.0,5,2019-05-01,Brazil,America
2019,BRUNEI DARUSSALAM,May,0.0,5,2019-05-01,Brunei Darussalam,Asia
2019,BULGARIA,May,49.0,5,2019-05-01,Bulgaria,Europe
2019,BURKINA FASO,May,0.0,5,2019-05-01,Burkina Faso,Africa
2019,BURUNDI,May,0.0,5,2019-05-01,Burundi,Africa
2019,CAMBODIA,May,48.0,5,2019-05-01,Cambodia,Asia
2019,CAMEROON,May,0.0,5,2019-05-01,Cameroon,Africa
2019,CANADA,May,1575.0,5,2019-05-01,Canada,America
2019,CAPE VERDE,May,0.0,5,2019-05-01,Cabo Verde,Africa
2019,CHAD,May,0.0,5,2019-05-01,Chad,Africa
2019,CHILE,May,33.0,5,2019-05-01,Chile,America
2019,CHINA,May,1589.0,5,2019-05-01,China,Asia
2019,COLOMBIA,May,33.0,5,2019-05-01,Colombia,America
2019,COMOROS,May,0.0,5,2019-05-01,Comoros,Africa
2019,CONGO THE DEM REPOF THE,May,1.0,5,2019-05-01,DR Congo,Africa
2019,"CONGO, REPUBLIC OF.",May,1.0,5,2019-05-01,Congo Republic,Africa
2019,COSTA RICA,May,2.0,5,2019-05-01,Costa Rica,America
2019,COTE DIVOIRE,May,2.0,5,2019-05-01,Côte d'Ivoire,Africa
2019,CROATIA,May,30.0,5,2019-05-01,Croatia,Europe
2019,CUBA,May,0.0,5,2019-05-01,Cuba,America
2019,CYPRUS,May,17.0,5,2019-05-01,Cyprus,Asia
2019,CZECH REPUBLIC,May,167.0,5,2019-05-01,Czechia,Europe
2019,DENMARK,May,119.0,5,2019-05-01,Denmark,Europe
2019,DJIBOUTI,May,0.0,5,2019-05-01,Djibouti,Africa
2019,DOMINICA,May,0.0,5,2019-05-01,Dominica,America
2019,DOMINICAN REPUBLIC,May,0.0,5,2019-05-01,Dominican Republic,America
2019,ECUADOR,May,2.0,5,2019-05-01,Ecuador,America
2019,EGYPT,May,85.0,5,2019-05-01,Egypt,Africa
2019,EL SALVADOR,May,1.0,5,2019-05-01,El Salvador,America
2019,ERITREA,May,1.0,5,2019-05-01,Eritrea,Africa
2019,ESTONIA,May,17.0,5,2019-05-01,Estonia,Europe
2019,ETHIOPIA,May,3.0,5,2019-05-01,Ethiopia,Africa
2019,FIJI,May,5.0,5,2019-05-01,Fiji,Oceania
2019,FINLAND,May,58.0,5,2019-05-01,Finland,Europe
2019,FRANCE,May,1120.0,5,2019-05-01,France,Europe
2019,GABON,May,0.0,5,2019-05-01,Gabon,Africa
2019,"GAMBIA, THE",May,1.0,5,2019-05-01,Gambia,Africa
2019,GEORGIA,May,18.0,5,2019-05-01,Georgia,Asia
2019,GERMANY,May,1767.0,5,2019-05-01,Germany,Europe
2019,GHANA,May,4.0,5,2019-05-01,Ghana,Africa
2019,GREECE,May,419.0,5,2019-05-01,Greece,Europe
2019,GRENADA,May,0.0,5,2019-05-01,Grenada,America
2019,GUATEMALA,May,0.0,5,2019-05-01,Guatemala,America
2019,GUINEA,May,0.0,5,2019-05-01,Guinea,Africa
2019,GUINEA-BISSAU,May,0.0,5,2019-05-01,Guinea-Bissau,Africa
2019,GUYANA,May,0.0,5,2019-05-01,Guyana,America
2019,HAITI,May,0.0,5,2019-05-01,Haiti,America
2019,HONDURAS,May,9.0,5,2019-05-01,Honduras,America
2019,HONG KONG,May,0.0,5,2019-05-01,Hong Kong,Asia
2019,HUNGARY,May,66.0,5,2019-05-01,Hungary,Europe
2019,ICELAND,May,10.0,5,2019-05-01,Iceland,Europe
2019,INDIA,May,11246.0,5,2019-05-01,India,Asia
2019,INDONESIA,May,227.0,5,2019-05-01,Indonesia,Asia
2019,IRAN,May,51.0,5,2019-05-01,Iran,Asia
2019,IRAQ,May,7.0,5,2019-05-01,Iraq,Asia
2019,IRELAND,May,111.0,5,2019-05-01,Ireland,Europe
2019,ISRAEL,May,308.0,5,2019-05-01,Israel,Asia
2019,ITALY,May,452.0,5,2019-05-01,Italy,Europe
2019,JAMAICA,May,0.0,5,2019-05-01,Jamaica,America
2019,JAPAN,May,578.0,5,2019-05-01,Japan,Asia
2019,JORDAN,May,23.0,5,2019-05-01,Jordan,Asia
2019,KAZAKHSTAN,May,13.0,5,2019-05-01,Kazakhstan,Asia
2019,KENYA,May,16.0,5,2019-05-01,Kenya,Africa
2019,KIRIBATI,May,0.0,5,2019-05-01,Kiribati,Oceania
2019,KOSOVAR,May,0.0,5,2019-05-01,KOSOVAR,Other
2019,KUWAIT,May,37.0,5,2019-05-01,Kuwait,Asia
2019,KYRGYZSTAN,May,8.0,5,2019-05-01,Kyrgyzstan,Asia
2019,LAO PEOPLES DEM. REP.,May,2.0,5,2019-05-01,Laos,Asia
2019,LATVIA,May,30.0,5,2019-05-01,Latvia,Europe
2019,LEBANON,May,77.0,5,2019-05-01,Lebanon,Asia
2019,LESOTHO,May,1.0,5,2019-05-01,Lesotho,Africa
2019,LIBERIA,May,0.0,5,2019-05-01,Liberia,Africa
2019,LIBYA,May,8.0,5,2019-05-01,Libya,Africa
2019,LIECHTENSTEIN,May,6.0,5,2019-05-01,Liechtenstein,Europe
2019,LITHUANIA,May,45.0,5,2019-05-01,Lithuania,Europe
2019,LUXEMBOURG,May,7.0,5,2019-05-01,Luxembourg,Europe
2019,MACEDONIA,May,2.0,5,2019-05-01,North Macedonia,Europe
2019,MADAGASCAR,May,2.0,5,2019-05-01,Madagascar,Africa
2019,MALAWI,May,0.0,5,2019-05-01,Malawi,Africa
2019,MALAYSIA,May,754.0,5,2019-05-01,Malaysia,Asia
2019,MALDIVES,May,1610.0,5,2019-05-01,Maldives,Asia
2019,MALI,May,0.0,5,2019-05-01,Mali,Africa
2019,MALTA,May,5.0,5,2019-05-01,Malta,Europe
2019,MARSHALL ISLANDS,May,0.0,5,2019-05-01,Marshall Islands,Oceania
2019,MAURITANIA,May,0.0,5,2019-05-01,Mauritania,Africa
2019,MAURITIUS,May,4.0,5,2019-05-01,Mauritius,Africa
2019,MEXICO,May,33.0,5,2019-05-01,Mexico,America
2019,MICRONESIA,May,0.0,5,2019-05-01,"Micronesia, Fed. Sts.",Oceania
2019,MOLDOVA,May,3.0,5,2019-05-01,Moldova,Europe
2019,MONACO,May,0.0,5,2019-05-01,Monaco,Europe
2019,MONGOLIA,May,6.0,5,2019-05-01,Mongolia,Asia
2019,MONTENEGRO,May,5.0,5,2019-05-01,Montenegro,Europe
2019,MOROCCO,May,6.0,5,2019-05-01,Morocco,Africa
2019,MOZAMBIQUE,May,0.0,5,2019-05-01,Mozambique,Africa
2019,MYANMAR,May,163.0,5,2019-05-01,Myanmar,Asia
2019,NAMIBIA,May,0.0,5,2019-05-01,Namibia,Africa
2019,NAURU,May,0.0,5,2019-05-01,Nauru,Oceania
2019,NEPAL,May,331.0,5,2019-05-01,Nepal,Asia
2019,NETHERLANDS,May,375.0,5,2019-05-01,Netherlands,Europe
2019,NEW ZEALAND,May,385.0,5,2019-05-01,New Zealand,Oceania
2019,NICARAGUA,May,0.0,5,2019-05-01,Nicaragua,America
2019,NIGER,May,0.0,5,2019-05-01,Niger,Africa
2019,NIGERIA,May,4.0,5,2019-05-01,Nigeria,Africa
2019,NORTH KOREA,May,0.0,5,2019-05-01,North Korea,Asia
2019,NORWAY,May,172.0,5,2019-05-01,Norway,Europe
2019,OMAN,May,15.0,5,2019-05-01,Oman,Asia
2019,PAKISTAN,May,169.0,5,2019-05-01,Pakistan,Asia
2019,PALESTINIAN TERRITORIES,May,13.0,5,2019-05-01,Palestine,Asia
2019,PANAMA,May,0.0,5,2019-05-01,Panama,America
2019,PAPUA NEW GUINEA,May,1.0,5,2019-05-01,Papua New Guinea,Oceania
2019,PARAGUAY,May,1.0,5,2019-05-01,Paraguay,America
2019,PERU,May,9.0,5,2019-05-01,Peru,America
2019,PHILIPPINES,May,759.0,5,2019-05-01,Philippines,Asia
2019,POLAND,May,218.0,5,2019-05-01,Poland,Europe
2019,PORTUGAL,May,94.0,5,2019-05-01,Portugal,Europe
2019,QATAR,May,7.0,5,2019-05-01,Qatar,Asia
2019,ROMANIA,May,88.0,5,2019-05-01,Romania,Europe
2019,RUSSIAN FEDERATION,May,844.0,5,2019-05-01,Russia,Europe
2019,RWANDA,May,0.0,5,2019-05-01,Rwanda,Africa
2019,SAINT KITTS AND NEVIS,May,1.0,5,2019-05-01,St. Kitts and Nevis,America
2019,SAINT LUCIA,May,0.0,5,2019-05-01,St. Lucia,America
2019,SAINT VINCENT THE GRENADI,May,0.0,5,2019-05-01,St. Vincent and the Grenadines,America
2019,SAMOA,May,1.0,5,2019-05-01,Samoa,Oceania
2019,SAN MARINO,May,1.0,5,2019-05-01,San Marino,Europe
2019,SAUDI ARABIA,May,75.0,5,2019-05-01,Saudi Arabia,Asia
2019,SENEGAL,May,0.0,5,2019-05-01,Senegal,Africa
2019,SERBIA.,May,32.0,5,2019-05-01,Serbia,Europe
2019,SEYCHELLES,May,0.0,5,2019-05-01,Seychelles,Africa
2019,SEYCHELLS,May,0.0,5,2019-05-01,Seychelles,Africa
2019,SIERRA LEONE,May,0.0,5,2019-05-01,Sierra Leone,Africa
2019,SINGAPORE,May,464.0,5,2019-05-01,Singapore,Asia
2019,SLOVAKIA(SLOVAK REPUBLIC),May,68.0,5,2019-05-01,Slovakia,Europe
2019,SLOVENIA,May,15.0,5,2019-05-01,Slovenia,Europe
2019,SOLOMON ISLANDS,May,0.0,5,2019-05-01,Solomon Islands,Oceania
2019,SOMALIA,May,1.0,5,2019-05-01,Somalia,Africa
2019,SOUTH AFRICA-ZUID AFRIKA,May,152.0,5,2019-05-01,South Africa,Africa
2019,SOUTH KOREA,May,334.0,5,2019-05-01,South Korea,Asia
2019,SOUTH SUDAN,May,0.0,5,2019-05-01,South Sudan,Africa
2019,SPAIN,May,327.0,5,2019-05-01,Spain,Europe
2019,SUDAN,May,19.0,5,2019-05-01,Sudan,Africa
2019,SURINAME,May,1.0,5,2019-05-01,Suriname,America
2019,SWAZILAND,May,0.0,5,2019-05-01,Eswatini,Africa
2019,SWEDEN,May,197.0,5,2019-05-01,Sweden,Europe
2019,SWITZERLAND,May,431.0,5,2019-05-01,Switzerland,Europe
2019,SYRIAN ARAB REPUBLIC,May,5.0,5,2019-05-01,Syria,Asia
2019,TAIWAN PROVINCE OF CHINA,May,111.0,5,2019-05-01,Taiwan,Asia
2019,TAJIKISTAN,May,4.0,5,2019-05-01,Tajikistan,Asia
2019,TANZANIA,May,10.0,5,2019-05-01,Tanzania,Africa
2019,THAILAND,May,547.0,5,2019-05-01,Thailand,Asia
2019,TIMOR-LESTE,May,0.0,5,2019-05-01,Timor-Leste,Asia
2019,TOGO,May,0.0,5,2019-05-01,Togo,Africa
2019,TONGA,May,0.0,5,2019-05-01,Tonga,Oceania
2019,TRINIDAD AND TOBAGO,May,1.0,5,2019-05-01,Trinidad and Tobago,America
2019,TUNISIA,May,8.0,5,2019-05-01,Tunisia,Africa
2019,TURKEY,May,87.0,5,2019-05-01,Türkiye,Asia
2019,TURKMENISTAN,May,0.0,5,2019-05-01,Turkmenistan,Asia
2019,TUVALU,May,0.0,5,2019-05-01,Tuvalu,Oceania
2019,UGANDA,May,13.0,5,2019-05-01,Uganda,Africa
2019,UKRAINE,May,597.0,5,2019-05-01,Ukraine,Europe
2019,UNITED ARAB EMIRATES,May,17.0,5,2019-05-01,United Arab Emirates,Asia
2019,UNITED KINGDOM,May,2953.0,5,2019-05-01,United Kingdom,Europe
2019,UNITED STATES,May,1398.0,5,2019-05-01,United States,America
2019,URUGUAY,May,5.0,5,2019-05-01,Uruguay,America
2019,UZBEKISTAN,May,16.0,5,2019-05-01,Uzbekistan,Asia
2019,VANUATU,May,0.0,5,2019-05-01,Vanuatu,Oceania
2019,VENEZUELA,May,2.0,5,2019-05-01,Venezuela,America
2019,VIET NAM,May,107.0,5,2019-05-01,Vietnam,Asia
2019,YEMEN (YEMEN ARAB REP.),May,8.0,5,2019-05-01,Yemen,Asia
2019,ZAMBIA(NORTHERN RHODESIA),May,0.0,5,2019-05-01,Zambia,Africa
2019,ZIMBABWE,May,9.0,5,2019-05-01,Zimbabwe,Africa
2019,AFGHANISTAN,June,12.0,6,2019-06-01,Afghanistan,Asia
2019,ALBANIA,June,31.0,6,2019-06-01,Albania,Europe
2019,ALGERIA,June,8.0,6,2019-06-01,Algeria,Africa
2019,ANDORRA,June,0.0,6,2019-06-01,Andorra,Europe
2019,ANGOLA,June,0.0,6,2019-06-01,Angola,Africa
2019,ANTIGUA AND BARBUDA,June,0.0,6,2019-06-01,Antigua and Barbuda,America
2019,ARGENTINA,June,33.0,6,2019-06-01,Argentina,America
2019,ARMENIA,June,16.0,6,2019-06-01,Armenia,Asia
2019,AUSTRALIA,June,4410.0,6,2019-06-01,Australia,Oceania
2019,AUSTRIA,June,251.0,6,2019-06-01,Austria,Europe
2019,AZERBAIJAN,June,9.0,6,2019-06-01,Azerbaijan,Asia
2019,BAHAMAS,June,0.0,6,2019-06-01,Bahamas,America
2019,BAHRAIN,June,121.0,6,2019-06-01,Bahrain,Asia
2019,BANGLADESH,June,509.0,6,2019-06-01,Bangladesh,Asia
2019,BARBADOS,June,0.0,6,2019-06-01,Barbados,America
2019,BELARUS,June,24.0,6,2019-06-01,Belarus,Europe
2019,BELGIUM,June,561.0,6,2019-06-01,Belgium,Europe
2019,BELIZE,June,0.0,6,2019-06-01,Belize,America
2019,BENIN,June,1.0,6,2019-06-01,Benin,Africa
2019,BHUTAN,June,12.0,6,2019-06-01,Bhutan,Asia
2019,BOLIVIA,June,0.0,6,2019-06-01,Bolivia,America
2019,BOSNIA AND HERZEGOVINA,June,9.0,6,2019-06-01,Bosnia and Herzegovina,Europe
2019,BOTSWANA,June,2.0,6,2019-06-01,Botswana,Africa
2019,BRAZIL,June,74.0,6,2019-06-01,Brazil,America
2019,BRUNEI DARUSSALAM,June,5.0,6,2019-06-01,Brunei Darussalam,Asia
2019,BULGARIA,June,196.0,6,2019-06-01,Bulgaria,Europe
2019,BURKINA FASO,June,0.0,6,2019-06-01,Burkina Faso,Africa
2019,BURUNDI,June,0.0,6,2019-06-01,Burundi,Africa
2019,CAMBODIA,June,27.0,6,2019-06-01,Cambodia,Asia
2019,CAMEROON,June,1.0,6,2019-06-01,Cameroon,Africa
2019,CANADA,June,2827.0,6,2019-06-01,Canada,America
2019,CAPE VERDE,June,0.0,6,2019-06-01,Cabo Verde,Africa
2019,CHAD,June,1.0,6,2019-06-01,Chad,Africa
2019,CHILE,June,24.0,6,2019-06-01,Chile,America
2019,CHINA,June,3496.0,6,2019-06-01,China,Asia
2019,COLOMBIA,June,44.0,6,2019-06-01,Colombia,America
2019,COMOROS,June,7.0,6,2019-06-01,Comoros,Africa
2019,CONGO THE DEM REPOF THE,June,1.0,6,2019-06-01,DR Congo,Africa
2019,"CONGO, REPUBLIC OF.",June,0.0,6,2019-06-01,Congo Republic,Africa
2019,COSTA RICA,June,1.0,6,2019-06-01,Costa Rica,America
2019,COTE DIVOIRE,June,1.0,6,2019-06-01,Côte d'Ivoire,Africa
2019,CROATIA,June,38.0,6,2019-06-01,Croatia,Europe
2019,CUBA,June,2.0,6,2019-06-01,Cuba,America
2019,CYPRUS,June,26.0,6,2019-06-01,Cyprus,Asia
2019,CZECH REPUBLIC,June,380.0,6,2019-06-01,Czechia,Europe
2019,DENMARK,June,481.0,6,2019-06-01,Denmark,Europe
2019,DJIBOUTI,June,0.0,6,2019-06-01,Djibouti,Africa
2019,DOMINICA,June,7.0,6,2019-06-01,Dominica,America
2019,DOMINICAN REPUBLIC,June,2.0,6,2019-06-01,Dominican Republic,America
2019,ECUADOR,June,3.0,6,2019-06-01,Ecuador,America
2019,EGYPT,June,168.0,6,2019-06-01,Egypt,Africa
2019,EL SALVADOR,June,3.0,6,2019-06-01,El Salvador,America
2019,ERITREA,June,4.0,6,2019-06-01,Eritrea,Africa
2019,ESTONIA,June,11.0,6,2019-06-01,Estonia,Europe
2019,ETHIOPIA,June,11.0,6,2019-06-01,Ethiopia,Africa
2019,FIJI,June,7.0,6,2019-06-01,Fiji,Oceania
2019,FINLAND,June,167.0,6,2019-06-01,Finland,Europe
2019,FRANCE,June,1989.0,6,2019-06-01,France,Europe
2019,GABON,June,0.0,6,2019-06-01,Gabon,Africa
2019,"GAMBIA, THE",June,0.0,6,2019-06-01,Gambia,Africa
2019,GEORGIA,June,23.0,6,2019-06-01,Georgia,Asia
2019,GERMANY,June,3312.0,6,2019-06-01,Germany,Europe
2019,GHANA,June,1.0,6,2019-06-01,Ghana,Africa
2019,GREECE,June,387.0,6,2019-06-01,Greece,Europe
2019,GRENADA,June,0.0,6,2019-06-01,Grenada,America
2019,GUATEMALA,June,4.0,6,2019-06-01,Guatemala,America
2019,GUINEA,June,0.0,6,2019-06-01,Guinea,Africa
2019,GUINEA-BISSAU,June,0.0,6,2019-06-01,Guinea-Bissau,Africa
2019,GUYANA,June,0.0,6,2019-06-01,Guyana,America
2019,HAITI,June,0.0,6,2019-06-01,Haiti,America
2019,HONDURAS,June,4.0,6,2019-06-01,Honduras,America
2019,HONG KONG,June,1.0,6,2019-06-01,Hong Kong,Asia
2019,HUNGARY,June,53.0,6,2019-06-01,Hungary,Europe
2019,ICELAND,June,10.0,6,2019-06-01,Iceland,Europe
2019,INDIA,June,15048.0,6,2019-06-01,India,Asia
2019,INDONESIA,June,278.0,6,2019-06-01,Indonesia,Asia
2019,IRAN,June,73.0,6,2019-06-01,Iran,Asia
2019,IRAQ,June,23.0,6,2019-06-01,Iraq,Asia
2019,IRELAND,June,256.0,6,2019-06-01,Ireland,Europe
2019,ISRAEL,June,429.0,6,2019-06-01,Israel,Asia
2019,ITALY,June,675.0,6,2019-06-01,Italy,Europe
2019,JAMAICA,June,2.0,6,2019-06-01,Jamaica,America
2019,JAPAN,June,880.0,6,2019-06-01,Japan,Asia
2019,JORDAN,June,161.0,6,2019-06-01,Jordan,Asia
2019,KAZAKHSTAN,June,32.0,6,2019-06-01,Kazakhstan,Asia
2019,KENYA,June,24.0,6,2019-06-01,Kenya,Africa
2019,KIRIBATI,June,0.0,6,2019-06-01,Kiribati,Oceania
2019,KOSOVAR,June,0.0,6,2019-06-01,KOSOVAR,Other
2019,KUWAIT,June,159.0,6,2019-06-01,Kuwait,Asia
2019,KYRGYZSTAN,June,7.0,6,2019-06-01,Kyrgyzstan,Asia
2019,LAO PEOPLES DEM. REP.,June,6.0,6,2019-06-01,Laos,Asia
2019,LATVIA,June,25.0,6,2019-06-01,Latvia,Europe
2019,LEBANON,June,184.0,6,2019-06-01,Lebanon,Asia
2019,LESOTHO,June,0.0,6,2019-06-01,Lesotho,Africa
2019,LIBERIA,June,0.0,6,2019-06-01,Liberia,Africa
2019,LIBYA,June,10.0,6,2019-06-01,Libya,Africa
2019,LIECHTENSTEIN,June,1.0,6,2019-06-01,Liechtenstein,Europe
2019,LITHUANIA,June,51.0,6,2019-06-01,Lithuania,Europe
2019,LUXEMBOURG,June,10.0,6,2019-06-01,Luxembourg,Europe
2019,MACEDONIA,June,8.0,6,2019-06-01,North Macedonia,Europe
2019,MADAGASCAR,June,6.0,6,2019-06-01,Madagascar,Africa
2019,MALAWI,June,0.0,6,2019-06-01,Malawi,Africa
2019,MALAYSIA,June,857.0,6,2019-06-01,Malaysia,Asia
2019,MALDIVES,June,3350.0,6,2019-06-01,Maldives,Asia
2019,MALI,June,0.0,6,2019-06-01,Mali,Africa
2019,MALTA,June,1.0,6,2019-06-01,Malta,Europe
2019,MARSHALL ISLANDS,June,1.0,6,2019-06-01,Marshall Islands,Oceania
2019,MAURITANIA,June,0.0,6,2019-06-01,Mauritania,Africa
2019,MAURITIUS,June,11.0,6,2019-06-01,Mauritius,Africa
2019,MEXICO,June,31.0,6,2019-06-01,Mexico,America
2019,MICRONESIA,June,0.0,6,2019-06-01,"Micronesia, Fed. Sts.",Oceania
2019,MOLDOVA,June,15.0,6,2019-06-01,Moldova,Europe
2019,MONACO,June,0.0,6,2019-06-01,Monaco,Europe
2019,MONGOLIA,June,4.0,6,2019-06-01,Mongolia,Asia
2019,MONTENEGRO,June,52.0,6,2019-06-01,Montenegro,Europe
2019,MOROCCO,June,44.0,6,2019-06-01,Morocco,Africa
2019,MOZAMBIQUE,June,0.0,6,2019-06-01,Mozambique,Africa
2019,MYANMAR,June,149.0,6,2019-06-01,Myanmar,Asia
2019,NAMIBIA,June,0.0,6,2019-06-01,Namibia,Africa
2019,NAURU,June,0.0,6,2019-06-01,Nauru,Oceania
2019,NEPAL,June,262.0,6,2019-06-01,Nepal,Asia
2019,NETHERLANDS,June,696.0,6,2019-06-01,Netherlands,Europe
2019,NEW ZEALAND,June,615.0,6,2019-06-01,New Zealand,Oceania
2019,NICARAGUA,June,1.0,6,2019-06-01,Nicaragua,America
2019,NIGER,June,1.0,6,2019-06-01,Niger,Africa
2019,NIGERIA,June,5.0,6,2019-06-01,Nigeria,Africa
2019,NORTH KOREA,June,0.0,6,2019-06-01,North Korea,Asia
2019,NORWAY,June,1299.0,6,2019-06-01,Norway,Europe
2019,OMAN,June,324.0,6,2019-06-01,Oman,Asia
2019,PAKISTAN,June,521.0,6,2019-06-01,Pakistan,Asia
2019,PALESTINIAN TERRITORIES,June,55.0,6,2019-06-01,Palestine,Asia
2019,PANAMA,June,1.0,6,2019-06-01,Panama,America
2019,PAPUA NEW GUINEA,June,0.0,6,2019-06-01,Papua New Guinea,Oceania
2019,PARAGUAY,June,0.0,6,2019-06-01,Paraguay,America
2019,PERU,June,16.0,6,2019-06-01,Peru,America
2019,PHILIPPINES,June,998.0,6,2019-06-01,Philippines,Asia
2019,POLAND,June,284.0,6,2019-06-01,Poland,Europe
2019,PORTUGAL,June,164.0,6,2019-06-01,Portugal,Europe
2019,QATAR,June,32.0,6,2019-06-01,Qatar,Asia
2019,ROMANIA,June,129.0,6,2019-06-01,Romania,Europe
2019,RUSSIAN FEDERATION,June,711.0,6,2019-06-01,Russia,Europe
2019,RWANDA,June,4.0,6,2019-06-01,Rwanda,Africa
2019,SAINT KITTS AND NEVIS,June,6.0,6,2019-06-01,St. Kitts and Nevis,America
2019,SAINT LUCIA,June,0.0,6,2019-06-01,St. Lucia,America
2019,SAINT VINCENT THE GRENADI,June,0.0,6,2019-06-01,St. Vincent and the Grenadines,America
2019,SAMOA,June,0.0,6,2019-06-01,Samoa,Oceania
2019,SAN MARINO,June,0.0,6,2019-06-01,San Marino,Europe
2019,SAUDI ARABIA,June,1500.0,6,2019-06-01,Saudi Arabia,Asia
2019,SENEGAL,June,1.0,6,2019-06-01,Senegal,Africa
2019,SERBIA.,June,48.0,6,2019-06-01,Serbia,Europe
2019,SEYCHELLES,June,0.0,6,2019-06-01,Seychelles,Africa
2019,SEYCHELLS,June,0.0,6,2019-06-01,Seychelles,Africa
2019,SIERRA LEONE,June,1.0,6,2019-06-01,Sierra Leone,Africa
2019,SINGAPORE,June,904.0,6,2019-06-01,Singapore,Asia
2019,SLOVAKIA(SLOVAK REPUBLIC),June,69.0,6,2019-06-01,Slovakia,Europe
2019,SLOVENIA,June,59.0,6,2019-06-01,Slovenia,Europe
2019,SOLOMON ISLANDS,June,1.0,6,2019-06-01,Solomon Islands,Oceania
2019,SOMALIA,June,8.0,6,2019-06-01,Somalia,Africa
2019,SOUTH AFRICA-ZUID AFRIKA,June,287.0,6,2019-06-01,South Africa,Africa
2019,SOUTH KOREA,June,623.0,6,2019-06-01,South Korea,Asia
2019,SOUTH SUDAN,June,0.0,6,2019-06-01,South Sudan,Africa
2019,SPAIN,June,751.0,6,2019-06-01,Spain,Europe
2019,SUDAN,June,34.0,6,2019-06-01,Sudan,Africa
2019,SURINAME,June,0.0,6,2019-06-01,Suriname,America
2019,SWAZILAND,June,1.0,6,2019-06-01,Eswatini,Africa
2019,SWEDEN,June,467.0,6,2019-06-01,Sweden,Europe
2019,SWITZERLAND,June,818.0,6,2019-06-01,Switzerland,Europe
2019,SYRIAN ARAB REPUBLIC,June,13.0,6,2019-06-01,Syria,Asia
2019,TAIWAN PROVINCE OF CHINA,June,278.0,6,2019-06-01,Taiwan,Asia
2019,TAJIKISTAN,June,2.0,6,2019-06-01,Tajikistan,Asia
2019,TANZANIA,June,19.0,6,2019-06-01,Tanzania,Africa
2019,THAILAND,June,480.0,6,2019-06-01,Thailand,Asia
2019,TIMOR-LESTE,June,0.0,6,2019-06-01,Timor-Leste,Asia
2019,TOGO,June,1.0,6,2019-06-01,Togo,Africa
2019,TONGA,June,0.0,6,2019-06-01,Tonga,Oceania
2019,TRINIDAD AND TOBAGO,June,4.0,6,2019-06-01,Trinidad and Tobago,America
2019,TUNISIA,June,26.0,6,2019-06-01,Tunisia,Africa
2019,TURKEY,June,161.0,6,2019-06-01,Türkiye,Asia
2019,TURKMENISTAN,June,3.0,6,2019-06-01,Turkmenistan,Asia
2019,TUVALU,June,0.0,6,2019-06-01,Tuvalu,Oceania
2019,UGANDA,June,8.0,6,2019-06-01,Uganda,Africa
2019,UKRAINE,June,595.0,6,2019-06-01,Ukraine,Europe
2019,UNITED ARAB EMIRATES,June,130.0,6,2019-06-01,United Arab Emirates,Asia
2019,UNITED KINGDOM,June,4365.0,6,2019-06-01,United Kingdom,Europe
2019,UNITED STATES,June,2412.0,6,2019-06-01,United States,America
2019,URUGUAY,June,15.0,6,2019-06-01,Uruguay,America
2019,UZBEKISTAN,June,22.0,6,2019-06-01,Uzbekistan,Asia
2019,VANUATU,June,0.0,6,2019-06-01,Vanuatu,Oceania
2019,VENEZUELA,June,7.0,6,2019-06-01,Venezuela,America
2019,VIET NAM,June,117.0,6,2019-06-01,Vietnam,Asia
2019,YEMEN (YEMEN ARAB REP.),June,42.0,6,2019-06-01,Yemen,Asia
2019,ZAMBIA(NORTHERN RHODESIA),June,1.0,6,2019-06-01,Zambia,Africa
2019,ZIMBABWE,June,4.0,6,2019-06-01,Zimbabwe,Africa
2019,AFGHANISTAN,July,47.0,7,2019-07-01,Afghanistan,Asia
2019,ALBANIA,July,17.0,7,2019-07-01,Albania,Europe
2019,ALGERIA,July,3.0,7,2019-07-01,Algeria,Africa
2019,ANDORRA,July,7.0,7,2019-07-01,Andorra,Europe
2019,ANGOLA,July,0.0,7,2019-07-01,Angola,Africa
2019,ANTIGUA AND BARBUDA,July,0.0,7,2019-07-01,Antigua and Barbuda,America
2019,ARGENTINA,July,47.0,7,2019-07-01,Argentina,America
2019,ARMENIA,July,41.0,7,2019-07-01,Armenia,Asia
2019,AUSTRALIA,July,5619.0,7,2019-07-01,Australia,Oceania
2019,AUSTRIA,July,848.0,7,2019-07-01,Austria,Europe
2019,AZERBAIJAN,July,32.0,7,2019-07-01,Azerbaijan,Asia
2019,BAHAMAS,July,0.0,7,2019-07-01,Bahamas,America
2019,BAHRAIN,July,283.0,7,2019-07-01,Bahrain,Asia
2019,BANGLADESH,July,631.0,7,2019-07-01,Bangladesh,Asia
2019,BARBADOS,July,1.0,7,2019-07-01,Barbados,America
2019,BELARUS,July,46.0,7,2019-07-01,Belarus,Europe
2019,BELGIUM,July,2603.0,7,2019-07-01,Belgium,Europe
2019,BELIZE,July,2.0,7,2019-07-01,Belize,America
2019,BENIN,July,1.0,7,2019-07-01,Benin,Africa
2019,BHUTAN,July,23.0,7,2019-07-01,Bhutan,Asia
2019,BOLIVIA,July,2.0,7,2019-07-01,Bolivia,America
2019,BOSNIA AND HERZEGOVINA,July,5.0,7,2019-07-01,Bosnia and Herzegovina,Europe
2019,BOTSWANA,July,2.0,7,2019-07-01,Botswana,Africa
2019,BRAZIL,July,122.0,7,2019-07-01,Brazil,America
2019,BRUNEI DARUSSALAM,July,0.0,7,2019-07-01,Brunei Darussalam,Asia
2019,BULGARIA,July,67.0,7,2019-07-01,Bulgaria,Europe
2019,BURKINA FASO,July,1.0,7,2019-07-01,Burkina Faso,Africa
2019,BURUNDI,July,0.0,7,2019-07-01,Burundi,Africa
2019,CAMBODIA,July,41.0,7,2019-07-01,Cambodia,Asia
2019,CAMEROON,July,1.0,7,2019-07-01,Cameroon,Africa
2019,CANADA,July,3826.0,7,2019-07-01,Canada,America
2019,CAPE VERDE,July,0.0,7,2019-07-01,Cabo Verde,Africa
2019,CHAD,July,1.0,7,2019-07-01,Chad,Africa
2019,CHILE,July,36.0,7,2019-07-01,Chile,America
2019,CHINA,July,6926.0,7,2019-07-01,China,Asia
2019,COLOMBIA,July,34.0,7,2019-07-01,Colombia,America
2019,COMOROS,July,22.0,7,2019-07-01,Comoros,Africa
2019,CONGO THE DEM REPOF THE,July,1.0,7,2019-07-01,DR Congo,Africa
2019,"CONGO, REPUBLIC OF.",July,0.0,7,2019-07-01,Congo Republic,Africa
2019,COSTA RICA,July,5.0,7,2019-07-01,Costa Rica,America
2019,COTE DIVOIRE,July,3.0,7,2019-07-01,Côte d'Ivoire,Africa
2019,CROATIA,July,64.0,7,2019-07-01,Croatia,Europe
2019,CUBA,July,5.0,7,2019-07-01,Cuba,America
2019,CYPRUS,July,56.0,7,2019-07-01,Cyprus,Asia
2019,CZECH REPUBLIC,July,997.0,7,2019-07-01,Czechia,Europe
2019,DENMARK,July,1741.0,7,2019-07-01,Denmark,Europe
2019,DJIBOUTI,July,1.0,7,2019-07-01,Djibouti,Africa
2019,DOMINICA,July,3.0,7,2019-07-01,Dominica,America
2019,DOMINICAN REPUBLIC,July,3.0,7,2019-07-01,Dominican Republic,America
2019,ECUADOR,July,3.0,7,2019-07-01,Ecuador,America
2019,EGYPT,July,221.0,7,2019-07-01,Egypt,Africa
2019,EL SALVADOR,July,4.0,7,2019-07-01,El Salvador,America
2019,ERITREA,July,4.0,7,2019-07-01,Eritrea,Africa
2019,ESTONIA,July,39.0,7,2019-07-01,Estonia,Europe
2019,ETHIOPIA,July,9.0,7,2019-07-01,Ethiopia,Africa
2019,FIJI,July,10.0,7,2019-07-01,Fiji,Oceania
2019,FINLAND,July,153.0,7,2019-07-01,Finland,Europe
2019,FRANCE,July,7142.0,7,2019-07-01,France,Europe
2019,GABON,July,0.0,7,2019-07-01,Gabon,Africa
2019,"GAMBIA, THE",July,0.0,7,2019-07-01,Gambia,Africa
2019,GEORGIA,July,39.0,7,2019-07-01,Georgia,Asia
2019,GERMANY,July,8385.0,7,2019-07-01,Germany,Europe
2019,GHANA,July,3.0,7,2019-07-01,Ghana,Africa
2019,GREECE,July,475.0,7,2019-07-01,Greece,Europe
2019,GRENADA,July,0.0,7,2019-07-01,Grenada,America
2019,GUATEMALA,July,2.0,7,2019-07-01,Guatemala,America
2019,GUINEA,July,1.0,7,2019-07-01,Guinea,Africa
2019,GUINEA-BISSAU,July,0.0,7,2019-07-01,Guinea-Bissau,Africa
2019,GUYANA,July,0.0,7,2019-07-01,Guyana,America
2019,HAITI,July,1.0,7,2019-07-01,Haiti,America
2019,HONDURAS,July,2.0,7,2019-07-01,Honduras,America
2019,HONG KONG,July,0.0,7,2019-07-01,Hong Kong,Asia
2019,HUNGARY,July,102.0,7,2019-07-01,Hungary,Europe
2019,ICELAND,July,12.0,7,2019-07-01,Iceland,Europe
2019,INDIA,July,18309.0,7,2019-07-01,India,Asia
2019,INDONESIA,July,339.0,7,2019-07-01,Indonesia,Asia
2019,IRAN,July,104.0,7,2019-07-01,Iran,Asia
2019,IRAQ,July,64.0,7,2019-07-01,Iraq,Asia
2019,IRELAND,July,417.0,7,2019-07-01,Ireland,Europe
2019,ISRAEL,July,1245.0,7,2019-07-01,Israel,Asia
2019,ITALY,July,1431.0,7,2019-07-01,Italy,Europe
2019,JAMAICA,July,7.0,7,2019-07-01,Jamaica,America
2019,JAPAN,July,1311.0,7,2019-07-01,Japan,Asia
2019,JORDAN,July,182.0,7,2019-07-01,Jordan,Asia
2019,KAZAKHSTAN,July,41.0,7,2019-07-01,Kazakhstan,Asia
2019,KENYA,July,37.0,7,2019-07-01,Kenya,Africa
2019,KIRIBATI,July,0.0,7,2019-07-01,Kiribati,Oceania
2019,KOSOVAR,July,1.0,7,2019-07-01,KOSOVAR,Other
2019,KUWAIT,July,331.0,7,2019-07-01,Kuwait,Asia
2019,KYRGYZSTAN,July,11.0,7,2019-07-01,Kyrgyzstan,Asia
2019,LAO PEOPLES DEM. REP.,July,5.0,7,2019-07-01,Laos,Asia
2019,LATVIA,July,26.0,7,2019-07-01,Latvia,Europe
2019,LEBANON,July,291.0,7,2019-07-01,Lebanon,Asia
2019,LESOTHO,July,1.0,7,2019-07-01,Lesotho,Africa
2019,LIBERIA,July,0.0,7,2019-07-01,Liberia,Africa
2019,LIBYA,July,2.0,7,2019-07-01,Libya,Africa
2019,LIECHTENSTEIN,July,19.0,7,2019-07-01,Liechtenstein,Europe
2019,LITHUANIA,July,79.0,7,2019-07-01,Lithuania,Europe
2019,LUXEMBOURG,July,70.0,7,2019-07-01,Luxembourg,Europe
2019,MACEDONIA,July,7.0,7,2019-07-01,North Macedonia,Europe
2019,MADAGASCAR,July,3.0,7,2019-07-01,Madagascar,Africa
2019,MALAWI,July,2.0,7,2019-07-01,Malawi,Africa
2019,MALAYSIA,July,1026.0,7,2019-07-01,Malaysia,Asia
2019,MALDIVES,July,3875.0,7,2019-07-01,Maldives,Asia
2019,MALI,July,2.0,7,2019-07-01,Mali,Africa
2019,MALTA,July,39.0,7,2019-07-01,Malta,Europe
2019,MARSHALL ISLANDS,July,0.0,7,2019-07-01,Marshall Islands,Oceania
2019,MAURITANIA,July,3.0,7,2019-07-01,Mauritania,Africa
2019,MAURITIUS,July,35.0,7,2019-07-01,Mauritius,Africa
2019,MEXICO,July,49.0,7,2019-07-01,Mexico,America
2019,MICRONESIA,July,0.0,7,2019-07-01,"Micronesia, Fed. Sts.",Oceania
2019,MOLDOVA,July,7.0,7,2019-07-01,Moldova,Europe
2019,MONACO,July,2.0,7,2019-07-01,Monaco,Europe
2019,MONGOLIA,July,6.0,7,2019-07-01,Mongolia,Asia
2019,MONTENEGRO,July,2.0,7,2019-07-01,Montenegro,Europe
2019,MOROCCO,July,48.0,7,2019-07-01,Morocco,Africa
2019,MOZAMBIQUE,July,1.0,7,2019-07-01,Mozambique,Africa
2019,MYANMAR,July,185.0,7,2019-07-01,Myanmar,Asia
2019,NAMIBIA,July,2.0,7,2019-07-01,Namibia,Africa
2019,NAURU,July,0.0,7,2019-07-01,Nauru,Oceania
2019,NEPAL,July,409.0,7,2019-07-01,Nepal,Asia
2019,NETHERLANDS,July,6385.0,7,2019-07-01,Netherlands,Europe
2019,NEW ZEALAND,July,1003.0,7,2019-07-01,New Zealand,Oceania
2019,NICARAGUA,July,0.0,7,2019-07-01,Nicaragua,America
2019,NIGER,July,1.0,7,2019-07-01,Niger,Africa
2019,NIGERIA,July,20.0,7,2019-07-01,Nigeria,Africa
2019,NORTH KOREA,July,0.0,7,2019-07-01,North Korea,Asia
2019,NORWAY,July,1709.0,7,2019-07-01,Norway,Europe
2019,OMAN,July,890.0,7,2019-07-01,Oman,Asia
2019,PAKISTAN,July,782.0,7,2019-07-01,Pakistan,Asia
2019,PALESTINIAN TERRITORIES,July,65.0,7,2019-07-01,Palestine,Asia
2019,PANAMA,July,2.0,7,2019-07-01,Panama,America
2019,PAPUA NEW GUINEA,July,2.0,7,2019-07-01,Papua New Guinea,Oceania
2019,PARAGUAY,July,2.0,7,2019-07-01,Paraguay,America
2019,PERU,July,17.0,7,2019-07-01,Peru,America
2019,PHILIPPINES,July,1102.0,7,2019-07-01,Philippines,Asia
2019,POLAND,July,763.0,7,2019-07-01,Poland,Europe
2019,PORTUGAL,July,243.0,7,2019-07-01,Portugal,Europe
2019,QATAR,July,115.0,7,2019-07-01,Qatar,Asia
2019,ROMANIA,July,167.0,7,2019-07-01,Romania,Europe
2019,RUSSIAN FEDERATION,July,1300.0,7,2019-07-01,Russia,Europe
2019,RWANDA,July,1.0,7,2019-07-01,Rwanda,Africa
2019,SAINT KITTS AND NEVIS,July,3.0,7,2019-07-01,St. Kitts and Nevis,America
2019,SAINT LUCIA,July,0.0,7,2019-07-01,St. Lucia,America
2019,SAINT VINCENT THE GRENADI,July,0.0,7,2019-07-01,St. Vincent and the Grenadines,America
2019,SAMOA,July,0.0,7,2019-07-01,Samoa,Oceania
2019,SAN MARINO,July,0.0,7,2019-07-01,San Marino,Europe
2019,SAUDI ARABIA,July,2903.0,7,2019-07-01,Saudi Arabia,Asia
2019,SENEGAL,July,1.0,7,2019-07-01,Senegal,Africa
2019,SERBIA.,July,60.0,7,2019-07-01,Serbia,Europe
2019,SEYCHELLES,July,0.0,7,2019-07-01,Seychelles,Africa
2019,SEYCHELLS,July,0.0,7,2019-07-01,Seychelles,Africa
2019,SIERRA LEONE,July,8.0,7,2019-07-01,Sierra Leone,Africa
2019,SINGAPORE,July,805.0,7,2019-07-01,Singapore,Asia
2019,SLOVAKIA(SLOVAK REPUBLIC),July,179.0,7,2019-07-01,Slovakia,Europe
2019,SLOVENIA,July,219.0,7,2019-07-01,Slovenia,Europe
2019,SOLOMON ISLANDS,July,0.0,7,2019-07-01,Solomon Islands,Oceania
2019,SOMALIA,July,6.0,7,2019-07-01,Somalia,Africa
2019,SOUTH AFRICA-ZUID AFRIKA,July,237.0,7,2019-07-01,South Africa,Africa
2019,SOUTH KOREA,July,647.0,7,2019-07-01,South Korea,Asia
2019,SOUTH SUDAN,July,0.0,7,2019-07-01,South Sudan,Africa
2019,SPAIN,July,2383.0,7,2019-07-01,Spain,Europe
2019,SUDAN,July,56.0,7,2019-07-01,Sudan,Africa
2019,SURINAME,July,0.0,7,2019-07-01,Suriname,America
2019,SWAZILAND,July,0.0,7,2019-07-01,Eswatini,Africa
2019,SWEDEN,July,574.0,7,2019-07-01,Sweden,Europe
2019,SWITZERLAND,July,3421.0,7,2019-07-01,Switzerland,Europe
2019,SYRIAN ARAB REPUBLIC,July,17.0,7,2019-07-01,Syria,Asia
2019,TAIWAN PROVINCE OF CHINA,July,364.0,7,2019-07-01,Taiwan,Asia
2019,TAJIKISTAN,July,1.0,7,2019-07-01,Tajikistan,Asia
2019,TANZANIA,July,13.0,7,2019-07-01,Tanzania,Africa
2019,THAILAND,July,569.0,7,2019-07-01,Thailand,Asia
2019,TIMOR-LESTE,July,2.0,7,2019-07-01,Timor-Leste,Asia
2019,TOGO,July,1.0,7,2019-07-01,Togo,Africa
2019,TONGA,July,0.0,7,2019-07-01,Tonga,Oceania
2019,TRINIDAD AND TOBAGO,July,1.0,7,2019-07-01,Trinidad and Tobago,America
2019,TUNISIA,July,36.0,7,2019-07-01,Tunisia,Africa
2019,TURKEY,July,183.0,7,2019-07-01,Türkiye,Asia
2019,TURKMENISTAN,July,1.0,7,2019-07-01,Turkmenistan,Asia
2019,TUVALU,July,0.0,7,2019-07-01,Tuvalu,Oceania
2019,UGANDA,July,23.0,7,2019-07-01,Uganda,Africa
2019,UKRAINE,July,768.0,7,2019-07-01,Ukraine,Europe
2019,UNITED ARAB EMIRATES,July,423.0,7,2019-07-01,United Arab Emirates,Asia
2019,UNITED KINGDOM,July,13010.0,7,2019-07-01,United Kingdom,Europe
2019,UNITED STATES,July,2974.0,7,2019-07-01,United States,America
2019,URUGUAY,July,4.0,7,2019-07-01,Uruguay,America
2019,UZBEKISTAN,July,34.0,7,2019-07-01,Uzbekistan,Asia
2019,VANUATU,July,0.0,7,2019-07-01,Vanuatu,Oceania
2019,VENEZUELA,July,16.0,7,2019-07-01,Venezuela,America
2019,VIET NAM,July,199.0,7,2019-07-01,Vietnam,Asia
2019,YEMEN (YEMEN ARAB REP.),July,125.0,7,2019-07-01,Yemen,Asia
2019,ZAMBIA(NORTHERN RHODESIA),July,5.0,7,2019-07-01,Zambia,Africa
2019,ZIMBABWE,July,12.0,7,2019-07-01,Zimbabwe,Africa
2019,AFGHANISTAN,August,54.0,8,2019-08-01,Afghanistan,Asia
2019,ALBANIA,August,15.0,8,2019-08-01,Albania,Europe
2019,ALGERIA,August,17.0,8,2019-08-01,Algeria,Africa
2019,ANDORRA,August,7.0,8,2019-08-01,Andorra,Europe
2019,ANGOLA,August,0.0,8,2019-08-01,Angola,Africa
2019,ANTIGUA AND BARBUDA,August,2.0,8,2019-08-01,Antigua and Barbuda,America
2019,ARGENTINA,August,43.0,8,2019-08-01,Argentina,America
2019,ARMENIA,August,81.0,8,2019-08-01,Armenia,Asia
2019,AUSTRALIA,August,5985.0,8,2019-08-01,Australia,Oceania
2019,AUSTRIA,August,667.0,8,2019-08-01,Austria,Europe
2019,AZERBAIJAN,August,24.0,8,2019-08-01,Azerbaijan,Asia
2019,BAHAMAS,August,0.0,8,2019-08-01,Bahamas,America
2019,BAHRAIN,August,318.0,8,2019-08-01,Bahrain,Asia
2019,BANGLADESH,August,804.0,8,2019-08-01,Bangladesh,Asia
2019,BARBADOS,August,0.0,8,2019-08-01,Barbados,America
2019,BELARUS,August,88.0,8,2019-08-01,Belarus,Europe
2019,BELGIUM,August,1508.0,8,2019-08-01,Belgium,Europe
2019,BELIZE,August,3.0,8,2019-08-01,Belize,America
2019,BENIN,August,0.0,8,2019-08-01,Benin,Africa
2019,BHUTAN,August,13.0,8,2019-08-01,Bhutan,Asia
2019,BOLIVIA,August,2.0,8,2019-08-01,Bolivia,America
2019,BOSNIA AND HERZEGOVINA,August,15.0,8,2019-08-01,Bosnia and Herzegovina,Europe
2019,BOTSWANA,August,2.0,8,2019-08-01,Botswana,Africa
2019,BRAZIL,August,75.0,8,2019-08-01,Brazil,America
2019,BRUNEI DARUSSALAM,August,2.0,8,2019-08-01,Brunei Darussalam,Asia
2019,BULGARIA,August,75.0,8,2019-08-01,Bulgaria,Europe
2019,BURKINA FASO,August,1.0,8,2019-08-01,Burkina Faso,Africa
2019,BURUNDI,August,0.0,8,2019-08-01,Burundi,Africa
2019,CAMBODIA,August,22.0,8,2019-08-01,Cambodia,Asia
2019,CAMEROON,August,2.0,8,2019-08-01,Cameroon,Africa
2019,CANADA,August,4052.0,8,2019-08-01,Canada,America
2019,CAPE VERDE,August,0.0,8,2019-08-01,Cabo Verde,Africa
2019,CHAD,August,0.0,8,2019-08-01,Chad,Africa
2019,CHILE,August,29.0,8,2019-08-01,Chile,America
2019,CHINA,August,9503.0,8,2019-08-01,China,Asia
2019,COLOMBIA,August,36.0,8,2019-08-01,Colombia,America
2019,COMOROS,August,13.0,8,2019-08-01,Comoros,Africa
2019,CONGO THE DEM REPOF THE,August,0.0,8,2019-08-01,DR Congo,Africa
2019,"CONGO, REPUBLIC OF.",August,0.0,8,2019-08-01,Congo Republic,Africa
2019,COSTA RICA,August,9.0,8,2019-08-01,Costa Rica,America
2019,COTE DIVOIRE,August,2.0,8,2019-08-01,Côte d'Ivoire,Africa
2019,CROATIA,August,94.0,8,2019-08-01,Croatia,Europe
2019,CUBA,August,1.0,8,2019-08-01,Cuba,America
2019,CYPRUS,August,114.0,8,2019-08-01,Cyprus,Asia
2019,CZECH REPUBLIC,August,585.0,8,2019-08-01,Czechia,Europe
2019,DENMARK,August,497.0,8,2019-08-01,Denmark,Europe
2019,DJIBOUTI,August,4.0,8,2019-08-01,Djibouti,Africa
2019,DOMINICA,August,5.0,8,2019-08-01,Dominica,America
2019,DOMINICAN REPUBLIC,August,7.0,8,2019-08-01,Dominican Republic,America
2019,ECUADOR,August,11.0,8,2019-08-01,Ecuador,America
2019,EGYPT,August,296.0,8,2019-08-01,Egypt,Africa
2019,EL SALVADOR,August,3.0,8,2019-08-01,El Salvador,America
2019,ERITREA,August,1.0,8,2019-08-01,Eritrea,Africa
2019,ESTONIA,August,19.0,8,2019-08-01,Estonia,Europe
2019,ETHIOPIA,August,15.0,8,2019-08-01,Ethiopia,Africa
2019,FIJI,August,5.0,8,2019-08-01,Fiji,Oceania
2019,FINLAND,August,112.0,8,2019-08-01,Finland,Europe
2019,FRANCE,August,7087.0,8,2019-08-01,France,Europe
2019,GABON,August,1.0,8,2019-08-01,Gabon,Africa
2019,"GAMBIA, THE",August,0.0,8,2019-08-01,Gambia,Africa
2019,GEORGIA,August,34.0,8,2019-08-01,Georgia,Asia
2019,GERMANY,August,7667.0,8,2019-08-01,Germany,Europe
2019,GHANA,August,8.0,8,2019-08-01,Ghana,Africa
2019,GREECE,August,515.0,8,2019-08-01,Greece,Europe
2019,GRENADA,August,0.0,8,2019-08-01,Grenada,America
2019,GUATEMALA,August,5.0,8,2019-08-01,Guatemala,America
2019,GUINEA,August,0.0,8,2019-08-01,Guinea,Africa
2019,GUINEA-BISSAU,August,0.0,8,2019-08-01,Guinea-Bissau,Africa
2019,GUYANA,August,0.0,8,2019-08-01,Guyana,America
2019,HAITI,August,0.0,8,2019-08-01,Haiti,America
2019,HONDURAS,August,5.0,8,2019-08-01,Honduras,America
2019,HONG KONG,August,1.0,8,2019-08-01,Hong Kong,Asia
2019,HUNGARY,August,90.0,8,2019-08-01,Hungary,Europe
2019,ICELAND,August,8.0,8,2019-08-01,Iceland,Europe
2019,INDIA,August,37568.0,8,2019-08-01,India,Asia
2019,INDONESIA,August,479.0,8,2019-08-01,Indonesia,Asia
2019,IRAN,August,117.0,8,2019-08-01,Iran,Asia
2019,IRAQ,August,133.0,8,2019-08-01,Iraq,Asia
2019,IRELAND,August,472.0,8,2019-08-01,Ireland,Europe
2019,ISRAEL,August,1785.0,8,2019-08-01,Israel,Asia
2019,ITALY,August,3340.0,8,2019-08-01,Italy,Europe
2019,JAMAICA,August,3.0,8,2019-08-01,Jamaica,America
2019,JAPAN,August,2428.0,8,2019-08-01,Japan,Asia
2019,JORDAN,August,268.0,8,2019-08-01,Jordan,Asia
2019,KAZAKHSTAN,August,35.0,8,2019-08-01,Kazakhstan,Asia
2019,KENYA,August,615.0,8,2019-08-01,Kenya,Africa
2019,KIRIBATI,August,0.0,8,2019-08-01,Kiribati,Oceania
2019,KOSOVAR,August,3.0,8,2019-08-01,KOSOVAR,Other
2019,KUWAIT,August,520.0,8,2019-08-01,Kuwait,Asia
2019,KYRGYZSTAN,August,17.0,8,2019-08-01,Kyrgyzstan,Asia
2019,LAO PEOPLES DEM. REP.,August,8.0,8,2019-08-01,Laos,Asia
2019,LATVIA,August,32.0,8,2019-08-01,Latvia,Europe
2019,LEBANON,August,410.0,8,2019-08-01,Lebanon,Asia
2019,LESOTHO,August,1.0,8,2019-08-01,Lesotho,Africa
2019,LIBERIA,August,3.0,8,2019-08-01,Liberia,Africa
2019,LIBYA,August,3.0,8,2019-08-01,Libya,Africa
2019,LIECHTENSTEIN,August,4.0,8,2019-08-01,Liechtenstein,Europe
2019,LITHUANIA,August,75.0,8,2019-08-01,Lithuania,Europe
2019,LUXEMBOURG,August,82.0,8,2019-08-01,Luxembourg,Europe
2019,MACEDONIA,August,10.0,8,2019-08-01,North Macedonia,Europe
2019,MADAGASCAR,August,113.0,8,2019-08-01,Madagascar,Africa
2019,MALAWI,August,0.0,8,2019-08-01,Malawi,Africa
2019,MALAYSIA,August,1533.0,8,2019-08-01,Malaysia,Asia
2019,MALDIVES,August,4930.0,8,2019-08-01,Maldives,Asia
2019,MALI,August,0.0,8,2019-08-01,Mali,Africa
2019,MALTA,August,66.0,8,2019-08-01,Malta,Europe
2019,MARSHALL ISLANDS,August,0.0,8,2019-08-01,Marshall Islands,Oceania
2019,MAURITANIA,August,0.0,8,2019-08-01,Mauritania,Africa
2019,MAURITIUS,August,35.0,8,2019-08-01,Mauritius,Africa
2019,MEXICO,August,53.0,8,2019-08-01,Mexico,America
2019,MICRONESIA,August,0.0,8,2019-08-01,"Micronesia, Fed. Sts.",Oceania
2019,MOLDOVA,August,14.0,8,2019-08-01,Moldova,Europe
2019,MONACO,August,7.0,8,2019-08-01,Monaco,Europe
2019,MONGOLIA,August,4.0,8,2019-08-01,Mongolia,Asia
2019,MONTENEGRO,August,23.0,8,2019-08-01,Montenegro,Europe
2019,MOROCCO,August,86.0,8,2019-08-01,Morocco,Africa
2019,MOZAMBIQUE,August,5.0,8,2019-08-01,Mozambique,Africa
2019,MYANMAR,August,653.0,8,2019-08-01,Myanmar,Asia
2019,NAMIBIA,August,1.0,8,2019-08-01,Namibia,Africa
2019,NAURU,August,0.0,8,2019-08-01,Nauru,Oceania
2019,NEPAL,August,398.0,8,2019-08-01,Nepal,Asia
2019,NETHERLANDS,August,3520.0,8,2019-08-01,Netherlands,Europe
2019,NEW ZEALAND,August,993.0,8,2019-08-01,New Zealand,Oceania
2019,NICARAGUA,August,1.0,8,2019-08-01,Nicaragua,America
2019,NIGER,August,0.0,8,2019-08-01,Niger,Africa
2019,NIGERIA,August,8.0,8,2019-08-01,Nigeria,Africa
2019,NORTH KOREA,August,0.0,8,2019-08-01,North Korea,Asia
2019,NORWAY,August,675.0,8,2019-08-01,Norway,Europe
2019,OMAN,August,326.0,8,2019-08-01,Oman,Asia
2019,PAKISTAN,August,2836.0,8,2019-08-01,Pakistan,Asia
2019,PALESTINIAN TERRITORIES,August,142.0,8,2019-08-01,Palestine,Asia
2019,PANAMA,August,0.0,8,2019-08-01,Panama,America
2019,PAPUA NEW GUINEA,August,6.0,8,2019-08-01,Papua New Guinea,Oceania
2019,PARAGUAY,August,4.0,8,2019-08-01,Paraguay,America
2019,PERU,August,15.0,8,2019-08-01,Peru,America
2019,PHILIPPINES,August,1121.0,8,2019-08-01,Philippines,Asia
2019,POLAND,August,558.0,8,2019-08-01,Poland,Europe
2019,PORTUGAL,August,431.0,8,2019-08-01,Portugal,Europe
2019,QATAR,August,135.0,8,2019-08-01,Qatar,Asia
2019,ROMANIA,August,293.0,8,2019-08-01,Romania,Europe
2019,RUSSIAN FEDERATION,August,1332.0,8,2019-08-01,Russia,Europe
2019,RWANDA,August,6.0,8,2019-08-01,Rwanda,Africa
2019,SAINT KITTS AND NEVIS,August,5.0,8,2019-08-01,St. Kitts and Nevis,America
2019,SAINT LUCIA,August,0.0,8,2019-08-01,St. Lucia,America
2019,SAINT VINCENT THE GRENADI,August,0.0,8,2019-08-01,St. Vincent and the Grenadines,America
2019,SAMOA,August,0.0,8,2019-08-01,Samoa,Oceania
2019,SAN MARINO,August,0.0,8,2019-08-01,San Marino,Europe
2019,SAUDI ARABIA,August,2357.0,8,2019-08-01,Saudi Arabia,Asia
2019,SENEGAL,August,1.0,8,2019-08-01,Senegal,Africa
2019,SERBIA.,August,86.0,8,2019-08-01,Serbia,Europe
2019,SEYCHELLES,August,0.0,8,2019-08-01,Seychelles,Africa
2019,SEYCHELLS,August,0.0,8,2019-08-01,Seychelles,Africa
2019,SIERRA LEONE,August,0.0,8,2019-08-01,Sierra Leone,Africa
2019,SINGAPORE,August,1202.0,8,2019-08-01,Singapore,Asia
2019,SLOVAKIA(SLOVAK REPUBLIC),August,188.0,8,2019-08-01,Slovakia,Europe
2019,SLOVENIA,August,120.0,8,2019-08-01,Slovenia,Europe
2019,SOLOMON ISLANDS,August,0.0,8,2019-08-01,Solomon Islands,Oceania
2019,SOMALIA,August,8.0,8,2019-08-01,Somalia,Africa
2019,SOUTH AFRICA-ZUID AFRIKA,August,305.0,8,2019-08-01,South Africa,Africa
2019,SOUTH KOREA,August,799.0,8,2019-08-01,South Korea,Asia
2019,SOUTH SUDAN,August,2.0,8,2019-08-01,South Sudan,Africa
2019,SPAIN,August,4419.0,8,2019-08-01,Spain,Europe
2019,SUDAN,August,54.0,8,2019-08-01,Sudan,Africa
2019,SURINAME,August,2.0,8,2019-08-01,Suriname,America
2019,SWAZILAND,August,0.0,8,2019-08-01,Eswatini,Africa
2019,SWEDEN,August,371.0,8,2019-08-01,Sweden,Europe
2019,SWITZERLAND,August,1311.0,8,2019-08-01,Switzerland,Europe
2019,SYRIAN ARAB REPUBLIC,August,0.0,8,2019-08-01,Syria,Asia
2019,TAIWAN PROVINCE OF CHINA,August,382.0,8,2019-08-01,Taiwan,Asia
2019,TAJIKISTAN,August,0.0,8,2019-08-01,Tajikistan,Asia
2019,TANZANIA,August,481.0,8,2019-08-01,Tanzania,Africa
2019,THAILAND,August,791.0,8,2019-08-01,Thailand,Asia
2019,TIMOR-LESTE,August,1.0,8,2019-08-01,Timor-Leste,Asia
2019,TOGO,August,0.0,8,2019-08-01,Togo,Africa
2019,TONGA,August,2.0,8,2019-08-01,Tonga,Oceania
2019,TRINIDAD AND TOBAGO,August,3.0,8,2019-08-01,Trinidad and Tobago,America
2019,TUNISIA,August,43.0,8,2019-08-01,Tunisia,Africa
2019,TURKEY,August,339.0,8,2019-08-01,Türkiye,Asia
2019,TURKMENISTAN,August,1.0,8,2019-08-01,Turkmenistan,Asia
2019,TUVALU,August,0.0,8,2019-08-01,Tuvalu,Oceania
2019,UGANDA,August,14.0,8,2019-08-01,Uganda,Africa
2019,UKRAINE,August,985.0,8,2019-08-01,Ukraine,Europe
2019,UNITED ARAB EMIRATES,August,439.0,8,2019-08-01,United Arab Emirates,Asia
2019,UNITED KINGDOM,August,14132.0,8,2019-08-01,United Kingdom,Europe
2019,UNITED STATES,August,4686.0,8,2019-08-01,United States,America
2019,URUGUAY,August,8.0,8,2019-08-01,Uruguay,America
2019,UZBEKISTAN,August,30.0,8,2019-08-01,Uzbekistan,Asia
2019,VANUATU,August,0.0,8,2019-08-01,Vanuatu,Oceania
2019,VENEZUELA,August,13.0,8,2019-08-01,Venezuela,America
2019,VIET NAM,August,197.0,8,2019-08-01,Vietnam,Asia
2019,YEMEN (YEMEN ARAB REP.),August,400.0,8,2019-08-01,Yemen,Asia
2019,ZAMBIA(NORTHERN RHODESIA),August,4.0,8,2019-08-01,Zambia,Africa
2019,ZIMBABWE,August,13.0,8,2019-08-01,Zimbabwe,Africa
2019,AFGHANISTAN,September,50.0,9,2019-09-01,Afghanistan,Asia
2019,ALBANIA,September,11.0,9,2019-09-01,Albania,Europe
2019,ALGERIA,September,29.0,9,2019-09-01,Algeria,Africa
2019,ANDORRA,September,2.0,9,2019-09-01,Andorra,Europe
2019,ANGOLA,September,3.0,9,2019-09-01,Angola,Africa
2019,ANTIGUA AND BARBUDA,September,0.0,9,2019-09-01,Antigua and Barbuda,America
2019,ARGENTINA,September,44.0,9,2019-09-01,Argentina,America
2019,ARMENIA,September,109.0,9,2019-09-01,Armenia,Asia
2019,AUSTRALIA,September,6895.0,9,2019-09-01,Australia,Oceania
2019,AUSTRIA,September,502.0,9,2019-09-01,Austria,Europe
2019,AZERBAIJAN,September,20.0,9,2019-09-01,Azerbaijan,Asia
2019,BAHAMAS,September,2.0,9,2019-09-01,Bahamas,America
2019,BAHRAIN,September,140.0,9,2019-09-01,Bahrain,Asia
2019,BANGLADESH,September,693.0,9,2019-09-01,Bangladesh,Asia
2019,BARBADOS,September,3.0,9,2019-09-01,Barbados,America
2019,BELARUS,September,75.0,9,2019-09-01,Belarus,Europe
2019,BELGIUM,September,1082.0,9,2019-09-01,Belgium,Europe
2019,BELIZE,September,1.0,9,2019-09-01,Belize,America
2019,BENIN,September,0.0,9,2019-09-01,Benin,Africa
2019,BHUTAN,September,23.0,9,2019-09-01,Bhutan,Asia
2019,BOLIVIA,September,3.0,9,2019-09-01,Bolivia,America
2019,BOSNIA AND HERZEGOVINA,September,14.0,9,2019-09-01,Bosnia and Herzegovina,Europe
2019,BOTSWANA,September,0.0,9,2019-09-01,Botswana,Africa
2019,BRAZIL,September,115.0,9,2019-09-01,Brazil,America
2019,BRUNEI DARUSSALAM,September,5.0,9,2019-09-01,Brunei Darussalam,Asia
2019,BULGARIA,September,67.0,9,2019-09-01,Bulgaria,Europe
2019,BURKINA FASO,September,2.0,9,2019-09-01,Burkina Faso,Africa
2019,BURUNDI,September,0.0,9,2019-09-01,Burundi,Africa
2019,CAMBODIA,September,36.0,9,2019-09-01,Cambodia,Asia
2019,CAMEROON,September,1.0,9,2019-09-01,Cameroon,Africa
2019,CANADA,September,2438.0,9,2019-09-01,Canada,America
2019,CAPE VERDE,September,1.0,9,2019-09-01,Cabo Verde,Africa
2019,CHAD,September,0.0,9,2019-09-01,Chad,Africa
2019,CHILE,September,59.0,9,2019-09-01,Chile,America
2019,CHINA,September,9231.0,9,2019-09-01,China,Asia
2019,COLOMBIA,September,57.0,9,2019-09-01,Colombia,America
2019,COMOROS,September,10.0,9,2019-09-01,Comoros,Africa
2019,CONGO THE DEM REPOF THE,September,1.0,9,2019-09-01,DR Congo,Africa
2019,"CONGO, REPUBLIC OF.",September,0.0,9,2019-09-01,Congo Republic,Africa
2019,COSTA RICA,September,8.0,9,2019-09-01,Costa Rica,America
2019,COTE DIVOIRE,September,4.0,9,2019-09-01,Côte d'Ivoire,Africa
2019,CROATIA,September,66.0,9,2019-09-01,Croatia,Europe
2019,CUBA,September,2.0,9,2019-09-01,Cuba,America
2019,CYPRUS,September,32.0,9,2019-09-01,Cyprus,Asia
2019,CZECH REPUBLIC,September,663.0,9,2019-09-01,Czechia,Europe
2019,DENMARK,September,416.0,9,2019-09-01,Denmark,Europe
2019,DJIBOUTI,September,0.0,9,2019-09-01,Djibouti,Africa
2019,DOMINICA,September,4.0,9,2019-09-01,Dominica,America
2019,DOMINICAN REPUBLIC,September,7.0,9,2019-09-01,Dominican Republic,America
2019,ECUADOR,September,8.0,9,2019-09-01,Ecuador,America
2019,EGYPT,September,265.0,9,2019-09-01,Egypt,Africa
2019,EL SALVADOR,September,5.0,9,2019-09-01,El Salvador,America
2019,ERITREA,September,2.0,9,2019-09-01,Eritrea,Africa
2019,ESTONIA,September,23.0,9,2019-09-01,Estonia,Europe
2019,ETHIOPIA,September,9.0,9,2019-09-01,Ethiopia,Africa
2019,FIJI,September,10.0,9,2019-09-01,Fiji,Oceania
2019,FINLAND,September,104.0,9,2019-09-01,Finland,Europe
2019,FRANCE,September,2929.0,9,2019-09-01,France,Europe
2019,GABON,September,1.0,9,2019-09-01,Gabon,Africa
2019,"GAMBIA, THE",September,1.0,9,2019-09-01,Gambia,Africa
2019,GEORGIA,September,26.0,9,2019-09-01,Georgia,Asia
2019,GERMANY,September,6396.0,9,2019-09-01,Germany,Europe
2019,GHANA,September,11.0,9,2019-09-01,Ghana,Africa
2019,GREECE,September,495.0,9,2019-09-01,Greece,Europe
2019,GRENADA,September,1.0,9,2019-09-01,Grenada,America
2019,GUATEMALA,September,3.0,9,2019-09-01,Guatemala,America
2019,GUINEA,September,4.0,9,2019-09-01,Guinea,Africa
2019,GUINEA-BISSAU,September,1.0,9,2019-09-01,Guinea-Bissau,Africa
2019,GUYANA,September,1.0,9,2019-09-01,Guyana,America
2019,HAITI,September,0.0,9,2019-09-01,Haiti,America
2019,HONDURAS,September,2.0,9,2019-09-01,Honduras,America
2019,HONG KONG,September,0.0,9,2019-09-01,Hong Kong,Asia
2019,HUNGARY,September,99.0,9,2019-09-01,Hungary,Europe
2019,ICELAND,September,13.0,9,2019-09-01,Iceland,Europe
2019,INDIA,September,28917.0,9,2019-09-01,India,Asia
2019,INDONESIA,September,519.0,9,2019-09-01,Indonesia,Asia
2019,IRAN,September,253.0,9,2019-09-01,Iran,Asia
2019,IRAQ,September,49.0,9,2019-09-01,Iraq,Asia
2019,IRELAND,September,315.0,9,2019-09-01,Ireland,Europe
2019,ISRAEL,September,1576.0,9,2019-09-01,Israel,Asia
2019,ITALY,September,1016.0,9,2019-09-01,Italy,Europe
2019,JAMAICA,September,1.0,9,2019-09-01,Jamaica,America
2019,JAPAN,September,2250.0,9,2019-09-01,Japan,Asia
2019,JORDAN,September,146.0,9,2019-09-01,Jordan,Asia
2019,KAZAKHSTAN,September,58.0,9,2019-09-01,Kazakhstan,Asia
2019,KENYA,September,427.0,9,2019-09-01,Kenya,Africa
2019,KIRIBATI,September,2.0,9,2019-09-01,Kiribati,Oceania
2019,KOSOVAR,September,5.0,9,2019-09-01,KOSOVAR,Other
2019,KUWAIT,September,98.0,9,2019-09-01,Kuwait,Asia
2019,KYRGYZSTAN,September,21.0,9,2019-09-01,Kyrgyzstan,Asia
2019,LAO PEOPLES DEM. REP.,September,11.0,9,2019-09-01,Laos,Asia
2019,LATVIA,September,51.0,9,2019-09-01,Latvia,Europe
2019,LEBANON,September,287.0,9,2019-09-01,Lebanon,Asia
2019,LESOTHO,September,0.0,9,2019-09-01,Lesotho,Africa
2019,LIBERIA,September,1.0,9,2019-09-01,Liberia,Africa
2019,LIBYA,September,9.0,9,2019-09-01,Libya,Africa
2019,LIECHTENSTEIN,September,4.0,9,2019-09-01,Liechtenstein,Europe
2019,LITHUANIA,September,72.0,9,2019-09-01,Lithuania,Europe
2019,LUXEMBOURG,September,14.0,9,2019-09-01,Luxembourg,Europe
2019,MACEDONIA,September,4.0,9,2019-09-01,North Macedonia,Europe
2019,MADAGASCAR,September,42.0,9,2019-09-01,Madagascar,Africa
2019,MALAWI,September,3.0,9,2019-09-01,Malawi,Africa
2019,MALAYSIA,September,1461.0,9,2019-09-01,Malaysia,Asia
2019,MALDIVES,September,4304.0,9,2019-09-01,Maldives,Asia
2019,MALI,September,1.0,9,2019-09-01,Mali,Africa
2019,MALTA,September,33.0,9,2019-09-01,Malta,Europe
2019,MARSHALL ISLANDS,September,0.0,9,2019-09-01,Marshall Islands,Oceania
2019,MAURITANIA,September,1.0,9,2019-09-01,Mauritania,Africa
2019,MAURITIUS,September,25.0,9,2019-09-01,Mauritius,Africa
2019,MEXICO,September,64.0,9,2019-09-01,Mexico,America
2019,MICRONESIA,September,1.0,9,2019-09-01,"Micronesia, Fed. Sts.",Oceania
2019,MOLDOVA,September,20.0,9,2019-09-01,Moldova,Europe
2019,MONACO,September,1.0,9,2019-09-01,Monaco,Europe
2019,MONGOLIA,September,11.0,9,2019-09-01,Mongolia,Asia
2019,MONTENEGRO,September,4.0,9,2019-09-01,Montenegro,Europe
2019,MOROCCO,September,69.0,9,2019-09-01,Morocco,Africa
2019,MOZAMBIQUE,September,6.0,9,2019-09-01,Mozambique,Africa
2019,MYANMAR,September,265.0,9,2019-09-01,Myanmar,Asia
2019,NAMIBIA,September,1.0,9,2019-09-01,Namibia,Africa
2019,NAURU,September,0.0,9,2019-09-01,Nauru,Oceania
2019,NEPAL,September,425.0,9,2019-09-01,Nepal,Asia
2019,NETHERLANDS,September,2673.0,9,2019-09-01,Netherlands,Europe
2019,NEW ZEALAND,September,954.0,9,2019-09-01,New Zealand,Oceania
2019,NICARAGUA,September,0.0,9,2019-09-01,Nicaragua,America
2019,NIGER,September,3.0,9,2019-09-01,Niger,Africa
2019,NIGERIA,September,17.0,9,2019-09-01,Nigeria,Africa
2019,NORTH KOREA,September,34.0,9,2019-09-01,North Korea,Asia
2019,NORWAY,September,522.0,9,2019-09-01,Norway,Europe
2019,OMAN,September,193.0,9,2019-09-01,Oman,Asia
2019,PAKISTAN,September,1849.0,9,2019-09-01,Pakistan,Asia
2019,PALESTINIAN TERRITORIES,September,67.0,9,2019-09-01,Palestine,Asia
2019,PANAMA,September,4.0,9,2019-09-01,Panama,America
2019,PAPUA NEW GUINEA,September,12.0,9,2019-09-01,Papua New Guinea,Oceania
2019,PARAGUAY,September,2.0,9,2019-09-01,Paraguay,America
2019,PERU,September,22.0,9,2019-09-01,Peru,America
2019,PHILIPPINES,September,1372.0,9,2019-09-01,Philippines,Asia
2019,POLAND,September,702.0,9,2019-09-01,Poland,Europe
2019,PORTUGAL,September,251.0,9,2019-09-01,Portugal,Europe
2019,QATAR,September,31.0,9,2019-09-01,Qatar,Asia
2019,ROMANIA,September,209.0,9,2019-09-01,Romania,Europe
2019,RUSSIAN FEDERATION,September,1638.0,9,2019-09-01,Russia,Europe
2019,RWANDA,September,0.0,9,2019-09-01,Rwanda,Africa
2019,SAINT KITTS AND NEVIS,September,3.0,9,2019-09-01,St. Kitts and Nevis,America
2019,SAINT LUCIA,September,4.0,9,2019-09-01,St. Lucia,America
2019,SAINT VINCENT THE GRENADI,September,0.0,9,2019-09-01,St. Vincent and the Grenadines,America
2019,SAMOA,September,4.0,9,2019-09-01,Samoa,Oceania
2019,SAN MARINO,September,1.0,9,2019-09-01,San Marino,Europe
2019,SAUDI ARABIA,September,985.0,9,2019-09-01,Saudi Arabia,Asia
2019,SENEGAL,September,2.0,9,2019-09-01,Senegal,Africa
2019,SERBIA.,September,56.0,9,2019-09-01,Serbia,Europe
2019,SEYCHELLES,September,0.0,9,2019-09-01,Seychelles,Africa
2019,SEYCHELLS,September,0.0,9,2019-09-01,Seychelles,Africa
2019,SIERRA LEONE,September,1.0,9,2019-09-01,Sierra Leone,Africa
2019,SINGAPORE,September,1017.0,9,2019-09-01,Singapore,Asia
2019,SLOVAKIA(SLOVAK REPUBLIC),September,171.0,9,2019-09-01,Slovakia,Europe
2019,SLOVENIA,September,106.0,9,2019-09-01,Slovenia,Europe
2019,SOLOMON ISLANDS,September,3.0,9,2019-09-01,Solomon Islands,Oceania
2019,SOMALIA,September,0.0,9,2019-09-01,Somalia,Africa
2019,SOUTH AFRICA-ZUID AFRIKA,September,240.0,9,2019-09-01,South Africa,Africa
2019,SOUTH KOREA,September,745.0,9,2019-09-01,South Korea,Asia
2019,SOUTH SUDAN,September,6.0,9,2019-09-01,South Sudan,Africa
2019,SPAIN,September,1930.0,9,2019-09-01,Spain,Europe
2019,SUDAN,September,89.0,9,2019-09-01,Sudan,Africa
2019,SURINAME,September,0.0,9,2019-09-01,Suriname,America
2019,SWAZILAND,September,1.0,9,2019-09-01,Eswatini,Africa
2019,SWEDEN,September,427.0,9,2019-09-01,Sweden,Europe
2019,SWITZERLAND,September,1304.0,9,2019-09-01,Switzerland,Europe
2019,SYRIAN ARAB REPUBLIC,September,24.0,9,2019-09-01,Syria,Asia
2019,TAIWAN PROVINCE OF CHINA,September,655.0,9,2019-09-01,Taiwan,Asia
2019,TAJIKISTAN,September,4.0,9,2019-09-01,Tajikistan,Asia
2019,TANZANIA,September,193.0,9,2019-09-01,Tanzania,Africa
2019,THAILAND,September,611.0,9,2019-09-01,Thailand,Asia
2019,TIMOR-LESTE,September,0.0,9,2019-09-01,Timor-Leste,Asia
2019,TOGO,September,35.0,9,2019-09-01,Togo,Africa
2019,TONGA,September,1.0,9,2019-09-01,Tonga,Oceania
2019,TRINIDAD AND TOBAGO,September,7.0,9,2019-09-01,Trinidad and Tobago,America
2019,TUNISIA,September,19.0,9,2019-09-01,Tunisia,Africa
2019,TURKEY,September,152.0,9,2019-09-01,Türkiye,Asia
2019,TURKMENISTAN,September,35.0,9,2019-09-01,Turkmenistan,Asia
2019,TUVALU,September,1.0,9,2019-09-01,Tuvalu,Oceania
2019,UGANDA,September,16.0,9,2019-09-01,Uganda,Africa
2019,UKRAINE,September,1321.0,9,2019-09-01,Ukraine,Europe
2019,UNITED ARAB EMIRATES,September,138.0,9,2019-09-01,United Arab Emirates,Asia
2019,UNITED KINGDOM,September,8345.0,9,2019-09-01,United Kingdom,Europe
2019,UNITED STATES,September,2830.0,9,2019-09-01,United States,America
2019,URUGUAY,September,6.0,9,2019-09-01,Uruguay,America
2019,UZBEKISTAN,September,19.0,9,2019-09-01,Uzbekistan,Asia
2019,VANUATU,September,2.0,9,2019-09-01,Vanuatu,Oceania
2019,VENEZUELA,September,8.0,9,2019-09-01,Venezuela,America
2019,VIET NAM,September,211.0,9,2019-09-01,Vietnam,Asia
2019,YEMEN (YEMEN ARAB REP.),September,104.0,9,2019-09-01,Yemen,Asia
2019,ZAMBIA(NORTHERN RHODESIA),September,3.0,9,2019-09-01,Zambia,Africa
2019,ZIMBABWE,September,7.0,9,2019-09-01,Zimbabwe,Africa
2019,AFGHANISTAN,October,22.0,10,2019-10-01,Afghanistan,Asia
2019,ALBANIA,October,23.0,10,2019-10-01,Albania,Europe
2019,ALGERIA,October,16.0,10,2019-10-01,Algeria,Africa
2019,ANDORRA,October,7.0,10,2019-10-01,Andorra,Europe
2019,ANGOLA,October,5.0,10,2019-10-01,Angola,Africa
2019,ANTIGUA AND BARBUDA,October,0.0,10,2019-10-01,Antigua and Barbuda,America
2019,ARGENTINA,October,53.0,10,2019-10-01,Argentina,America
2019,ARMENIA,October,91.0,10,2019-10-01,Armenia,Asia
2019,AUSTRALIA,October,5562.0,10,2019-10-01,Australia,Oceania
2019,AUSTRIA,October,543.0,10,2019-10-01,Austria,Europe
2019,AZERBAIJAN,October,15.0,10,2019-10-01,Azerbaijan,Asia
2019,BAHAMAS,October,1.0,10,2019-10-01,Bahamas,America
2019,BAHRAIN,October,108.0,10,2019-10-01,Bahrain,Asia
2019,BANGLADESH,October,665.0,10,2019-10-01,Bangladesh,Asia
2019,BARBADOS,October,1.0,10,2019-10-01,Barbados,America
2019,BELARUS,October,225.0,10,2019-10-01,Belarus,Europe
2019,BELGIUM,October,561.0,10,2019-10-01,Belgium,Europe
2019,BELIZE,October,1.0,10,2019-10-01,Belize,America
2019,BENIN,October,1.0,10,2019-10-01,Benin,Africa
2019,BHUTAN,October,43.0,10,2019-10-01,Bhutan,Asia
2019,BOLIVIA,October,2.0,10,2019-10-01,Bolivia,America
2019,BOSNIA AND HERZEGOVINA,October,10.0,10,2019-10-01,Bosnia and Herzegovina,Europe
2019,BOTSWANA,October,2.0,10,2019-10-01,Botswana,Africa
2019,BRAZIL,October,106.0,10,2019-10-01,Brazil,America
2019,BRUNEI DARUSSALAM,October,2.0,10,2019-10-01,Brunei Darussalam,Asia
2019,BULGARIA,October,121.0,10,2019-10-01,Bulgaria,Europe
2019,BURKINA FASO,October,1.0,10,2019-10-01,Burkina Faso,Africa
2019,BURUNDI,October,0.0,10,2019-10-01,Burundi,Africa
2019,CAMBODIA,October,22.0,10,2019-10-01,Cambodia,Asia
2019,CAMEROON,October,2.0,10,2019-10-01,Cameroon,Africa
2019,CANADA,October,2385.0,10,2019-10-01,Canada,America
2019,CAPE VERDE,October,2.0,10,2019-10-01,Cabo Verde,Africa
2019,CHAD,October,0.0,10,2019-10-01,Chad,Africa
2019,CHILE,October,41.0,10,2019-10-01,Chile,America
2019,CHINA,October,11683.0,10,2019-10-01,China,Asia
2019,COLOMBIA,October,46.0,10,2019-10-01,Colombia,America
2019,COMOROS,October,5.0,10,2019-10-01,Comoros,Africa
2019,CONGO THE DEM REPOF THE,October,2.0,10,2019-10-01,DR Congo,Africa
2019,"CONGO, REPUBLIC OF.",October,0.0,10,2019-10-01,Congo Republic,Africa
2019,COSTA RICA,October,9.0,10,2019-10-01,Costa Rica,America
2019,COTE DIVOIRE,October,0.0,10,2019-10-01,Côte d'Ivoire,Africa
2019,CROATIA,October,73.0,10,2019-10-01,Croatia,Europe
2019,CUBA,October,4.0,10,2019-10-01,Cuba,America
2019,CYPRUS,October,27.0,10,2019-10-01,Cyprus,Asia
2019,CZECH REPUBLIC,October,700.0,10,2019-10-01,Czechia,Europe
2019,DENMARK,October,636.0,10,2019-10-01,Denmark,Europe
2019,DJIBOUTI,October,1.0,10,2019-10-01,Djibouti,Africa
2019,DOMINICA,October,5.0,10,2019-10-01,Dominica,America
2019,DOMINICAN REPUBLIC,October,4.0,10,2019-10-01,Dominican Republic,America
2019,ECUADOR,October,3.0,10,2019-10-01,Ecuador,America
2019,EGYPT,October,290.0,10,2019-10-01,Egypt,Africa
2019,EL SALVADOR,October,6.0,10,2019-10-01,El Salvador,America
2019,ERITREA,October,8.0,10,2019-10-01,Eritrea,Africa
2019,ESTONIA,October,167.0,10,2019-10-01,Estonia,Europe
2019,ETHIOPIA,October,7.0,10,2019-10-01,Ethiopia,Africa
2019,FIJI,October,10.0,10,2019-10-01,Fiji,Oceania
2019,FINLAND,October,216.0,10,2019-10-01,Finland,Europe
2019,FRANCE,October,3383.0,10,2019-10-01,France,Europe
2019,GABON,October,0.0,10,2019-10-01,Gabon,Africa
2019,"GAMBIA, THE",October,2.0,10,2019-10-01,Gambia,Africa
2019,GEORGIA,October,58.0,10,2019-10-01,Georgia,Asia
2019,GERMANY,October,7820.0,10,2019-10-01,Germany,Europe
2019,GHANA,October,4.0,10,2019-10-01,Ghana,Africa
2019,GREECE,October,507.0,10,2019-10-01,Greece,Europe
2019,GRENADA,October,0.0,10,2019-10-01,Grenada,America
2019,GUATEMALA,October,4.0,10,2019-10-01,Guatemala,America
2019,GUINEA,October,2.0,10,2019-10-01,Guinea,Africa
2019,GUINEA-BISSAU,October,0.0,10,2019-10-01,Guinea-Bissau,Africa
2019,GUYANA,October,2.0,10,2019-10-01,Guyana,America
2019,HAITI,October,0.0,10,2019-10-01,Haiti,America
2019,HONDURAS,October,1.0,10,2019-10-01,Honduras,America
2019,HONG KONG,October,0.0,10,2019-10-01,Hong Kong,Asia
2019,HUNGARY,October,169.0,10,2019-10-01,Hungary,Europe
2019,ICELAND,October,33.0,10,2019-10-01,Iceland,Europe
2019,INDIA,October,33217.0,10,2019-10-01,India,Asia
2019,INDONESIA,October,454.0,10,2019-10-01,Indonesia,Asia
2019,IRAN,October,394.0,10,2019-10-01,Iran,Asia
2019,IRAQ,October,76.0,10,2019-10-01,Iraq,Asia
2019,IRELAND,October,484.0,10,2019-10-01,Ireland,Europe
2019,ISRAEL,October,1411.0,10,2019-10-01,Israel,Asia
2019,ITALY,October,947.0,10,2019-10-01,Italy,Europe
2019,JAMAICA,October,2.0,10,2019-10-01,Jamaica,America
2019,JAPAN,October,1832.0,10,2019-10-01,Japan,Asia
2019,JORDAN,October,193.0,10,2019-10-01,Jordan,Asia
2019,KAZAKHSTAN,October,91.0,10,2019-10-01,Kazakhstan,Asia
2019,KENYA,October,30.0,10,2019-10-01,Kenya,Africa
2019,KIRIBATI,October,1.0,10,2019-10-01,Kiribati,Oceania
2019,KOSOVAR,October,3.0,10,2019-10-01,KOSOVAR,Other
2019,KUWAIT,October,123.0,10,2019-10-01,Kuwait,Asia
2019,KYRGYZSTAN,October,13.0,10,2019-10-01,Kyrgyzstan,Asia
2019,LAO PEOPLES DEM. REP.,October,8.0,10,2019-10-01,Laos,Asia
2019,LATVIA,October,125.0,10,2019-10-01,Latvia,Europe
2019,LEBANON,October,163.0,10,2019-10-01,Lebanon,Asia
2019,LESOTHO,October,1.0,10,2019-10-01,Lesotho,Africa
2019,LIBERIA,October,0.0,10,2019-10-01,Liberia,Africa
2019,LIBYA,October,8.0,10,2019-10-01,Libya,Africa
2019,LIECHTENSTEIN,October,3.0,10,2019-10-01,Liechtenstein,Europe
2019,LITHUANIA,October,159.0,10,2019-10-01,Lithuania,Europe
2019,LUXEMBOURG,October,20.0,10,2019-10-01,Luxembourg,Europe
2019,MACEDONIA,October,7.0,10,2019-10-01,North Macedonia,Europe
2019,MADAGASCAR,October,5.0,10,2019-10-01,Madagascar,Africa
2019,MALAWI,October,4.0,10,2019-10-01,Malawi,Africa
2019,MALAYSIA,October,1248.0,10,2019-10-01,Malaysia,Asia
2019,MALDIVES,October,3934.0,10,2019-10-01,Maldives,Asia
2019,MALI,October,2.0,10,2019-10-01,Mali,Africa
2019,MALTA,October,24.0,10,2019-10-01,Malta,Europe
2019,MARSHALL ISLANDS,October,0.0,10,2019-10-01,Marshall Islands,Oceania
2019,MAURITANIA,October,2.0,10,2019-10-01,Mauritania,Africa
2019,MAURITIUS,October,19.0,10,2019-10-01,Mauritius,Africa
2019,MEXICO,October,76.0,10,2019-10-01,Mexico,America
2019,MICRONESIA,October,0.0,10,2019-10-01,"Micronesia, Fed. Sts.",Oceania
2019,MOLDOVA,October,19.0,10,2019-10-01,Moldova,Europe
2019,MONACO,October,0.0,10,2019-10-01,Monaco,Europe
2019,MONGOLIA,October,4.0,10,2019-10-01,Mongolia,Asia
2019,MONTENEGRO,October,11.0,10,2019-10-01,Montenegro,Europe
2019,MOROCCO,October,49.0,10,2019-10-01,Morocco,Africa
2019,MOZAMBIQUE,October,0.0,10,2019-10-01,Mozambique,Africa
2019,MYANMAR,October,199.0,10,2019-10-01,Myanmar,Asia
2019,NAMIBIA,October,1.0,10,2019-10-01,Namibia,Africa
2019,NAURU,October,0.0,10,2019-10-01,Nauru,Oceania
2019,NEPAL,October,656.0,10,2019-10-01,Nepal,Asia
2019,NETHERLANDS,October,1659.0,10,2019-10-01,Netherlands,Europe
2019,NEW ZEALAND,October,663.0,10,2019-10-01,New Zealand,Oceania
2019,NICARAGUA,October,0.0,10,2019-10-01,Nicaragua,America
2019,NIGER,October,0.0,10,2019-10-01,Niger,Africa
2019,NIGERIA,October,13.0,10,2019-10-01,Nigeria,Africa
2019,NORTH KOREA,October,0.0,10,2019-10-01,North Korea,Asia
2019,NORWAY,October,452.0,10,2019-10-01,Norway,Europe
2019,OMAN,October,162.0,10,2019-10-01,Oman,Asia
2019,PAKISTAN,October,1060.0,10,2019-10-01,Pakistan,Asia
2019,PALESTINIAN TERRITORIES,October,42.0,10,2019-10-01,Palestine,Asia
2019,PANAMA,October,0.0,10,2019-10-01,Panama,America
2019,PAPUA NEW GUINEA,October,3.0,10,2019-10-01,Papua New Guinea,Oceania
2019,PARAGUAY,October,0.0,10,2019-10-01,Paraguay,America
2019,PERU,October,18.0,10,2019-10-01,Peru,America
2019,PHILIPPINES,October,1285.0,10,2019-10-01,Philippines,Asia
2019,POLAND,October,805.0,10,2019-10-01,Poland,Europe
2019,PORTUGAL,October,312.0,10,2019-10-01,Portugal,Europe
2019,QATAR,October,41.0,10,2019-10-01,Qatar,Asia
2019,ROMANIA,October,225.0,10,2019-10-01,Romania,Europe
2019,RUSSIAN FEDERATION,October,5761.0,10,2019-10-01,Russia,Europe
2019,RWANDA,October,2.0,10,2019-10-01,Rwanda,Africa
2019,SAINT KITTS AND NEVIS,October,2.0,10,2019-10-01,St. Kitts and Nevis,America
2019,SAINT LUCIA,October,0.0,10,2019-10-01,St. Lucia,America
2019,SAINT VINCENT THE GRENADI,October,0.0,10,2019-10-01,St. Vincent and the Grenadines,America
2019,SAMOA,October,0.0,10,2019-10-01,Samoa,Oceania
2019,SAN MARINO,October,1.0,10,2019-10-01,San Marino,Europe
2019,SAUDI ARABIA,October,656.0,10,2019-10-01,Saudi Arabia,Asia
2019,SENEGAL,October,1.0,10,2019-10-01,Senegal,Africa
2019,SERBIA.,October,47.0,10,2019-10-01,Serbia,Europe
2019,SEYCHELLES,October,0.0,10,2019-10-01,Seychelles,Africa
2019,SEYCHELLS,October,0.0,10,2019-10-01,Seychelles,Africa
2019,SIERRA LEONE,October,0.0,10,2019-10-01,Sierra Leone,Africa
2019,SINGAPORE,October,959.0,10,2019-10-01,Singapore,Asia
2019,SLOVAKIA(SLOVAK REPUBLIC),October,215.0,10,2019-10-01,Slovakia,Europe
2019,SLOVENIA,October,245.0,10,2019-10-01,Slovenia,Europe
2019,SOLOMON ISLANDS,October,0.0,10,2019-10-01,Solomon Islands,Oceania
2019,SOMALIA,October,1.0,10,2019-10-01,Somalia,Africa
2019,SOUTH AFRICA-ZUID AFRIKA,October,253.0,10,2019-10-01,South Africa,Africa
2019,SOUTH KOREA,October,962.0,10,2019-10-01,South Korea,Asia
2019,SOUTH SUDAN,October,0.0,10,2019-10-01,South Sudan,Africa
2019,SPAIN,October,1696.0,10,2019-10-01,Spain,Europe
2019,SUDAN,October,26.0,10,2019-10-01,Sudan,Africa
2019,SURINAME,October,6.0,10,2019-10-01,Suriname,America
2019,SWAZILAND,October,0.0,10,2019-10-01,Eswatini,Africa
2019,SWEDEN,October,869.0,10,2019-10-01,Sweden,Europe
2019,SWITZERLAND,October,1453.0,10,2019-10-01,Switzerland,Europe
2019,SYRIAN ARAB REPUBLIC,October,2.0,10,2019-10-01,Syria,Asia
2019,TAIWAN PROVINCE OF CHINA,October,520.0,10,2019-10-01,Taiwan,Asia
2019,TAJIKISTAN,October,5.0,10,2019-10-01,Tajikistan,Asia
2019,TANZANIA,October,10.0,10,2019-10-01,Tanzania,Africa
2019,THAILAND,October,853.0,10,2019-10-01,Thailand,Asia
2019,TIMOR-LESTE,October,5.0,10,2019-10-01,Timor-Leste,Asia
2019,TOGO,October,0.0,10,2019-10-01,Togo,Africa
2019,TONGA,October,0.0,10,2019-10-01,Tonga,Oceania
2019,TRINIDAD AND TOBAGO,October,6.0,10,2019-10-01,Trinidad and Tobago,America
2019,TUNISIA,October,39.0,10,2019-10-01,Tunisia,Africa
2019,TURKEY,October,157.0,10,2019-10-01,Türkiye,Asia
2019,TURKMENISTAN,October,1.0,10,2019-10-01,Turkmenistan,Asia
2019,TUVALU,October,0.0,10,2019-10-01,Tuvalu,Oceania
2019,UGANDA,October,6.0,10,2019-10-01,Uganda,Africa
2019,UKRAINE,October,2655.0,10,2019-10-01,Ukraine,Europe
2019,UNITED ARAB EMIRATES,October,139.0,10,2019-10-01,United Arab Emirates,Asia
2019,UNITED KINGDOM,October,8763.0,10,2019-10-01,United Kingdom,Europe
2019,UNITED STATES,October,2836.0,10,2019-10-01,United States,America
2019,URUGUAY,October,5.0,10,2019-10-01,Uruguay,America
2019,UZBEKISTAN,October,34.0,10,2019-10-01,Uzbekistan,Asia
2019,VANUATU,October,1.0,10,2019-10-01,Vanuatu,Oceania
2019,VENEZUELA,October,4.0,10,2019-10-01,Venezuela,America
2019,VIET NAM,October,192.0,10,2019-10-01,Vietnam,Asia
2019,YEMEN (YEMEN ARAB REP.),October,48.0,10,2019-10-01,Yemen,Asia
2019,ZAMBIA(NORTHERN RHODESIA),October,4.0,10,2019-10-01,Zambia,Africa
2019,ZIMBABWE,October,19.0,10,2019-10-01,Zimbabwe,Africa
2019,AFGHANISTAN,November,55.0,11,2019-11-01,Afghanistan,Asia
2019,ALBANIA,November,27.0,11,2019-11-01,Albania,Europe
2019,ALGERIA,November,13.0,11,2019-11-01,Algeria,Africa
2019,ANDORRA,November,2.0,11,2019-11-01,Andorra,Europe
2019,ANGOLA,November,2.0,11,2019-11-01,Angola,Africa
2019,ANTIGUA AND BARBUDA,November,5.0,11,2019-11-01,Antigua and Barbuda,America
2019,ARGENTINA,November,142.0,11,2019-11-01,Argentina,America
2019,ARMENIA,November,78.0,11,2019-11-01,Armenia,Asia
2019,AUSTRALIA,November,7067.0,11,2019-11-01,Australia,Oceania
2019,AUSTRIA,November,1349.0,11,2019-11-01,Austria,Europe
2019,AZERBAIJAN,November,35.0,11,2019-11-01,Azerbaijan,Asia
2019,BAHAMAS,November,0.0,11,2019-11-01,Bahamas,America
2019,BAHRAIN,November,194.0,11,2019-11-01,Bahrain,Asia
2019,BANGLADESH,November,626.0,11,2019-11-01,Bangladesh,Asia
2019,BARBADOS,November,2.0,11,2019-11-01,Barbados,America
2019,BELARUS,November,662.0,11,2019-11-01,Belarus,Europe
2019,BELGIUM,November,933.0,11,2019-11-01,Belgium,Europe
2019,BELIZE,November,5.0,11,2019-11-01,Belize,America
2019,BENIN,November,2.0,11,2019-11-01,Benin,Africa
2019,BHUTAN,November,38.0,11,2019-11-01,Bhutan,Asia
2019,BOLIVIA,November,1.0,11,2019-11-01,Bolivia,America
2019,BOSNIA AND HERZEGOVINA,November,13.0,11,2019-11-01,Bosnia and Herzegovina,Europe
2019,BOTSWANA,November,3.0,11,2019-11-01,Botswana,Africa
2019,BRAZIL,November,318.0,11,2019-11-01,Brazil,America
2019,BRUNEI DARUSSALAM,November,2.0,11,2019-11-01,Brunei Darussalam,Asia
2019,BULGARIA,November,268.0,11,2019-11-01,Bulgaria,Europe
2019,BURKINA FASO,November,0.0,11,2019-11-01,Burkina Faso,Africa
2019,BURUNDI,November,0.0,11,2019-11-01,Burundi,Africa
2019,CAMBODIA,November,94.0,11,2019-11-01,Cambodia,Asia
2019,CAMEROON,November,1.0,11,2019-11-01,Cameroon,Africa
2019,CANADA,November,3053.0,11,2019-11-01,Canada,America
2019,CAPE VERDE,November,2.0,11,2019-11-01,Cabo Verde,Africa
2019,CHAD,November,0.0,11,2019-11-01,Chad,Africa
2019,CHILE,November,65.0,11,2019-11-01,Chile,America
2019,CHINA,November,16312.0,11,2019-11-01,China,Asia
2019,COLOMBIA,November,58.0,11,2019-11-01,Colombia,America
2019,COMOROS,November,7.0,11,2019-11-01,Comoros,Africa
2019,CONGO THE DEM REPOF THE,November,6.0,11,2019-11-01,DR Congo,Africa
2019,"CONGO, REPUBLIC OF.",November,0.0,11,2019-11-01,Congo Republic,Africa
2019,COSTA RICA,November,6.0,11,2019-11-01,Costa Rica,America
2019,COTE DIVOIRE,November,3.0,11,2019-11-01,Côte d'Ivoire,Africa
2019,CROATIA,November,147.0,11,2019-11-01,Croatia,Europe
2019,CUBA,November,3.0,11,2019-11-01,Cuba,America
2019,CYPRUS,November,44.0,11,2019-11-01,Cyprus,Asia
2019,CZECH REPUBLIC,November,1631.0,11,2019-11-01,Czechia,Europe
2019,DENMARK,November,763.0,11,2019-11-01,Denmark,Europe
2019,DJIBOUTI,November,1.0,11,2019-11-01,Djibouti,Africa
2019,DOMINICA,November,5.0,11,2019-11-01,Dominica,America
2019,DOMINICAN REPUBLIC,November,44.0,11,2019-11-01,Dominican Republic,America
2019,ECUADOR,November,10.0,11,2019-11-01,Ecuador,America
2019,EGYPT,November,423.0,11,2019-11-01,Egypt,Africa
2019,EL SALVADOR,November,6.0,11,2019-11-01,El Salvador,America
2019,ERITREA,November,5.0,11,2019-11-01,Eritrea,Africa
2019,ESTONIA,November,156.0,11,2019-11-01,Estonia,Europe
2019,ETHIOPIA,November,16.0,11,2019-11-01,Ethiopia,Africa
2019,FIJI,November,14.0,11,2019-11-01,Fiji,Oceania
2019,FINLAND,November,446.0,11,2019-11-01,Finland,Europe
2019,FRANCE,November,4857.0,11,2019-11-01,France,Europe
2019,GABON,November,0.0,11,2019-11-01,Gabon,Africa
2019,"GAMBIA, THE",November,1.0,11,2019-11-01,Gambia,Africa
2019,GEORGIA,November,66.0,11,2019-11-01,Georgia,Asia
2019,GERMANY,November,20844.0,11,2019-11-01,Germany,Europe
2019,GHANA,November,13.0,11,2019-11-01,Ghana,Africa
2019,GREECE,November,539.0,11,2019-11-01,Greece,Europe
2019,GRENADA,November,1.0,11,2019-11-01,Grenada,America
2019,GUATEMALA,November,15.0,11,2019-11-01,Guatemala,America
2019,GUINEA,November,2.0,11,2019-11-01,Guinea,Africa
2019,GUINEA-BISSAU,November,1.0,11,2019-11-01,Guinea-Bissau,Africa
2019,GUYANA,November,0.0,11,2019-11-01,Guyana,America
2019,HAITI,November,1.0,11,2019-11-01,Haiti,America
2019,HONDURAS,November,11.0,11,2019-11-01,Honduras,America
2019,HONG KONG,November,0.0,11,2019-11-01,Hong Kong,Asia
2019,HUNGARY,November,322.0,11,2019-11-01,Hungary,Europe
2019,ICELAND,November,47.0,11,2019-11-01,Iceland,Europe
2019,INDIA,November,31677.0,11,2019-11-01,India,Asia
2019,INDONESIA,November,318.0,11,2019-11-01,Indonesia,Asia
2019,IRAN,November,220.0,11,2019-11-01,Iran,Asia
2019,IRAQ,November,92.0,11,2019-11-01,Iraq,Asia
2019,IRELAND,November,627.0,11,2019-11-01,Ireland,Europe
2019,ISRAEL,November,760.0,11,2019-11-01,Israel,Asia
2019,ITALY,November,3917.0,11,2019-11-01,Italy,Europe
2019,JAMAICA,November,0.0,11,2019-11-01,Jamaica,America
2019,JAPAN,November,1825.0,11,2019-11-01,Japan,Asia
2019,JORDAN,November,348.0,11,2019-11-01,Jordan,Asia
2019,KAZAKHSTAN,November,220.0,11,2019-11-01,Kazakhstan,Asia
2019,KENYA,November,59.0,11,2019-11-01,Kenya,Africa
2019,KIRIBATI,November,0.0,11,2019-11-01,Kiribati,Oceania
2019,KOSOVAR,November,4.0,11,2019-11-01,KOSOVAR,Other
2019,KUWAIT,November,135.0,11,2019-11-01,Kuwait,Asia
2019,KYRGYZSTAN,November,12.0,11,2019-11-01,Kyrgyzstan,Asia
2019,LAO PEOPLES DEM. REP.,November,25.0,11,2019-11-01,Laos,Asia
2019,LATVIA,November,227.0,11,2019-11-01,Latvia,Europe
2019,LEBANON,November,377.0,11,2019-11-01,Lebanon,Asia
2019,LESOTHO,November,3.0,11,2019-11-01,Lesotho,Africa
2019,LIBERIA,November,0.0,11,2019-11-01,Liberia,Africa
2019,LIBYA,November,11.0,11,2019-11-01,Libya,Africa
2019,LIECHTENSTEIN,November,15.0,11,2019-11-01,Liechtenstein,Europe
2019,LITHUANIA,November,363.0,11,2019-11-01,Lithuania,Europe
2019,LUXEMBOURG,November,51.0,11,2019-11-01,Luxembourg,Europe
2019,MACEDONIA,November,23.0,11,2019-11-01,North Macedonia,Europe
2019,MADAGASCAR,November,5.0,11,2019-11-01,Madagascar,Africa
2019,MALAWI,November,10.0,11,2019-11-01,Malawi,Africa
2019,MALAYSIA,November,1461.0,11,2019-11-01,Malaysia,Asia
2019,MALDIVES,November,5850.0,11,2019-11-01,Maldives,Asia
2019,MALI,November,2.0,11,2019-11-01,Mali,Africa
2019,MALTA,November,42.0,11,2019-11-01,Malta,Europe
2019,MARSHALL ISLANDS,November,0.0,11,2019-11-01,Marshall Islands,Oceania
2019,MAURITANIA,November,1.0,11,2019-11-01,Mauritania,Africa
2019,MAURITIUS,November,25.0,11,2019-11-01,Mauritius,Africa
2019,MEXICO,November,96.0,11,2019-11-01,Mexico,America
2019,MICRONESIA,November,0.0,11,2019-11-01,"Micronesia, Fed. Sts.",Oceania
2019,MOLDOVA,November,29.0,11,2019-11-01,Moldova,Europe
2019,MONACO,November,0.0,11,2019-11-01,Monaco,Europe
2019,MONGOLIA,November,4.0,11,2019-11-01,Mongolia,Asia
2019,MONTENEGRO,November,14.0,11,2019-11-01,Montenegro,Europe
2019,MOROCCO,November,93.0,11,2019-11-01,Morocco,Africa
2019,MOZAMBIQUE,November,3.0,11,2019-11-01,Mozambique,Africa
2019,MYANMAR,November,234.0,11,2019-11-01,Myanmar,Asia
2019,NAMIBIA,November,6.0,11,2019-11-01,Namibia,Africa
2019,NAURU,November,0.0,11,2019-11-01,Nauru,Oceania
2019,NEPAL,November,509.0,11,2019-11-01,Nepal,Asia
2019,NETHERLANDS,November,2213.0,11,2019-11-01,Netherlands,Europe
2019,NEW ZEALAND,November,930.0,11,2019-11-01,New Zealand,Oceania
2019,NICARAGUA,November,0.0,11,2019-11-01,Nicaragua,America
2019,NIGER,November,1.0,11,2019-11-01,Niger,Africa
2019,NIGERIA,November,13.0,11,2019-11-01,Nigeria,Africa
2019,NORTH KOREA,November,0.0,11,2019-11-01,North Korea,Asia
2019,NORWAY,November,747.0,11,2019-11-01,Norway,Europe
2019,OMAN,November,364.0,11,2019-11-01,Oman,Asia
2019,PAKISTAN,November,1039.0,11,2019-11-01,Pakistan,Asia
2019,PALESTINIAN TERRITORIES,November,68.0,11,2019-11-01,Palestine,Asia
2019,PANAMA,November,12.0,11,2019-11-01,Panama,America
2019,PAPUA NEW GUINEA,November,33.0,11,2019-11-01,Papua New Guinea,Oceania
2019,PARAGUAY,November,3.0,11,2019-11-01,Paraguay,America
2019,PERU,November,14.0,11,2019-11-01,Peru,America
2019,PHILIPPINES,November,1329.0,11,2019-11-01,Philippines,Asia
2019,POLAND,November,3496.0,11,2019-11-01,Poland,Europe
2019,PORTUGAL,November,520.0,11,2019-11-01,Portugal,Europe
2019,QATAR,November,40.0,11,2019-11-01,Qatar,Asia
2019,ROMANIA,November,488.0,11,2019-11-01,Romania,Europe
2019,RUSSIAN FEDERATION,November,14537.0,11,2019-11-01,Russia,Europe
2019,RWANDA,November,1.0,11,2019-11-01,Rwanda,Africa
2019,SAINT KITTS AND NEVIS,November,4.0,11,2019-11-01,St. Kitts and Nevis,America
2019,SAINT LUCIA,November,1.0,11,2019-11-01,St. Lucia,America
2019,SAINT VINCENT THE GRENADI,November,0.0,11,2019-11-01,St. Vincent and the Grenadines,America
2019,SAMOA,November,0.0,11,2019-11-01,Samoa,Oceania
2019,SAN MARINO,November,0.0,11,2019-11-01,San Marino,Europe
2019,SAUDI ARABIA,November,805.0,11,2019-11-01,Saudi Arabia,Asia
2019,SENEGAL,November,5.0,11,2019-11-01,Senegal,Africa
2019,SERBIA.,November,97.0,11,2019-11-01,Serbia,Europe
2019,SEYCHELLES,November,0.0,11,2019-11-01,Seychelles,Africa
2019,SEYCHELLS,November,0.0,11,2019-11-01,Seychelles,Africa
2019,SIERRA LEONE,November,4.0,11,2019-11-01,Sierra Leone,Africa
2019,SINGAPORE,November,1161.0,11,2019-11-01,Singapore,Asia
2019,SLOVAKIA(SLOVAK REPUBLIC),November,524.0,11,2019-11-01,Slovakia,Europe
2019,SLOVENIA,November,134.0,11,2019-11-01,Slovenia,Europe
2019,SOLOMON ISLANDS,November,0.0,11,2019-11-01,Solomon Islands,Oceania
2019,SOMALIA,November,1.0,11,2019-11-01,Somalia,Africa
2019,SOUTH AFRICA-ZUID AFRIKA,November,440.0,11,2019-11-01,South Africa,Africa
2019,SOUTH KOREA,November,971.0,11,2019-11-01,South Korea,Asia
2019,SOUTH SUDAN,November,0.0,11,2019-11-01,South Sudan,Africa
2019,SPAIN,November,2212.0,11,2019-11-01,Spain,Europe
2019,SUDAN,November,56.0,11,2019-11-01,Sudan,Africa
2019,SURINAME,November,0.0,11,2019-11-01,Suriname,America
2019,SWAZILAND,November,0.0,11,2019-11-01,Eswatini,Africa
2019,SWEDEN,November,1274.0,11,2019-11-01,Sweden,Europe
2019,SWITZERLAND,November,3559.0,11,2019-11-01,Switzerland,Europe
2019,SYRIAN ARAB REPUBLIC,November,6.0,11,2019-11-01,Syria,Asia
2019,TAIWAN PROVINCE OF CHINA,November,399.0,11,2019-11-01,Taiwan,Asia
2019,TAJIKISTAN,November,11.0,11,2019-11-01,Tajikistan,Asia
2019,TANZANIA,November,26.0,11,2019-11-01,Tanzania,Africa
2019,THAILAND,November,1120.0,11,2019-11-01,Thailand,Asia
2019,TIMOR-LESTE,November,2.0,11,2019-11-01,Timor-Leste,Asia
2019,TOGO,November,0.0,11,2019-11-01,Togo,Africa
2019,TONGA,November,2.0,11,2019-11-01,Tonga,Oceania
2019,TRINIDAD AND TOBAGO,November,9.0,11,2019-11-01,Trinidad and Tobago,America
2019,TUNISIA,November,68.0,11,2019-11-01,Tunisia,Africa
2019,TURKEY,November,800.0,11,2019-11-01,Türkiye,Asia
2019,TURKMENISTAN,November,3.0,11,2019-11-01,Turkmenistan,Asia
2019,TUVALU,November,0.0,11,2019-11-01,Tuvalu,Oceania
2019,UGANDA,November,25.0,11,2019-11-01,Uganda,Africa
2019,UKRAINE,November,4770.0,11,2019-11-01,Ukraine,Europe
2019,UNITED ARAB EMIRATES,November,187.0,11,2019-11-01,United Arab Emirates,Asia
2019,UNITED KINGDOM,November,16038.0,11,2019-11-01,United Kingdom,Europe
2019,UNITED STATES,November,4514.0,11,2019-11-01,United States,America
2019,URUGUAY,November,8.0,11,2019-11-01,Uruguay,America
2019,UZBEKISTAN,November,35.0,11,2019-11-01,Uzbekistan,Asia
2019,VANUATU,November,0.0,11,2019-11-01,Vanuatu,Oceania
2019,VENEZUELA,November,8.0,11,2019-11-01,Venezuela,America
2019,VIET NAM,November,206.0,11,2019-11-01,Vietnam,Asia
2019,YEMEN (YEMEN ARAB REP.),November,49.0,11,2019-11-01,Yemen,Asia
2019,ZAMBIA(NORTHERN RHODESIA),November,15.0,11,2019-11-01,Zambia,Africa
2019,ZIMBABWE,November,11.0,11,2019-11-01,Zimbabwe,Africa
2019,AFGHANISTAN,December,38.0,12,2019-12-01,Afghanistan,Asia
2019,ALBANIA,December,27.0,12,2019-12-01,Albania,Europe
2019,ALGERIA,December,49.0,12,2019-12-01,Algeria,Africa
2019,ANDORRA,December,5.0,12,2019-12-01,Andorra,Europe
2019,ANGOLA,December,1.0,12,2019-12-01,Angola,Africa
2019,ANTIGUA AND BARBUDA,December,0.0,12,2019-12-01,Antigua and Barbuda,America
2019,ARGENTINA,December,192.0,12,2019-12-01,Argentina,America
2019,ARMENIA,December,157.0,12,2019-12-01,Armenia,Asia
2019,AUSTRALIA,December,14467.0,12,2019-12-01,Australia,Oceania
2019,AUSTRIA,December,1824.0,12,2019-12-01,Austria,Europe
2019,AZERBAIJAN,December,81.0,12,2019-12-01,Azerbaijan,Asia
2019,BAHAMAS,December,1.0,12,2019-12-01,Bahamas,America
2019,BAHRAIN,December,257.0,12,2019-12-01,Bahrain,Asia
2019,BANGLADESH,December,1029.0,12,2019-12-01,Bangladesh,Asia
2019,BARBADOS,December,1.0,12,2019-12-01,Barbados,America
2019,BELARUS,December,662.0,12,2019-12-01,Belarus,Europe
2019,BELGIUM,December,1316.0,12,2019-12-01,Belgium,Europe
2019,BELIZE,December,2.0,12,2019-12-01,Belize,America
2019,BENIN,December,0.0,12,2019-12-01,Benin,Africa
2019,BHUTAN,December,35.0,12,2019-12-01,Bhutan,Asia
2019,BOLIVIA,December,7.0,12,2019-12-01,Bolivia,America
2019,BOSNIA AND HERZEGOVINA,December,34.0,12,2019-12-01,Bosnia and Herzegovina,Europe
2019,BOTSWANA,December,9.0,12,2019-12-01,Botswana,Africa
2019,BRAZIL,December,598.0,12,2019-12-01,Brazil,America
2019,BRUNEI DARUSSALAM,December,1.0,12,2019-12-01,Brunei Darussalam,Asia
2019,BULGARIA,December,391.0,12,2019-12-01,Bulgaria,Europe
2019,BURKINA FASO,December,2.0,12,2019-12-01,Burkina Faso,Africa
2019,BURUNDI,December,1.0,12,2019-12-01,Burundi,Africa
2019,CAMBODIA,December,66.0,12,2019-12-01,Cambodia,Asia
2019,CAMEROON,December,1.0,12,2019-12-01,Cameroon,Africa
2019,CANADA,December,6512.0,12,2019-12-01,Canada,America
2019,CAPE VERDE,December,0.0,12,2019-12-01,Cabo Verde,Africa
2019,CHAD,December,0.0,12,2019-12-01,Chad,Africa
2019,CHILE,December,130.0,12,2019-12-01,Chile,America
2019,CHINA,December,16648.0,12,2019-12-01,China,Asia
2019,COLOMBIA,December,110.0,12,2019-12-01,Colombia,America
2019,COMOROS,December,6.0,12,2019-12-01,Comoros,Africa
2019,CONGO THE DEM REPOF THE,December,3.0,12,2019-12-01,DR Congo,Africa
2019,"CONGO, REPUBLIC OF.",December,1.0,12,2019-12-01,Congo Republic,Africa
2019,COSTA RICA,December,35.0,12,2019-12-01,Costa Rica,America
2019,COTE DIVOIRE,December,8.0,12,2019-12-01,Côte d'Ivoire,Africa
2019,CROATIA,December,265.0,12,2019-12-01,Croatia,Europe
2019,CUBA,December,12.0,12,2019-12-01,Cuba,America
2019,CYPRUS,December,118.0,12,2019-12-01,Cyprus,Asia
2019,CZECH REPUBLIC,December,2434.0,12,2019-12-01,Czechia,Europe
2019,DENMARK,December,1445.0,12,2019-12-01,Denmark,Europe
2019,DJIBOUTI,December,1.0,12,2019-12-01,Djibouti,Africa
2019,DOMINICA,December,9.0,12,2019-12-01,Dominica,America
2019,DOMINICAN REPUBLIC,December,24.0,12,2019-12-01,Dominican Republic,America
2019,ECUADOR,December,31.0,12,2019-12-01,Ecuador,America
2019,EGYPT,December,485.0,12,2019-12-01,Egypt,Africa
2019,EL SALVADOR,December,3.0,12,2019-12-01,El Salvador,America
2019,ERITREA,December,2.0,12,2019-12-01,Eritrea,Africa
2019,ESTONIA,December,613.0,12,2019-12-01,Estonia,Europe
2019,ETHIOPIA,December,14.0,12,2019-12-01,Ethiopia,Africa
2019,FIJI,December,13.0,12,2019-12-01,Fiji,Oceania
2019,FINLAND,December,1144.0,12,2019-12-01,Finland,Europe
2019,FRANCE,December,6824.0,12,2019-12-01,France,Europe
2019,GABON,December,2.0,12,2019-12-01,Gabon,Africa
2019,"GAMBIA, THE",December,0.0,12,2019-12-01,Gambia,Africa
2019,GEORGIA,December,56.0,12,2019-12-01,Georgia,Asia
2019,GERMANY,December,12349.0,12,2019-12-01,Germany,Europe
2019,GHANA,December,8.0,12,2019-12-01,Ghana,Africa
2019,GREECE,December,921.0,12,2019-12-01,Greece,Europe
2019,GRENADA,December,0.0,12,2019-12-01,Grenada,America
2019,GUATEMALA,December,6.0,12,2019-12-01,Guatemala,America
2019,GUINEA,December,0.0,12,2019-12-01,Guinea,Africa
2019,GUINEA-BISSAU,December,0.0,12,2019-12-01,Guinea-Bissau,Africa
2019,GUYANA,December,0.0,12,2019-12-01,Guyana,America
2019,HAITI,December,2.0,12,2019-12-01,Haiti,America
2019,HONDURAS,December,10.0,12,2019-12-01,Honduras,America
2019,HONG KONG,December,1.0,12,2019-12-01,Hong Kong,Asia
2019,HUNGARY,December,599.0,12,2019-12-01,Hungary,Europe
2019,ICELAND,December,31.0,12,2019-12-01,Iceland,Europe
2019,INDIA,December,48442.0,12,2019-12-01,India,Asia
2019,INDONESIA,December,543.0,12,2019-12-01,Indonesia,Asia
2019,IRAN,December,277.0,12,2019-12-01,Iran,Asia
2019,IRAQ,December,88.0,12,2019-12-01,Iraq,Asia
2019,IRELAND,December,1066.0,12,2019-12-01,Ireland,Europe
2019,ISRAEL,December,1482.0,12,2019-12-01,Israel,Asia
2019,ITALY,December,4961.0,12,2019-12-01,Italy,Europe
2019,JAMAICA,December,8.0,12,2019-12-01,Jamaica,America
2019,JAPAN,December,3730.0,12,2019-12-01,Japan,Asia
2019,JORDAN,December,517.0,12,2019-12-01,Jordan,Asia
2019,KAZAKHSTAN,December,698.0,12,2019-12-01,Kazakhstan,Asia
2019,KENYA,December,132.0,12,2019-12-01,Kenya,Africa
2019,KIRIBATI,December,0.0,12,2019-12-01,Kiribati,Oceania
2019,KOSOVAR,December,4.0,12,2019-12-01,KOSOVAR,Other
2019,KUWAIT,December,331.0,12,2019-12-01,Kuwait,Asia
2019,KYRGYZSTAN,December,84.0,12,2019-12-01,Kyrgyzstan,Asia
2019,LAO PEOPLES DEM. REP.,December,4.0,12,2019-12-01,Laos,Asia
2019,LATVIA,December,314.0,12,2019-12-01,Latvia,Europe
2019,LEBANON,December,479.0,12,2019-12-01,Lebanon,Asia
2019,LESOTHO,December,2.0,12,2019-12-01,Lesotho,Africa
2019,LIBERIA,December,1.0,12,2019-12-01,Liberia,Africa
2019,LIBYA,December,15.0,12,2019-12-01,Libya,Africa
2019,LIECHTENSTEIN,December,17.0,12,2019-12-01,Liechtenstein,Europe
2019,LITHUANIA,December,385.0,12,2019-12-01,Lithuania,Europe
2019,LUXEMBOURG,December,58.0,12,2019-12-01,Luxembourg,Europe
2019,MACEDONIA,December,14.0,12,2019-12-01,North Macedonia,Europe
2019,MADAGASCAR,December,5.0,12,2019-12-01,Madagascar,Africa
2019,MALAWI,December,11.0,12,2019-12-01,Malawi,Africa
2019,MALAYSIA,December,1977.0,12,2019-12-01,Malaysia,Asia
2019,MALDIVES,December,9033.0,12,2019-12-01,Maldives,Asia
2019,MALI,December,0.0,12,2019-12-01,Mali,Africa
2019,MALTA,December,141.0,12,2019-12-01,Malta,Europe
2019,MARSHALL ISLANDS,December,0.0,12,2019-12-01,Marshall Islands,Oceania
2019,MAURITANIA,December,0.0,12,2019-12-01,Mauritania,Africa
2019,MAURITIUS,December,286.0,12,2019-12-01,Mauritius,Africa
2019,MEXICO,December,849.0,12,2019-12-01,Mexico,America
2019,MICRONESIA,December,1.0,12,2019-12-01,"Micronesia, Fed. Sts.",Oceania
2019,MOLDOVA,December,74.0,12,2019-12-01,Moldova,Europe
2019,MONACO,December,5.0,12,2019-12-01,Monaco,Europe
2019,MONGOLIA,December,37.0,12,2019-12-01,Mongolia,Asia
2019,MONTENEGRO,December,20.0,12,2019-12-01,Montenegro,Europe
2019,MOROCCO,December,165.0,12,2019-12-01,Morocco,Africa
2019,MOZAMBIQUE,December,15.0,12,2019-12-01,Mozambique,Africa
2019,MYANMAR,December,285.0,12,2019-12-01,Myanmar,Asia
2019,NAMIBIA,December,4.0,12,2019-12-01,Namibia,Africa
2019,NAURU,December,0.0,12,2019-12-01,Nauru,Oceania
2019,NEPAL,December,596.0,12,2019-12-01,Nepal,Asia
2019,NETHERLANDS,December,2858.0,12,2019-12-01,Netherlands,Europe
2019,NEW ZEALAND,December,1863.0,12,2019-12-01,New Zealand,Oceania
2019,NICARAGUA,December,4.0,12,2019-12-01,Nicaragua,America
2019,NIGER,December,0.0,12,2019-12-01,Niger,Africa
2019,NIGERIA,December,16.0,12,2019-12-01,Nigeria,Africa
2019,NORTH KOREA,December,0.0,12,2019-12-01,North Korea,Asia
2019,NORWAY,December,1387.0,12,2019-12-01,Norway,Europe
2019,OMAN,December,318.0,12,2019-12-01,Oman,Asia
2019,PAKISTAN,December,1431.0,12,2019-12-01,Pakistan,Asia
2019,PALESTINIAN TERRITORIES,December,99.0,12,2019-12-01,Palestine,Asia
2019,PANAMA,December,1.0,12,2019-12-01,Panama,America
2019,PAPUA NEW GUINEA,December,35.0,12,2019-12-01,Papua New Guinea,Oceania
2019,PARAGUAY,December,2.0,12,2019-12-01,Paraguay,America
2019,PERU,December,40.0,12,2019-12-01,Peru,America
2019,PHILIPPINES,December,1174.0,12,2019-12-01,Philippines,Asia
2019,POLAND,December,3361.0,12,2019-12-01,Poland,Europe
2019,PORTUGAL,December,655.0,12,2019-12-01,Portugal,Europe
2019,QATAR,December,143.0,12,2019-12-01,Qatar,Asia
2019,ROMANIA,December,937.0,12,2019-12-01,Romania,Europe
2019,RUSSIAN FEDERATION,December,17559.0,12,2019-12-01,Russia,Europe
2019,RWANDA,December,3.0,12,2019-12-01,Rwanda,Africa
2019,SAINT KITTS AND NEVIS,December,4.0,12,2019-12-01,St. Kitts and Nevis,America
2019,SAINT LUCIA,December,0.0,12,2019-12-01,St. Lucia,America
2019,SAINT VINCENT THE GRENADI,December,1.0,12,2019-12-01,St. Vincent and the Grenadines,America
2019,SAMOA,December,0.0,12,2019-12-01,Samoa,Oceania
2019,SAN MARINO,December,4.0,12,2019-12-01,San Marino,Europe
2019,SAUDI ARABIA,December,896.0,12,2019-12-01,Saudi Arabia,Asia
2019,SENEGAL,December,5.0,12,2019-12-01,Senegal,Africa
2019,SERBIA.,December,231.0,12,2019-12-01,Serbia,Europe
2019,SEYCHELLES,December,0.0,12,2019-12-01,Seychelles,Africa
2019,SEYCHELLS,December,0.0,12,2019-12-01,Seychelles,Africa
2019,SIERRA LEONE,December,0.0,12,2019-12-01,Sierra Leone,Africa
2019,SINGAPORE,December,1881.0,12,2019-12-01,Singapore,Asia
2019,SLOVAKIA(SLOVAK REPUBLIC),December,577.0,12,2019-12-01,Slovakia,Europe
2019,SLOVENIA,December,387.0,12,2019-12-01,Slovenia,Europe
2019,SOLOMON ISLANDS,December,0.0,12,2019-12-01,Solomon Islands,Oceania
2019,SOMALIA,December,10.0,12,2019-12-01,Somalia,Africa
2019,SOUTH AFRICA-ZUID AFRIKA,December,1966.0,12,2019-12-01,South Africa,Africa
2019,SOUTH KOREA,December,1477.0,12,2019-12-01,South Korea,Asia
2019,SOUTH SUDAN,December,4.0,12,2019-12-01,South Sudan,Africa
2019,SPAIN,December,2022.0,12,2019-12-01,Spain,Europe
2019,SUDAN,December,57.0,12,2019-12-01,Sudan,Africa
2019,SURINAME,December,1.0,12,2019-12-01,Suriname,America
2019,SWAZILAND,December,0.0,12,2019-12-01,Eswatini,Africa
2019,SWEDEN,December,4906.0,12,2019-12-01,Sweden,Europe
2019,SWITZERLAND,December,2721.0,12,2019-12-01,Switzerland,Europe
2019,SYRIAN ARAB REPUBLIC,December,3.0,12,2019-12-01,Syria,Asia
2019,TAIWAN PROVINCE OF CHINA,December,548.0,12,2019-12-01,Taiwan,Asia
2019,TAJIKISTAN,December,20.0,12,2019-12-01,Tajikistan,Asia
2019,TANZANIA,December,36.0,12,2019-12-01,Tanzania,Africa
2019,THAILAND,December,1208.0,12,2019-12-01,Thailand,Asia
2019,TIMOR-LESTE,December,1.0,12,2019-12-01,Timor-Leste,Asia
2019,TOGO,December,0.0,12,2019-12-01,Togo,Africa
2019,TONGA,December,0.0,12,2019-12-01,Tonga,Oceania
2019,TRINIDAD AND TOBAGO,December,14.0,12,2019-12-01,Trinidad and Tobago,America
2019,TUNISIA,December,278.0,12,2019-12-01,Tunisia,Africa
2019,TURKEY,December,1038.0,12,2019-12-01,Türkiye,Asia
2019,TURKMENISTAN,December,7.0,12,2019-12-01,Turkmenistan,Asia
2019,TUVALU,December,0.0,12,2019-12-01,Tuvalu,Oceania
2019,UGANDA,December,36.0,12,2019-12-01,Uganda,Africa
2019,UKRAINE,December,6063.0,12,2019-12-01,Ukraine,Europe
2019,UNITED ARAB EMIRATES,December,369.0,12,2019-12-01,United Arab Emirates,Asia
2019,UNITED KINGDOM,December,20984.0,12,2019-12-01,United Kingdom,Europe
2019,UNITED STATES,December,12302.0,12,2019-12-01,United States,America
2019,URUGUAY,December,15.0,12,2019-12-01,Uruguay,America
2019,UZBEKISTAN,December,118.0,12,2019-12-01,Uzbekistan,Asia
2019,VANUATU,December,0.0,12,2019-12-01,Vanuatu,Oceania
2019,VENEZUELA,December,17.0,12,2019-12-01,Venezuela,America
2019,VIET NAM,December,187.0,12,2019-12-01,Vietnam,Asia
2019,YEMEN (YEMEN ARAB REP.),December,47.0,12,2019-12-01,Yemen,Asia
2019,ZAMBIA(NORTHERN RHODESIA),December,14.0,12,2019-12-01,Zambia,Africa
2019,ZIMBABWE,December,37.0,12,2019-12-01,Zimbabwe,Africa
