Year,Country,Month,Tourist_Arrivals,Month_Number,Date,Standard_Country,Continent
2018,"AFGHANISTAN, ISLAMIC REPUBLIC OF",January,83.0,1,2018-01-01,Afghanistan,Asia
2018,"ALBANIA, REPUBLIC OF",January,14.0,1,2018-01-01,Albania,Europe
2018,"ALGERIA, PEOPLE'S DEMOCRATIC REPUBLIC OF",January,38.0,1,2018-01-01,Algeria,Africa
2018,"ANDORRA, PRINCIPALITY OF",January,4.0,1,2018-01-01,Andorra,Europe
2018,"ANGOLA, REPUBLIC OF",January,0.0,1,2018-01-01,Angola,Africa
2018,ANTIGUA & BARBUDA,January,1.0,1,2018-01-01,Antigua and Barbuda,America
2018,ARGENTINA,January,236.0,1,2018-01-01,Argentina,America
2018,"ARMENIA, REPUBLIC OF",January,180.0,1,2018-01-01,Armenia,Asia
2018,AUSTRALIA,January,9452.0,1,2018-01-01,Australia,Oceania
2018,AUSTRIA,January,2833.0,1,2018-01-01,Austria,Europe
2018,"AZERBAIJAN, REPUBLIC OF",January,78.0,1,2018-01-01,Azerbaijan,Asia
2018,"BAHAMAS, COMMONWEALTH OF THE",January,1.0,1,2018-01-01,Bahamas,America
2018,"BAHRAIN, KINGDOM OF",January,588.0,1,2018-01-01,Bahrain,Asia
2018,"BANGLADESH, PEOPLE'S REPUBLIC OF",January,982.0,1,2018-01-01,Bangladesh,Asia
2018,BARBADOS,January,4.0,1,2018-01-01,Barbados,America
2018,"BELARUS, REPUBLIC OF",January,802.0,1,2018-01-01,Belarus,Europe
2018,BELGIUM,January,1275.0,1,2018-01-01,Belgium,Europe
2018,BELIZE,January,2.0,1,2018-01-01,Belize,America
2018,BENIN,January,1.0,1,2018-01-01,Benin,Africa
2018,"BHUTAN, KINGDOM OF",January,110.0,1,2018-01-01,Bhutan,Asia
2018,BOLIVIA,January,6.0,1,2018-01-01,Bolivia,America
2018,BOSNIA & HERZEGOVINA,January,20.0,1,2018-01-01,Bosnia and Herzegovina,Europe
2018,"BOTSWANA, REPUBLIC OF",January,9.0,1,2018-01-01,Botswana,Africa
2018,"BRAZIL, FEDERATIVE REPUBLIC OF",January,226.0,1,2018-01-01,Brazil,America
2018,"BRUNEI, NATION OF",January,4.0,1,2018-01-01,Brunei Darussalam,Asia
2018,BULGARIA,January,277.0,1,2018-01-01,Bulgaria,Europe
2018,BURKINA FASO,January,2.0,1,2018-01-01,Burkina Faso,Africa
2018,BURUNDI,January,1.0,1,2018-01-01,Burundi,Africa
2018,"CAMBODIA, KINGDOM OF",January,85.0,1,2018-01-01,Cambodia,Asia
2018,CAMEROON,January,2.0,1,2018-01-01,Cameroon,Africa
2018,CANADA,January,5682.0,1,2018-01-01,Canada,America
2018,CAPE VERDE,January,1.0,1,2018-01-01,Cabo Verde,Africa
2018,CENTRAL AFRICAN REPUBLIC,January,0.0,1,2018-01-01,Central African Republic,Africa
2018,CHAD,January,0.0,1,2018-01-01,Chad,Africa
2018,"CHILE, REPUBLIC OF",January,99.0,1,2018-01-01,Chile,America
2018,"CHINA, PEOPLE'S REPUBLIC OF",January,24275.0,1,2018-01-01,China,Asia
2018,"COLOMBIA, REPUBLIC OF",January,52.0,1,2018-01-01,Colombia,America
2018,COMOROS,January,8.0,1,2018-01-01,Comoros,Africa
2018,"CONGO, DEMOCRATIC REPUBLIC OF THE",January,1.0,1,2018-01-01,DR Congo,Africa
2018,"CONGO, REPUBLIC OF THE",January,0.0,1,2018-01-01,Congo Republic,Africa
2018,"COSTA RICA, REPUBLIC OF",January,9.0,1,2018-01-01,Costa Rica,America
2018,"COTE D'IVOIRE, REPUBLIC OF",January,1.0,1,2018-01-01,Côte d'Ivoire,Africa
2018,CROATIA,January,481.0,1,2018-01-01,Croatia,Europe
2018,"CUBA, REPUBLIC OF",January,3.0,1,2018-01-01,Cuba,America
2018,"CYPRUS, REPUBLIC OF",January,55.0,1,2018-01-01,Cyprus,Asia
2018,CZECH REPUBLIC,January,2257.0,1,2018-01-01,Czechia,Europe
2018,"DENMARK, KINGDOM OF",January,3013.0,1,2018-01-01,Denmark,Europe
2018,"DJIBOUTI, REPUBLIC OF",January,1.0,1,2018-01-01,Djibouti,Africa
2018,"DOMINICA, COMMONWEALTH OF",January,4.0,1,2018-01-01,Dominica,America
2018,DOMINICAN REPUBLIC,January,4.0,1,2018-01-01,Dominican Republic,America
2018,"ECUADOR, REPUBLIC OF",January,7.0,1,2018-01-01,Ecuador,America
2018,"EGYPT, ARAB REPUBLIC OF",January,433.0,1,2018-01-01,Egypt,Africa
2018,"EL SALVADOR, REPUBLIC OF",January,7.0,1,2018-01-01,El Salvador,America
2018,"ERITREA, STATE OF",January,8.0,1,2018-01-01,Eritrea,Africa
2018,ESTONIA,January,435.0,1,2018-01-01,Estonia,Europe
2018,"ETHIOPIA, FEDERAL DEMOCRATIC REPUBLIC OF",January,18.0,1,2018-01-01,Ethiopia,Africa
2018,"FIJI, REPUBLIC OF",January,19.0,1,2018-01-01,Fiji,Oceania
2018,FINLAND,January,1854.0,1,2018-01-01,Finland,Europe
2018,FRANCE (FRENCH REPUBLIC),January,12221.0,1,2018-01-01,France,Europe
2018,GABON,January,0.0,1,2018-01-01,Gabon,Africa
2018,"GAMBIA, THE",January,1.0,1,2018-01-01,Gambia,Africa
2018,GEORGIA,January,85.0,1,2018-01-01,Georgia,Asia
2018,GERMANY,January,15298.0,1,2018-01-01,Germany,Europe
2018,"GHANA, REPUBLIC OF",January,9.0,1,2018-01-01,Ghana,Africa
2018,GREECE,January,644.0,1,2018-01-01,Greece,Europe
2018,GRENADA,January,1.0,1,2018-01-01,Grenada,America
2018,"GUATEMALA, REPUBLIC OF",January,9.0,1,2018-01-01,Guatemala,America
2018,GUINEA- BISSAU,January,1.0,1,2018-01-01,Guinea-Bissau,Africa
2018,"GUYANA, COOPERATIVE REPUBLIC OF",January,0.0,1,2018-01-01,Guyana,America
2018,"HAITI, REPUBLIC OF",January,1.0,1,2018-01-01,Haiti,America
2018,"HONDURAS, REPUBLIC OF",January,9.0,1,2018-01-01,Honduras,America
2018,HONG KONG,January,2.0,1,2018-01-01,Hong Kong,Asia
2018,HUNGARY,January,894.0,1,2018-01-01,Hungary,Europe
2018,ICELAND,January,51.0,1,2018-01-01,Iceland,Europe
2018,"INDIA, REPUBLIC OF",January,37936.0,1,2018-01-01,India,Asia
2018,"INDONESIA, REPUBLIC OF",January,535.0,1,2018-01-01,Indonesia,Asia
2018,"IRAN, ISLAMIC REPUBLIC OF",January,507.0,1,2018-01-01,Iran,Asia
2018,"IRAQ, REPUBLIC OF",January,81.0,1,2018-01-01,Iraq,Asia
2018,IRELAND,January,975.0,1,2018-01-01,Ireland,Europe
2018,"ISRAEL, STATE OF",January,1321.0,1,2018-01-01,Israel,Asia
2018,ITALY,January,5348.0,1,2018-01-01,Italy,Europe
2018,JAMAICA,January,9.0,1,2018-01-01,Jamaica,America
2018,JAPAN,January,4694.0,1,2018-01-01,Japan,Asia
2018,"JORDAN, THE HASHEMITE KINGDOM OF",January,366.0,1,2018-01-01,Jordan,Asia
2018,"KAZAKHSTAN, REPUBLIC OF",January,674.0,1,2018-01-01,Kazakhstan,Asia
2018,"KENYA, REPUBLIC OF",January,64.0,1,2018-01-01,Kenya,Africa
2018,KIRIBATI,January,1.0,1,2018-01-01,Kiribati,Oceania
2018,KOSOVO,January,0.0,1,2018-01-01,Kosovo,Europe
2018,"KUWAIT, STATE OF",January,545.0,1,2018-01-01,Kuwait,Asia
2018,KYRGYZSTAN,January,109.0,1,2018-01-01,Kyrgyzstan,Asia
2018,"LAO, PEOPLE'S DEMOCRATIC REPUBLIC",January,9.0,1,2018-01-01,Laos,Asia
2018,LATVIA,January,268.0,1,2018-01-01,Latvia,Europe
2018,LEBANON,January,358.0,1,2018-01-01,Lebanon,Asia
2018,LESOTHO,January,0.0,1,2018-01-01,Lesotho,Africa
2018,LIBERIA,January,0.0,1,2018-01-01,Liberia,Africa
2018,"LIBYA, STATE OF",January,7.0,1,2018-01-01,Libya,Africa
2018,"LIECHTENSTEIN, PRINCIPALITY OF",January,5.0,1,2018-01-01,Liechtenstein,Europe
2018,LITHUANIA,January,382.0,1,2018-01-01,Lithuania,Europe
2018,LUXEMBOURG,January,87.0,1,2018-01-01,Luxembourg,Europe
2018,"MACEDONIA, REPUBLIC OF",January,44.0,1,2018-01-01,North Macedonia,Europe
2018,MADAGASCAR,January,5.0,1,2018-01-01,Madagascar,Africa
2018,MALAWI,January,5.0,1,2018-01-01,Malawi,Africa
2018,MALAYSIA,January,1735.0,1,2018-01-01,Malaysia,Asia
2018,"MALDIVES, REPUBLIC OF",January,6124.0,1,2018-01-01,Maldives,Asia
2018,"MALI, REPUBLIC OF",January,2.0,1,2018-01-01,Mali,Africa
2018,MALTA,January,47.0,1,2018-01-01,Malta,Europe
2018,"MARSHALL ISLANDS, REPUBLIC OF THE",January,0.0,1,2018-01-01,Marshall Islands,Oceania
2018,"MAURITANIA, ISLAMIC REPUBLIC OF",January,1.0,1,2018-01-01,Mauritania,Africa
2018,"MAURITIUS, REPUBLIC OF",January,56.0,1,2018-01-01,Mauritius,Africa
2018,MEXICO,January,84.0,1,2018-01-01,Mexico,America
2018,"MICRONESIA, FEDERATED STATES OF",January,0.0,1,2018-01-01,"Micronesia, Fed. Sts.",Oceania
2018,"MOLDOVA, REPUBLIC OF",January,100.0,1,2018-01-01,Moldova,Europe
2018,"MONACO, PRINCIPALITY OF",January,5.0,1,2018-01-01,Monaco,Europe
2018,MONGOLIA,January,21.0,1,2018-01-01,Mongolia,Asia
2018,MONTENEGRO,January,17.0,1,2018-01-01,Montenegro,Europe
2018,"MOROCCO, KINGDOM OF",January,86.0,1,2018-01-01,Morocco,Africa
2018,"MOZAMBIQUE, REPUBLIC OF",January,2.0,1,2018-01-01,Mozambique,Africa
2018,"MYANMAR, REPUBLIC OF THE UNION OF",January,372.0,1,2018-01-01,Myanmar,Asia
2018,NAMIBIA,January,5.0,1,2018-01-01,Namibia,Africa
2018,NAURU,January,0.0,1,2018-01-01,Nauru,Oceania
2018,"NEPAL, FEDERAL DEMOCRATIC REPUBLIC OF",January,566.0,1,2018-01-01,Nepal,Asia
2018,NETHERLAND ANTILLES,January,0.0,1,2018-01-01,NETHERLAND ANTILLES,Other
2018,NETHERLANDS,January,5061.0,1,2018-01-01,Netherlands,Europe
2018,NEW ZEALAND,January,989.0,1,2018-01-01,New Zealand,Oceania
2018,NICARAGUA,January,4.0,1,2018-01-01,Nicaragua,America
2018,NIGER,January,0.0,1,2018-01-01,Niger,Africa
2018,"NIGER,REPUBLIC OF",January,0.0,1,2018-01-01,Niger,Africa
2018,"NIGERIA, FEDERAL REPUBLIC OF",January,44.0,1,2018-01-01,Nigeria,Africa
2018,NORTH KOREA,January,0.0,1,2018-01-01,North Korea,Asia
2018,"NORWAY, KINGDOM OF",January,1851.0,1,2018-01-01,Norway,Europe
2018,"OMAN, SULTANATE OF",January,842.0,1,2018-01-01,Oman,Asia
2018,"PAKISTAN, ISLAMIC REPUBLIC OF",January,2099.0,1,2018-01-01,Pakistan,Asia
2018,PALAU,January,0.0,1,2018-01-01,Palau,Oceania
2018,PALESTINIAN TERRITORIES,January,114.0,1,2018-01-01,Palestine,Asia
2018,"PANAMA, REPUBLIC OF",January,5.0,1,2018-01-01,Panama,America
2018,PAPUA NEW GUINEA,January,5.0,1,2018-01-01,Papua New Guinea,Oceania
2018,PARAGUAY,January,0.0,1,2018-01-01,Paraguay,America
2018,"PERU, REPUBLIC OF",January,27.0,1,2018-01-01,Peru,America
2018,"PHILIPPINES, REPUBLIC OF",January,1667.0,1,2018-01-01,Philippines,Asia
2018,POLAND,January,3254.0,1,2018-01-01,Poland,Europe
2018,PORTUGAL,January,486.0,1,2018-01-01,Portugal,Europe
2018,"QATAR, STATE OF",January,268.0,1,2018-01-01,Qatar,Asia
2018,ROMANIA,January,935.0,1,2018-01-01,Romania,Europe
2018,RUSSIAN FEDERATION,January,11569.0,1,2018-01-01,Russia,Europe
2018,RWANDA,January,1.0,1,2018-01-01,Rwanda,Africa
2018,SAINT KITTS & NEVIS,January,6.0,1,2018-01-01,St. Kitts and Nevis,America
2018,SAINT LUCIA,January,0.0,1,2018-01-01,St. Lucia,America
2018,SAINT VINCENT & THE GRENADINES,January,0.0,1,2018-01-01,St. Vincent and the Grenadines,America
2018,SAMOA,January,0.0,1,2018-01-01,Samoa,Oceania
2018,"SAN MARINO, REPUBLIC OF",January,1.0,1,2018-01-01,San Marino,Europe
2018,SAO TOME AND PRINCIPE,January,0.0,1,2018-01-01,Sao Tome and Principe,Africa
2018,"SAUDI ARABIA, KINGDOM OF",January,4397.0,1,2018-01-01,Saudi Arabia,Asia
2018,"SENEGAL, REPUBLIC OF",January,5.0,1,2018-01-01,Senegal,Africa
2018,"SERBIA, REPUBLIC OF",January,285.0,1,2018-01-01,Serbia,Europe
2018,SEYCHELLES,January,0.0,1,2018-01-01,Seychelles,Africa
2018,SIERRA LEONE,January,1.0,1,2018-01-01,Sierra Leone,Africa
2018,"SINGAPORE, REPUBLIC OF",January,1387.0,1,2018-01-01,Singapore,Asia
2018,SLOVAK REPUBLIC,January,760.0,1,2018-01-01,Slovakia,Europe
2018,SLOVENIA,January,380.0,1,2018-01-01,Slovenia,Europe
2018,SOLOMAN ISLANDS,January,1.0,1,2018-01-01,SOLOMAN ISLANDS,Other
2018,"SOMALIA, FEDERAL REPUBLIC OF",January,9.0,1,2018-01-01,Somalia,Africa
2018,"SOUTH AFRICA, REPUBLIC OF",January,588.0,1,2018-01-01,South Africa,Africa
2018,SOUTH KOREA,January,2493.0,1,2018-01-01,South Korea,Asia
2018,"SOUTH SUDAN, REPUBLIC OF",January,0.0,1,2018-01-01,South Sudan,Africa
2018,SPAIN,January,1388.0,1,2018-01-01,Spain,Europe
2018,SUDAN,January,59.0,1,2018-01-01,Sudan,Africa
2018,SURINAME,January,1.0,1,2018-01-01,Suriname,America
2018,SWAZILAND,January,0.0,1,2018-01-01,Eswatini,Africa
2018,SWEDEN,January,5586.0,1,2018-01-01,Sweden,Europe
2018,SWITZERLAND,January,3104.0,1,2018-01-01,Switzerland,Europe
2018,SYRIAN ARAB REPUBLIC,January,19.0,1,2018-01-01,Syria,Asia
2018,TAIWAN (REPUBLIC OF CHINA),January,928.0,1,2018-01-01,Taiwan,Asia
2018,"TAJIKISTAN, REPUBLIC OF",January,25.0,1,2018-01-01,Tajikistan,Asia
2018,"TANZANIA, UNITED REPUBLIC OF",January,18.0,1,2018-01-01,Tanzania,Africa
2018,"THAILAND, KINGDOM OF",January,785.0,1,2018-01-01,Thailand,Asia
2018,"TIMOR-LESTE, DEMOCRATIC REPUBLIC OF",January,1.0,1,2018-01-01,Timor-Leste,Asia
2018,TOGO,January,3.0,1,2018-01-01,Togo,Africa
2018,TONGA,January,0.0,1,2018-01-01,Tonga,Oceania
2018,TRINIDAD & TOBAGO,January,5.0,1,2018-01-01,Trinidad and Tobago,America
2018,"TUNISIA, REPUBLIC OF",January,71.0,1,2018-01-01,Tunisia,Africa
2018,"TURKEY, REPUBLIC OF",January,658.0,1,2018-01-01,Türkiye,Asia
2018,TURKMENISTAN,January,15.0,1,2018-01-01,Turkmenistan,Asia
2018,TUVALU,January,0.0,1,2018-01-01,Tuvalu,Oceania
2018,UGANDA,January,15.0,1,2018-01-01,Uganda,Africa
2018,UKRAINE,January,6636.0,1,2018-01-01,Ukraine,Europe
2018,UNITED ARAB EMIRATES,January,336.0,1,2018-01-01,United Arab Emirates,Asia
2018,UNITED KINGDOM,January,22940.0,1,2018-01-01,United Kingdom,Europe
2018,UNITED STATES OF AMERICA,January,7501.0,1,2018-01-01,United States,America
2018,"URUGUAY, ORIENTAL REPUBLIC OF",January,13.0,1,2018-01-01,Uruguay,America
2018,"UZBEKISTAN, REPUBLIC OF",January,69.0,1,2018-01-01,Uzbekistan,Asia
2018,"VANUATU, REPUBLIC OF",January,0.0,1,2018-01-01,Vanuatu,Oceania
2018,"VATICAN CITY, STATE OF",January,0.0,1,2018-01-01,Vatican,Europe
2018,"VENEZUELA, BOLIVARIAN REPUBLIC OF",January,12.0,1,2018-01-01,Venezuela,America
2018,VIETNAM,January,237.0,1,2018-01-01,Vietnam,Asia
2018,"YEMEN, REPUBLIC OF",January,126.0,1,2018-01-01,Yemen,Asia
2018,"ZAMBIA, REPUBLIC OF",January,2.0,1,2018-01-01,Zambia,Africa
2018,"ZIMBABWE, REPUBLIC OF",January,10.0,1,2018-01-01,Zimbabwe,Africa
2018,"AFGHANISTAN, ISLAMIC REPUBLIC OF",February,150.0,2,2018-02-01,Afghanistan,Asia
2018,"ALBANIA, REPUBLIC OF",February,15.0,2,2018-02-01,Albania,Europe
2018,"ALGERIA, PEOPLE'S DEMOCRATIC REPUBLIC OF",February,35.0,2,2018-02-01,Algeria,Africa
2018,"ANDORRA, PRINCIPALITY OF",February,6.0,2,2018-02-01,Andorra,Europe
2018,"ANGOLA, REPUBLIC OF",February,1.0,2,2018-02-01,Angola,Africa
2018,ANTIGUA & BARBUDA,February,5.0,2,2018-02-01,Antigua and Barbuda,America
2018,ARGENTINA,February,254.0,2,2018-02-01,Argentina,America
2018,"ARMENIA, REPUBLIC OF",February,87.0,2,2018-02-01,Armenia,Asia
2018,AUSTRALIA,February,5693.0,2,2018-02-01,Australia,Oceania
2018,AUSTRIA,February,3156.0,2,2018-02-01,Austria,Europe
2018,"AZERBAIJAN, REPUBLIC OF",February,30.0,2,2018-02-01,Azerbaijan,Asia
2018,"BAHAMAS, COMMONWEALTH OF THE",February,4.0,2,2018-02-01,Bahamas,America
2018,"BAHRAIN, KINGDOM OF",February,147.0,2,2018-02-01,Bahrain,Asia
2018,"BANGLADESH, PEOPLE'S REPUBLIC OF",February,741.0,2,2018-02-01,Bangladesh,Asia
2018,BARBADOS,February,2.0,2,2018-02-01,Barbados,America
2018,"BELARUS, REPUBLIC OF",February,942.0,2,2018-02-01,Belarus,Europe
2018,BELGIUM,February,1449.0,2,2018-02-01,Belgium,Europe
2018,BELIZE,February,1.0,2,2018-02-01,Belize,America
2018,BENIN,February,0.0,2,2018-02-01,Benin,Africa
2018,"BHUTAN, KINGDOM OF",February,72.0,2,2018-02-01,Bhutan,Asia
2018,BOLIVIA,February,5.0,2,2018-02-01,Bolivia,America
2018,BOSNIA & HERZEGOVINA,February,45.0,2,2018-02-01,Bosnia and Herzegovina,Europe
2018,"BOTSWANA, REPUBLIC OF",February,4.0,2,2018-02-01,Botswana,Africa
2018,"BRAZIL, FEDERATIVE REPUBLIC OF",February,156.0,2,2018-02-01,Brazil,America
2018,"BRUNEI, NATION OF",February,3.0,2,2018-02-01,Brunei Darussalam,Asia
2018,BULGARIA,February,381.0,2,2018-02-01,Bulgaria,Europe
2018,BURKINA FASO,February,1.0,2,2018-02-01,Burkina Faso,Africa
2018,BURUNDI,February,0.0,2,2018-02-01,Burundi,Africa
2018,"CAMBODIA, KINGDOM OF",February,85.0,2,2018-02-01,Cambodia,Asia
2018,CAMEROON,February,0.0,2,2018-02-01,Cameroon,Africa
2018,CANADA,February,3999.0,2,2018-02-01,Canada,America
2018,CAPE VERDE,February,0.0,2,2018-02-01,Cabo Verde,Africa
2018,CENTRAL AFRICAN REPUBLIC,February,0.0,2,2018-02-01,Central African Republic,Africa
2018,CHAD,February,0.0,2,2018-02-01,Chad,Africa
2018,"CHILE, REPUBLIC OF",February,104.0,2,2018-02-01,Chile,America
2018,"CHINA, PEOPLE'S REPUBLIC OF",February,35929.0,2,2018-02-01,China,Asia
2018,"COLOMBIA, REPUBLIC OF",February,59.0,2,2018-02-01,Colombia,America
2018,COMOROS,February,5.0,2,2018-02-01,Comoros,Africa
2018,"CONGO, DEMOCRATIC REPUBLIC OF THE",February,2.0,2,2018-02-01,DR Congo,Africa
2018,"CONGO, REPUBLIC OF THE",February,1.0,2,2018-02-01,Congo Republic,Africa
2018,"COSTA RICA, REPUBLIC OF",February,20.0,2,2018-02-01,Costa Rica,America
2018,"COTE D'IVOIRE, REPUBLIC OF",February,3.0,2,2018-02-01,Côte d'Ivoire,Africa
2018,CROATIA,February,276.0,2,2018-02-01,Croatia,Europe
2018,"CUBA, REPUBLIC OF",February,2.0,2,2018-02-01,Cuba,America
2018,"CYPRUS, REPUBLIC OF",February,53.0,2,2018-02-01,Cyprus,Asia
2018,CZECH REPUBLIC,February,3082.0,2,2018-02-01,Czechia,Europe
2018,"DENMARK, KINGDOM OF",February,3228.0,2,2018-02-01,Denmark,Europe
2018,"DJIBOUTI, REPUBLIC OF",February,1.0,2,2018-02-01,Djibouti,Africa
2018,"DOMINICA, COMMONWEALTH OF",February,9.0,2,2018-02-01,Dominica,America
2018,DOMINICAN REPUBLIC,February,1.0,2,2018-02-01,Dominican Republic,America
2018,"ECUADOR, REPUBLIC OF",February,15.0,2,2018-02-01,Ecuador,America
2018,"EGYPT, ARAB REPUBLIC OF",February,281.0,2,2018-02-01,Egypt,Africa
2018,"EL SALVADOR, REPUBLIC OF",February,3.0,2,2018-02-01,El Salvador,America
2018,"ERITREA, STATE OF",February,12.0,2,2018-02-01,Eritrea,Africa
2018,ESTONIA,February,586.0,2,2018-02-01,Estonia,Europe
2018,"ETHIOPIA, FEDERAL DEMOCRATIC REPUBLIC OF",February,19.0,2,2018-02-01,Ethiopia,Africa
2018,"FIJI, REPUBLIC OF",February,5.0,2,2018-02-01,Fiji,Oceania
2018,FINLAND,February,1499.0,2,2018-02-01,Finland,Europe
2018,FRANCE (FRENCH REPUBLIC),February,16871.0,2,2018-02-01,France,Europe
2018,GABON,February,2.0,2,2018-02-01,Gabon,Africa
2018,"GAMBIA, THE",February,1.0,2,2018-02-01,Gambia,Africa
2018,GEORGIA,February,82.0,2,2018-02-01,Georgia,Asia
2018,GERMANY,February,17066.0,2,2018-02-01,Germany,Europe
2018,"GHANA, REPUBLIC OF",February,6.0,2,2018-02-01,Ghana,Africa
2018,GREECE,February,573.0,2,2018-02-01,Greece,Europe
2018,GRENADA,February,1.0,2,2018-02-01,Grenada,America
2018,"GUATEMALA, REPUBLIC OF",February,4.0,2,2018-02-01,Guatemala,America
2018,GUINEA- BISSAU,February,0.0,2,2018-02-01,Guinea-Bissau,Africa
2018,"GUYANA, COOPERATIVE REPUBLIC OF",February,2.0,2,2018-02-01,Guyana,America
2018,"HAITI, REPUBLIC OF",February,1.0,2,2018-02-01,Haiti,America
2018,"HONDURAS, REPUBLIC OF",February,3.0,2,2018-02-01,Honduras,America
2018,HONG KONG,February,4.0,2,2018-02-01,Hong Kong,Asia
2018,HUNGARY,February,870.0,2,2018-02-01,Hungary,Europe
2018,ICELAND,February,63.0,2,2018-02-01,Iceland,Europe
2018,"INDIA, REPUBLIC OF",February,32914.0,2,2018-02-01,India,Asia
2018,"INDONESIA, REPUBLIC OF",February,350.0,2,2018-02-01,Indonesia,Asia
2018,"IRAN, ISLAMIC REPUBLIC OF",February,439.0,2,2018-02-01,Iran,Asia
2018,"IRAQ, REPUBLIC OF",February,157.0,2,2018-02-01,Iraq,Asia
2018,IRELAND,February,839.0,2,2018-02-01,Ireland,Europe
2018,"ISRAEL, STATE OF",February,1253.0,2,2018-02-01,Israel,Asia
2018,ITALY,February,4843.0,2,2018-02-01,Italy,Europe
2018,JAMAICA,February,7.0,2,2018-02-01,Jamaica,America
2018,JAPAN,February,5263.0,2,2018-02-01,Japan,Asia
2018,"JORDAN, THE HASHEMITE KINGDOM OF",February,254.0,2,2018-02-01,Jordan,Asia
2018,"KAZAKHSTAN, REPUBLIC OF",February,407.0,2,2018-02-01,Kazakhstan,Asia
2018,"KENYA, REPUBLIC OF",February,35.0,2,2018-02-01,Kenya,Africa
2018,KIRIBATI,February,0.0,2,2018-02-01,Kiribati,Oceania
2018,KOSOVO,February,3.0,2,2018-02-01,Kosovo,Europe
2018,"KUWAIT, STATE OF",February,403.0,2,2018-02-01,Kuwait,Asia
2018,KYRGYZSTAN,February,46.0,2,2018-02-01,Kyrgyzstan,Asia
2018,"LAO, PEOPLE'S DEMOCRATIC REPUBLIC",February,7.0,2,2018-02-01,Laos,Asia
2018,LATVIA,February,219.0,2,2018-02-01,Latvia,Europe
2018,LEBANON,February,542.0,2,2018-02-01,Lebanon,Asia
2018,LESOTHO,February,0.0,2,2018-02-01,Lesotho,Africa
2018,LIBERIA,February,0.0,2,2018-02-01,Liberia,Africa
2018,"LIBYA, STATE OF",February,8.0,2,2018-02-01,Libya,Africa
2018,"LIECHTENSTEIN, PRINCIPALITY OF",February,10.0,2,2018-02-01,Liechtenstein,Europe
2018,LITHUANIA,February,570.0,2,2018-02-01,Lithuania,Europe
2018,LUXEMBOURG,February,77.0,2,2018-02-01,Luxembourg,Europe
2018,"MACEDONIA, REPUBLIC OF",February,34.0,2,2018-02-01,North Macedonia,Europe
2018,MADAGASCAR,February,6.0,2,2018-02-01,Madagascar,Africa
2018,MALAWI,February,1.0,2,2018-02-01,Malawi,Africa
2018,MALAYSIA,February,1744.0,2,2018-02-01,Malaysia,Asia
2018,"MALDIVES, REPUBLIC OF",February,4726.0,2,2018-02-01,Maldives,Asia
2018,"MALI, REPUBLIC OF",February,1.0,2,2018-02-01,Mali,Africa
2018,MALTA,February,35.0,2,2018-02-01,Malta,Europe
2018,"MARSHALL ISLANDS, REPUBLIC OF THE",February,1.0,2,2018-02-01,Marshall Islands,Oceania
2018,"MAURITANIA, ISLAMIC REPUBLIC OF",February,1.0,2,2018-02-01,Mauritania,Africa
2018,"MAURITIUS, REPUBLIC OF",February,100.0,2,2018-02-01,Mauritius,Africa
2018,MEXICO,February,87.0,2,2018-02-01,Mexico,America
2018,"MICRONESIA, FEDERATED STATES OF",February,1.0,2,2018-02-01,"Micronesia, Fed. Sts.",Oceania
2018,"MOLDOVA, REPUBLIC OF",February,56.0,2,2018-02-01,Moldova,Europe
2018,"MONACO, PRINCIPALITY OF",February,7.0,2,2018-02-01,Monaco,Europe
2018,MONGOLIA,February,9.0,2,2018-02-01,Mongolia,Asia
2018,MONTENEGRO,February,21.0,2,2018-02-01,Montenegro,Europe
2018,"MOROCCO, KINGDOM OF",February,101.0,2,2018-02-01,Morocco,Africa
2018,"MOZAMBIQUE, REPUBLIC OF",February,24.0,2,2018-02-01,Mozambique,Africa
2018,"MYANMAR, REPUBLIC OF THE UNION OF",February,123.0,2,2018-02-01,Myanmar,Asia
2018,NAMIBIA,February,3.0,2,2018-02-01,Namibia,Africa
2018,NAURU,February,1.0,2,2018-02-01,Nauru,Oceania
2018,"NEPAL, FEDERAL DEMOCRATIC REPUBLIC OF",February,401.0,2,2018-02-01,Nepal,Asia
2018,NETHERLAND ANTILLES,February,0.0,2,2018-02-01,NETHERLAND ANTILLES,Other
2018,NETHERLANDS,February,4739.0,2,2018-02-01,Netherlands,Europe
2018,NEW ZEALAND,February,655.0,2,2018-02-01,New Zealand,Oceania
2018,NICARAGUA,February,0.0,2,2018-02-01,Nicaragua,America
2018,NIGER,February,0.0,2,2018-02-01,Niger,Africa
2018,"NIGER,REPUBLIC OF",February,0.0,2,2018-02-01,Niger,Africa
2018,"NIGERIA, FEDERAL REPUBLIC OF",February,38.0,2,2018-02-01,Nigeria,Africa
2018,NORTH KOREA,February,2.0,2,2018-02-01,North Korea,Asia
2018,"NORWAY, KINGDOM OF",February,1722.0,2,2018-02-01,Norway,Europe
2018,"OMAN, SULTANATE OF",February,573.0,2,2018-02-01,Oman,Asia
2018,"PAKISTAN, ISLAMIC REPUBLIC OF",February,1734.0,2,2018-02-01,Pakistan,Asia
2018,PALAU,February,0.0,2,2018-02-01,Palau,Oceania
2018,PALESTINIAN TERRITORIES,February,65.0,2,2018-02-01,Palestine,Asia
2018,"PANAMA, REPUBLIC OF",February,7.0,2,2018-02-01,Panama,America
2018,PAPUA NEW GUINEA,February,0.0,2,2018-02-01,Papua New Guinea,Oceania
2018,PARAGUAY,February,0.0,2,2018-02-01,Paraguay,America
2018,"PERU, REPUBLIC OF",February,50.0,2,2018-02-01,Peru,America
2018,"PHILIPPINES, REPUBLIC OF",February,1744.0,2,2018-02-01,Philippines,Asia
2018,POLAND,February,3195.0,2,2018-02-01,Poland,Europe
2018,PORTUGAL,February,581.0,2,2018-02-01,Portugal,Europe
2018,"QATAR, STATE OF",February,75.0,2,2018-02-01,Qatar,Asia
2018,ROMANIA,February,943.0,2,2018-02-01,Romania,Europe
2018,RUSSIAN FEDERATION,February,11043.0,2,2018-02-01,Russia,Europe
2018,RWANDA,February,3.0,2,2018-02-01,Rwanda,Africa
2018,SAINT KITTS & NEVIS,February,3.0,2,2018-02-01,St. Kitts and Nevis,America
2018,SAINT LUCIA,February,2.0,2,2018-02-01,St. Lucia,America
2018,SAINT VINCENT & THE GRENADINES,February,0.0,2,2018-02-01,St. Vincent and the Grenadines,America
2018,SAMOA,February,0.0,2,2018-02-01,Samoa,Oceania
2018,"SAN MARINO, REPUBLIC OF",February,16.0,2,2018-02-01,San Marino,Europe
2018,SAO TOME AND PRINCIPE,February,0.0,2,2018-02-01,Sao Tome and Principe,Africa
2018,"SAUDI ARABIA, KINGDOM OF",February,1065.0,2,2018-02-01,Saudi Arabia,Asia
2018,"SENEGAL, REPUBLIC OF",February,6.0,2,2018-02-01,Senegal,Africa
2018,"SERBIA, REPUBLIC OF",February,282.0,2,2018-02-01,Serbia,Europe
2018,SEYCHELLES,February,0.0,2,2018-02-01,Seychelles,Africa
2018,SIERRA LEONE,February,1.0,2,2018-02-01,Sierra Leone,Africa
2018,"SINGAPORE, REPUBLIC OF",February,1469.0,2,2018-02-01,Singapore,Asia
2018,SLOVAK REPUBLIC,February,820.0,2,2018-02-01,Slovakia,Europe
2018,SLOVENIA,February,754.0,2,2018-02-01,Slovenia,Europe
2018,SOLOMAN ISLANDS,February,0.0,2,2018-02-01,SOLOMAN ISLANDS,Other
2018,"SOMALIA, FEDERAL REPUBLIC OF",February,6.0,2,2018-02-01,Somalia,Africa
2018,"SOUTH AFRICA, REPUBLIC OF",February,562.0,2,2018-02-01,South Africa,Africa
2018,SOUTH KOREA,February,1359.0,2,2018-02-01,South Korea,Asia
2018,"SOUTH SUDAN, REPUBLIC OF",February,1.0,2,2018-02-01,South Sudan,Africa
2018,SPAIN,February,1680.0,2,2018-02-01,Spain,Europe
2018,SUDAN,February,49.0,2,2018-02-01,Sudan,Africa
2018,SURINAME,February,3.0,2,2018-02-01,Suriname,America
2018,SWAZILAND,February,1.0,2,2018-02-01,Eswatini,Africa
2018,SWEDEN,February,4533.0,2,2018-02-01,Sweden,Europe
2018,SWITZERLAND,February,3234.0,2,2018-02-01,Switzerland,Europe
2018,SYRIAN ARAB REPUBLIC,February,8.0,2,2018-02-01,Syria,Asia
2018,TAIWAN (REPUBLIC OF CHINA),February,1152.0,2,2018-02-01,Taiwan,Asia
2018,"TAJIKISTAN, REPUBLIC OF",February,7.0,2,2018-02-01,Tajikistan,Asia
2018,"TANZANIA, UNITED REPUBLIC OF",February,20.0,2,2018-02-01,Tanzania,Africa
2018,"THAILAND, KINGDOM OF",February,566.0,2,2018-02-01,Thailand,Asia
2018,"TIMOR-LESTE, DEMOCRATIC REPUBLIC OF",February,3.0,2,2018-02-01,Timor-Leste,Asia
2018,TOGO,February,0.0,2,2018-02-01,Togo,Africa
2018,TONGA,February,0.0,2,2018-02-01,Tonga,Oceania
2018,TRINIDAD & TOBAGO,February,9.0,2,2018-02-01,Trinidad and Tobago,America
2018,"TUNISIA, REPUBLIC OF",February,62.0,2,2018-02-01,Tunisia,Africa
2018,"TURKEY, REPUBLIC OF",February,632.0,2,2018-02-01,Türkiye,Asia
2018,TURKMENISTAN,February,9.0,2,2018-02-01,Turkmenistan,Asia
2018,TUVALU,February,0.0,2,2018-02-01,Tuvalu,Oceania
2018,UGANDA,February,22.0,2,2018-02-01,Uganda,Africa
2018,UKRAINE,February,5138.0,2,2018-02-01,Ukraine,Europe
2018,UNITED ARAB EMIRATES,February,247.0,2,2018-02-01,United Arab Emirates,Asia
2018,UNITED KINGDOM,February,23817.0,2,2018-02-01,United Kingdom,Europe
2018,UNITED STATES OF AMERICA,February,5984.0,2,2018-02-01,United States,America
2018,"URUGUAY, ORIENTAL REPUBLIC OF",February,3.0,2,2018-02-01,Uruguay,America
2018,"UZBEKISTAN, REPUBLIC OF",February,88.0,2,2018-02-01,Uzbekistan,Asia
2018,"VANUATU, REPUBLIC OF",February,1.0,2,2018-02-01,Vanuatu,Oceania
2018,"VATICAN CITY, STATE OF",February,0.0,2,2018-02-01,Vatican,Europe
2018,"VENEZUELA, BOLIVARIAN REPUBLIC OF",February,18.0,2,2018-02-01,Venezuela,America
2018,VIETNAM,February,380.0,2,2018-02-01,Vietnam,Asia
2018,"YEMEN, REPUBLIC OF",February,69.0,2,2018-02-01,Yemen,Asia
2018,"ZAMBIA, REPUBLIC OF",February,7.0,2,2018-02-01,Zambia,Africa
2018,"ZIMBABWE, REPUBLIC OF",February,19.0,2,2018-02-01,Zimbabwe,Africa
2018,"AFGHANISTAN, ISLAMIC REPUBLIC OF",March,112.0,3,2018-03-01,Afghanistan,Asia
2018,"ALBANIA, REPUBLIC OF",March,5.0,3,2018-03-01,Albania,Europe
2018,"ALGERIA, PEOPLE'S DEMOCRATIC REPUBLIC OF",March,28.0,3,2018-03-01,Algeria,Africa
2018,"ANDORRA, PRINCIPALITY OF",March,2.0,3,2018-03-01,Andorra,Europe
2018,"ANGOLA, REPUBLIC OF",March,2.0,3,2018-03-01,Angola,Africa
2018,ANTIGUA & BARBUDA,March,2.0,3,2018-03-01,Antigua and Barbuda,America
2018,ARGENTINA,March,271.0,3,2018-03-01,Argentina,America
2018,"ARMENIA, REPUBLIC OF",March,75.0,3,2018-03-01,Armenia,Asia
2018,AUSTRALIA,March,8932.0,3,2018-03-01,Australia,Oceania
2018,AUSTRIA,March,2573.0,3,2018-03-01,Austria,Europe
2018,"AZERBAIJAN, REPUBLIC OF",March,109.0,3,2018-03-01,Azerbaijan,Asia
2018,"BAHAMAS, COMMONWEALTH OF THE",March,4.0,3,2018-03-01,Bahamas,America
2018,"BAHRAIN, KINGDOM OF",March,195.0,3,2018-03-01,Bahrain,Asia
2018,"BANGLADESH, PEOPLE'S REPUBLIC OF",March,996.0,3,2018-03-01,Bangladesh,Asia
2018,BARBADOS,March,3.0,3,2018-03-01,Barbados,America
2018,"BELARUS, REPUBLIC OF",March,666.0,3,2018-03-01,Belarus,Europe
2018,BELGIUM,March,1666.0,3,2018-03-01,Belgium,Europe
2018,BELIZE,March,1.0,3,2018-03-01,Belize,America
2018,BENIN,March,0.0,3,2018-03-01,Benin,Africa
2018,"BHUTAN, KINGDOM OF",March,37.0,3,2018-03-01,Bhutan,Asia
2018,BOLIVIA,March,17.0,3,2018-03-01,Bolivia,America
2018,BOSNIA & HERZEGOVINA,March,25.0,3,2018-03-01,Bosnia and Herzegovina,Europe
2018,"BOTSWANA, REPUBLIC OF",March,4.0,3,2018-03-01,Botswana,Africa
2018,"BRAZIL, FEDERATIVE REPUBLIC OF",March,357.0,3,2018-03-01,Brazil,America
2018,"BRUNEI, NATION OF",March,17.0,3,2018-03-01,Brunei Darussalam,Asia
2018,BULGARIA,March,352.0,3,2018-03-01,Bulgaria,Europe
2018,BURKINA FASO,March,0.0,3,2018-03-01,Burkina Faso,Africa
2018,BURUNDI,March,0.0,3,2018-03-01,Burundi,Africa
2018,"CAMBODIA, KINGDOM OF",March,103.0,3,2018-03-01,Cambodia,Asia
2018,CAMEROON,March,1.0,3,2018-03-01,Cameroon,Africa
2018,CANADA,March,5113.0,3,2018-03-01,Canada,America
2018,CAPE VERDE,March,0.0,3,2018-03-01,Cabo Verde,Africa
2018,CENTRAL AFRICAN REPUBLIC,March,0.0,3,2018-03-01,Central African Republic,Africa
2018,CHAD,March,0.0,3,2018-03-01,Chad,Africa
2018,"CHILE, REPUBLIC OF",March,109.0,3,2018-03-01,Chile,America
2018,"CHINA, PEOPLE'S REPUBLIC OF",March,21101.0,3,2018-03-01,China,Asia
2018,"COLOMBIA, REPUBLIC OF",March,72.0,3,2018-03-01,Colombia,America
2018,COMOROS,March,14.0,3,2018-03-01,Comoros,Africa
2018,"CONGO, DEMOCRATIC REPUBLIC OF THE",March,5.0,3,2018-03-01,DR Congo,Africa
2018,"CONGO, REPUBLIC OF THE",March,0.0,3,2018-03-01,Congo Republic,Africa
2018,"COSTA RICA, REPUBLIC OF",March,14.0,3,2018-03-01,Costa Rica,America
2018,"COTE D'IVOIRE, REPUBLIC OF",March,1.0,3,2018-03-01,Côte d'Ivoire,Africa
2018,CROATIA,March,209.0,3,2018-03-01,Croatia,Europe
2018,"CUBA, REPUBLIC OF",March,5.0,3,2018-03-01,Cuba,America
2018,"CYPRUS, REPUBLIC OF",March,51.0,3,2018-03-01,Cyprus,Asia
2018,CZECH REPUBLIC,March,2674.0,3,2018-03-01,Czechia,Europe
2018,"DENMARK, KINGDOM OF",March,2227.0,3,2018-03-01,Denmark,Europe
2018,"DJIBOUTI, REPUBLIC OF",March,4.0,3,2018-03-01,Djibouti,Africa
2018,"DOMINICA, COMMONWEALTH OF",March,3.0,3,2018-03-01,Dominica,America
2018,DOMINICAN REPUBLIC,March,3.0,3,2018-03-01,Dominican Republic,America
2018,"ECUADOR, REPUBLIC OF",March,10.0,3,2018-03-01,Ecuador,America
2018,"EGYPT, ARAB REPUBLIC OF",March,278.0,3,2018-03-01,Egypt,Africa
2018,"EL SALVADOR, REPUBLIC OF",March,2.0,3,2018-03-01,El Salvador,America
2018,"ERITREA, STATE OF",March,10.0,3,2018-03-01,Eritrea,Africa
2018,ESTONIA,March,359.0,3,2018-03-01,Estonia,Europe
2018,"ETHIOPIA, FEDERAL DEMOCRATIC REPUBLIC OF",March,24.0,3,2018-03-01,Ethiopia,Africa
2018,"FIJI, REPUBLIC OF",March,18.0,3,2018-03-01,Fiji,Oceania
2018,FINLAND,March,1036.0,3,2018-03-01,Finland,Europe
2018,FRANCE (FRENCH REPUBLIC),March,14818.0,3,2018-03-01,France,Europe
2018,GABON,March,0.0,3,2018-03-01,Gabon,Africa
2018,"GAMBIA, THE",March,0.0,3,2018-03-01,Gambia,Africa
2018,GEORGIA,March,63.0,3,2018-03-01,Georgia,Asia
2018,GERMANY,March,24423.0,3,2018-03-01,Germany,Europe
2018,"GHANA, REPUBLIC OF",March,13.0,3,2018-03-01,Ghana,Africa
2018,GREECE,March,770.0,3,2018-03-01,Greece,Europe
2018,GRENADA,March,0.0,3,2018-03-01,Grenada,America
2018,"GUATEMALA, REPUBLIC OF",March,5.0,3,2018-03-01,Guatemala,America
2018,GUINEA- BISSAU,March,0.0,3,2018-03-01,Guinea-Bissau,Africa
2018,"GUYANA, COOPERATIVE REPUBLIC OF",March,9.0,3,2018-03-01,Guyana,America
2018,"HAITI, REPUBLIC OF",March,2.0,3,2018-03-01,Haiti,America
2018,"HONDURAS, REPUBLIC OF",March,5.0,3,2018-03-01,Honduras,America
2018,HONG KONG,March,3.0,3,2018-03-01,Hong Kong,Asia
2018,HUNGARY,March,517.0,3,2018-03-01,Hungary,Europe
2018,ICELAND,March,44.0,3,2018-03-01,Iceland,Europe
2018,"INDIA, REPUBLIC OF",March,30583.0,3,2018-03-01,India,Asia
2018,"INDONESIA, REPUBLIC OF",March,589.0,3,2018-03-01,Indonesia,Asia
2018,"IRAN, ISLAMIC REPUBLIC OF",March,1716.0,3,2018-03-01,Iran,Asia
2018,"IRAQ, REPUBLIC OF",March,41.0,3,2018-03-01,Iraq,Asia
2018,IRELAND,March,1470.0,3,2018-03-01,Ireland,Europe
2018,"ISRAEL, STATE OF",March,1255.0,3,2018-03-01,Israel,Asia
2018,ITALY,March,4157.0,3,2018-03-01,Italy,Europe
2018,JAMAICA,March,22.0,3,2018-03-01,Jamaica,America
2018,JAPAN,March,4629.0,3,2018-03-01,Japan,Asia
2018,"JORDAN, THE HASHEMITE KINGDOM OF",March,299.0,3,2018-03-01,Jordan,Asia
2018,"KAZAKHSTAN, REPUBLIC OF",March,370.0,3,2018-03-01,Kazakhstan,Asia
2018,"KENYA, REPUBLIC OF",March,48.0,3,2018-03-01,Kenya,Africa
2018,KIRIBATI,March,0.0,3,2018-03-01,Kiribati,Oceania
2018,KOSOVO,March,2.0,3,2018-03-01,Kosovo,Europe
2018,"KUWAIT, STATE OF",March,240.0,3,2018-03-01,Kuwait,Asia
2018,KYRGYZSTAN,March,107.0,3,2018-03-01,Kyrgyzstan,Asia
2018,"LAO, PEOPLE'S DEMOCRATIC REPUBLIC",March,20.0,3,2018-03-01,Laos,Asia
2018,LATVIA,March,261.0,3,2018-03-01,Latvia,Europe
2018,LEBANON,March,561.0,3,2018-03-01,Lebanon,Asia
2018,LESOTHO,March,0.0,3,2018-03-01,Lesotho,Africa
2018,LIBERIA,March,1.0,3,2018-03-01,Liberia,Africa
2018,"LIBYA, STATE OF",March,8.0,3,2018-03-01,Libya,Africa
2018,"LIECHTENSTEIN, PRINCIPALITY OF",March,23.0,3,2018-03-01,Liechtenstein,Europe
2018,LITHUANIA,March,402.0,3,2018-03-01,Lithuania,Europe
2018,LUXEMBOURG,March,112.0,3,2018-03-01,Luxembourg,Europe
2018,"MACEDONIA, REPUBLIC OF",March,34.0,3,2018-03-01,North Macedonia,Europe
2018,MADAGASCAR,March,4.0,3,2018-03-01,Madagascar,Africa
2018,MALAWI,March,7.0,3,2018-03-01,Malawi,Africa
2018,MALAYSIA,March,1994.0,3,2018-03-01,Malaysia,Asia
2018,"MALDIVES, REPUBLIC OF",March,7239.0,3,2018-03-01,Maldives,Asia
2018,"MALI, REPUBLIC OF",March,0.0,3,2018-03-01,Mali,Africa
2018,MALTA,March,68.0,3,2018-03-01,Malta,Europe
2018,"MARSHALL ISLANDS, REPUBLIC OF THE",March,0.0,3,2018-03-01,Marshall Islands,Oceania
2018,"MAURITANIA, ISLAMIC REPUBLIC OF",March,1.0,3,2018-03-01,Mauritania,Africa
2018,"MAURITIUS, REPUBLIC OF",March,60.0,3,2018-03-01,Mauritius,Africa
2018,MEXICO,March,180.0,3,2018-03-01,Mexico,America
2018,"MICRONESIA, FEDERATED STATES OF",March,0.0,3,2018-03-01,"Micronesia, Fed. Sts.",Oceania
2018,"MOLDOVA, REPUBLIC OF",March,68.0,3,2018-03-01,Moldova,Europe
2018,"MONACO, PRINCIPALITY OF",March,9.0,3,2018-03-01,Monaco,Europe
2018,MONGOLIA,March,23.0,3,2018-03-01,Mongolia,Asia
2018,MONTENEGRO,March,14.0,3,2018-03-01,Montenegro,Europe
2018,"MOROCCO, KINGDOM OF",March,97.0,3,2018-03-01,Morocco,Africa
2018,"MOZAMBIQUE, REPUBLIC OF",March,1.0,3,2018-03-01,Mozambique,Africa
2018,"MYANMAR, REPUBLIC OF THE UNION OF",March,172.0,3,2018-03-01,Myanmar,Asia
2018,NAMIBIA,March,19.0,3,2018-03-01,Namibia,Africa
2018,NAURU,March,0.0,3,2018-03-01,Nauru,Oceania
2018,"NEPAL, FEDERAL DEMOCRATIC REPUBLIC OF",March,367.0,3,2018-03-01,Nepal,Asia
2018,NETHERLAND ANTILLES,March,1.0,3,2018-03-01,NETHERLAND ANTILLES,Other
2018,NETHERLANDS,March,4532.0,3,2018-03-01,Netherlands,Europe
2018,NEW ZEALAND,March,1004.0,3,2018-03-01,New Zealand,Oceania
2018,NICARAGUA,March,5.0,3,2018-03-01,Nicaragua,America
2018,NIGER,March,0.0,3,2018-03-01,Niger,Africa
2018,"NIGER,REPUBLIC OF",March,1.0,3,2018-03-01,Niger,Africa
2018,"NIGERIA, FEDERAL REPUBLIC OF",March,42.0,3,2018-03-01,Nigeria,Africa
2018,NORTH KOREA,March,0.0,3,2018-03-01,North Korea,Asia
2018,"NORWAY, KINGDOM OF",March,1784.0,3,2018-03-01,Norway,Europe
2018,"OMAN, SULTANATE OF",March,268.0,3,2018-03-01,Oman,Asia
2018,"PAKISTAN, ISLAMIC REPUBLIC OF",March,1589.0,3,2018-03-01,Pakistan,Asia
2018,PALAU,March,0.0,3,2018-03-01,Palau,Oceania
2018,PALESTINIAN TERRITORIES,March,62.0,3,2018-03-01,Palestine,Asia
2018,"PANAMA, REPUBLIC OF",March,2.0,3,2018-03-01,Panama,America
2018,PAPUA NEW GUINEA,March,11.0,3,2018-03-01,Papua New Guinea,Oceania
2018,PARAGUAY,March,7.0,3,2018-03-01,Paraguay,America
2018,"PERU, REPUBLIC OF",March,32.0,3,2018-03-01,Peru,America
2018,"PHILIPPINES, REPUBLIC OF",March,1775.0,3,2018-03-01,Philippines,Asia
2018,POLAND,March,1676.0,3,2018-03-01,Poland,Europe
2018,PORTUGAL,March,537.0,3,2018-03-01,Portugal,Europe
2018,"QATAR, STATE OF",March,63.0,3,2018-03-01,Qatar,Asia
2018,ROMANIA,March,561.0,3,2018-03-01,Romania,Europe
2018,RUSSIAN FEDERATION,March,9089.0,3,2018-03-01,Russia,Europe
2018,RWANDA,March,1.0,3,2018-03-01,Rwanda,Africa
2018,SAINT KITTS & NEVIS,March,4.0,3,2018-03-01,St. Kitts and Nevis,America
2018,SAINT LUCIA,March,0.0,3,2018-03-01,St. Lucia,America
2018,SAINT VINCENT & THE GRENADINES,March,2.0,3,2018-03-01,St. Vincent and the Grenadines,America
2018,SAMOA,March,0.0,3,2018-03-01,Samoa,Oceania
2018,"SAN MARINO, REPUBLIC OF",March,7.0,3,2018-03-01,San Marino,Europe
2018,SAO TOME AND PRINCIPE,March,0.0,3,2018-03-01,Sao Tome and Principe,Africa
2018,"SAUDI ARABIA, KINGDOM OF",March,997.0,3,2018-03-01,Saudi Arabia,Asia
2018,"SENEGAL, REPUBLIC OF",March,4.0,3,2018-03-01,Senegal,Africa
2018,"SERBIA, REPUBLIC OF",March,184.0,3,2018-03-01,Serbia,Europe
2018,SEYCHELLES,March,0.0,3,2018-03-01,Seychelles,Africa
2018,SIERRA LEONE,March,2.0,3,2018-03-01,Sierra Leone,Africa
2018,"SINGAPORE, REPUBLIC OF",March,1809.0,3,2018-03-01,Singapore,Asia
2018,SLOVAK REPUBLIC,March,896.0,3,2018-03-01,Slovakia,Europe
2018,SLOVENIA,March,271.0,3,2018-03-01,Slovenia,Europe
2018,SOLOMAN ISLANDS,March,0.0,3,2018-03-01,SOLOMAN ISLANDS,Other
2018,"SOMALIA, FEDERAL REPUBLIC OF",March,9.0,3,2018-03-01,Somalia,Africa
2018,"SOUTH AFRICA, REPUBLIC OF",March,791.0,3,2018-03-01,South Africa,Africa
2018,SOUTH KOREA,March,1398.0,3,2018-03-01,South Korea,Asia
2018,"SOUTH SUDAN, REPUBLIC OF",March,0.0,3,2018-03-01,South Sudan,Africa
2018,SPAIN,March,2452.0,3,2018-03-01,Spain,Europe
2018,SUDAN,March,53.0,3,2018-03-01,Sudan,Africa
2018,SURINAME,March,0.0,3,2018-03-01,Suriname,America
2018,SWAZILAND,March,1.0,3,2018-03-01,Eswatini,Africa
2018,SWEDEN,March,3109.0,3,2018-03-01,Sweden,Europe
2018,SWITZERLAND,March,3682.0,3,2018-03-01,Switzerland,Europe
2018,SYRIAN ARAB REPUBLIC,March,24.0,3,2018-03-01,Syria,Asia
2018,TAIWAN (REPUBLIC OF CHINA),March,700.0,3,2018-03-01,Taiwan,Asia
2018,"TAJIKISTAN, REPUBLIC OF",March,25.0,3,2018-03-01,Tajikistan,Asia
2018,"TANZANIA, UNITED REPUBLIC OF",March,16.0,3,2018-03-01,Tanzania,Africa
2018,"THAILAND, KINGDOM OF",March,1028.0,3,2018-03-01,Thailand,Asia
2018,"TIMOR-LESTE, DEMOCRATIC REPUBLIC OF",March,3.0,3,2018-03-01,Timor-Leste,Asia
2018,TOGO,March,0.0,3,2018-03-01,Togo,Africa
2018,TONGA,March,0.0,3,2018-03-01,Tonga,Oceania
2018,TRINIDAD & TOBAGO,March,10.0,3,2018-03-01,Trinidad and Tobago,America
2018,"TUNISIA, REPUBLIC OF",March,105.0,3,2018-03-01,Tunisia,Africa
2018,"TURKEY, REPUBLIC OF",March,365.0,3,2018-03-01,Türkiye,Asia
2018,TURKMENISTAN,March,11.0,3,2018-03-01,Turkmenistan,Asia
2018,TUVALU,March,0.0,3,2018-03-01,Tuvalu,Oceania
2018,UGANDA,March,5.0,3,2018-03-01,Uganda,Africa
2018,UKRAINE,March,3532.0,3,2018-03-01,Ukraine,Europe
2018,UNITED ARAB EMIRATES,March,420.0,3,2018-03-01,United Arab Emirates,Asia
2018,UNITED KINGDOM,March,30366.0,3,2018-03-01,United Kingdom,Europe
2018,UNITED STATES OF AMERICA,March,9701.0,3,2018-03-01,United States,America
2018,"URUGUAY, ORIENTAL REPUBLIC OF",March,16.0,3,2018-03-01,Uruguay,America
2018,"UZBEKISTAN, REPUBLIC OF",March,48.0,3,2018-03-01,Uzbekistan,Asia
2018,"VANUATU, REPUBLIC OF",March,1.0,3,2018-03-01,Vanuatu,Oceania
2018,"VATICAN CITY, STATE OF",March,0.0,3,2018-03-01,Vatican,Europe
2018,"VENEZUELA, BOLIVARIAN REPUBLIC OF",March,18.0,3,2018-03-01,Venezuela,America
2018,VIETNAM,March,330.0,3,2018-03-01,Vietnam,Asia
2018,"YEMEN, REPUBLIC OF",March,64.0,3,2018-03-01,Yemen,Asia
2018,"ZAMBIA, REPUBLIC OF",March,12.0,3,2018-03-01,Zambia,Africa
2018,"ZIMBABWE, REPUBLIC OF",March,27.0,3,2018-03-01,Zimbabwe,Africa
2018,"AFGHANISTAN, ISLAMIC REPUBLIC OF",April,40.0,4,2018-04-01,Afghanistan,Asia
2018,"ALBANIA, REPUBLIC OF",April,16.0,4,2018-04-01,Albania,Europe
2018,"ALGERIA, PEOPLE'S DEMOCRATIC REPUBLIC OF",April,24.0,4,2018-04-01,Algeria,Africa
2018,"ANDORRA, PRINCIPALITY OF",April,3.0,4,2018-04-01,Andorra,Europe
2018,"ANGOLA, REPUBLIC OF",April,1.0,4,2018-04-01,Angola,Africa
2018,ANTIGUA & BARBUDA,April,2.0,4,2018-04-01,Antigua and Barbuda,America
2018,ARGENTINA,April,300.0,4,2018-04-01,Argentina,America
2018,"ARMENIA, REPUBLIC OF",April,66.0,4,2018-04-01,Armenia,Asia
2018,AUSTRALIA,April,14023.0,4,2018-04-01,Australia,Oceania
2018,AUSTRIA,April,1103.0,4,2018-04-01,Austria,Europe
2018,"AZERBAIJAN, REPUBLIC OF",April,19.0,4,2018-04-01,Azerbaijan,Asia
2018,"BAHAMAS, COMMONWEALTH OF THE",April,24.0,4,2018-04-01,Bahamas,America
2018,"BAHRAIN, KINGDOM OF",April,151.0,4,2018-04-01,Bahrain,Asia
2018,"BANGLADESH, PEOPLE'S REPUBLIC OF",April,672.0,4,2018-04-01,Bangladesh,Asia
2018,BARBADOS,April,3.0,4,2018-04-01,Barbados,America
2018,"BELARUS, REPUBLIC OF",April,286.0,4,2018-04-01,Belarus,Europe
2018,BELGIUM,April,1211.0,4,2018-04-01,Belgium,Europe
2018,BELIZE,April,2.0,4,2018-04-01,Belize,America
2018,BENIN,April,0.0,4,2018-04-01,Benin,Africa
2018,"BHUTAN, KINGDOM OF",April,42.0,4,2018-04-01,Bhutan,Asia
2018,BOLIVIA,April,9.0,4,2018-04-01,Bolivia,America
2018,BOSNIA & HERZEGOVINA,April,18.0,4,2018-04-01,Bosnia and Herzegovina,Europe
2018,"BOTSWANA, REPUBLIC OF",April,4.0,4,2018-04-01,Botswana,Africa
2018,"BRAZIL, FEDERATIVE REPUBLIC OF",April,786.0,4,2018-04-01,Brazil,America
2018,"BRUNEI, NATION OF",April,6.0,4,2018-04-01,Brunei Darussalam,Asia
2018,BULGARIA,April,218.0,4,2018-04-01,Bulgaria,Europe
2018,BURKINA FASO,April,4.0,4,2018-04-01,Burkina Faso,Africa
2018,BURUNDI,April,0.0,4,2018-04-01,Burundi,Africa
2018,"CAMBODIA, KINGDOM OF",April,142.0,4,2018-04-01,Cambodia,Asia
2018,CAMEROON,April,1.0,4,2018-04-01,Cameroon,Africa
2018,CANADA,April,4972.0,4,2018-04-01,Canada,America
2018,CAPE VERDE,April,0.0,4,2018-04-01,Cabo Verde,Africa
2018,CENTRAL AFRICAN REPUBLIC,April,0.0,4,2018-04-01,Central African Republic,Africa
2018,CHAD,April,0.0,4,2018-04-01,Chad,Africa
2018,"CHILE, REPUBLIC OF",April,147.0,4,2018-04-01,Chile,America
2018,"CHINA, PEOPLE'S REPUBLIC OF",April,17462.0,4,2018-04-01,China,Asia
2018,"COLOMBIA, REPUBLIC OF",April,88.0,4,2018-04-01,Colombia,America
2018,COMOROS,April,10.0,4,2018-04-01,Comoros,Africa
2018,"CONGO, DEMOCRATIC REPUBLIC OF THE",April,4.0,4,2018-04-01,DR Congo,Africa
2018,"CONGO, REPUBLIC OF THE",April,0.0,4,2018-04-01,Congo Republic,Africa
2018,"COSTA RICA, REPUBLIC OF",April,13.0,4,2018-04-01,Costa Rica,America
2018,"COTE D'IVOIRE, REPUBLIC OF",April,1.0,4,2018-04-01,Côte d'Ivoire,Africa
2018,CROATIA,April,163.0,4,2018-04-01,Croatia,Europe
2018,"CUBA, REPUBLIC OF",April,6.0,4,2018-04-01,Cuba,America
2018,"CYPRUS, REPUBLIC OF",April,45.0,4,2018-04-01,Cyprus,Asia
2018,CZECH REPUBLIC,April,1304.0,4,2018-04-01,Czechia,Europe
2018,"DENMARK, KINGDOM OF",April,943.0,4,2018-04-01,Denmark,Europe
2018,"DJIBOUTI, REPUBLIC OF",April,1.0,4,2018-04-01,Djibouti,Africa
2018,"DOMINICA, COMMONWEALTH OF",April,3.0,4,2018-04-01,Dominica,America
2018,DOMINICAN REPUBLIC,April,2.0,4,2018-04-01,Dominican Republic,America
2018,"ECUADOR, REPUBLIC OF",April,43.0,4,2018-04-01,Ecuador,America
2018,"EGYPT, ARAB REPUBLIC OF",April,254.0,4,2018-04-01,Egypt,Africa
2018,"EL SALVADOR, REPUBLIC OF",April,6.0,4,2018-04-01,El Salvador,America
2018,"ERITREA, STATE OF",April,3.0,4,2018-04-01,Eritrea,Africa
2018,ESTONIA,April,144.0,4,2018-04-01,Estonia,Europe
2018,"ETHIOPIA, FEDERAL DEMOCRATIC REPUBLIC OF",April,12.0,4,2018-04-01,Ethiopia,Africa
2018,"FIJI, REPUBLIC OF",April,6.0,4,2018-04-01,Fiji,Oceania
2018,FINLAND,April,371.0,4,2018-04-01,Finland,Europe
2018,FRANCE (FRENCH REPUBLIC),April,7411.0,4,2018-04-01,France,Europe
2018,GABON,April,0.0,4,2018-04-01,Gabon,Africa
2018,"GAMBIA, THE",April,0.0,4,2018-04-01,Gambia,Africa
2018,GEORGIA,April,82.0,4,2018-04-01,Georgia,Asia
2018,GERMANY,April,10803.0,4,2018-04-01,Germany,Europe
2018,"GHANA, REPUBLIC OF",April,10.0,4,2018-04-01,Ghana,Africa
2018,GREECE,April,704.0,4,2018-04-01,Greece,Europe
2018,GRENADA,April,3.0,4,2018-04-01,Grenada,America
2018,"GUATEMALA, REPUBLIC OF",April,5.0,4,2018-04-01,Guatemala,America
2018,GUINEA- BISSAU,April,0.0,4,2018-04-01,Guinea-Bissau,Africa
2018,"GUYANA, COOPERATIVE REPUBLIC OF",April,2.0,4,2018-04-01,Guyana,America
2018,"HAITI, REPUBLIC OF",April,0.0,4,2018-04-01,Haiti,America
2018,"HONDURAS, REPUBLIC OF",April,0.0,4,2018-04-01,Honduras,America
2018,HONG KONG,April,1.0,4,2018-04-01,Hong Kong,Asia
2018,HUNGARY,April,231.0,4,2018-04-01,Hungary,Europe
2018,ICELAND,April,39.0,4,2018-04-01,Iceland,Europe
2018,"INDIA, REPUBLIC OF",April,29860.0,4,2018-04-01,India,Asia
2018,"INDONESIA, REPUBLIC OF",April,352.0,4,2018-04-01,Indonesia,Asia
2018,"IRAN, ISLAMIC REPUBLIC OF",April,239.0,4,2018-04-01,Iran,Asia
2018,"IRAQ, REPUBLIC OF",April,40.0,4,2018-04-01,Iraq,Asia
2018,IRELAND,April,922.0,4,2018-04-01,Ireland,Europe
2018,"ISRAEL, STATE OF",April,513.0,4,2018-04-01,Israel,Asia
2018,ITALY,April,2266.0,4,2018-04-01,Italy,Europe
2018,JAMAICA,April,8.0,4,2018-04-01,Jamaica,America
2018,JAPAN,April,3512.0,4,2018-04-01,Japan,Asia
2018,"JORDAN, THE HASHEMITE KINGDOM OF",April,241.0,4,2018-04-01,Jordan,Asia
2018,"KAZAKHSTAN, REPUBLIC OF",April,158.0,4,2018-04-01,Kazakhstan,Asia
2018,"KENYA, REPUBLIC OF",April,49.0,4,2018-04-01,Kenya,Africa
2018,KIRIBATI,April,0.0,4,2018-04-01,Kiribati,Oceania
2018,KOSOVO,April,8.0,4,2018-04-01,Kosovo,Europe
2018,"KUWAIT, STATE OF",April,249.0,4,2018-04-01,Kuwait,Asia
2018,KYRGYZSTAN,April,10.0,4,2018-04-01,Kyrgyzstan,Asia
2018,"LAO, PEOPLE'S DEMOCRATIC REPUBLIC",April,13.0,4,2018-04-01,Laos,Asia
2018,LATVIA,April,172.0,4,2018-04-01,Latvia,Europe
2018,LEBANON,April,676.0,4,2018-04-01,Lebanon,Asia
2018,LESOTHO,April,4.0,4,2018-04-01,Lesotho,Africa
2018,LIBERIA,April,1.0,4,2018-04-01,Liberia,Africa
2018,"LIBYA, STATE OF",April,9.0,4,2018-04-01,Libya,Africa
2018,"LIECHTENSTEIN, PRINCIPALITY OF",April,10.0,4,2018-04-01,Liechtenstein,Europe
2018,LITHUANIA,April,241.0,4,2018-04-01,Lithuania,Europe
2018,LUXEMBOURG,April,78.0,4,2018-04-01,Luxembourg,Europe
2018,"MACEDONIA, REPUBLIC OF",April,20.0,4,2018-04-01,North Macedonia,Europe
2018,MADAGASCAR,April,8.0,4,2018-04-01,Madagascar,Africa
2018,MALAWI,April,1.0,4,2018-04-01,Malawi,Africa
2018,MALAYSIA,April,1827.0,4,2018-04-01,Malaysia,Asia
2018,"MALDIVES, REPUBLIC OF",April,5696.0,4,2018-04-01,Maldives,Asia
2018,"MALI, REPUBLIC OF",April,2.0,4,2018-04-01,Mali,Africa
2018,MALTA,April,34.0,4,2018-04-01,Malta,Europe
2018,"MARSHALL ISLANDS, REPUBLIC OF THE",April,0.0,4,2018-04-01,Marshall Islands,Oceania
2018,"MAURITANIA, ISLAMIC REPUBLIC OF",April,0.0,4,2018-04-01,Mauritania,Africa
2018,"MAURITIUS, REPUBLIC OF",April,40.0,4,2018-04-01,Mauritius,Africa
2018,MEXICO,April,496.0,4,2018-04-01,Mexico,America
2018,"MICRONESIA, FEDERATED STATES OF",April,0.0,4,2018-04-01,"Micronesia, Fed. Sts.",Oceania
2018,"MOLDOVA, REPUBLIC OF",April,30.0,4,2018-04-01,Moldova,Europe
2018,"MONACO, PRINCIPALITY OF",April,1.0,4,2018-04-01,Monaco,Europe
2018,MONGOLIA,April,10.0,4,2018-04-01,Mongolia,Asia
2018,MONTENEGRO,April,11.0,4,2018-04-01,Montenegro,Europe
2018,"MOROCCO, KINGDOM OF",April,98.0,4,2018-04-01,Morocco,Africa
2018,"MOZAMBIQUE, REPUBLIC OF",April,2.0,4,2018-04-01,Mozambique,Africa
2018,"MYANMAR, REPUBLIC OF THE UNION OF",April,309.0,4,2018-04-01,Myanmar,Asia
2018,NAMIBIA,April,6.0,4,2018-04-01,Namibia,Africa
2018,NAURU,April,0.0,4,2018-04-01,Nauru,Oceania
2018,"NEPAL, FEDERAL DEMOCRATIC REPUBLIC OF",April,366.0,4,2018-04-01,Nepal,Asia
2018,NETHERLAND ANTILLES,April,0.0,4,2018-04-01,NETHERLAND ANTILLES,Other
2018,NETHERLANDS,April,3989.0,4,2018-04-01,Netherlands,Europe
2018,NEW ZEALAND,April,1540.0,4,2018-04-01,New Zealand,Oceania
2018,NICARAGUA,April,6.0,4,2018-04-01,Nicaragua,America
2018,NIGER,April,1.0,4,2018-04-01,Niger,Africa
2018,"NIGER,REPUBLIC OF",April,0.0,4,2018-04-01,Niger,Africa
2018,"NIGERIA, FEDERAL REPUBLIC OF",April,28.0,4,2018-04-01,Nigeria,Africa
2018,NORTH KOREA,April,0.0,4,2018-04-01,North Korea,Asia
2018,"NORWAY, KINGDOM OF",April,690.0,4,2018-04-01,Norway,Europe
2018,"OMAN, SULTANATE OF",April,306.0,4,2018-04-01,Oman,Asia
2018,"PAKISTAN, ISLAMIC REPUBLIC OF",April,1384.0,4,2018-04-01,Pakistan,Asia
2018,PALAU,April,0.0,4,2018-04-01,Palau,Oceania
2018,PALESTINIAN TERRITORIES,April,51.0,4,2018-04-01,Palestine,Asia
2018,"PANAMA, REPUBLIC OF",April,10.0,4,2018-04-01,Panama,America
2018,PAPUA NEW GUINEA,April,7.0,4,2018-04-01,Papua New Guinea,Oceania
2018,PARAGUAY,April,3.0,4,2018-04-01,Paraguay,America
2018,"PERU, REPUBLIC OF",April,32.0,4,2018-04-01,Peru,America
2018,"PHILIPPINES, REPUBLIC OF",April,1631.0,4,2018-04-01,Philippines,Asia
2018,POLAND,April,1163.0,4,2018-04-01,Poland,Europe
2018,PORTUGAL,April,524.0,4,2018-04-01,Portugal,Europe
2018,"QATAR, STATE OF",April,111.0,4,2018-04-01,Qatar,Asia
2018,ROMANIA,April,469.0,4,2018-04-01,Romania,Europe
2018,RUSSIAN FEDERATION,April,4027.0,4,2018-04-01,Russia,Europe
2018,RWANDA,April,0.0,4,2018-04-01,Rwanda,Africa
2018,SAINT KITTS & NEVIS,April,2.0,4,2018-04-01,St. Kitts and Nevis,America
2018,SAINT LUCIA,April,1.0,4,2018-04-01,St. Lucia,America
2018,SAINT VINCENT & THE GRENADINES,April,1.0,4,2018-04-01,St. Vincent and the Grenadines,America
2018,SAMOA,April,0.0,4,2018-04-01,Samoa,Oceania
2018,"SAN MARINO, REPUBLIC OF",April,0.0,4,2018-04-01,San Marino,Europe
2018,SAO TOME AND PRINCIPE,April,0.0,4,2018-04-01,Sao Tome and Principe,Africa
2018,"SAUDI ARABIA, KINGDOM OF",April,1263.0,4,2018-04-01,Saudi Arabia,Asia
2018,"SENEGAL, REPUBLIC OF",April,2.0,4,2018-04-01,Senegal,Africa
2018,"SERBIA, REPUBLIC OF",April,123.0,4,2018-04-01,Serbia,Europe
2018,SEYCHELLES,April,411.0,4,2018-04-01,Seychelles,Africa
2018,SIERRA LEONE,April,1.0,4,2018-04-01,Sierra Leone,Africa
2018,"SINGAPORE, REPUBLIC OF",April,1357.0,4,2018-04-01,Singapore,Asia
2018,SLOVAK REPUBLIC,April,494.0,4,2018-04-01,Slovakia,Europe
2018,SLOVENIA,April,453.0,4,2018-04-01,Slovenia,Europe
2018,SOLOMAN ISLANDS,April,1.0,4,2018-04-01,SOLOMAN ISLANDS,Other
2018,"SOMALIA, FEDERAL REPUBLIC OF",April,5.0,4,2018-04-01,Somalia,Africa
2018,"SOUTH AFRICA, REPUBLIC OF",April,742.0,4,2018-04-01,South Africa,Africa
2018,SOUTH KOREA,April,825.0,4,2018-04-01,South Korea,Asia
2018,"SOUTH SUDAN, REPUBLIC OF",April,2.0,4,2018-04-01,South Sudan,Africa
2018,SPAIN,April,2072.0,4,2018-04-01,Spain,Europe
2018,SUDAN,April,37.0,4,2018-04-01,Sudan,Africa
2018,SURINAME,April,1.0,4,2018-04-01,Suriname,America
2018,SWAZILAND,April,9.0,4,2018-04-01,Eswatini,Africa
2018,SWEDEN,April,1073.0,4,2018-04-01,Sweden,Europe
2018,SWITZERLAND,April,2845.0,4,2018-04-01,Switzerland,Europe
2018,SYRIAN ARAB REPUBLIC,April,32.0,4,2018-04-01,Syria,Asia
2018,TAIWAN (REPUBLIC OF CHINA),April,607.0,4,2018-04-01,Taiwan,Asia
2018,"TAJIKISTAN, REPUBLIC OF",April,8.0,4,2018-04-01,Tajikistan,Asia
2018,"TANZANIA, UNITED REPUBLIC OF",April,15.0,4,2018-04-01,Tanzania,Africa
2018,"THAILAND, KINGDOM OF",April,691.0,4,2018-04-01,Thailand,Asia
2018,"TIMOR-LESTE, DEMOCRATIC REPUBLIC OF",April,5.0,4,2018-04-01,Timor-Leste,Asia
2018,TOGO,April,2.0,4,2018-04-01,Togo,Africa
2018,TONGA,April,0.0,4,2018-04-01,Tonga,Oceania
2018,TRINIDAD & TOBAGO,April,8.0,4,2018-04-01,Trinidad and Tobago,America
2018,"TUNISIA, REPUBLIC OF",April,56.0,4,2018-04-01,Tunisia,Africa
2018,"TURKEY, REPUBLIC OF",April,244.0,4,2018-04-01,Türkiye,Asia
2018,TURKMENISTAN,April,3.0,4,2018-04-01,Turkmenistan,Asia
2018,TUVALU,April,2.0,4,2018-04-01,Tuvalu,Oceania
2018,UGANDA,April,5.0,4,2018-04-01,Uganda,Africa
2018,UKRAINE,April,2448.0,4,2018-04-01,Ukraine,Europe
2018,UNITED ARAB EMIRATES,April,291.0,4,2018-04-01,United Arab Emirates,Asia
2018,UNITED KINGDOM,April,26063.0,4,2018-04-01,United Kingdom,Europe
2018,UNITED STATES OF AMERICA,April,8679.0,4,2018-04-01,United States,America
2018,"URUGUAY, ORIENTAL REPUBLIC OF",April,34.0,4,2018-04-01,Uruguay,America
2018,"UZBEKISTAN, REPUBLIC OF",April,24.0,4,2018-04-01,Uzbekistan,Asia
2018,"VANUATU, REPUBLIC OF",April,4.0,4,2018-04-01,Vanuatu,Oceania
2018,"VATICAN CITY, STATE OF",April,0.0,4,2018-04-01,Vatican,Europe
2018,"VENEZUELA, BOLIVARIAN REPUBLIC OF",April,40.0,4,2018-04-01,Venezuela,America
2018,VIETNAM,April,342.0,4,2018-04-01,Vietnam,Asia
2018,"YEMEN, REPUBLIC OF",April,62.0,4,2018-04-01,Yemen,Asia
2018,"ZAMBIA, REPUBLIC OF",April,3.0,4,2018-04-01,Zambia,Africa
2018,"ZIMBABWE, REPUBLIC OF",April,11.0,4,2018-04-01,Zimbabwe,Africa
2018,"AFGHANISTAN, ISLAMIC REPUBLIC OF",May,108.0,5,2018-05-01,Afghanistan,Asia
2018,"ALBANIA, REPUBLIC OF",May,12.0,5,2018-05-01,Albania,Europe
2018,"ALGERIA, PEOPLE'S DEMOCRATIC REPUBLIC OF",May,12.0,5,2018-05-01,Algeria,Africa
2018,"ANDORRA, PRINCIPALITY OF",May,6.0,5,2018-05-01,Andorra,Europe
2018,"ANGOLA, REPUBLIC OF",May,0.0,5,2018-05-01,Angola,Africa
2018,ANTIGUA & BARBUDA,May,1.0,5,2018-05-01,Antigua and Barbuda,America
2018,ARGENTINA,May,122.0,5,2018-05-01,Argentina,America
2018,"ARMENIA, REPUBLIC OF",May,53.0,5,2018-05-01,Armenia,Asia
2018,AUSTRALIA,May,4873.0,5,2018-05-01,Australia,Oceania
2018,AUSTRIA,May,637.0,5,2018-05-01,Austria,Europe
2018,"AZERBAIJAN, REPUBLIC OF",May,16.0,5,2018-05-01,Azerbaijan,Asia
2018,"BAHAMAS, COMMONWEALTH OF THE",May,6.0,5,2018-05-01,Bahamas,America
2018,"BAHRAIN, KINGDOM OF",May,108.0,5,2018-05-01,Bahrain,Asia
2018,"BANGLADESH, PEOPLE'S REPUBLIC OF",May,729.0,5,2018-05-01,Bangladesh,Asia
2018,BARBADOS,May,3.0,5,2018-05-01,Barbados,America
2018,"BELARUS, REPUBLIC OF",May,128.0,5,2018-05-01,Belarus,Europe
2018,BELGIUM,May,494.0,5,2018-05-01,Belgium,Europe
2018,BELIZE,May,0.0,5,2018-05-01,Belize,America
2018,BENIN,May,0.0,5,2018-05-01,Benin,Africa
2018,"BHUTAN, KINGDOM OF",May,30.0,5,2018-05-01,Bhutan,Asia
2018,BOLIVIA,May,2.0,5,2018-05-01,Bolivia,America
2018,BOSNIA & HERZEGOVINA,May,8.0,5,2018-05-01,Bosnia and Herzegovina,Europe
2018,"BOTSWANA, REPUBLIC OF",May,0.0,5,2018-05-01,Botswana,Africa
2018,"BRAZIL, FEDERATIVE REPUBLIC OF",May,124.0,5,2018-05-01,Brazil,America
2018,"BRUNEI, NATION OF",May,6.0,5,2018-05-01,Brunei Darussalam,Asia
2018,BULGARIA,May,87.0,5,2018-05-01,Bulgaria,Europe
2018,BURKINA FASO,May,1.0,5,2018-05-01,Burkina Faso,Africa
2018,BURUNDI,May,0.0,5,2018-05-01,Burundi,Africa
2018,"CAMBODIA, KINGDOM OF",May,84.0,5,2018-05-01,Cambodia,Asia
2018,CAMEROON,May,0.0,5,2018-05-01,Cameroon,Africa
2018,CANADA,May,3297.0,5,2018-05-01,Canada,America
2018,CAPE VERDE,May,0.0,5,2018-05-01,Cabo Verde,Africa
2018,CENTRAL AFRICAN REPUBLIC,May,0.0,5,2018-05-01,Central African Republic,Africa
2018,CHAD,May,0.0,5,2018-05-01,Chad,Africa
2018,"CHILE, REPUBLIC OF",May,55.0,5,2018-05-01,Chile,America
2018,"CHINA, PEOPLE'S REPUBLIC OF",May,17103.0,5,2018-05-01,China,Asia
2018,"COLOMBIA, REPUBLIC OF",May,33.0,5,2018-05-01,Colombia,America
2018,COMOROS,May,9.0,5,2018-05-01,Comoros,Africa
2018,"CONGO, DEMOCRATIC REPUBLIC OF THE",May,3.0,5,2018-05-01,DR Congo,Africa
2018,"CONGO, REPUBLIC OF THE",May,0.0,5,2018-05-01,Congo Republic,Africa
2018,"COSTA RICA, REPUBLIC OF",May,3.0,5,2018-05-01,Costa Rica,America
2018,"COTE D'IVOIRE, REPUBLIC OF",May,2.0,5,2018-05-01,Côte d'Ivoire,Africa
2018,CROATIA,May,92.0,5,2018-05-01,Croatia,Europe
2018,"CUBA, REPUBLIC OF",May,3.0,5,2018-05-01,Cuba,America
2018,"CYPRUS, REPUBLIC OF",May,43.0,5,2018-05-01,Cyprus,Asia
2018,CZECH REPUBLIC,May,322.0,5,2018-05-01,Czechia,Europe
2018,"DENMARK, KINGDOM OF",May,456.0,5,2018-05-01,Denmark,Europe
2018,"DJIBOUTI, REPUBLIC OF",May,0.0,5,2018-05-01,Djibouti,Africa
2018,"DOMINICA, COMMONWEALTH OF",May,1.0,5,2018-05-01,Dominica,America
2018,DOMINICAN REPUBLIC,May,6.0,5,2018-05-01,Dominican Republic,America
2018,"ECUADOR, REPUBLIC OF",May,0.0,5,2018-05-01,Ecuador,America
2018,"EGYPT, ARAB REPUBLIC OF",May,161.0,5,2018-05-01,Egypt,Africa
2018,"EL SALVADOR, REPUBLIC OF",May,0.0,5,2018-05-01,El Salvador,America
2018,"ERITREA, STATE OF",May,4.0,5,2018-05-01,Eritrea,Africa
2018,ESTONIA,May,32.0,5,2018-05-01,Estonia,Europe
2018,"ETHIOPIA, FEDERAL DEMOCRATIC REPUBLIC OF",May,28.0,5,2018-05-01,Ethiopia,Africa
2018,"FIJI, REPUBLIC OF",May,10.0,5,2018-05-01,Fiji,Oceania
2018,FINLAND,May,230.0,5,2018-05-01,Finland,Europe
2018,FRANCE (FRENCH REPUBLIC),May,3721.0,5,2018-05-01,France,Europe
2018,GABON,May,0.0,5,2018-05-01,Gabon,Africa
2018,"GAMBIA, THE",May,1.0,5,2018-05-01,Gambia,Africa
2018,GEORGIA,May,44.0,5,2018-05-01,Georgia,Asia
2018,GERMANY,May,6906.0,5,2018-05-01,Germany,Europe
2018,"GHANA, REPUBLIC OF",May,8.0,5,2018-05-01,Ghana,Africa
2018,GREECE,May,620.0,5,2018-05-01,Greece,Europe
2018,GRENADA,May,2.0,5,2018-05-01,Grenada,America
2018,"GUATEMALA, REPUBLIC OF",May,4.0,5,2018-05-01,Guatemala,America
2018,GUINEA- BISSAU,May,0.0,5,2018-05-01,Guinea-Bissau,Africa
2018,"GUYANA, COOPERATIVE REPUBLIC OF",May,1.0,5,2018-05-01,Guyana,America
2018,"HAITI, REPUBLIC OF",May,0.0,5,2018-05-01,Haiti,America
2018,"HONDURAS, REPUBLIC OF",May,5.0,5,2018-05-01,Honduras,America
2018,HONG KONG,May,0.0,5,2018-05-01,Hong Kong,Asia
2018,HUNGARY,May,103.0,5,2018-05-01,Hungary,Europe
2018,ICELAND,May,11.0,5,2018-05-01,Iceland,Europe
2018,"INDIA, REPUBLIC OF",May,42073.0,5,2018-05-01,India,Asia
2018,"INDONESIA, REPUBLIC OF",May,470.0,5,2018-05-01,Indonesia,Asia
2018,"IRAN, ISLAMIC REPUBLIC OF",May,268.0,5,2018-05-01,Iran,Asia
2018,"IRAQ, REPUBLIC OF",May,38.0,5,2018-05-01,Iraq,Asia
2018,IRELAND,May,384.0,5,2018-05-01,Ireland,Europe
2018,"ISRAEL, STATE OF",May,399.0,5,2018-05-01,Israel,Asia
2018,ITALY,May,1058.0,5,2018-05-01,Italy,Europe
2018,JAMAICA,May,6.0,5,2018-05-01,Jamaica,America
2018,JAPAN,May,4229.0,5,2018-05-01,Japan,Asia
2018,"JORDAN, THE HASHEMITE KINGDOM OF",May,117.0,5,2018-05-01,Jordan,Asia
2018,"KAZAKHSTAN, REPUBLIC OF",May,73.0,5,2018-05-01,Kazakhstan,Asia
2018,"KENYA, REPUBLIC OF",May,59.0,5,2018-05-01,Kenya,Africa
2018,KIRIBATI,May,0.0,5,2018-05-01,Kiribati,Oceania
2018,KOSOVO,May,0.0,5,2018-05-01,Kosovo,Europe
2018,"KUWAIT, STATE OF",May,143.0,5,2018-05-01,Kuwait,Asia
2018,KYRGYZSTAN,May,17.0,5,2018-05-01,Kyrgyzstan,Asia
2018,"LAO, PEOPLE'S DEMOCRATIC REPUBLIC",May,39.0,5,2018-05-01,Laos,Asia
2018,LATVIA,May,73.0,5,2018-05-01,Latvia,Europe
2018,LEBANON,May,225.0,5,2018-05-01,Lebanon,Asia
2018,LESOTHO,May,0.0,5,2018-05-01,Lesotho,Africa
2018,LIBERIA,May,4.0,5,2018-05-01,Liberia,Africa
2018,"LIBYA, STATE OF",May,9.0,5,2018-05-01,Libya,Africa
2018,"LIECHTENSTEIN, PRINCIPALITY OF",May,6.0,5,2018-05-01,Liechtenstein,Europe
2018,LITHUANIA,May,203.0,5,2018-05-01,Lithuania,Europe
2018,LUXEMBOURG,May,20.0,5,2018-05-01,Luxembourg,Europe
2018,"MACEDONIA, REPUBLIC OF",May,13.0,5,2018-05-01,North Macedonia,Europe
2018,MADAGASCAR,May,8.0,5,2018-05-01,Madagascar,Africa
2018,MALAWI,May,3.0,5,2018-05-01,Malawi,Africa
2018,MALAYSIA,May,1604.0,5,2018-05-01,Malaysia,Asia
2018,"MALDIVES, REPUBLIC OF",May,4343.0,5,2018-05-01,Maldives,Asia
2018,"MALI, REPUBLIC OF",May,1.0,5,2018-05-01,Mali,Africa
2018,MALTA,May,13.0,5,2018-05-01,Malta,Europe
2018,"MARSHALL ISLANDS, REPUBLIC OF THE",May,1.0,5,2018-05-01,Marshall Islands,Oceania
2018,"MAURITANIA, ISLAMIC REPUBLIC OF",May,0.0,5,2018-05-01,Mauritania,Africa
2018,"MAURITIUS, REPUBLIC OF",May,24.0,5,2018-05-01,Mauritius,Africa
2018,MEXICO,May,72.0,5,2018-05-01,Mexico,America
2018,"MICRONESIA, FEDERATED STATES OF",May,0.0,5,2018-05-01,"Micronesia, Fed. Sts.",Oceania
2018,"MOLDOVA, REPUBLIC OF",May,18.0,5,2018-05-01,Moldova,Europe
2018,"MONACO, PRINCIPALITY OF",May,1.0,5,2018-05-01,Monaco,Europe
2018,MONGOLIA,May,6.0,5,2018-05-01,Mongolia,Asia
2018,MONTENEGRO,May,11.0,5,2018-05-01,Montenegro,Europe
2018,"MOROCCO, KINGDOM OF",May,31.0,5,2018-05-01,Morocco,Africa
2018,"MOZAMBIQUE, REPUBLIC OF",May,0.0,5,2018-05-01,Mozambique,Africa
2018,"MYANMAR, REPUBLIC OF THE UNION OF",May,113.0,5,2018-05-01,Myanmar,Asia
2018,NAMIBIA,May,1.0,5,2018-05-01,Namibia,Africa
2018,NAURU,May,0.0,5,2018-05-01,Nauru,Oceania
2018,"NEPAL, FEDERAL DEMOCRATIC REPUBLIC OF",May,472.0,5,2018-05-01,Nepal,Asia
2018,NETHERLAND ANTILLES,May,0.0,5,2018-05-01,NETHERLAND ANTILLES,Other
2018,NETHERLANDS,May,2051.0,5,2018-05-01,Netherlands,Europe
2018,NEW ZEALAND,May,620.0,5,2018-05-01,New Zealand,Oceania
2018,NICARAGUA,May,1.0,5,2018-05-01,Nicaragua,America
2018,NIGER,May,1.0,5,2018-05-01,Niger,Africa
2018,"NIGER,REPUBLIC OF",May,0.0,5,2018-05-01,Niger,Africa
2018,"NIGERIA, FEDERAL REPUBLIC OF",May,39.0,5,2018-05-01,Nigeria,Africa
2018,NORTH KOREA,May,0.0,5,2018-05-01,North Korea,Asia
2018,"NORWAY, KINGDOM OF",May,511.0,5,2018-05-01,Norway,Europe
2018,"OMAN, SULTANATE OF",May,84.0,5,2018-05-01,Oman,Asia
2018,"PAKISTAN, ISLAMIC REPUBLIC OF",May,1150.0,5,2018-05-01,Pakistan,Asia
2018,PALAU,May,0.0,5,2018-05-01,Palau,Oceania
2018,PALESTINIAN TERRITORIES,May,52.0,5,2018-05-01,Palestine,Asia
2018,"PANAMA, REPUBLIC OF",May,3.0,5,2018-05-01,Panama,America
2018,PAPUA NEW GUINEA,May,2.0,5,2018-05-01,Papua New Guinea,Oceania
2018,PARAGUAY,May,0.0,5,2018-05-01,Paraguay,America
2018,"PERU, REPUBLIC OF",May,21.0,5,2018-05-01,Peru,America
2018,"PHILIPPINES, REPUBLIC OF",May,1656.0,5,2018-05-01,Philippines,Asia
2018,POLAND,May,661.0,5,2018-05-01,Poland,Europe
2018,PORTUGAL,May,191.0,5,2018-05-01,Portugal,Europe
2018,"QATAR, STATE OF",May,53.0,5,2018-05-01,Qatar,Asia
2018,ROMANIA,May,150.0,5,2018-05-01,Romania,Europe
2018,RUSSIAN FEDERATION,May,1264.0,5,2018-05-01,Russia,Europe
2018,RWANDA,May,1.0,5,2018-05-01,Rwanda,Africa
2018,SAINT KITTS & NEVIS,May,3.0,5,2018-05-01,St. Kitts and Nevis,America
2018,SAINT LUCIA,May,0.0,5,2018-05-01,St. Lucia,America
2018,SAINT VINCENT & THE GRENADINES,May,0.0,5,2018-05-01,St. Vincent and the Grenadines,America
2018,SAMOA,May,1.0,5,2018-05-01,Samoa,Oceania
2018,"SAN MARINO, REPUBLIC OF",May,0.0,5,2018-05-01,San Marino,Europe
2018,SAO TOME AND PRINCIPE,May,0.0,5,2018-05-01,Sao Tome and Principe,Africa
2018,"SAUDI ARABIA, KINGDOM OF",May,666.0,5,2018-05-01,Saudi Arabia,Asia
2018,"SENEGAL, REPUBLIC OF",May,4.0,5,2018-05-01,Senegal,Africa
2018,"SERBIA, REPUBLIC OF",May,47.0,5,2018-05-01,Serbia,Europe
2018,SEYCHELLES,May,0.0,5,2018-05-01,Seychelles,Africa
2018,SIERRA LEONE,May,0.0,5,2018-05-01,Sierra Leone,Africa
2018,"SINGAPORE, REPUBLIC OF",May,1461.0,5,2018-05-01,Singapore,Asia
2018,SLOVAK REPUBLIC,May,153.0,5,2018-05-01,Slovakia,Europe
2018,SLOVENIA,May,51.0,5,2018-05-01,Slovenia,Europe
2018,SOLOMAN ISLANDS,May,0.0,5,2018-05-01,SOLOMAN ISLANDS,Other
2018,"SOMALIA, FEDERAL REPUBLIC OF",May,3.0,5,2018-05-01,Somalia,Africa
2018,"SOUTH AFRICA, REPUBLIC OF",May,259.0,5,2018-05-01,South Africa,Africa
2018,SOUTH KOREA,May,892.0,5,2018-05-01,South Korea,Asia
2018,"SOUTH SUDAN, REPUBLIC OF",May,1.0,5,2018-05-01,South Sudan,Africa
2018,SPAIN,May,1002.0,5,2018-05-01,Spain,Europe
2018,SUDAN,May,52.0,5,2018-05-01,Sudan,Africa
2018,SURINAME,May,1.0,5,2018-05-01,Suriname,America
2018,SWAZILAND,May,1.0,5,2018-05-01,Eswatini,Africa
2018,SWEDEN,May,471.0,5,2018-05-01,Sweden,Europe
2018,SWITZERLAND,May,1128.0,5,2018-05-01,Switzerland,Europe
2018,SYRIAN ARAB REPUBLIC,May,6.0,5,2018-05-01,Syria,Asia
2018,TAIWAN (REPUBLIC OF CHINA),May,565.0,5,2018-05-01,Taiwan,Asia
2018,"TAJIKISTAN, REPUBLIC OF",May,3.0,5,2018-05-01,Tajikistan,Asia
2018,"TANZANIA, UNITED REPUBLIC OF",May,16.0,5,2018-05-01,Tanzania,Africa
2018,"THAILAND, KINGDOM OF",May,745.0,5,2018-05-01,Thailand,Asia
2018,"TIMOR-LESTE, DEMOCRATIC REPUBLIC OF",May,1.0,5,2018-05-01,Timor-Leste,Asia
2018,TOGO,May,0.0,5,2018-05-01,Togo,Africa
2018,TONGA,May,0.0,5,2018-05-01,Tonga,Oceania
2018,TRINIDAD & TOBAGO,May,4.0,5,2018-05-01,Trinidad and Tobago,America
2018,"TUNISIA, REPUBLIC OF",May,29.0,5,2018-05-01,Tunisia,Africa
2018,"TURKEY, REPUBLIC OF",May,288.0,5,2018-05-01,Türkiye,Asia
2018,TURKMENISTAN,May,1.0,5,2018-05-01,Turkmenistan,Asia
2018,TUVALU,May,0.0,5,2018-05-01,Tuvalu,Oceania
2018,UGANDA,May,6.0,5,2018-05-01,Uganda,Africa
2018,UKRAINE,May,1386.0,5,2018-05-01,Ukraine,Europe
2018,UNITED ARAB EMIRATES,May,230.0,5,2018-05-01,United Arab Emirates,Asia
2018,UNITED KINGDOM,May,9337.0,5,2018-05-01,United Kingdom,Europe
2018,UNITED STATES OF AMERICA,May,4123.0,5,2018-05-01,United States,America
2018,"URUGUAY, ORIENTAL REPUBLIC OF",May,6.0,5,2018-05-01,Uruguay,America
2018,"UZBEKISTAN, REPUBLIC OF",May,26.0,5,2018-05-01,Uzbekistan,Asia
2018,"VANUATU, REPUBLIC OF",May,1.0,5,2018-05-01,Vanuatu,Oceania
2018,"VATICAN CITY, STATE OF",May,0.0,5,2018-05-01,Vatican,Europe
2018,"VENEZUELA, BOLIVARIAN REPUBLIC OF",May,16.0,5,2018-05-01,Venezuela,America
2018,VIETNAM,May,269.0,5,2018-05-01,Vietnam,Asia
2018,"YEMEN, REPUBLIC OF",May,62.0,5,2018-05-01,Yemen,Asia
2018,"ZAMBIA, REPUBLIC OF",May,6.0,5,2018-05-01,Zambia,Africa
2018,"ZIMBABWE, REPUBLIC OF",May,16.0,5,2018-05-01,Zimbabwe,Africa
2018,"AFGHANISTAN, ISLAMIC REPUBLIC OF",June,44.0,6,2018-06-01,Afghanistan,Asia
2018,"ALBANIA, REPUBLIC OF",June,15.0,6,2018-06-01,Albania,Europe
2018,"ALGERIA, PEOPLE'S DEMOCRATIC REPUBLIC OF",June,19.0,6,2018-06-01,Algeria,Africa
2018,"ANDORRA, PRINCIPALITY OF",June,0.0,6,2018-06-01,Andorra,Europe
2018,"ANGOLA, REPUBLIC OF",June,0.0,6,2018-06-01,Angola,Africa
2018,ANTIGUA & BARBUDA,June,1.0,6,2018-06-01,Antigua and Barbuda,America
2018,ARGENTINA,June,50.0,6,2018-06-01,Argentina,America
2018,"ARMENIA, REPUBLIC OF",June,87.0,6,2018-06-01,Armenia,Asia
2018,AUSTRALIA,June,9997.0,6,2018-06-01,Australia,Oceania
2018,AUSTRIA,June,543.0,6,2018-06-01,Austria,Europe
2018,"AZERBAIJAN, REPUBLIC OF",June,13.0,6,2018-06-01,Azerbaijan,Asia
2018,"BAHAMAS, COMMONWEALTH OF THE",June,1.0,6,2018-06-01,Bahamas,America
2018,"BAHRAIN, KINGDOM OF",June,245.0,6,2018-06-01,Bahrain,Asia
2018,"BANGLADESH, PEOPLE'S REPUBLIC OF",June,1030.0,6,2018-06-01,Bangladesh,Asia
2018,BARBADOS,June,0.0,6,2018-06-01,Barbados,America
2018,"BELARUS, REPUBLIC OF",June,122.0,6,2018-06-01,Belarus,Europe
2018,BELGIUM,June,785.0,6,2018-06-01,Belgium,Europe
2018,BELIZE,June,0.0,6,2018-06-01,Belize,America
2018,BENIN,June,0.0,6,2018-06-01,Benin,Africa
2018,"BHUTAN, KINGDOM OF",June,41.0,6,2018-06-01,Bhutan,Asia
2018,BOLIVIA,June,8.0,6,2018-06-01,Bolivia,America
2018,BOSNIA & HERZEGOVINA,June,16.0,6,2018-06-01,Bosnia and Herzegovina,Europe
2018,"BOTSWANA, REPUBLIC OF",June,3.0,6,2018-06-01,Botswana,Africa
2018,"BRAZIL, FEDERATIVE REPUBLIC OF",June,116.0,6,2018-06-01,Brazil,America
2018,"BRUNEI, NATION OF",June,5.0,6,2018-06-01,Brunei Darussalam,Asia
2018,BULGARIA,June,85.0,6,2018-06-01,Bulgaria,Europe
2018,BURKINA FASO,June,0.0,6,2018-06-01,Burkina Faso,Africa
2018,BURUNDI,June,0.0,6,2018-06-01,Burundi,Africa
2018,"CAMBODIA, KINGDOM OF",June,38.0,6,2018-06-01,Cambodia,Asia
2018,CAMEROON,June,4.0,6,2018-06-01,Cameroon,Africa
2018,CANADA,June,4676.0,6,2018-06-01,Canada,America
2018,CAPE VERDE,June,0.0,6,2018-06-01,Cabo Verde,Africa
2018,CENTRAL AFRICAN REPUBLIC,June,0.0,6,2018-06-01,Central African Republic,Africa
2018,CHAD,June,0.0,6,2018-06-01,Chad,Africa
2018,"CHILE, REPUBLIC OF",June,43.0,6,2018-06-01,Chile,America
2018,"CHINA, PEOPLE'S REPUBLIC OF",June,20424.0,6,2018-06-01,China,Asia
2018,"COLOMBIA, REPUBLIC OF",June,32.0,6,2018-06-01,Colombia,America
2018,COMOROS,June,9.0,6,2018-06-01,Comoros,Africa
2018,"CONGO, DEMOCRATIC REPUBLIC OF THE",June,4.0,6,2018-06-01,DR Congo,Africa
2018,"CONGO, REPUBLIC OF THE",June,0.0,6,2018-06-01,Congo Republic,Africa
2018,"COSTA RICA, REPUBLIC OF",June,3.0,6,2018-06-01,Costa Rica,America
2018,"COTE D'IVOIRE, REPUBLIC OF",June,2.0,6,2018-06-01,Côte d'Ivoire,Africa
2018,CROATIA,June,70.0,6,2018-06-01,Croatia,Europe
2018,"CUBA, REPUBLIC OF",June,3.0,6,2018-06-01,Cuba,America
2018,"CYPRUS, REPUBLIC OF",June,44.0,6,2018-06-01,Cyprus,Asia
2018,CZECH REPUBLIC,June,571.0,6,2018-06-01,Czechia,Europe
2018,"DENMARK, KINGDOM OF",June,959.0,6,2018-06-01,Denmark,Europe
2018,"DJIBOUTI, REPUBLIC OF",June,0.0,6,2018-06-01,Djibouti,Africa
2018,"DOMINICA, COMMONWEALTH OF",June,3.0,6,2018-06-01,Dominica,America
2018,DOMINICAN REPUBLIC,June,8.0,6,2018-06-01,Dominican Republic,America
2018,"ECUADOR, REPUBLIC OF",June,5.0,6,2018-06-01,Ecuador,America
2018,"EGYPT, ARAB REPUBLIC OF",June,278.0,6,2018-06-01,Egypt,Africa
2018,"EL SALVADOR, REPUBLIC OF",June,5.0,6,2018-06-01,El Salvador,America
2018,"ERITREA, STATE OF",June,5.0,6,2018-06-01,Eritrea,Africa
2018,ESTONIA,June,34.0,6,2018-06-01,Estonia,Europe
2018,"ETHIOPIA, FEDERAL DEMOCRATIC REPUBLIC OF",June,9.0,6,2018-06-01,Ethiopia,Africa
2018,"FIJI, REPUBLIC OF",June,10.0,6,2018-06-01,Fiji,Oceania
2018,FINLAND,June,298.0,6,2018-06-01,Finland,Europe
2018,FRANCE (FRENCH REPUBLIC),June,3688.0,6,2018-06-01,France,Europe
2018,GABON,June,1.0,6,2018-06-01,Gabon,Africa
2018,"GAMBIA, THE",June,1.0,6,2018-06-01,Gambia,Africa
2018,GEORGIA,June,26.0,6,2018-06-01,Georgia,Asia
2018,GERMANY,June,5792.0,6,2018-06-01,Germany,Europe
2018,"GHANA, REPUBLIC OF",June,9.0,6,2018-06-01,Ghana,Africa
2018,GREECE,June,489.0,6,2018-06-01,Greece,Europe
2018,GRENADA,June,3.0,6,2018-06-01,Grenada,America
2018,"GUATEMALA, REPUBLIC OF",June,3.0,6,2018-06-01,Guatemala,America
2018,GUINEA- BISSAU,June,0.0,6,2018-06-01,Guinea-Bissau,Africa
2018,"GUYANA, COOPERATIVE REPUBLIC OF",June,0.0,6,2018-06-01,Guyana,America
2018,"HAITI, REPUBLIC OF",June,1.0,6,2018-06-01,Haiti,America
2018,"HONDURAS, REPUBLIC OF",June,2.0,6,2018-06-01,Honduras,America
2018,HONG KONG,June,1.0,6,2018-06-01,Hong Kong,Asia
2018,HUNGARY,June,138.0,6,2018-06-01,Hungary,Europe
2018,ICELAND,June,18.0,6,2018-06-01,Iceland,Europe
2018,"INDIA, REPUBLIC OF",June,32971.0,6,2018-06-01,India,Asia
2018,"INDONESIA, REPUBLIC OF",June,349.0,6,2018-06-01,Indonesia,Asia
2018,"IRAN, ISLAMIC REPUBLIC OF",June,332.0,6,2018-06-01,Iran,Asia
2018,"IRAQ, REPUBLIC OF",June,134.0,6,2018-06-01,Iraq,Asia
2018,IRELAND,June,710.0,6,2018-06-01,Ireland,Europe
2018,"ISRAEL, STATE OF",June,699.0,6,2018-06-01,Israel,Asia
2018,ITALY,June,1367.0,6,2018-06-01,Italy,Europe
2018,JAMAICA,June,7.0,6,2018-06-01,Jamaica,America
2018,JAPAN,June,3074.0,6,2018-06-01,Japan,Asia
2018,"JORDAN, THE HASHEMITE KINGDOM OF",June,268.0,6,2018-06-01,Jordan,Asia
2018,"KAZAKHSTAN, REPUBLIC OF",June,67.0,6,2018-06-01,Kazakhstan,Asia
2018,"KENYA, REPUBLIC OF",June,44.0,6,2018-06-01,Kenya,Africa
2018,KIRIBATI,June,1.0,6,2018-06-01,Kiribati,Oceania
2018,KOSOVO,June,1.0,6,2018-06-01,Kosovo,Europe
2018,"KUWAIT, STATE OF",June,226.0,6,2018-06-01,Kuwait,Asia
2018,KYRGYZSTAN,June,28.0,6,2018-06-01,Kyrgyzstan,Asia
2018,"LAO, PEOPLE'S DEMOCRATIC REPUBLIC",June,7.0,6,2018-06-01,Laos,Asia
2018,LATVIA,June,73.0,6,2018-06-01,Latvia,Europe
2018,LEBANON,June,365.0,6,2018-06-01,Lebanon,Asia
2018,LESOTHO,June,0.0,6,2018-06-01,Lesotho,Africa
2018,LIBERIA,June,1.0,6,2018-06-01,Liberia,Africa
2018,"LIBYA, STATE OF",June,13.0,6,2018-06-01,Libya,Africa
2018,"LIECHTENSTEIN, PRINCIPALITY OF",June,5.0,6,2018-06-01,Liechtenstein,Europe
2018,LITHUANIA,June,224.0,6,2018-06-01,Lithuania,Europe
2018,LUXEMBOURG,June,17.0,6,2018-06-01,Luxembourg,Europe
2018,"MACEDONIA, REPUBLIC OF",June,15.0,6,2018-06-01,North Macedonia,Europe
2018,MADAGASCAR,June,3.0,6,2018-06-01,Madagascar,Africa
2018,MALAWI,June,0.0,6,2018-06-01,Malawi,Africa
2018,MALAYSIA,June,2389.0,6,2018-06-01,Malaysia,Asia
2018,"MALDIVES, REPUBLIC OF",June,5362.0,6,2018-06-01,Maldives,Asia
2018,"MALI, REPUBLIC OF",June,0.0,6,2018-06-01,Mali,Africa
2018,MALTA,June,14.0,6,2018-06-01,Malta,Europe
2018,"MARSHALL ISLANDS, REPUBLIC OF THE",June,0.0,6,2018-06-01,Marshall Islands,Oceania
2018,"MAURITANIA, ISLAMIC REPUBLIC OF",June,0.0,6,2018-06-01,Mauritania,Africa
2018,"MAURITIUS, REPUBLIC OF",June,34.0,6,2018-06-01,Mauritius,Africa
2018,MEXICO,June,60.0,6,2018-06-01,Mexico,America
2018,"MICRONESIA, FEDERATED STATES OF",June,0.0,6,2018-06-01,"Micronesia, Fed. Sts.",Oceania
2018,"MOLDOVA, REPUBLIC OF",June,11.0,6,2018-06-01,Moldova,Europe
2018,"MONACO, PRINCIPALITY OF",June,1.0,6,2018-06-01,Monaco,Europe
2018,MONGOLIA,June,10.0,6,2018-06-01,Mongolia,Asia
2018,MONTENEGRO,June,24.0,6,2018-06-01,Montenegro,Europe
2018,"MOROCCO, KINGDOM OF",June,60.0,6,2018-06-01,Morocco,Africa
2018,"MOZAMBIQUE, REPUBLIC OF",June,1.0,6,2018-06-01,Mozambique,Africa
2018,"MYANMAR, REPUBLIC OF THE UNION OF",June,127.0,6,2018-06-01,Myanmar,Asia
2018,NAMIBIA,June,5.0,6,2018-06-01,Namibia,Africa
2018,NAURU,June,0.0,6,2018-06-01,Nauru,Oceania
2018,"NEPAL, FEDERAL DEMOCRATIC REPUBLIC OF",June,444.0,6,2018-06-01,Nepal,Asia
2018,NETHERLAND ANTILLES,June,0.0,6,2018-06-01,NETHERLAND ANTILLES,Other
2018,NETHERLANDS,June,2350.0,6,2018-06-01,Netherlands,Europe
2018,NEW ZEALAND,June,1613.0,6,2018-06-01,New Zealand,Oceania
2018,NICARAGUA,June,1.0,6,2018-06-01,Nicaragua,America
2018,NIGER,June,0.0,6,2018-06-01,Niger,Africa
2018,"NIGER,REPUBLIC OF",June,0.0,6,2018-06-01,Niger,Africa
2018,"NIGERIA, FEDERAL REPUBLIC OF",June,22.0,6,2018-06-01,Nigeria,Africa
2018,NORTH KOREA,June,0.0,6,2018-06-01,North Korea,Asia
2018,"NORWAY, KINGDOM OF",June,2272.0,6,2018-06-01,Norway,Europe
2018,"OMAN, SULTANATE OF",June,539.0,6,2018-06-01,Oman,Asia
2018,"PAKISTAN, ISLAMIC REPUBLIC OF",June,1454.0,6,2018-06-01,Pakistan,Asia
2018,PALAU,June,0.0,6,2018-06-01,Palau,Oceania
2018,PALESTINIAN TERRITORIES,June,113.0,6,2018-06-01,Palestine,Asia
2018,"PANAMA, REPUBLIC OF",June,5.0,6,2018-06-01,Panama,America
2018,PAPUA NEW GUINEA,June,6.0,6,2018-06-01,Papua New Guinea,Oceania
2018,PARAGUAY,June,1.0,6,2018-06-01,Paraguay,America
2018,"PERU, REPUBLIC OF",June,6.0,6,2018-06-01,Peru,America
2018,"PHILIPPINES, REPUBLIC OF",June,1673.0,6,2018-06-01,Philippines,Asia
2018,POLAND,June,710.0,6,2018-06-01,Poland,Europe
2018,PORTUGAL,June,253.0,6,2018-06-01,Portugal,Europe
2018,"QATAR, STATE OF",June,183.0,6,2018-06-01,Qatar,Asia
2018,ROMANIA,June,205.0,6,2018-06-01,Romania,Europe
2018,RUSSIAN FEDERATION,June,1135.0,6,2018-06-01,Russia,Europe
2018,RWANDA,June,0.0,6,2018-06-01,Rwanda,Africa
2018,SAINT KITTS & NEVIS,June,0.0,6,2018-06-01,St. Kitts and Nevis,America
2018,SAINT LUCIA,June,1.0,6,2018-06-01,St. Lucia,America
2018,SAINT VINCENT & THE GRENADINES,June,0.0,6,2018-06-01,St. Vincent and the Grenadines,America
2018,SAMOA,June,1.0,6,2018-06-01,Samoa,Oceania
2018,"SAN MARINO, REPUBLIC OF",June,2.0,6,2018-06-01,San Marino,Europe
2018,SAO TOME AND PRINCIPE,June,1.0,6,2018-06-01,Sao Tome and Principe,Africa
2018,"SAUDI ARABIA, KINGDOM OF",June,5422.0,6,2018-06-01,Saudi Arabia,Asia
2018,"SENEGAL, REPUBLIC OF",June,3.0,6,2018-06-01,Senegal,Africa
2018,"SERBIA, REPUBLIC OF",June,60.0,6,2018-06-01,Serbia,Europe
2018,SEYCHELLES,June,2.0,6,2018-06-01,Seychelles,Africa
2018,SIERRA LEONE,June,1.0,6,2018-06-01,Sierra Leone,Africa
2018,"SINGAPORE, REPUBLIC OF",June,1979.0,6,2018-06-01,Singapore,Asia
2018,SLOVAK REPUBLIC,June,145.0,6,2018-06-01,Slovakia,Europe
2018,SLOVENIA,June,107.0,6,2018-06-01,Slovenia,Europe
2018,SOLOMAN ISLANDS,June,5.0,6,2018-06-01,SOLOMAN ISLANDS,Other
2018,"SOMALIA, FEDERAL REPUBLIC OF",June,11.0,6,2018-06-01,Somalia,Africa
2018,"SOUTH AFRICA, REPUBLIC OF",June,520.0,6,2018-06-01,South Africa,Africa
2018,SOUTH KOREA,June,963.0,6,2018-06-01,South Korea,Asia
2018,"SOUTH SUDAN, REPUBLIC OF",June,0.0,6,2018-06-01,South Sudan,Africa
2018,SPAIN,June,1516.0,6,2018-06-01,Spain,Europe
2018,SUDAN,June,100.0,6,2018-06-01,Sudan,Africa
2018,SURINAME,June,1.0,6,2018-06-01,Suriname,America
2018,SWAZILAND,June,0.0,6,2018-06-01,Eswatini,Africa
2018,SWEDEN,June,889.0,6,2018-06-01,Sweden,Europe
2018,SWITZERLAND,June,1342.0,6,2018-06-01,Switzerland,Europe
2018,SYRIAN ARAB REPUBLIC,June,3.0,6,2018-06-01,Syria,Asia
2018,TAIWAN (REPUBLIC OF CHINA),June,412.0,6,2018-06-01,Taiwan,Asia
2018,"TAJIKISTAN, REPUBLIC OF",June,4.0,6,2018-06-01,Tajikistan,Asia
2018,"TANZANIA, UNITED REPUBLIC OF",June,29.0,6,2018-06-01,Tanzania,Africa
2018,"THAILAND, KINGDOM OF",June,870.0,6,2018-06-01,Thailand,Asia
2018,"TIMOR-LESTE, DEMOCRATIC REPUBLIC OF",June,2.0,6,2018-06-01,Timor-Leste,Asia
2018,TOGO,June,1.0,6,2018-06-01,Togo,Africa
2018,TONGA,June,1.0,6,2018-06-01,Tonga,Oceania
2018,TRINIDAD & TOBAGO,June,9.0,6,2018-06-01,Trinidad and Tobago,America
2018,"TUNISIA, REPUBLIC OF",June,39.0,6,2018-06-01,Tunisia,Africa
2018,"TURKEY, REPUBLIC OF",June,169.0,6,2018-06-01,Türkiye,Asia
2018,TURKMENISTAN,June,0.0,6,2018-06-01,Turkmenistan,Asia
2018,TUVALU,June,3.0,6,2018-06-01,Tuvalu,Oceania
2018,UGANDA,June,5.0,6,2018-06-01,Uganda,Africa
2018,UKRAINE,June,1191.0,6,2018-06-01,Ukraine,Europe
2018,UNITED ARAB EMIRATES,June,488.0,6,2018-06-01,United Arab Emirates,Asia
2018,UNITED KINGDOM,June,12104.0,6,2018-06-01,United Kingdom,Europe
2018,UNITED STATES OF AMERICA,June,4979.0,6,2018-06-01,United States,America
2018,"URUGUAY, ORIENTAL REPUBLIC OF",June,3.0,6,2018-06-01,Uruguay,America
2018,"UZBEKISTAN, REPUBLIC OF",June,30.0,6,2018-06-01,Uzbekistan,Asia
2018,"VANUATU, REPUBLIC OF",June,3.0,6,2018-06-01,Vanuatu,Oceania
2018,"VATICAN CITY, STATE OF",June,0.0,6,2018-06-01,Vatican,Europe
2018,"VENEZUELA, BOLIVARIAN REPUBLIC OF",June,11.0,6,2018-06-01,Venezuela,America
2018,VIETNAM,June,212.0,6,2018-06-01,Vietnam,Asia
2018,"YEMEN, REPUBLIC OF",June,156.0,6,2018-06-01,Yemen,Asia
2018,"ZAMBIA, REPUBLIC OF",June,5.0,6,2018-06-01,Zambia,Africa
2018,"ZIMBABWE, REPUBLIC OF",June,9.0,6,2018-06-01,Zimbabwe,Africa
2018,"AFGHANISTAN, ISLAMIC REPUBLIC OF",July,47.0,7,2018-07-01,Afghanistan,Asia
2018,"ALBANIA, REPUBLIC OF",July,11.0,7,2018-07-01,Albania,Europe
2018,"ALGERIA, PEOPLE'S DEMOCRATIC REPUBLIC OF",July,24.0,7,2018-07-01,Algeria,Africa
2018,"ANDORRA, PRINCIPALITY OF",July,5.0,7,2018-07-01,Andorra,Europe
2018,"ANGOLA, REPUBLIC OF",July,0.0,7,2018-07-01,Angola,Africa
2018,ANTIGUA & BARBUDA,July,2.0,7,2018-07-01,Antigua and Barbuda,America
2018,ARGENTINA,July,71.0,7,2018-07-01,Argentina,America
2018,"ARMENIA, REPUBLIC OF",July,105.0,7,2018-07-01,Armenia,Asia
2018,AUSTRALIA,July,8801.0,7,2018-07-01,Australia,Oceania
2018,AUSTRIA,July,1642.0,7,2018-07-01,Austria,Europe
2018,"AZERBAIJAN, REPUBLIC OF",July,30.0,7,2018-07-01,Azerbaijan,Asia
2018,"BAHAMAS, COMMONWEALTH OF THE",July,0.0,7,2018-07-01,Bahamas,America
2018,"BAHRAIN, KINGDOM OF",July,392.0,7,2018-07-01,Bahrain,Asia
2018,"BANGLADESH, PEOPLE'S REPUBLIC OF",July,857.0,7,2018-07-01,Bangladesh,Asia
2018,BARBADOS,July,0.0,7,2018-07-01,Barbados,America
2018,"BELARUS, REPUBLIC OF",July,71.0,7,2018-07-01,Belarus,Europe
2018,BELGIUM,July,3681.0,7,2018-07-01,Belgium,Europe
2018,BELIZE,July,1.0,7,2018-07-01,Belize,America
2018,BENIN,July,1.0,7,2018-07-01,Benin,Africa
2018,"BHUTAN, KINGDOM OF",July,49.0,7,2018-07-01,Bhutan,Asia
2018,BOLIVIA,July,4.0,7,2018-07-01,Bolivia,America
2018,BOSNIA & HERZEGOVINA,July,15.0,7,2018-07-01,Bosnia and Herzegovina,Europe
2018,"BOTSWANA, REPUBLIC OF",July,4.0,7,2018-07-01,Botswana,Africa
2018,"BRAZIL, FEDERATIVE REPUBLIC OF",July,117.0,7,2018-07-01,Brazil,America
2018,"BRUNEI, NATION OF",July,13.0,7,2018-07-01,Brunei Darussalam,Asia
2018,BULGARIA,July,110.0,7,2018-07-01,Bulgaria,Europe
2018,BURKINA FASO,July,1.0,7,2018-07-01,Burkina Faso,Africa
2018,BURUNDI,July,1.0,7,2018-07-01,Burundi,Africa
2018,"CAMBODIA, KINGDOM OF",July,51.0,7,2018-07-01,Cambodia,Asia
2018,CAMEROON,July,2.0,7,2018-07-01,Cameroon,Africa
2018,CANADA,July,6017.0,7,2018-07-01,Canada,America
2018,CAPE VERDE,July,2.0,7,2018-07-01,Cabo Verde,Africa
2018,CENTRAL AFRICAN REPUBLIC,July,1.0,7,2018-07-01,Central African Republic,Africa
2018,CHAD,July,1.0,7,2018-07-01,Chad,Africa
2018,"CHILE, REPUBLIC OF",July,64.0,7,2018-07-01,Chile,America
2018,"CHINA, PEOPLE'S REPUBLIC OF",July,27460.0,7,2018-07-01,China,Asia
2018,"COLOMBIA, REPUBLIC OF",July,53.0,7,2018-07-01,Colombia,America
2018,COMOROS,July,47.0,7,2018-07-01,Comoros,Africa
2018,"CONGO, DEMOCRATIC REPUBLIC OF THE",July,1.0,7,2018-07-01,DR Congo,Africa
2018,"CONGO, REPUBLIC OF THE",July,1.0,7,2018-07-01,Congo Republic,Africa
2018,"COSTA RICA, REPUBLIC OF",July,0.0,7,2018-07-01,Costa Rica,America
2018,"COTE D'IVOIRE, REPUBLIC OF",July,3.0,7,2018-07-01,Côte d'Ivoire,Africa
2018,CROATIA,July,129.0,7,2018-07-01,Croatia,Europe
2018,"CUBA, REPUBLIC OF",July,2.0,7,2018-07-01,Cuba,America
2018,"CYPRUS, REPUBLIC OF",July,91.0,7,2018-07-01,Cyprus,Asia
2018,CZECH REPUBLIC,July,1050.0,7,2018-07-01,Czechia,Europe
2018,"DENMARK, KINGDOM OF",July,2951.0,7,2018-07-01,Denmark,Europe
2018,"DJIBOUTI, REPUBLIC OF",July,0.0,7,2018-07-01,Djibouti,Africa
2018,"DOMINICA, COMMONWEALTH OF",July,4.0,7,2018-07-01,Dominica,America
2018,DOMINICAN REPUBLIC,July,6.0,7,2018-07-01,Dominican Republic,America
2018,"ECUADOR, REPUBLIC OF",July,2.0,7,2018-07-01,Ecuador,America
2018,"EGYPT, ARAB REPUBLIC OF",July,466.0,7,2018-07-01,Egypt,Africa
2018,"EL SALVADOR, REPUBLIC OF",July,12.0,7,2018-07-01,El Salvador,America
2018,"ERITREA, STATE OF",July,3.0,7,2018-07-01,Eritrea,Africa
2018,ESTONIA,July,28.0,7,2018-07-01,Estonia,Europe
2018,"ETHIOPIA, FEDERAL DEMOCRATIC REPUBLIC OF",July,22.0,7,2018-07-01,Ethiopia,Africa
2018,"FIJI, REPUBLIC OF",July,16.0,7,2018-07-01,Fiji,Oceania
2018,FINLAND,July,242.0,7,2018-07-01,Finland,Europe
2018,FRANCE (FRENCH REPUBLIC),July,11303.0,7,2018-07-01,France,Europe
2018,GABON,July,1.0,7,2018-07-01,Gabon,Africa
2018,"GAMBIA, THE",July,1.0,7,2018-07-01,Gambia,Africa
2018,GEORGIA,July,37.0,7,2018-07-01,Georgia,Asia
2018,GERMANY,July,10825.0,7,2018-07-01,Germany,Europe
2018,"GHANA, REPUBLIC OF",July,8.0,7,2018-07-01,Ghana,Africa
2018,GREECE,July,570.0,7,2018-07-01,Greece,Europe
2018,GRENADA,July,0.0,7,2018-07-01,Grenada,America
2018,"GUATEMALA, REPUBLIC OF",July,5.0,7,2018-07-01,Guatemala,America
2018,GUINEA- BISSAU,July,0.0,7,2018-07-01,Guinea-Bissau,Africa
2018,"GUYANA, COOPERATIVE REPUBLIC OF",July,2.0,7,2018-07-01,Guyana,America
2018,"HAITI, REPUBLIC OF",July,1.0,7,2018-07-01,Haiti,America
2018,"HONDURAS, REPUBLIC OF",July,3.0,7,2018-07-01,Honduras,America
2018,HONG KONG,July,3.0,7,2018-07-01,Hong Kong,Asia
2018,HUNGARY,July,163.0,7,2018-07-01,Hungary,Europe
2018,ICELAND,July,51.0,7,2018-07-01,Iceland,Europe
2018,"INDIA, REPUBLIC OF",July,31032.0,7,2018-07-01,India,Asia
2018,"INDONESIA, REPUBLIC OF",July,468.0,7,2018-07-01,Indonesia,Asia
2018,"IRAN, ISLAMIC REPUBLIC OF",July,710.0,7,2018-07-01,Iran,Asia
2018,"IRAQ, REPUBLIC OF",July,78.0,7,2018-07-01,Iraq,Asia
2018,IRELAND,July,1104.0,7,2018-07-01,Ireland,Europe
2018,"ISRAEL, STATE OF",July,1345.0,7,2018-07-01,Israel,Asia
2018,ITALY,July,3247.0,7,2018-07-01,Italy,Europe
2018,JAMAICA,July,7.0,7,2018-07-01,Jamaica,America
2018,JAPAN,July,3798.0,7,2018-07-01,Japan,Asia
2018,"JORDAN, THE HASHEMITE KINGDOM OF",July,230.0,7,2018-07-01,Jordan,Asia
2018,"KAZAKHSTAN, REPUBLIC OF",July,112.0,7,2018-07-01,Kazakhstan,Asia
2018,"KENYA, REPUBLIC OF",July,95.0,7,2018-07-01,Kenya,Africa
2018,KIRIBATI,July,1.0,7,2018-07-01,Kiribati,Oceania
2018,KOSOVO,July,5.0,7,2018-07-01,Kosovo,Europe
2018,"KUWAIT, STATE OF",July,335.0,7,2018-07-01,Kuwait,Asia
2018,KYRGYZSTAN,July,28.0,7,2018-07-01,Kyrgyzstan,Asia
2018,"LAO, PEOPLE'S DEMOCRATIC REPUBLIC",July,3.0,7,2018-07-01,Laos,Asia
2018,LATVIA,July,33.0,7,2018-07-01,Latvia,Europe
2018,LEBANON,July,546.0,7,2018-07-01,Lebanon,Asia
2018,LESOTHO,July,2.0,7,2018-07-01,Lesotho,Africa
2018,LIBERIA,July,0.0,7,2018-07-01,Liberia,Africa
2018,"LIBYA, STATE OF",July,6.0,7,2018-07-01,Libya,Africa
2018,"LIECHTENSTEIN, PRINCIPALITY OF",July,13.0,7,2018-07-01,Liechtenstein,Europe
2018,LITHUANIA,July,163.0,7,2018-07-01,Lithuania,Europe
2018,LUXEMBOURG,July,82.0,7,2018-07-01,Luxembourg,Europe
2018,"MACEDONIA, REPUBLIC OF",July,38.0,7,2018-07-01,North Macedonia,Europe
2018,MADAGASCAR,July,8.0,7,2018-07-01,Madagascar,Africa
2018,MALAWI,July,3.0,7,2018-07-01,Malawi,Africa
2018,MALAYSIA,July,1666.0,7,2018-07-01,Malaysia,Asia
2018,"MALDIVES, REPUBLIC OF",July,6348.0,7,2018-07-01,Maldives,Asia
2018,"MALI, REPUBLIC OF",July,2.0,7,2018-07-01,Mali,Africa
2018,MALTA,July,53.0,7,2018-07-01,Malta,Europe
2018,"MARSHALL ISLANDS, REPUBLIC OF THE",July,0.0,7,2018-07-01,Marshall Islands,Oceania
2018,"MAURITANIA, ISLAMIC REPUBLIC OF",July,0.0,7,2018-07-01,Mauritania,Africa
2018,"MAURITIUS, REPUBLIC OF",July,72.0,7,2018-07-01,Mauritius,Africa
2018,MEXICO,July,76.0,7,2018-07-01,Mexico,America
2018,"MICRONESIA, FEDERATED STATES OF",July,0.0,7,2018-07-01,"Micronesia, Fed. Sts.",Oceania
2018,"MOLDOVA, REPUBLIC OF",July,14.0,7,2018-07-01,Moldova,Europe
2018,"MONACO, PRINCIPALITY OF",July,2.0,7,2018-07-01,Monaco,Europe
2018,MONGOLIA,July,21.0,7,2018-07-01,Mongolia,Asia
2018,MONTENEGRO,July,8.0,7,2018-07-01,Montenegro,Europe
2018,"MOROCCO, KINGDOM OF",July,72.0,7,2018-07-01,Morocco,Africa
2018,"MOZAMBIQUE, REPUBLIC OF",July,3.0,7,2018-07-01,Mozambique,Africa
2018,"MYANMAR, REPUBLIC OF THE UNION OF",July,230.0,7,2018-07-01,Myanmar,Asia
2018,NAMIBIA,July,0.0,7,2018-07-01,Namibia,Africa
2018,NAURU,July,0.0,7,2018-07-01,Nauru,Oceania
2018,"NEPAL, FEDERAL DEMOCRATIC REPUBLIC OF",July,352.0,7,2018-07-01,Nepal,Asia
2018,NETHERLAND ANTILLES,July,0.0,7,2018-07-01,NETHERLAND ANTILLES,Other
2018,NETHERLANDS,July,13342.0,7,2018-07-01,Netherlands,Europe
2018,NEW ZEALAND,July,1376.0,7,2018-07-01,New Zealand,Oceania
2018,NICARAGUA,July,2.0,7,2018-07-01,Nicaragua,America
2018,NIGER,July,2.0,7,2018-07-01,Niger,Africa
2018,"NIGER,REPUBLIC OF",July,0.0,7,2018-07-01,Niger,Africa
2018,"NIGERIA, FEDERAL REPUBLIC OF",July,24.0,7,2018-07-01,Nigeria,Africa
2018,NORTH KOREA,July,0.0,7,2018-07-01,North Korea,Asia
2018,"NORWAY, KINGDOM OF",July,3067.0,7,2018-07-01,Norway,Europe
2018,"OMAN, SULTANATE OF",July,2171.0,7,2018-07-01,Oman,Asia
2018,"PAKISTAN, ISLAMIC REPUBLIC OF",July,1924.0,7,2018-07-01,Pakistan,Asia
2018,PALAU,July,0.0,7,2018-07-01,Palau,Oceania
2018,PALESTINIAN TERRITORIES,July,167.0,7,2018-07-01,Palestine,Asia
2018,"PANAMA, REPUBLIC OF",July,0.0,7,2018-07-01,Panama,America
2018,PAPUA NEW GUINEA,July,8.0,7,2018-07-01,Papua New Guinea,Oceania
2018,PARAGUAY,July,1.0,7,2018-07-01,Paraguay,America
2018,"PERU, REPUBLIC OF",July,20.0,7,2018-07-01,Peru,America
2018,"PHILIPPINES, REPUBLIC OF",July,1681.0,7,2018-07-01,Philippines,Asia
2018,POLAND,July,1281.0,7,2018-07-01,Poland,Europe
2018,PORTUGAL,July,337.0,7,2018-07-01,Portugal,Europe
2018,"QATAR, STATE OF",July,267.0,7,2018-07-01,Qatar,Asia
2018,ROMANIA,July,211.0,7,2018-07-01,Romania,Europe
2018,RUSSIAN FEDERATION,July,1162.0,7,2018-07-01,Russia,Europe
2018,RWANDA,July,1.0,7,2018-07-01,Rwanda,Africa
2018,SAINT KITTS & NEVIS,July,1.0,7,2018-07-01,St. Kitts and Nevis,America
2018,SAINT LUCIA,July,0.0,7,2018-07-01,St. Lucia,America
2018,SAINT VINCENT & THE GRENADINES,July,0.0,7,2018-07-01,St. Vincent and the Grenadines,America
2018,SAMOA,July,1.0,7,2018-07-01,Samoa,Oceania
2018,"SAN MARINO, REPUBLIC OF",July,0.0,7,2018-07-01,San Marino,Europe
2018,SAO TOME AND PRINCIPE,July,0.0,7,2018-07-01,Sao Tome and Principe,Africa
2018,"SAUDI ARABIA, KINGDOM OF",July,8409.0,7,2018-07-01,Saudi Arabia,Asia
2018,"SENEGAL, REPUBLIC OF",July,3.0,7,2018-07-01,Senegal,Africa
2018,"SERBIA, REPUBLIC OF",July,89.0,7,2018-07-01,Serbia,Europe
2018,SEYCHELLES,July,0.0,7,2018-07-01,Seychelles,Africa
2018,SIERRA LEONE,July,3.0,7,2018-07-01,Sierra Leone,Africa
2018,"SINGAPORE, REPUBLIC OF",July,1563.0,7,2018-07-01,Singapore,Asia
2018,SLOVAK REPUBLIC,July,218.0,7,2018-07-01,Slovakia,Europe
2018,SLOVENIA,July,428.0,7,2018-07-01,Slovenia,Europe
2018,SOLOMAN ISLANDS,July,0.0,7,2018-07-01,SOLOMAN ISLANDS,Other
2018,"SOMALIA, FEDERAL REPUBLIC OF",July,6.0,7,2018-07-01,Somalia,Africa
2018,"SOUTH AFRICA, REPUBLIC OF",July,598.0,7,2018-07-01,South Africa,Africa
2018,SOUTH KOREA,July,1444.0,7,2018-07-01,South Korea,Asia
2018,"SOUTH SUDAN, REPUBLIC OF",July,0.0,7,2018-07-01,South Sudan,Africa
2018,SPAIN,July,3357.0,7,2018-07-01,Spain,Europe
2018,SUDAN,July,115.0,7,2018-07-01,Sudan,Africa
2018,SURINAME,July,0.0,7,2018-07-01,Suriname,America
2018,SWAZILAND,July,2.0,7,2018-07-01,Eswatini,Africa
2018,SWEDEN,July,1206.0,7,2018-07-01,Sweden,Europe
2018,SWITZERLAND,July,5460.0,7,2018-07-01,Switzerland,Europe
2018,SYRIAN ARAB REPUBLIC,July,2.0,7,2018-07-01,Syria,Asia
2018,TAIWAN (REPUBLIC OF CHINA),July,924.0,7,2018-07-01,Taiwan,Asia
2018,"TAJIKISTAN, REPUBLIC OF",July,4.0,7,2018-07-01,Tajikistan,Asia
2018,"TANZANIA, UNITED REPUBLIC OF",July,13.0,7,2018-07-01,Tanzania,Africa
2018,"THAILAND, KINGDOM OF",July,807.0,7,2018-07-01,Thailand,Asia
2018,"TIMOR-LESTE, DEMOCRATIC REPUBLIC OF",July,9.0,7,2018-07-01,Timor-Leste,Asia
2018,TOGO,July,1.0,7,2018-07-01,Togo,Africa
2018,TONGA,July,2.0,7,2018-07-01,Tonga,Oceania
2018,TRINIDAD & TOBAGO,July,16.0,7,2018-07-01,Trinidad and Tobago,America
2018,"TUNISIA, REPUBLIC OF",July,49.0,7,2018-07-01,Tunisia,Africa
2018,"TURKEY, REPUBLIC OF",July,249.0,7,2018-07-01,Türkiye,Asia
2018,TURKMENISTAN,July,13.0,7,2018-07-01,Turkmenistan,Asia
2018,TUVALU,July,1.0,7,2018-07-01,Tuvalu,Oceania
2018,UGANDA,July,13.0,7,2018-07-01,Uganda,Africa
2018,UKRAINE,July,1409.0,7,2018-07-01,Ukraine,Europe
2018,UNITED ARAB EMIRATES,July,1199.0,7,2018-07-01,United Arab Emirates,Asia
2018,UNITED KINGDOM,July,25208.0,7,2018-07-01,United Kingdom,Europe
2018,UNITED STATES OF AMERICA,July,7164.0,7,2018-07-01,United States,America
2018,"URUGUAY, ORIENTAL REPUBLIC OF",July,3.0,7,2018-07-01,Uruguay,America
2018,"UZBEKISTAN, REPUBLIC OF",July,70.0,7,2018-07-01,Uzbekistan,Asia
2018,"VANUATU, REPUBLIC OF",July,2.0,7,2018-07-01,Vanuatu,Oceania
2018,"VATICAN CITY, STATE OF",July,0.0,7,2018-07-01,Vatican,Europe
2018,"VENEZUELA, BOLIVARIAN REPUBLIC OF",July,11.0,7,2018-07-01,Venezuela,America
2018,VIETNAM,July,241.0,7,2018-07-01,Vietnam,Asia
2018,"YEMEN, REPUBLIC OF",July,249.0,7,2018-07-01,Yemen,Asia
2018,"ZAMBIA, REPUBLIC OF",July,11.0,7,2018-07-01,Zambia,Africa
2018,"ZIMBABWE, REPUBLIC OF",July,46.0,7,2018-07-01,Zimbabwe,Africa
2018,"AFGHANISTAN, ISLAMIC REPUBLIC OF",August,78.0,8,2018-08-01,Afghanistan,Asia
2018,"ALBANIA, REPUBLIC OF",August,19.0,8,2018-08-01,Albania,Europe
2018,"ALGERIA, PEOPLE'S DEMOCRATIC REPUBLIC OF",August,71.0,8,2018-08-01,Algeria,Africa
2018,"ANDORRA, PRINCIPALITY OF",August,16.0,8,2018-08-01,Andorra,Europe
2018,"ANGOLA, REPUBLIC OF",August,0.0,8,2018-08-01,Angola,Africa
2018,ANTIGUA & BARBUDA,August,1.0,8,2018-08-01,Antigua and Barbuda,America
2018,ARGENTINA,August,54.0,8,2018-08-01,Argentina,America
2018,"ARMENIA, REPUBLIC OF",August,102.0,8,2018-08-01,Armenia,Asia
2018,AUSTRALIA,August,8239.0,8,2018-08-01,Australia,Oceania
2018,AUSTRIA,August,1216.0,8,2018-08-01,Austria,Europe
2018,"AZERBAIJAN, REPUBLIC OF",August,30.0,8,2018-08-01,Azerbaijan,Asia
2018,"BAHAMAS, COMMONWEALTH OF THE",August,5.0,8,2018-08-01,Bahamas,America
2018,"BAHRAIN, KINGDOM OF",August,432.0,8,2018-08-01,Bahrain,Asia
2018,"BANGLADESH, PEOPLE'S REPUBLIC OF",August,1060.0,8,2018-08-01,Bangladesh,Asia
2018,BARBADOS,August,1.0,8,2018-08-01,Barbados,America
2018,"BELARUS, REPUBLIC OF",August,96.0,8,2018-08-01,Belarus,Europe
2018,BELGIUM,August,1994.0,8,2018-08-01,Belgium,Europe
2018,BELIZE,August,1.0,8,2018-08-01,Belize,America
2018,BENIN,August,1.0,8,2018-08-01,Benin,Africa
2018,"BHUTAN, KINGDOM OF",August,48.0,8,2018-08-01,Bhutan,Asia
2018,BOLIVIA,August,9.0,8,2018-08-01,Bolivia,America
2018,BOSNIA & HERZEGOVINA,August,9.0,8,2018-08-01,Bosnia and Herzegovina,Europe
2018,"BOTSWANA, REPUBLIC OF",August,5.0,8,2018-08-01,Botswana,Africa
2018,"BRAZIL, FEDERATIVE REPUBLIC OF",August,98.0,8,2018-08-01,Brazil,America
2018,"BRUNEI, NATION OF",August,10.0,8,2018-08-01,Brunei Darussalam,Asia
2018,BULGARIA,August,96.0,8,2018-08-01,Bulgaria,Europe
2018,BURKINA FASO,August,1.0,8,2018-08-01,Burkina Faso,Africa
2018,BURUNDI,August,1.0,8,2018-08-01,Burundi,Africa
2018,"CAMBODIA, KINGDOM OF",August,35.0,8,2018-08-01,Cambodia,Asia
2018,CAMEROON,August,2.0,8,2018-08-01,Cameroon,Africa
2018,CANADA,August,5440.0,8,2018-08-01,Canada,America
2018,CAPE VERDE,August,1.0,8,2018-08-01,Cabo Verde,Africa
2018,CENTRAL AFRICAN REPUBLIC,August,0.0,8,2018-08-01,Central African Republic,Africa
2018,CHAD,August,1.0,8,2018-08-01,Chad,Africa
2018,"CHILE, REPUBLIC OF",August,59.0,8,2018-08-01,Chile,America
2018,"CHINA, PEOPLE'S REPUBLIC OF",August,26558.0,8,2018-08-01,China,Asia
2018,"COLOMBIA, REPUBLIC OF",August,52.0,8,2018-08-01,Colombia,America
2018,COMOROS,August,36.0,8,2018-08-01,Comoros,Africa
2018,"CONGO, DEMOCRATIC REPUBLIC OF THE",August,3.0,8,2018-08-01,DR Congo,Africa
2018,"CONGO, REPUBLIC OF THE",August,1.0,8,2018-08-01,Congo Republic,Africa
2018,"COSTA RICA, REPUBLIC OF",August,15.0,8,2018-08-01,Costa Rica,America
2018,"COTE D'IVOIRE, REPUBLIC OF",August,2.0,8,2018-08-01,Côte d'Ivoire,Africa
2018,CROATIA,August,125.0,8,2018-08-01,Croatia,Europe
2018,"CUBA, REPUBLIC OF",August,1.0,8,2018-08-01,Cuba,America
2018,"CYPRUS, REPUBLIC OF",August,98.0,8,2018-08-01,Cyprus,Asia
2018,CZECH REPUBLIC,August,637.0,8,2018-08-01,Czechia,Europe
2018,"DENMARK, KINGDOM OF",August,925.0,8,2018-08-01,Denmark,Europe
2018,"DJIBOUTI, REPUBLIC OF",August,0.0,8,2018-08-01,Djibouti,Africa
2018,"DOMINICA, COMMONWEALTH OF",August,3.0,8,2018-08-01,Dominica,America
2018,DOMINICAN REPUBLIC,August,3.0,8,2018-08-01,Dominican Republic,America
2018,"ECUADOR, REPUBLIC OF",August,12.0,8,2018-08-01,Ecuador,America
2018,"EGYPT, ARAB REPUBLIC OF",August,391.0,8,2018-08-01,Egypt,Africa
2018,"EL SALVADOR, REPUBLIC OF",August,2.0,8,2018-08-01,El Salvador,America
2018,"ERITREA, STATE OF",August,2.0,8,2018-08-01,Eritrea,Africa
2018,ESTONIA,August,56.0,8,2018-08-01,Estonia,Europe
2018,"ETHIOPIA, FEDERAL DEMOCRATIC REPUBLIC OF",August,17.0,8,2018-08-01,Ethiopia,Africa
2018,"FIJI, REPUBLIC OF",August,17.0,8,2018-08-01,Fiji,Oceania
2018,FINLAND,August,211.0,8,2018-08-01,Finland,Europe
2018,FRANCE (FRENCH REPUBLIC),August,11016.0,8,2018-08-01,France,Europe
2018,GABON,August,1.0,8,2018-08-01,Gabon,Africa
2018,"GAMBIA, THE",August,2.0,8,2018-08-01,Gambia,Africa
2018,GEORGIA,August,35.0,8,2018-08-01,Georgia,Asia
2018,GERMANY,August,10809.0,8,2018-08-01,Germany,Europe
2018,"GHANA, REPUBLIC OF",August,6.0,8,2018-08-01,Ghana,Africa
2018,GREECE,August,763.0,8,2018-08-01,Greece,Europe
2018,GRENADA,August,0.0,8,2018-08-01,Grenada,America
2018,"GUATEMALA, REPUBLIC OF",August,6.0,8,2018-08-01,Guatemala,America
2018,GUINEA- BISSAU,August,3.0,8,2018-08-01,Guinea-Bissau,Africa
2018,"GUYANA, COOPERATIVE REPUBLIC OF",August,2.0,8,2018-08-01,Guyana,America
2018,"HAITI, REPUBLIC OF",August,1.0,8,2018-08-01,Haiti,America
2018,"HONDURAS, REPUBLIC OF",August,3.0,8,2018-08-01,Honduras,America
2018,HONG KONG,August,3.0,8,2018-08-01,Hong Kong,Asia
2018,HUNGARY,August,183.0,8,2018-08-01,Hungary,Europe
2018,ICELAND,August,31.0,8,2018-08-01,Iceland,Europe
2018,"INDIA, REPUBLIC OF",August,32115.0,8,2018-08-01,India,Asia
2018,"INDONESIA, REPUBLIC OF",August,471.0,8,2018-08-01,Indonesia,Asia
2018,"IRAN, ISLAMIC REPUBLIC OF",August,580.0,8,2018-08-01,Iran,Asia
2018,"IRAQ, REPUBLIC OF",August,124.0,8,2018-08-01,Iraq,Asia
2018,IRELAND,August,823.0,8,2018-08-01,Ireland,Europe
2018,"ISRAEL, STATE OF",August,1976.0,8,2018-08-01,Israel,Asia
2018,ITALY,August,5747.0,8,2018-08-01,Italy,Europe
2018,JAMAICA,August,14.0,8,2018-08-01,Jamaica,America
2018,JAPAN,August,5625.0,8,2018-08-01,Japan,Asia
2018,"JORDAN, THE HASHEMITE KINGDOM OF",August,314.0,8,2018-08-01,Jordan,Asia
2018,"KAZAKHSTAN, REPUBLIC OF",August,77.0,8,2018-08-01,Kazakhstan,Asia
2018,"KENYA, REPUBLIC OF",August,61.0,8,2018-08-01,Kenya,Africa
2018,KIRIBATI,August,0.0,8,2018-08-01,Kiribati,Oceania
2018,KOSOVO,August,3.0,8,2018-08-01,Kosovo,Europe
2018,"KUWAIT, STATE OF",August,599.0,8,2018-08-01,Kuwait,Asia
2018,KYRGYZSTAN,August,14.0,8,2018-08-01,Kyrgyzstan,Asia
2018,"LAO, PEOPLE'S DEMOCRATIC REPUBLIC",August,23.0,8,2018-08-01,Laos,Asia
2018,LATVIA,August,56.0,8,2018-08-01,Latvia,Europe
2018,LEBANON,August,630.0,8,2018-08-01,Lebanon,Asia
2018,LESOTHO,August,1.0,8,2018-08-01,Lesotho,Africa
2018,LIBERIA,August,0.0,8,2018-08-01,Liberia,Africa
2018,"LIBYA, STATE OF",August,6.0,8,2018-08-01,Libya,Africa
2018,"LIECHTENSTEIN, PRINCIPALITY OF",August,6.0,8,2018-08-01,Liechtenstein,Europe
2018,LITHUANIA,August,118.0,8,2018-08-01,Lithuania,Europe
2018,LUXEMBOURG,August,177.0,8,2018-08-01,Luxembourg,Europe
2018,"MACEDONIA, REPUBLIC OF",August,19.0,8,2018-08-01,North Macedonia,Europe
2018,MADAGASCAR,August,9.0,8,2018-08-01,Madagascar,Africa
2018,MALAWI,August,1.0,8,2018-08-01,Malawi,Africa
2018,MALAYSIA,August,2101.0,8,2018-08-01,Malaysia,Asia
2018,"MALDIVES, REPUBLIC OF",August,6880.0,8,2018-08-01,Maldives,Asia
2018,"MALI, REPUBLIC OF",August,1.0,8,2018-08-01,Mali,Africa
2018,MALTA,August,51.0,8,2018-08-01,Malta,Europe
2018,"MARSHALL ISLANDS, REPUBLIC OF THE",August,1.0,8,2018-08-01,Marshall Islands,Oceania
2018,"MAURITANIA, ISLAMIC REPUBLIC OF",August,0.0,8,2018-08-01,Mauritania,Africa
2018,"MAURITIUS, REPUBLIC OF",August,32.0,8,2018-08-01,Mauritius,Africa
2018,MEXICO,August,68.0,8,2018-08-01,Mexico,America
2018,"MICRONESIA, FEDERATED STATES OF",August,0.0,8,2018-08-01,"Micronesia, Fed. Sts.",Oceania
2018,"MOLDOVA, REPUBLIC OF",August,23.0,8,2018-08-01,Moldova,Europe
2018,"MONACO, PRINCIPALITY OF",August,8.0,8,2018-08-01,Monaco,Europe
2018,MONGOLIA,August,8.0,8,2018-08-01,Mongolia,Asia
2018,MONTENEGRO,August,18.0,8,2018-08-01,Montenegro,Europe
2018,"MOROCCO, KINGDOM OF",August,127.0,8,2018-08-01,Morocco,Africa
2018,"MOZAMBIQUE, REPUBLIC OF",August,5.0,8,2018-08-01,Mozambique,Africa
2018,"MYANMAR, REPUBLIC OF THE UNION OF",August,695.0,8,2018-08-01,Myanmar,Asia
2018,NAMIBIA,August,6.0,8,2018-08-01,Namibia,Africa
2018,NAURU,August,0.0,8,2018-08-01,Nauru,Oceania
2018,"NEPAL, FEDERAL DEMOCRATIC REPUBLIC OF",August,444.0,8,2018-08-01,Nepal,Asia
2018,NETHERLAND ANTILLES,August,0.0,8,2018-08-01,NETHERLAND ANTILLES,Other
2018,NETHERLANDS,August,6182.0,8,2018-08-01,Netherlands,Europe
2018,NEW ZEALAND,August,1091.0,8,2018-08-01,New Zealand,Oceania
2018,NICARAGUA,August,0.0,8,2018-08-01,Nicaragua,America
2018,NIGER,August,0.0,8,2018-08-01,Niger,Africa
2018,"NIGER,REPUBLIC OF",August,0.0,8,2018-08-01,Niger,Africa
2018,"NIGERIA, FEDERAL REPUBLIC OF",August,28.0,8,2018-08-01,Nigeria,Africa
2018,NORTH KOREA,August,0.0,8,2018-08-01,North Korea,Asia
2018,"NORWAY, KINGDOM OF",August,952.0,8,2018-08-01,Norway,Europe
2018,"OMAN, SULTANATE OF",August,965.0,8,2018-08-01,Oman,Asia
2018,"PAKISTAN, ISLAMIC REPUBLIC OF",August,1709.0,8,2018-08-01,Pakistan,Asia
2018,PALAU,August,5.0,8,2018-08-01,Palau,Oceania
2018,PALESTINIAN TERRITORIES,August,163.0,8,2018-08-01,Palestine,Asia
2018,"PANAMA, REPUBLIC OF",August,3.0,8,2018-08-01,Panama,America
2018,PAPUA NEW GUINEA,August,18.0,8,2018-08-01,Papua New Guinea,Oceania
2018,PARAGUAY,August,2.0,8,2018-08-01,Paraguay,America
2018,"PERU, REPUBLIC OF",August,21.0,8,2018-08-01,Peru,America
2018,"PHILIPPINES, REPUBLIC OF",August,1723.0,8,2018-08-01,Philippines,Asia
2018,POLAND,August,1021.0,8,2018-08-01,Poland,Europe
2018,PORTUGAL,August,653.0,8,2018-08-01,Portugal,Europe
2018,"QATAR, STATE OF",August,379.0,8,2018-08-01,Qatar,Asia
2018,ROMANIA,August,280.0,8,2018-08-01,Romania,Europe
2018,RUSSIAN FEDERATION,August,1174.0,8,2018-08-01,Russia,Europe
2018,RWANDA,August,6.0,8,2018-08-01,Rwanda,Africa
2018,SAINT KITTS & NEVIS,August,9.0,8,2018-08-01,St. Kitts and Nevis,America
2018,SAINT LUCIA,August,1.0,8,2018-08-01,St. Lucia,America
2018,SAINT VINCENT & THE GRENADINES,August,0.0,8,2018-08-01,St. Vincent and the Grenadines,America
2018,SAMOA,August,0.0,8,2018-08-01,Samoa,Oceania
2018,"SAN MARINO, REPUBLIC OF",August,0.0,8,2018-08-01,San Marino,Europe
2018,SAO TOME AND PRINCIPE,August,0.0,8,2018-08-01,Sao Tome and Principe,Africa
2018,"SAUDI ARABIA, KINGDOM OF",August,6517.0,8,2018-08-01,Saudi Arabia,Asia
2018,"SENEGAL, REPUBLIC OF",August,4.0,8,2018-08-01,Senegal,Africa
2018,"SERBIA, REPUBLIC OF",August,115.0,8,2018-08-01,Serbia,Europe
2018,SEYCHELLES,August,0.0,8,2018-08-01,Seychelles,Africa
2018,SIERRA LEONE,August,1.0,8,2018-08-01,Sierra Leone,Africa
2018,"SINGAPORE, REPUBLIC OF",August,1904.0,8,2018-08-01,Singapore,Asia
2018,SLOVAK REPUBLIC,August,259.0,8,2018-08-01,Slovakia,Europe
2018,SLOVENIA,August,185.0,8,2018-08-01,Slovenia,Europe
2018,SOLOMAN ISLANDS,August,3.0,8,2018-08-01,SOLOMAN ISLANDS,Other
2018,"SOMALIA, FEDERAL REPUBLIC OF",August,4.0,8,2018-08-01,Somalia,Africa
2018,"SOUTH AFRICA, REPUBLIC OF",August,457.0,8,2018-08-01,South Africa,Africa
2018,SOUTH KOREA,August,1583.0,8,2018-08-01,South Korea,Asia
2018,"SOUTH SUDAN, REPUBLIC OF",August,1.0,8,2018-08-01,South Sudan,Africa
2018,SPAIN,August,5782.0,8,2018-08-01,Spain,Europe
2018,SUDAN,August,67.0,8,2018-08-01,Sudan,Africa
2018,SURINAME,August,5.0,8,2018-08-01,Suriname,America
2018,SWAZILAND,August,0.0,8,2018-08-01,Eswatini,Africa
2018,SWEDEN,August,665.0,8,2018-08-01,Sweden,Europe
2018,SWITZERLAND,August,1744.0,8,2018-08-01,Switzerland,Europe
2018,SYRIAN ARAB REPUBLIC,August,5.0,8,2018-08-01,Syria,Asia
2018,TAIWAN (REPUBLIC OF CHINA),August,794.0,8,2018-08-01,Taiwan,Asia
2018,"TAJIKISTAN, REPUBLIC OF",August,0.0,8,2018-08-01,Tajikistan,Asia
2018,"TANZANIA, UNITED REPUBLIC OF",August,25.0,8,2018-08-01,Tanzania,Africa
2018,"THAILAND, KINGDOM OF",August,823.0,8,2018-08-01,Thailand,Asia
2018,"TIMOR-LESTE, DEMOCRATIC REPUBLIC OF",August,16.0,8,2018-08-01,Timor-Leste,Asia
2018,TOGO,August,0.0,8,2018-08-01,Togo,Africa
2018,TONGA,August,2.0,8,2018-08-01,Tonga,Oceania
2018,TRINIDAD & TOBAGO,August,2.0,8,2018-08-01,Trinidad and Tobago,America
2018,"TUNISIA, REPUBLIC OF",August,45.0,8,2018-08-01,Tunisia,Africa
2018,"TURKEY, REPUBLIC OF",August,375.0,8,2018-08-01,Türkiye,Asia
2018,TURKMENISTAN,August,5.0,8,2018-08-01,Turkmenistan,Asia
2018,TUVALU,August,0.0,8,2018-08-01,Tuvalu,Oceania
2018,UGANDA,August,11.0,8,2018-08-01,Uganda,Africa
2018,UKRAINE,August,1513.0,8,2018-08-01,Ukraine,Europe
2018,UNITED ARAB EMIRATES,August,1045.0,8,2018-08-01,United Arab Emirates,Asia
2018,UNITED KINGDOM,August,23643.0,8,2018-08-01,United Kingdom,Europe
2018,UNITED STATES OF AMERICA,August,4410.0,8,2018-08-01,United States,America
2018,"URUGUAY, ORIENTAL REPUBLIC OF",August,8.0,8,2018-08-01,Uruguay,America
2018,"UZBEKISTAN, REPUBLIC OF",August,36.0,8,2018-08-01,Uzbekistan,Asia
2018,"VANUATU, REPUBLIC OF",August,2.0,8,2018-08-01,Vanuatu,Oceania
2018,"VATICAN CITY, STATE OF",August,0.0,8,2018-08-01,Vatican,Europe
2018,"VENEZUELA, BOLIVARIAN REPUBLIC OF",August,33.0,8,2018-08-01,Venezuela,America
2018,VIETNAM,August,298.0,8,2018-08-01,Vietnam,Asia
2018,"YEMEN, REPUBLIC OF",August,244.0,8,2018-08-01,Yemen,Asia
2018,"ZAMBIA, REPUBLIC OF",August,5.0,8,2018-08-01,Zambia,Africa
2018,"ZIMBABWE, REPUBLIC OF",August,19.0,8,2018-08-01,Zimbabwe,Africa
2018,"AFGHANISTAN, ISLAMIC REPUBLIC OF",September,34.0,9,2018-09-01,Afghanistan,Asia
2018,"ALBANIA, REPUBLIC OF",September,14.0,9,2018-09-01,Albania,Europe
2018,"ALGERIA, PEOPLE'S DEMOCRATIC REPUBLIC OF",September,27.0,9,2018-09-01,Algeria,Africa
2018,"ANDORRA, PRINCIPALITY OF",September,3.0,9,2018-09-01,Andorra,Europe
2018,"ANGOLA, REPUBLIC OF",September,2.0,9,2018-09-01,Angola,Africa
2018,ANTIGUA & BARBUDA,September,1.0,9,2018-09-01,Antigua and Barbuda,America
2018,ARGENTINA,September,92.0,9,2018-09-01,Argentina,America
2018,"ARMENIA, REPUBLIC OF",September,123.0,9,2018-09-01,Armenia,Asia
2018,AUSTRALIA,September,8746.0,9,2018-09-01,Australia,Oceania
2018,AUSTRIA,September,875.0,9,2018-09-01,Austria,Europe
2018,"AZERBAIJAN, REPUBLIC OF",September,24.0,9,2018-09-01,Azerbaijan,Asia
2018,"BAHAMAS, COMMONWEALTH OF THE",September,3.0,9,2018-09-01,Bahamas,America
2018,"BAHRAIN, KINGDOM OF",September,99.0,9,2018-09-01,Bahrain,Asia
2018,"BANGLADESH, PEOPLE'S REPUBLIC OF",September,771.0,9,2018-09-01,Bangladesh,Asia
2018,BARBADOS,September,0.0,9,2018-09-01,Barbados,America
2018,"BELARUS, REPUBLIC OF",September,174.0,9,2018-09-01,Belarus,Europe
2018,BELGIUM,September,1384.0,9,2018-09-01,Belgium,Europe
2018,BELIZE,September,0.0,9,2018-09-01,Belize,America
2018,BENIN,September,2.0,9,2018-09-01,Benin,Africa
2018,"BHUTAN, KINGDOM OF",September,38.0,9,2018-09-01,Bhutan,Asia
2018,BOLIVIA,September,6.0,9,2018-09-01,Bolivia,America
2018,BOSNIA & HERZEGOVINA,September,13.0,9,2018-09-01,Bosnia and Herzegovina,Europe
2018,"BOTSWANA, REPUBLIC OF",September,1.0,9,2018-09-01,Botswana,Africa
2018,"BRAZIL, FEDERATIVE REPUBLIC OF",September,102.0,9,2018-09-01,Brazil,America
2018,"BRUNEI, NATION OF",September,4.0,9,2018-09-01,Brunei Darussalam,Asia
2018,BULGARIA,September,93.0,9,2018-09-01,Bulgaria,Europe
2018,BURKINA FASO,September,3.0,9,2018-09-01,Burkina Faso,Africa
2018,BURUNDI,September,1.0,9,2018-09-01,Burundi,Africa
2018,"CAMBODIA, KINGDOM OF",September,37.0,9,2018-09-01,Cambodia,Asia
2018,CAMEROON,September,4.0,9,2018-09-01,Cameroon,Africa
2018,CANADA,September,2903.0,9,2018-09-01,Canada,America
2018,CAPE VERDE,September,1.0,9,2018-09-01,Cabo Verde,Africa
2018,CENTRAL AFRICAN REPUBLIC,September,0.0,9,2018-09-01,Central African Republic,Africa
2018,CHAD,September,0.0,9,2018-09-01,Chad,Africa
2018,"CHILE, REPUBLIC OF",September,55.0,9,2018-09-01,Chile,America
2018,"CHINA, PEOPLE'S REPUBLIC OF",September,19600.0,9,2018-09-01,China,Asia
2018,"COLOMBIA, REPUBLIC OF",September,43.0,9,2018-09-01,Colombia,America
2018,COMOROS,September,16.0,9,2018-09-01,Comoros,Africa
2018,"CONGO, DEMOCRATIC REPUBLIC OF THE",September,3.0,9,2018-09-01,DR Congo,Africa
2018,"CONGO, REPUBLIC OF THE",September,2.0,9,2018-09-01,Congo Republic,Africa
2018,"COSTA RICA, REPUBLIC OF",September,26.0,9,2018-09-01,Costa Rica,America
2018,"COTE D'IVOIRE, REPUBLIC OF",September,1.0,9,2018-09-01,Côte d'Ivoire,Africa
2018,CROATIA,September,83.0,9,2018-09-01,Croatia,Europe
2018,"CUBA, REPUBLIC OF",September,4.0,9,2018-09-01,Cuba,America
2018,"CYPRUS, REPUBLIC OF",September,37.0,9,2018-09-01,Cyprus,Asia
2018,CZECH REPUBLIC,September,889.0,9,2018-09-01,Czechia,Europe
2018,"DENMARK, KINGDOM OF",September,576.0,9,2018-09-01,Denmark,Europe
2018,"DJIBOUTI, REPUBLIC OF",September,0.0,9,2018-09-01,Djibouti,Africa
2018,"DOMINICA, COMMONWEALTH OF",September,1.0,9,2018-09-01,Dominica,America
2018,DOMINICAN REPUBLIC,September,0.0,9,2018-09-01,Dominican Republic,America
2018,"ECUADOR, REPUBLIC OF",September,8.0,9,2018-09-01,Ecuador,America
2018,"EGYPT, ARAB REPUBLIC OF",September,230.0,9,2018-09-01,Egypt,Africa
2018,"EL SALVADOR, REPUBLIC OF",September,1.0,9,2018-09-01,El Salvador,America
2018,"ERITREA, STATE OF",September,7.0,9,2018-09-01,Eritrea,Africa
2018,ESTONIA,September,34.0,9,2018-09-01,Estonia,Europe
2018,"ETHIOPIA, FEDERAL DEMOCRATIC REPUBLIC OF",September,10.0,9,2018-09-01,Ethiopia,Africa
2018,"FIJI, REPUBLIC OF",September,17.0,9,2018-09-01,Fiji,Oceania
2018,FINLAND,September,231.0,9,2018-09-01,Finland,Europe
2018,FRANCE (FRENCH REPUBLIC),September,4316.0,9,2018-09-01,France,Europe
2018,GABON,September,0.0,9,2018-09-01,Gabon,Africa
2018,"GAMBIA, THE",September,0.0,9,2018-09-01,Gambia,Africa
2018,GEORGIA,September,79.0,9,2018-09-01,Georgia,Asia
2018,GERMANY,September,9668.0,9,2018-09-01,Germany,Europe
2018,"GHANA, REPUBLIC OF",September,14.0,9,2018-09-01,Ghana,Africa
2018,GREECE,September,511.0,9,2018-09-01,Greece,Europe
2018,GRENADA,September,0.0,9,2018-09-01,Grenada,America
2018,"GUATEMALA, REPUBLIC OF",September,7.0,9,2018-09-01,Guatemala,America
2018,GUINEA- BISSAU,September,1.0,9,2018-09-01,Guinea-Bissau,Africa
2018,"GUYANA, COOPERATIVE REPUBLIC OF",September,0.0,9,2018-09-01,Guyana,America
2018,"HAITI, REPUBLIC OF",September,2.0,9,2018-09-01,Haiti,America
2018,"HONDURAS, REPUBLIC OF",September,4.0,9,2018-09-01,Honduras,America
2018,HONG KONG,September,4.0,9,2018-09-01,Hong Kong,Asia
2018,HUNGARY,September,147.0,9,2018-09-01,Hungary,Europe
2018,ICELAND,September,23.0,9,2018-09-01,Iceland,Europe
2018,"INDIA, REPUBLIC OF",September,32300.0,9,2018-09-01,India,Asia
2018,"INDONESIA, REPUBLIC OF",September,381.0,9,2018-09-01,Indonesia,Asia
2018,"IRAN, ISLAMIC REPUBLIC OF",September,230.0,9,2018-09-01,Iran,Asia
2018,"IRAQ, REPUBLIC OF",September,126.0,9,2018-09-01,Iraq,Asia
2018,IRELAND,September,758.0,9,2018-09-01,Ireland,Europe
2018,"ISRAEL, STATE OF",September,2778.0,9,2018-09-01,Israel,Asia
2018,ITALY,September,1654.0,9,2018-09-01,Italy,Europe
2018,JAMAICA,September,7.0,9,2018-09-01,Jamaica,America
2018,JAPAN,September,4480.0,9,2018-09-01,Japan,Asia
2018,"JORDAN, THE HASHEMITE KINGDOM OF",September,200.0,9,2018-09-01,Jordan,Asia
2018,"KAZAKHSTAN, REPUBLIC OF",September,132.0,9,2018-09-01,Kazakhstan,Asia
2018,"KENYA, REPUBLIC OF",September,55.0,9,2018-09-01,Kenya,Africa
2018,KIRIBATI,September,0.0,9,2018-09-01,Kiribati,Oceania
2018,KOSOVO,September,6.0,9,2018-09-01,Kosovo,Europe
2018,"KUWAIT, STATE OF",September,154.0,9,2018-09-01,Kuwait,Asia
2018,KYRGYZSTAN,September,18.0,9,2018-09-01,Kyrgyzstan,Asia
2018,"LAO, PEOPLE'S DEMOCRATIC REPUBLIC",September,7.0,9,2018-09-01,Laos,Asia
2018,LATVIA,September,124.0,9,2018-09-01,Latvia,Europe
2018,LEBANON,September,367.0,9,2018-09-01,Lebanon,Asia
2018,LESOTHO,September,0.0,9,2018-09-01,Lesotho,Africa
2018,LIBERIA,September,2.0,9,2018-09-01,Liberia,Africa
2018,"LIBYA, STATE OF",September,8.0,9,2018-09-01,Libya,Africa
2018,"LIECHTENSTEIN, PRINCIPALITY OF",September,7.0,9,2018-09-01,Liechtenstein,Europe
2018,LITHUANIA,September,142.0,9,2018-09-01,Lithuania,Europe
2018,LUXEMBOURG,September,41.0,9,2018-09-01,Luxembourg,Europe
2018,"MACEDONIA, REPUBLIC OF",September,26.0,9,2018-09-01,North Macedonia,Europe
2018,MADAGASCAR,September,23.0,9,2018-09-01,Madagascar,Africa
2018,MALAWI,September,3.0,9,2018-09-01,Malawi,Africa
2018,MALAYSIA,September,1903.0,9,2018-09-01,Malaysia,Asia
2018,"MALDIVES, REPUBLIC OF",September,4695.0,9,2018-09-01,Maldives,Asia
2018,"MALI, REPUBLIC OF",September,1.0,9,2018-09-01,Mali,Africa
2018,MALTA,September,56.0,9,2018-09-01,Malta,Europe
2018,"MARSHALL ISLANDS, REPUBLIC OF THE",September,0.0,9,2018-09-01,Marshall Islands,Oceania
2018,"MAURITANIA, ISLAMIC REPUBLIC OF",September,0.0,9,2018-09-01,Mauritania,Africa
2018,"MAURITIUS, REPUBLIC OF",September,79.0,9,2018-09-01,Mauritius,Africa
2018,MEXICO,September,73.0,9,2018-09-01,Mexico,America
2018,"MICRONESIA, FEDERATED STATES OF",September,0.0,9,2018-09-01,"Micronesia, Fed. Sts.",Oceania
2018,"MOLDOVA, REPUBLIC OF",September,26.0,9,2018-09-01,Moldova,Europe
2018,"MONACO, PRINCIPALITY OF",September,0.0,9,2018-09-01,Monaco,Europe
2018,MONGOLIA,September,24.0,9,2018-09-01,Mongolia,Asia
2018,MONTENEGRO,September,17.0,9,2018-09-01,Montenegro,Europe
2018,"MOROCCO, KINGDOM OF",September,63.0,9,2018-09-01,Morocco,Africa
2018,"MOZAMBIQUE, REPUBLIC OF",September,2.0,9,2018-09-01,Mozambique,Africa
2018,"MYANMAR, REPUBLIC OF THE UNION OF",September,159.0,9,2018-09-01,Myanmar,Asia
2018,NAMIBIA,September,3.0,9,2018-09-01,Namibia,Africa
2018,NAURU,September,0.0,9,2018-09-01,Nauru,Oceania
2018,"NEPAL, FEDERAL DEMOCRATIC REPUBLIC OF",September,377.0,9,2018-09-01,Nepal,Asia
2018,NETHERLAND ANTILLES,September,0.0,9,2018-09-01,NETHERLAND ANTILLES,Other
2018,NETHERLANDS,September,4049.0,9,2018-09-01,Netherlands,Europe
2018,NEW ZEALAND,September,923.0,9,2018-09-01,New Zealand,Oceania
2018,NICARAGUA,September,1.0,9,2018-09-01,Nicaragua,America
2018,NIGER,September,1.0,9,2018-09-01,Niger,Africa
2018,"NIGER,REPUBLIC OF",September,0.0,9,2018-09-01,Niger,Africa
2018,"NIGERIA, FEDERAL REPUBLIC OF",September,47.0,9,2018-09-01,Nigeria,Africa
2018,NORTH KOREA,September,0.0,9,2018-09-01,North Korea,Asia
2018,"NORWAY, KINGDOM OF",September,605.0,9,2018-09-01,Norway,Europe
2018,"OMAN, SULTANATE OF",September,305.0,9,2018-09-01,Oman,Asia
2018,"PAKISTAN, ISLAMIC REPUBLIC OF",September,1225.0,9,2018-09-01,Pakistan,Asia
2018,PALAU,September,0.0,9,2018-09-01,Palau,Oceania
2018,PALESTINIAN TERRITORIES,September,60.0,9,2018-09-01,Palestine,Asia
2018,"PANAMA, REPUBLIC OF",September,1.0,9,2018-09-01,Panama,America
2018,PAPUA NEW GUINEA,September,3.0,9,2018-09-01,Papua New Guinea,Oceania
2018,PARAGUAY,September,0.0,9,2018-09-01,Paraguay,America
2018,"PERU, REPUBLIC OF",September,20.0,9,2018-09-01,Peru,America
2018,"PHILIPPINES, REPUBLIC OF",September,1306.0,9,2018-09-01,Philippines,Asia
2018,POLAND,September,1117.0,9,2018-09-01,Poland,Europe
2018,PORTUGAL,September,334.0,9,2018-09-01,Portugal,Europe
2018,"QATAR, STATE OF",September,56.0,9,2018-09-01,Qatar,Asia
2018,ROMANIA,September,303.0,9,2018-09-01,Romania,Europe
2018,RUSSIAN FEDERATION,September,1590.0,9,2018-09-01,Russia,Europe
2018,RWANDA,September,0.0,9,2018-09-01,Rwanda,Africa
2018,SAINT KITTS & NEVIS,September,3.0,9,2018-09-01,St. Kitts and Nevis,America
2018,SAINT LUCIA,September,0.0,9,2018-09-01,St. Lucia,America
2018,SAINT VINCENT & THE GRENADINES,September,0.0,9,2018-09-01,St. Vincent and the Grenadines,America
2018,SAMOA,September,1.0,9,2018-09-01,Samoa,Oceania
2018,"SAN MARINO, REPUBLIC OF",September,1.0,9,2018-09-01,San Marino,Europe
2018,SAO TOME AND PRINCIPE,September,0.0,9,2018-09-01,Sao Tome and Principe,Africa
2018,"SAUDI ARABIA, KINGDOM OF",September,1432.0,9,2018-09-01,Saudi Arabia,Asia
2018,"SENEGAL, REPUBLIC OF",September,3.0,9,2018-09-01,Senegal,Africa
2018,"SERBIA, REPUBLIC OF",September,74.0,9,2018-09-01,Serbia,Europe
2018,SEYCHELLES,September,2.0,9,2018-09-01,Seychelles,Africa
2018,SIERRA LEONE,September,3.0,9,2018-09-01,Sierra Leone,Africa
2018,"SINGAPORE, REPUBLIC OF",September,1520.0,9,2018-09-01,Singapore,Asia
2018,SLOVAK REPUBLIC,September,205.0,9,2018-09-01,Slovakia,Europe
2018,SLOVENIA,September,174.0,9,2018-09-01,Slovenia,Europe
2018,SOLOMAN ISLANDS,September,1.0,9,2018-09-01,SOLOMAN ISLANDS,Other
2018,"SOMALIA, FEDERAL REPUBLIC OF",September,12.0,9,2018-09-01,Somalia,Africa
2018,"SOUTH AFRICA, REPUBLIC OF",September,413.0,9,2018-09-01,South Africa,Africa
2018,SOUTH KOREA,September,970.0,9,2018-09-01,South Korea,Asia
2018,"SOUTH SUDAN, REPUBLIC OF",September,5.0,9,2018-09-01,South Sudan,Africa
2018,SPAIN,September,2926.0,9,2018-09-01,Spain,Europe
2018,SUDAN,September,142.0,9,2018-09-01,Sudan,Africa
2018,SURINAME,September,8.0,9,2018-09-01,Suriname,America
2018,SWAZILAND,September,0.0,9,2018-09-01,Eswatini,Africa
2018,SWEDEN,September,651.0,9,2018-09-01,Sweden,Europe
2018,SWITZERLAND,September,1824.0,9,2018-09-01,Switzerland,Europe
2018,SYRIAN ARAB REPUBLIC,September,13.0,9,2018-09-01,Syria,Asia
2018,TAIWAN (REPUBLIC OF CHINA),September,474.0,9,2018-09-01,Taiwan,Asia
2018,"TAJIKISTAN, REPUBLIC OF",September,7.0,9,2018-09-01,Tajikistan,Asia
2018,"TANZANIA, UNITED REPUBLIC OF",September,10.0,9,2018-09-01,Tanzania,Africa
2018,"THAILAND, KINGDOM OF",September,658.0,9,2018-09-01,Thailand,Asia
2018,"TIMOR-LESTE, DEMOCRATIC REPUBLIC OF",September,3.0,9,2018-09-01,Timor-Leste,Asia
2018,TOGO,September,1.0,9,2018-09-01,Togo,Africa
2018,TONGA,September,0.0,9,2018-09-01,Tonga,Oceania
2018,TRINIDAD & TOBAGO,September,7.0,9,2018-09-01,Trinidad and Tobago,America
2018,"TUNISIA, REPUBLIC OF",September,57.0,9,2018-09-01,Tunisia,Africa
2018,"TURKEY, REPUBLIC OF",September,181.0,9,2018-09-01,Türkiye,Asia
2018,TURKMENISTAN,September,1.0,9,2018-09-01,Turkmenistan,Asia
2018,TUVALU,September,0.0,9,2018-09-01,Tuvalu,Oceania
2018,UGANDA,September,6.0,9,2018-09-01,Uganda,Africa
2018,UKRAINE,September,2292.0,9,2018-09-01,Ukraine,Europe
2018,UNITED ARAB EMIRATES,September,279.0,9,2018-09-01,United Arab Emirates,Asia
2018,UNITED KINGDOM,September,14226.0,9,2018-09-01,United Kingdom,Europe
2018,UNITED STATES OF AMERICA,September,4406.0,9,2018-09-01,United States,America
2018,"URUGUAY, ORIENTAL REPUBLIC OF",September,7.0,9,2018-09-01,Uruguay,America
2018,"UZBEKISTAN, REPUBLIC OF",September,74.0,9,2018-09-01,Uzbekistan,Asia
2018,"VANUATU, REPUBLIC OF",September,1.0,9,2018-09-01,Vanuatu,Oceania
2018,"VATICAN CITY, STATE OF",September,0.0,9,2018-09-01,Vatican,Europe
2018,"VENEZUELA, BOLIVARIAN REPUBLIC OF",September,11.0,9,2018-09-01,Venezuela,America
2018,VIETNAM,September,222.0,9,2018-09-01,Vietnam,Asia
2018,"YEMEN, REPUBLIC OF",September,57.0,9,2018-09-01,Yemen,Asia
2018,"ZAMBIA, REPUBLIC OF",September,6.0,9,2018-09-01,Zambia,Africa
2018,"ZIMBABWE, REPUBLIC OF",September,35.0,9,2018-09-01,Zimbabwe,Africa
2018,"AFGHANISTAN, ISLAMIC REPUBLIC OF",October,41.0,10,2018-10-01,Afghanistan,Asia
2018,"ALBANIA, REPUBLIC OF",October,13.0,10,2018-10-01,Albania,Europe
2018,"ALGERIA, PEOPLE'S DEMOCRATIC REPUBLIC OF",October,20.0,10,2018-10-01,Algeria,Africa
2018,"ANDORRA, PRINCIPALITY OF",October,3.0,10,2018-10-01,Andorra,Europe
2018,"ANGOLA, REPUBLIC OF",October,1.0,10,2018-10-01,Angola,Africa
2018,ANTIGUA & BARBUDA,October,1.0,10,2018-10-01,Antigua and Barbuda,America
2018,ARGENTINA,October,87.0,10,2018-10-01,Argentina,America
2018,"ARMENIA, REPUBLIC OF",October,88.0,10,2018-10-01,Armenia,Asia
2018,AUSTRALIA,October,6912.0,10,2018-10-01,Australia,Oceania
2018,AUSTRIA,October,1036.0,10,2018-10-01,Austria,Europe
2018,"AZERBAIJAN, REPUBLIC OF",October,36.0,10,2018-10-01,Azerbaijan,Asia
2018,"BAHAMAS, COMMONWEALTH OF THE",October,0.0,10,2018-10-01,Bahamas,America
2018,"BAHRAIN, KINGDOM OF",October,90.0,10,2018-10-01,Bahrain,Asia
2018,"BANGLADESH, PEOPLE'S REPUBLIC OF",October,894.0,10,2018-10-01,Bangladesh,Asia
2018,BARBADOS,October,2.0,10,2018-10-01,Barbados,America
2018,"BELARUS, REPUBLIC OF",October,256.0,10,2018-10-01,Belarus,Europe
2018,BELGIUM,October,816.0,10,2018-10-01,Belgium,Europe
2018,BELIZE,October,6.0,10,2018-10-01,Belize,America
2018,BENIN,October,1.0,10,2018-10-01,Benin,Africa
2018,"BHUTAN, KINGDOM OF",October,29.0,10,2018-10-01,Bhutan,Asia
2018,BOLIVIA,October,4.0,10,2018-10-01,Bolivia,America
2018,BOSNIA & HERZEGOVINA,October,19.0,10,2018-10-01,Bosnia and Herzegovina,Europe
2018,"BOTSWANA, REPUBLIC OF",October,0.0,10,2018-10-01,Botswana,Africa
2018,"BRAZIL, FEDERATIVE REPUBLIC OF",October,125.0,10,2018-10-01,Brazil,America
2018,"BRUNEI, NATION OF",October,7.0,10,2018-10-01,Brunei Darussalam,Asia
2018,BULGARIA,October,135.0,10,2018-10-01,Bulgaria,Europe
2018,BURKINA FASO,October,2.0,10,2018-10-01,Burkina Faso,Africa
2018,BURUNDI,October,11.0,10,2018-10-01,Burundi,Africa
2018,"CAMBODIA, KINGDOM OF",October,28.0,10,2018-10-01,Cambodia,Asia
2018,CAMEROON,October,5.0,10,2018-10-01,Cameroon,Africa
2018,CANADA,October,2406.0,10,2018-10-01,Canada,America
2018,CAPE VERDE,October,0.0,10,2018-10-01,Cabo Verde,Africa
2018,CENTRAL AFRICAN REPUBLIC,October,0.0,10,2018-10-01,Central African Republic,Africa
2018,CHAD,October,0.0,10,2018-10-01,Chad,Africa
2018,"CHILE, REPUBLIC OF",October,59.0,10,2018-10-01,Chile,America
2018,"CHINA, PEOPLE'S REPUBLIC OF",October,18882.0,10,2018-10-01,China,Asia
2018,"COLOMBIA, REPUBLIC OF",October,52.0,10,2018-10-01,Colombia,America
2018,COMOROS,October,15.0,10,2018-10-01,Comoros,Africa
2018,"CONGO, DEMOCRATIC REPUBLIC OF THE",October,3.0,10,2018-10-01,DR Congo,Africa
2018,"CONGO, REPUBLIC OF THE",October,0.0,10,2018-10-01,Congo Republic,Africa
2018,"COSTA RICA, REPUBLIC OF",October,6.0,10,2018-10-01,Costa Rica,America
2018,"COTE D'IVOIRE, REPUBLIC OF",October,1.0,10,2018-10-01,Côte d'Ivoire,Africa
2018,CROATIA,October,112.0,10,2018-10-01,Croatia,Europe
2018,"CUBA, REPUBLIC OF",October,3.0,10,2018-10-01,Cuba,America
2018,"CYPRUS, REPUBLIC OF",October,32.0,10,2018-10-01,Cyprus,Asia
2018,CZECH REPUBLIC,October,688.0,10,2018-10-01,Czechia,Europe
2018,"DENMARK, KINGDOM OF",October,994.0,10,2018-10-01,Denmark,Europe
2018,"DJIBOUTI, REPUBLIC OF",October,1.0,10,2018-10-01,Djibouti,Africa
2018,"DOMINICA, COMMONWEALTH OF",October,1.0,10,2018-10-01,Dominica,America
2018,DOMINICAN REPUBLIC,October,4.0,10,2018-10-01,Dominican Republic,America
2018,"ECUADOR, REPUBLIC OF",October,13.0,10,2018-10-01,Ecuador,America
2018,"EGYPT, ARAB REPUBLIC OF",October,225.0,10,2018-10-01,Egypt,Africa
2018,"EL SALVADOR, REPUBLIC OF",October,3.0,10,2018-10-01,El Salvador,America
2018,"ERITREA, STATE OF",October,2.0,10,2018-10-01,Eritrea,Africa
2018,ESTONIA,October,197.0,10,2018-10-01,Estonia,Europe
2018,"ETHIOPIA, FEDERAL DEMOCRATIC REPUBLIC OF",October,13.0,10,2018-10-01,Ethiopia,Africa
2018,"FIJI, REPUBLIC OF",October,12.0,10,2018-10-01,Fiji,Oceania
2018,FINLAND,October,368.0,10,2018-10-01,Finland,Europe
2018,FRANCE (FRENCH REPUBLIC),October,4784.0,10,2018-10-01,France,Europe
2018,GABON,October,0.0,10,2018-10-01,Gabon,Africa
2018,"GAMBIA, THE",October,0.0,10,2018-10-01,Gambia,Africa
2018,GEORGIA,October,48.0,10,2018-10-01,Georgia,Asia
2018,GERMANY,October,9920.0,10,2018-10-01,Germany,Europe
2018,"GHANA, REPUBLIC OF",October,22.0,10,2018-10-01,Ghana,Africa
2018,GREECE,October,524.0,10,2018-10-01,Greece,Europe
2018,GRENADA,October,1.0,10,2018-10-01,Grenada,America
2018,"GUATEMALA, REPUBLIC OF",October,6.0,10,2018-10-01,Guatemala,America
2018,GUINEA- BISSAU,October,1.0,10,2018-10-01,Guinea-Bissau,Africa
2018,"GUYANA, COOPERATIVE REPUBLIC OF",October,0.0,10,2018-10-01,Guyana,America
2018,"HAITI, REPUBLIC OF",October,0.0,10,2018-10-01,Haiti,America
2018,"HONDURAS, REPUBLIC OF",October,8.0,10,2018-10-01,Honduras,America
2018,HONG KONG,October,4.0,10,2018-10-01,Hong Kong,Asia
2018,HUNGARY,October,337.0,10,2018-10-01,Hungary,Europe
2018,ICELAND,October,21.0,10,2018-10-01,Iceland,Europe
2018,"INDIA, REPUBLIC OF",October,38169.0,10,2018-10-01,India,Asia
2018,"INDONESIA, REPUBLIC OF",October,472.0,10,2018-10-01,Indonesia,Asia
2018,"IRAN, ISLAMIC REPUBLIC OF",October,255.0,10,2018-10-01,Iran,Asia
2018,"IRAQ, REPUBLIC OF",October,38.0,10,2018-10-01,Iraq,Asia
2018,IRELAND,October,635.0,10,2018-10-01,Ireland,Europe
2018,"ISRAEL, STATE OF",October,466.0,10,2018-10-01,Israel,Asia
2018,ITALY,October,1540.0,10,2018-10-01,Italy,Europe
2018,JAMAICA,October,4.0,10,2018-10-01,Jamaica,America
2018,JAPAN,October,2831.0,10,2018-10-01,Japan,Asia
2018,"JORDAN, THE HASHEMITE KINGDOM OF",October,181.0,10,2018-10-01,Jordan,Asia
2018,"KAZAKHSTAN, REPUBLIC OF",October,86.0,10,2018-10-01,Kazakhstan,Asia
2018,"KENYA, REPUBLIC OF",October,111.0,10,2018-10-01,Kenya,Africa
2018,KIRIBATI,October,0.0,10,2018-10-01,Kiribati,Oceania
2018,KOSOVO,October,0.0,10,2018-10-01,Kosovo,Europe
2018,"KUWAIT, STATE OF",October,157.0,10,2018-10-01,Kuwait,Asia
2018,KYRGYZSTAN,October,18.0,10,2018-10-01,Kyrgyzstan,Asia
2018,"LAO, PEOPLE'S DEMOCRATIC REPUBLIC",October,10.0,10,2018-10-01,Laos,Asia
2018,LATVIA,October,102.0,10,2018-10-01,Latvia,Europe
2018,LEBANON,October,179.0,10,2018-10-01,Lebanon,Asia
2018,LESOTHO,October,0.0,10,2018-10-01,Lesotho,Africa
2018,LIBERIA,October,3.0,10,2018-10-01,Liberia,Africa
2018,"LIBYA, STATE OF",October,10.0,10,2018-10-01,Libya,Africa
2018,"LIECHTENSTEIN, PRINCIPALITY OF",October,6.0,10,2018-10-01,Liechtenstein,Europe
2018,LITHUANIA,October,231.0,10,2018-10-01,Lithuania,Europe
2018,LUXEMBOURG,October,29.0,10,2018-10-01,Luxembourg,Europe
2018,"MACEDONIA, REPUBLIC OF",October,16.0,10,2018-10-01,North Macedonia,Europe
2018,MADAGASCAR,October,3.0,10,2018-10-01,Madagascar,Africa
2018,MALAWI,October,2.0,10,2018-10-01,Malawi,Africa
2018,MALAYSIA,October,1437.0,10,2018-10-01,Malaysia,Asia
2018,"MALDIVES, REPUBLIC OF",October,5223.0,10,2018-10-01,Maldives,Asia
2018,"MALI, REPUBLIC OF",October,2.0,10,2018-10-01,Mali,Africa
2018,MALTA,October,13.0,10,2018-10-01,Malta,Europe
2018,"MARSHALL ISLANDS, REPUBLIC OF THE",October,0.0,10,2018-10-01,Marshall Islands,Oceania
2018,"MAURITANIA, ISLAMIC REPUBLIC OF",October,0.0,10,2018-10-01,Mauritania,Africa
2018,"MAURITIUS, REPUBLIC OF",October,28.0,10,2018-10-01,Mauritius,Africa
2018,MEXICO,October,79.0,10,2018-10-01,Mexico,America
2018,"MICRONESIA, FEDERATED STATES OF",October,1.0,10,2018-10-01,"Micronesia, Fed. Sts.",Oceania
2018,"MOLDOVA, REPUBLIC OF",October,11.0,10,2018-10-01,Moldova,Europe
2018,"MONACO, PRINCIPALITY OF",October,2.0,10,2018-10-01,Monaco,Europe
2018,MONGOLIA,October,9.0,10,2018-10-01,Mongolia,Asia
2018,MONTENEGRO,October,11.0,10,2018-10-01,Montenegro,Europe
2018,"MOROCCO, KINGDOM OF",October,73.0,10,2018-10-01,Morocco,Africa
2018,"MOZAMBIQUE, REPUBLIC OF",October,4.0,10,2018-10-01,Mozambique,Africa
2018,"MYANMAR, REPUBLIC OF THE UNION OF",October,138.0,10,2018-10-01,Myanmar,Asia
2018,NAMIBIA,October,3.0,10,2018-10-01,Namibia,Africa
2018,NAURU,October,0.0,10,2018-10-01,Nauru,Oceania
2018,"NEPAL, FEDERAL DEMOCRATIC REPUBLIC OF",October,642.0,10,2018-10-01,Nepal,Asia
2018,NETHERLAND ANTILLES,October,0.0,10,2018-10-01,NETHERLAND ANTILLES,Other
2018,NETHERLANDS,October,3222.0,10,2018-10-01,Netherlands,Europe
2018,NEW ZEALAND,October,947.0,10,2018-10-01,New Zealand,Oceania
2018,NICARAGUA,October,2.0,10,2018-10-01,Nicaragua,America
2018,NIGER,October,0.0,10,2018-10-01,Niger,Africa
2018,"NIGER,REPUBLIC OF",October,0.0,10,2018-10-01,Niger,Africa
2018,"NIGERIA, FEDERAL REPUBLIC OF",October,36.0,10,2018-10-01,Nigeria,Africa
2018,NORTH KOREA,October,0.0,10,2018-10-01,North Korea,Asia
2018,"NORWAY, KINGDOM OF",October,821.0,10,2018-10-01,Norway,Europe
2018,"OMAN, SULTANATE OF",October,209.0,10,2018-10-01,Oman,Asia
2018,"PAKISTAN, ISLAMIC REPUBLIC OF",October,1381.0,10,2018-10-01,Pakistan,Asia
2018,PALAU,October,0.0,10,2018-10-01,Palau,Oceania
2018,PALESTINIAN TERRITORIES,October,77.0,10,2018-10-01,Palestine,Asia
2018,"PANAMA, REPUBLIC OF",October,5.0,10,2018-10-01,Panama,America
2018,PAPUA NEW GUINEA,October,3.0,10,2018-10-01,Papua New Guinea,Oceania
2018,PARAGUAY,October,3.0,10,2018-10-01,Paraguay,America
2018,"PERU, REPUBLIC OF",October,20.0,10,2018-10-01,Peru,America
2018,"PHILIPPINES, REPUBLIC OF",October,1460.0,10,2018-10-01,Philippines,Asia
2018,POLAND,October,1109.0,10,2018-10-01,Poland,Europe
2018,PORTUGAL,October,601.0,10,2018-10-01,Portugal,Europe
2018,"QATAR, STATE OF",October,59.0,10,2018-10-01,Qatar,Asia
2018,ROMANIA,October,349.0,10,2018-10-01,Romania,Europe
2018,RUSSIAN FEDERATION,October,3096.0,10,2018-10-01,Russia,Europe
2018,RWANDA,October,1.0,10,2018-10-01,Rwanda,Africa
2018,SAINT KITTS & NEVIS,October,4.0,10,2018-10-01,St. Kitts and Nevis,America
2018,SAINT LUCIA,October,1.0,10,2018-10-01,St. Lucia,America
2018,SAINT VINCENT & THE GRENADINES,October,0.0,10,2018-10-01,St. Vincent and the Grenadines,America
2018,SAMOA,October,0.0,10,2018-10-01,Samoa,Oceania
2018,"SAN MARINO, REPUBLIC OF",October,0.0,10,2018-10-01,San Marino,Europe
2018,SAO TOME AND PRINCIPE,October,0.0,10,2018-10-01,Sao Tome and Principe,Africa
2018,"SAUDI ARABIA, KINGDOM OF",October,1030.0,10,2018-10-01,Saudi Arabia,Asia
2018,"SENEGAL, REPUBLIC OF",October,1.0,10,2018-10-01,Senegal,Africa
2018,"SERBIA, REPUBLIC OF",October,74.0,10,2018-10-01,Serbia,Europe
2018,SEYCHELLES,October,0.0,10,2018-10-01,Seychelles,Africa
2018,SIERRA LEONE,October,3.0,10,2018-10-01,Sierra Leone,Africa
2018,"SINGAPORE, REPUBLIC OF",October,1219.0,10,2018-10-01,Singapore,Asia
2018,SLOVAK REPUBLIC,October,267.0,10,2018-10-01,Slovakia,Europe
2018,SLOVENIA,October,417.0,10,2018-10-01,Slovenia,Europe
2018,SOLOMAN ISLANDS,October,2.0,10,2018-10-01,SOLOMAN ISLANDS,Other
2018,"SOMALIA, FEDERAL REPUBLIC OF",October,4.0,10,2018-10-01,Somalia,Africa
2018,"SOUTH AFRICA, REPUBLIC OF",October,354.0,10,2018-10-01,South Africa,Africa
2018,SOUTH KOREA,October,1066.0,10,2018-10-01,South Korea,Asia
2018,"SOUTH SUDAN, REPUBLIC OF",October,0.0,10,2018-10-01,South Sudan,Africa
2018,SPAIN,October,2178.0,10,2018-10-01,Spain,Europe
2018,SUDAN,October,24.0,10,2018-10-01,Sudan,Africa
2018,SURINAME,October,4.0,10,2018-10-01,Suriname,America
2018,SWAZILAND,October,0.0,10,2018-10-01,Eswatini,Africa
2018,SWEDEN,October,1234.0,10,2018-10-01,Sweden,Europe
2018,SWITZERLAND,October,1974.0,10,2018-10-01,Switzerland,Europe
2018,SYRIAN ARAB REPUBLIC,October,25.0,10,2018-10-01,Syria,Asia
2018,TAIWAN (REPUBLIC OF CHINA),October,465.0,10,2018-10-01,Taiwan,Asia
2018,"TAJIKISTAN, REPUBLIC OF",October,6.0,10,2018-10-01,Tajikistan,Asia
2018,"TANZANIA, UNITED REPUBLIC OF",October,18.0,10,2018-10-01,Tanzania,Africa
2018,"THAILAND, KINGDOM OF",October,581.0,10,2018-10-01,Thailand,Asia
2018,"TIMOR-LESTE, DEMOCRATIC REPUBLIC OF",October,3.0,10,2018-10-01,Timor-Leste,Asia
2018,TOGO,October,2.0,10,2018-10-01,Togo,Africa
2018,TONGA,October,2.0,10,2018-10-01,Tonga,Oceania
2018,TRINIDAD & TOBAGO,October,6.0,10,2018-10-01,Trinidad and Tobago,America
2018,"TUNISIA, REPUBLIC OF",October,29.0,10,2018-10-01,Tunisia,Africa
2018,"TURKEY, REPUBLIC OF",October,234.0,10,2018-10-01,Türkiye,Asia
2018,TURKMENISTAN,October,8.0,10,2018-10-01,Turkmenistan,Asia
2018,TUVALU,October,1.0,10,2018-10-01,Tuvalu,Oceania
2018,UGANDA,October,16.0,10,2018-10-01,Uganda,Africa
2018,UKRAINE,October,2687.0,10,2018-10-01,Ukraine,Europe
2018,UNITED ARAB EMIRATES,October,296.0,10,2018-10-01,United Arab Emirates,Asia
2018,UNITED KINGDOM,October,17673.0,10,2018-10-01,United Kingdom,Europe
2018,UNITED STATES OF AMERICA,October,3714.0,10,2018-10-01,United States,America
2018,"URUGUAY, ORIENTAL REPUBLIC OF",October,7.0,10,2018-10-01,Uruguay,America
2018,"UZBEKISTAN, REPUBLIC OF",October,40.0,10,2018-10-01,Uzbekistan,Asia
2018,"VANUATU, REPUBLIC OF",October,1.0,10,2018-10-01,Vanuatu,Oceania
2018,"VATICAN CITY, STATE OF",October,0.0,10,2018-10-01,Vatican,Europe
2018,"VENEZUELA, BOLIVARIAN REPUBLIC OF",October,18.0,10,2018-10-01,Venezuela,America
2018,VIETNAM,October,272.0,10,2018-10-01,Vietnam,Asia
2018,"YEMEN, REPUBLIC OF",October,76.0,10,2018-10-01,Yemen,Asia
2018,"ZAMBIA, REPUBLIC OF",October,8.0,10,2018-10-01,Zambia,Africa
2018,"ZIMBABWE, REPUBLIC OF",October,12.0,10,2018-10-01,Zimbabwe,Africa
2018,"AFGHANISTAN, ISLAMIC REPUBLIC OF",November,52.0,11,2018-11-01,Afghanistan,Asia
2018,"ALBANIA, REPUBLIC OF",November,12.0,11,2018-11-01,Albania,Europe
2018,"ALGERIA, PEOPLE'S DEMOCRATIC REPUBLIC OF",November,27.0,11,2018-11-01,Algeria,Africa
2018,"ANDORRA, PRINCIPALITY OF",November,1.0,11,2018-11-01,Andorra,Europe
2018,"ANGOLA, REPUBLIC OF",November,1.0,11,2018-11-01,Angola,Africa
2018,ANTIGUA & BARBUDA,November,0.0,11,2018-11-01,Antigua and Barbuda,America
2018,ARGENTINA,November,169.0,11,2018-11-01,Argentina,America
2018,"ARMENIA, REPUBLIC OF",November,79.0,11,2018-11-01,Armenia,Asia
2018,AUSTRALIA,November,10299.0,11,2018-11-01,Australia,Oceania
2018,AUSTRIA,November,1692.0,11,2018-11-01,Austria,Europe
2018,"AZERBAIJAN, REPUBLIC OF",November,19.0,11,2018-11-01,Azerbaijan,Asia
2018,"BAHAMAS, COMMONWEALTH OF THE",November,0.0,11,2018-11-01,Bahamas,America
2018,"BAHRAIN, KINGDOM OF",November,103.0,11,2018-11-01,Bahrain,Asia
2018,"BANGLADESH, PEOPLE'S REPUBLIC OF",November,736.0,11,2018-11-01,Bangladesh,Asia
2018,BARBADOS,November,0.0,11,2018-11-01,Barbados,America
2018,"BELARUS, REPUBLIC OF",November,500.0,11,2018-11-01,Belarus,Europe
2018,BELGIUM,November,1045.0,11,2018-11-01,Belgium,Europe
2018,BELIZE,November,0.0,11,2018-11-01,Belize,America
2018,BENIN,November,1.0,11,2018-11-01,Benin,Africa
2018,"BHUTAN, KINGDOM OF",November,47.0,11,2018-11-01,Bhutan,Asia
2018,BOLIVIA,November,5.0,11,2018-11-01,Bolivia,America
2018,BOSNIA & HERZEGOVINA,November,30.0,11,2018-11-01,Bosnia and Herzegovina,Europe
2018,"BOTSWANA, REPUBLIC OF",November,1.0,11,2018-11-01,Botswana,Africa
2018,"BRAZIL, FEDERATIVE REPUBLIC OF",November,298.0,11,2018-11-01,Brazil,America
2018,"BRUNEI, NATION OF",November,5.0,11,2018-11-01,Brunei Darussalam,Asia
2018,BULGARIA,November,223.0,11,2018-11-01,Bulgaria,Europe
2018,BURKINA FASO,November,0.0,11,2018-11-01,Burkina Faso,Africa
2018,BURUNDI,November,1.0,11,2018-11-01,Burundi,Africa
2018,"CAMBODIA, KINGDOM OF",November,64.0,11,2018-11-01,Cambodia,Asia
2018,CAMEROON,November,2.0,11,2018-11-01,Cameroon,Africa
2018,CANADA,November,3496.0,11,2018-11-01,Canada,America
2018,CAPE VERDE,November,0.0,11,2018-11-01,Cabo Verde,Africa
2018,CENTRAL AFRICAN REPUBLIC,November,0.0,11,2018-11-01,Central African Republic,Africa
2018,CHAD,November,2.0,11,2018-11-01,Chad,Africa
2018,"CHILE, REPUBLIC OF",November,119.0,11,2018-11-01,Chile,America
2018,"CHINA, PEOPLE'S REPUBLIC OF",November,18888.0,11,2018-11-01,China,Asia
2018,"COLOMBIA, REPUBLIC OF",November,53.0,11,2018-11-01,Colombia,America
2018,COMOROS,November,20.0,11,2018-11-01,Comoros,Africa
2018,"CONGO, DEMOCRATIC REPUBLIC OF THE",November,0.0,11,2018-11-01,DR Congo,Africa
2018,"CONGO, REPUBLIC OF THE",November,2.0,11,2018-11-01,Congo Republic,Africa
2018,"COSTA RICA, REPUBLIC OF",November,3.0,11,2018-11-01,Costa Rica,America
2018,"COTE D'IVOIRE, REPUBLIC OF",November,2.0,11,2018-11-01,Côte d'Ivoire,Africa
2018,CROATIA,November,147.0,11,2018-11-01,Croatia,Europe
2018,"CUBA, REPUBLIC OF",November,12.0,11,2018-11-01,Cuba,America
2018,"CYPRUS, REPUBLIC OF",November,51.0,11,2018-11-01,Cyprus,Asia
2018,CZECH REPUBLIC,November,1898.0,11,2018-11-01,Czechia,Europe
2018,"DENMARK, KINGDOM OF",November,943.0,11,2018-11-01,Denmark,Europe
2018,"DJIBOUTI, REPUBLIC OF",November,0.0,11,2018-11-01,Djibouti,Africa
2018,"DOMINICA, COMMONWEALTH OF",November,7.0,11,2018-11-01,Dominica,America
2018,DOMINICAN REPUBLIC,November,5.0,11,2018-11-01,Dominican Republic,America
2018,"ECUADOR, REPUBLIC OF",November,5.0,11,2018-11-01,Ecuador,America
2018,"EGYPT, ARAB REPUBLIC OF",November,339.0,11,2018-11-01,Egypt,Africa
2018,"EL SALVADOR, REPUBLIC OF",November,1.0,11,2018-11-01,El Salvador,America
2018,"ERITREA, STATE OF",November,3.0,11,2018-11-01,Eritrea,Africa
2018,ESTONIA,November,205.0,11,2018-11-01,Estonia,Europe
2018,"ETHIOPIA, FEDERAL DEMOCRATIC REPUBLIC OF",November,21.0,11,2018-11-01,Ethiopia,Africa
2018,"FIJI, REPUBLIC OF",November,13.0,11,2018-11-01,Fiji,Oceania
2018,FINLAND,November,688.0,11,2018-11-01,Finland,Europe
2018,FRANCE (FRENCH REPUBLIC),November,6825.0,11,2018-11-01,France,Europe
2018,GABON,November,0.0,11,2018-11-01,Gabon,Africa
2018,"GAMBIA, THE",November,0.0,11,2018-11-01,Gambia,Africa
2018,GEORGIA,November,56.0,11,2018-11-01,Georgia,Asia
2018,GERMANY,November,18754.0,11,2018-11-01,Germany,Europe
2018,"GHANA, REPUBLIC OF",November,15.0,11,2018-11-01,Ghana,Africa
2018,GREECE,November,726.0,11,2018-11-01,Greece,Europe
2018,GRENADA,November,2.0,11,2018-11-01,Grenada,America
2018,"GUATEMALA, REPUBLIC OF",November,3.0,11,2018-11-01,Guatemala,America
2018,GUINEA- BISSAU,November,1.0,11,2018-11-01,Guinea-Bissau,Africa
2018,"GUYANA, COOPERATIVE REPUBLIC OF",November,4.0,11,2018-11-01,Guyana,America
2018,"HAITI, REPUBLIC OF",November,1.0,11,2018-11-01,Haiti,America
2018,"HONDURAS, REPUBLIC OF",November,2.0,11,2018-11-01,Honduras,America
2018,HONG KONG,November,0.0,11,2018-11-01,Hong Kong,Asia
2018,HUNGARY,November,301.0,11,2018-11-01,Hungary,Europe
2018,ICELAND,November,39.0,11,2018-11-01,Iceland,Europe
2018,"INDIA, REPUBLIC OF",November,39137.0,11,2018-11-01,India,Asia
2018,"INDONESIA, REPUBLIC OF",November,414.0,11,2018-11-01,Indonesia,Asia
2018,"IRAN, ISLAMIC REPUBLIC OF",November,196.0,11,2018-11-01,Iran,Asia
2018,"IRAQ, REPUBLIC OF",November,70.0,11,2018-11-01,Iraq,Asia
2018,IRELAND,November,890.0,11,2018-11-01,Ireland,Europe
2018,"ISRAEL, STATE OF",November,703.0,11,2018-11-01,Israel,Asia
2018,ITALY,November,1976.0,11,2018-11-01,Italy,Europe
2018,JAMAICA,November,4.0,11,2018-11-01,Jamaica,America
2018,JAPAN,November,2658.0,11,2018-11-01,Japan,Asia
2018,"JORDAN, THE HASHEMITE KINGDOM OF",November,294.0,11,2018-11-01,Jordan,Asia
2018,"KAZAKHSTAN, REPUBLIC OF",November,134.0,11,2018-11-01,Kazakhstan,Asia
2018,"KENYA, REPUBLIC OF",November,58.0,11,2018-11-01,Kenya,Africa
2018,KIRIBATI,November,0.0,11,2018-11-01,Kiribati,Oceania
2018,KOSOVO,November,0.0,11,2018-11-01,Kosovo,Europe
2018,"KUWAIT, STATE OF",November,201.0,11,2018-11-01,Kuwait,Asia
2018,KYRGYZSTAN,November,17.0,11,2018-11-01,Kyrgyzstan,Asia
2018,"LAO, PEOPLE'S DEMOCRATIC REPUBLIC",November,16.0,11,2018-11-01,Laos,Asia
2018,LATVIA,November,235.0,11,2018-11-01,Latvia,Europe
2018,LEBANON,November,427.0,11,2018-11-01,Lebanon,Asia
2018,LESOTHO,November,0.0,11,2018-11-01,Lesotho,Africa
2018,LIBERIA,November,0.0,11,2018-11-01,Liberia,Africa
2018,"LIBYA, STATE OF",November,8.0,11,2018-11-01,Libya,Africa
2018,"LIECHTENSTEIN, PRINCIPALITY OF",November,11.0,11,2018-11-01,Liechtenstein,Europe
2018,LITHUANIA,November,288.0,11,2018-11-01,Lithuania,Europe
2018,LUXEMBOURG,November,68.0,11,2018-11-01,Luxembourg,Europe
2018,"MACEDONIA, REPUBLIC OF",November,16.0,11,2018-11-01,North Macedonia,Europe
2018,MADAGASCAR,November,9.0,11,2018-11-01,Madagascar,Africa
2018,MALAWI,November,2.0,11,2018-11-01,Malawi,Africa
2018,MALAYSIA,November,2101.0,11,2018-11-01,Malaysia,Asia
2018,"MALDIVES, REPUBLIC OF",November,7418.0,11,2018-11-01,Maldives,Asia
2018,"MALI, REPUBLIC OF",November,4.0,11,2018-11-01,Mali,Africa
2018,MALTA,November,38.0,11,2018-11-01,Malta,Europe
2018,"MARSHALL ISLANDS, REPUBLIC OF THE",November,1.0,11,2018-11-01,Marshall Islands,Oceania
2018,"MAURITANIA, ISLAMIC REPUBLIC OF",November,0.0,11,2018-11-01,Mauritania,Africa
2018,"MAURITIUS, REPUBLIC OF",November,97.0,11,2018-11-01,Mauritius,Africa
2018,MEXICO,November,112.0,11,2018-11-01,Mexico,America
2018,"MICRONESIA, FEDERATED STATES OF",November,0.0,11,2018-11-01,"Micronesia, Fed. Sts.",Oceania
2018,"MOLDOVA, REPUBLIC OF",November,42.0,11,2018-11-01,Moldova,Europe
2018,"MONACO, PRINCIPALITY OF",November,1.0,11,2018-11-01,Monaco,Europe
2018,MONGOLIA,November,22.0,11,2018-11-01,Mongolia,Asia
2018,MONTENEGRO,November,65.0,11,2018-11-01,Montenegro,Europe
2018,"MOROCCO, KINGDOM OF",November,81.0,11,2018-11-01,Morocco,Africa
2018,"MOZAMBIQUE, REPUBLIC OF",November,1.0,11,2018-11-01,Mozambique,Africa
2018,"MYANMAR, REPUBLIC OF THE UNION OF",November,372.0,11,2018-11-01,Myanmar,Asia
2018,NAMIBIA,November,0.0,11,2018-11-01,Namibia,Africa
2018,NAURU,November,0.0,11,2018-11-01,Nauru,Oceania
2018,"NEPAL, FEDERAL DEMOCRATIC REPUBLIC OF",November,391.0,11,2018-11-01,Nepal,Asia
2018,NETHERLAND ANTILLES,November,0.0,11,2018-11-01,NETHERLAND ANTILLES,Other
2018,NETHERLANDS,November,3320.0,11,2018-11-01,Netherlands,Europe
2018,NEW ZEALAND,November,1129.0,11,2018-11-01,New Zealand,Oceania
2018,NICARAGUA,November,3.0,11,2018-11-01,Nicaragua,America
2018,NIGER,November,0.0,11,2018-11-01,Niger,Africa
2018,"NIGER,REPUBLIC OF",November,0.0,11,2018-11-01,Niger,Africa
2018,"NIGERIA, FEDERAL REPUBLIC OF",November,37.0,11,2018-11-01,Nigeria,Africa
2018,NORTH KOREA,November,0.0,11,2018-11-01,North Korea,Asia
2018,"NORWAY, KINGDOM OF",November,1090.0,11,2018-11-01,Norway,Europe
2018,"OMAN, SULTANATE OF",November,310.0,11,2018-11-01,Oman,Asia
2018,"PAKISTAN, ISLAMIC REPUBLIC OF",November,1401.0,11,2018-11-01,Pakistan,Asia
2018,PALAU,November,0.0,11,2018-11-01,Palau,Oceania
2018,PALESTINIAN TERRITORIES,November,74.0,11,2018-11-01,Palestine,Asia
2018,"PANAMA, REPUBLIC OF",November,9.0,11,2018-11-01,Panama,America
2018,PAPUA NEW GUINEA,November,8.0,11,2018-11-01,Papua New Guinea,Oceania
2018,PARAGUAY,November,2.0,11,2018-11-01,Paraguay,America
2018,"PERU, REPUBLIC OF",November,20.0,11,2018-11-01,Peru,America
2018,"PHILIPPINES, REPUBLIC OF",November,1560.0,11,2018-11-01,Philippines,Asia
2018,POLAND,November,2658.0,11,2018-11-01,Poland,Europe
2018,PORTUGAL,November,574.0,11,2018-11-01,Portugal,Europe
2018,"QATAR, STATE OF",November,51.0,11,2018-11-01,Qatar,Asia
2018,ROMANIA,November,483.0,11,2018-11-01,Romania,Europe
2018,RUSSIAN FEDERATION,November,8090.0,11,2018-11-01,Russia,Europe
2018,RWANDA,November,1.0,11,2018-11-01,Rwanda,Africa
2018,SAINT KITTS & NEVIS,November,2.0,11,2018-11-01,St. Kitts and Nevis,America
2018,SAINT LUCIA,November,0.0,11,2018-11-01,St. Lucia,America
2018,SAINT VINCENT & THE GRENADINES,November,0.0,11,2018-11-01,St. Vincent and the Grenadines,America
2018,SAMOA,November,0.0,11,2018-11-01,Samoa,Oceania
2018,"SAN MARINO, REPUBLIC OF",November,0.0,11,2018-11-01,San Marino,Europe
2018,SAO TOME AND PRINCIPE,November,0.0,11,2018-11-01,Sao Tome and Principe,Africa
2018,"SAUDI ARABIA, KINGDOM OF",November,849.0,11,2018-11-01,Saudi Arabia,Asia
2018,"SENEGAL, REPUBLIC OF",November,3.0,11,2018-11-01,Senegal,Africa
2018,"SERBIA, REPUBLIC OF",November,178.0,11,2018-11-01,Serbia,Europe
2018,SEYCHELLES,November,0.0,11,2018-11-01,Seychelles,Africa
2018,SIERRA LEONE,November,3.0,11,2018-11-01,Sierra Leone,Africa
2018,"SINGAPORE, REPUBLIC OF",November,1669.0,11,2018-11-01,Singapore,Asia
2018,SLOVAK REPUBLIC,November,543.0,11,2018-11-01,Slovakia,Europe
2018,SLOVENIA,November,195.0,11,2018-11-01,Slovenia,Europe
2018,SOLOMAN ISLANDS,November,0.0,11,2018-11-01,SOLOMAN ISLANDS,Other
2018,"SOMALIA, FEDERAL REPUBLIC OF",November,9.0,11,2018-11-01,Somalia,Africa
2018,"SOUTH AFRICA, REPUBLIC OF",November,380.0,11,2018-11-01,South Africa,Africa
2018,SOUTH KOREA,November,1444.0,11,2018-11-01,South Korea,Asia
2018,"SOUTH SUDAN, REPUBLIC OF",November,0.0,11,2018-11-01,South Sudan,Africa
2018,SPAIN,November,2604.0,11,2018-11-01,Spain,Europe
2018,SUDAN,November,88.0,11,2018-11-01,Sudan,Africa
2018,SURINAME,November,4.0,11,2018-11-01,Suriname,America
2018,SWAZILAND,November,1.0,11,2018-11-01,Eswatini,Africa
2018,SWEDEN,November,2016.0,11,2018-11-01,Sweden,Europe
2018,SWITZERLAND,November,3531.0,11,2018-11-01,Switzerland,Europe
2018,SYRIAN ARAB REPUBLIC,November,23.0,11,2018-11-01,Syria,Asia
2018,TAIWAN (REPUBLIC OF CHINA),November,569.0,11,2018-11-01,Taiwan,Asia
2018,"TAJIKISTAN, REPUBLIC OF",November,11.0,11,2018-11-01,Tajikistan,Asia
2018,"TANZANIA, UNITED REPUBLIC OF",November,22.0,11,2018-11-01,Tanzania,Africa
2018,"THAILAND, KINGDOM OF",November,593.0,11,2018-11-01,Thailand,Asia
2018,"TIMOR-LESTE, DEMOCRATIC REPUBLIC OF",November,1.0,11,2018-11-01,Timor-Leste,Asia
2018,TOGO,November,0.0,11,2018-11-01,Togo,Africa
2018,TONGA,November,1.0,11,2018-11-01,Tonga,Oceania
2018,TRINIDAD & TOBAGO,November,21.0,11,2018-11-01,Trinidad and Tobago,America
2018,"TUNISIA, REPUBLIC OF",November,66.0,11,2018-11-01,Tunisia,Africa
2018,"TURKEY, REPUBLIC OF",November,236.0,11,2018-11-01,Türkiye,Asia
2018,TURKMENISTAN,November,5.0,11,2018-11-01,Turkmenistan,Asia
2018,TUVALU,November,0.0,11,2018-11-01,Tuvalu,Oceania
2018,UGANDA,November,19.0,11,2018-11-01,Uganda,Africa
2018,UKRAINE,November,3449.0,11,2018-11-01,Ukraine,Europe
2018,UNITED ARAB EMIRATES,November,412.0,11,2018-11-01,United Arab Emirates,Asia
2018,UNITED KINGDOM,November,21971.0,11,2018-11-01,United Kingdom,Europe
2018,UNITED STATES OF AMERICA,November,5799.0,11,2018-11-01,United States,America
2018,"URUGUAY, ORIENTAL REPUBLIC OF",November,9.0,11,2018-11-01,Uruguay,America
2018,"UZBEKISTAN, REPUBLIC OF",November,44.0,11,2018-11-01,Uzbekistan,Asia
2018,"VANUATU, REPUBLIC OF",November,1.0,11,2018-11-01,Vanuatu,Oceania
2018,"VATICAN CITY, STATE OF",November,0.0,11,2018-11-01,Vatican,Europe
2018,"VENEZUELA, BOLIVARIAN REPUBLIC OF",November,13.0,11,2018-11-01,Venezuela,America
2018,VIETNAM,November,200.0,11,2018-11-01,Vietnam,Asia
2018,"YEMEN, REPUBLIC OF",November,74.0,11,2018-11-01,Yemen,Asia
2018,"ZAMBIA, REPUBLIC OF",November,45.0,11,2018-11-01,Zambia,Africa
2018,"ZIMBABWE, REPUBLIC OF",November,17.0,11,2018-11-01,Zimbabwe,Africa
2018,"AFGHANISTAN, ISLAMIC REPUBLIC OF",December,72.0,12,2018-12-01,Afghanistan,Asia
2018,"ALBANIA, REPUBLIC OF",December,31.0,12,2018-12-01,Albania,Europe
2018,"ALGERIA, PEOPLE'S DEMOCRATIC REPUBLIC OF",December,43.0,12,2018-12-01,Algeria,Africa
2018,"ANDORRA, PRINCIPALITY OF",December,4.0,12,2018-12-01,Andorra,Europe
2018,"ANGOLA, REPUBLIC OF",December,1.0,12,2018-12-01,Angola,Africa
2018,ANTIGUA & BARBUDA,December,3.0,12,2018-12-01,Antigua and Barbuda,America
2018,ARGENTINA,December,103.0,12,2018-12-01,Argentina,America
2018,"ARMENIA, REPUBLIC OF",December,165.0,12,2018-12-01,Armenia,Asia
2018,AUSTRALIA,December,14961.0,12,2018-12-01,Australia,Oceania
2018,AUSTRIA,December,2014.0,12,2018-12-01,Austria,Europe
2018,"AZERBAIJAN, REPUBLIC OF",December,108.0,12,2018-12-01,Azerbaijan,Asia
2018,"BAHAMAS, COMMONWEALTH OF THE",December,0.0,12,2018-12-01,Bahamas,America
2018,"BAHRAIN, KINGDOM OF",December,308.0,12,2018-12-01,Bahrain,Asia
2018,"BANGLADESH, PEOPLE'S REPUBLIC OF",December,1019.0,12,2018-12-01,Bangladesh,Asia
2018,BARBADOS,December,0.0,12,2018-12-01,Barbados,America
2018,"BELARUS, REPUBLIC OF",December,578.0,12,2018-12-01,Belarus,Europe
2018,BELGIUM,December,1719.0,12,2018-12-01,Belgium,Europe
2018,BELIZE,December,2.0,12,2018-12-01,Belize,America
2018,BENIN,December,4.0,12,2018-12-01,Benin,Africa
2018,"BHUTAN, KINGDOM OF",December,136.0,12,2018-12-01,Bhutan,Asia
2018,BOLIVIA,December,6.0,12,2018-12-01,Bolivia,America
2018,BOSNIA & HERZEGOVINA,December,43.0,12,2018-12-01,Bosnia and Herzegovina,Europe
2018,"BOTSWANA, REPUBLIC OF",December,13.0,12,2018-12-01,Botswana,Africa
2018,"BRAZIL, FEDERATIVE REPUBLIC OF",December,269.0,12,2018-12-01,Brazil,America
2018,"BRUNEI, NATION OF",December,11.0,12,2018-12-01,Brunei Darussalam,Asia
2018,BULGARIA,December,607.0,12,2018-12-01,Bulgaria,Europe
2018,BURKINA FASO,December,4.0,12,2018-12-01,Burkina Faso,Africa
2018,BURUNDI,December,2.0,12,2018-12-01,Burundi,Africa
2018,"CAMBODIA, KINGDOM OF",December,19.0,12,2018-12-01,Cambodia,Asia
2018,CAMEROON,December,1.0,12,2018-12-01,Cameroon,Africa
2018,CANADA,December,4680.0,12,2018-12-01,Canada,America
2018,CAPE VERDE,December,1.0,12,2018-12-01,Cabo Verde,Africa
2018,CENTRAL AFRICAN REPUBLIC,December,0.0,12,2018-12-01,Central African Republic,Africa
2018,CHAD,December,0.0,12,2018-12-01,Chad,Africa
2018,"CHILE, REPUBLIC OF",December,89.0,12,2018-12-01,Chile,America
2018,"CHINA, PEOPLE'S REPUBLIC OF",December,18283.0,12,2018-12-01,China,Asia
2018,"COLOMBIA, REPUBLIC OF",December,113.0,12,2018-12-01,Colombia,America
2018,COMOROS,December,2.0,12,2018-12-01,Comoros,Africa
2018,"CONGO, DEMOCRATIC REPUBLIC OF THE",December,4.0,12,2018-12-01,DR Congo,Africa
2018,"CONGO, REPUBLIC OF THE",December,0.0,12,2018-12-01,Congo Republic,Africa
2018,"COSTA RICA, REPUBLIC OF",December,20.0,12,2018-12-01,Costa Rica,America
2018,"COTE D'IVOIRE, REPUBLIC OF",December,1.0,12,2018-12-01,Côte d'Ivoire,Africa
2018,CROATIA,December,294.0,12,2018-12-01,Croatia,Europe
2018,"CUBA, REPUBLIC OF",December,8.0,12,2018-12-01,Cuba,America
2018,"CYPRUS, REPUBLIC OF",December,72.0,12,2018-12-01,Cyprus,Asia
2018,CZECH REPUBLIC,December,2228.0,12,2018-12-01,Czechia,Europe
2018,"DENMARK, KINGDOM OF",December,2008.0,12,2018-12-01,Denmark,Europe
2018,"DJIBOUTI, REPUBLIC OF",December,1.0,12,2018-12-01,Djibouti,Africa
2018,"DOMINICA, COMMONWEALTH OF",December,10.0,12,2018-12-01,Dominica,America
2018,DOMINICAN REPUBLIC,December,3.0,12,2018-12-01,Dominican Republic,America
2018,"ECUADOR, REPUBLIC OF",December,16.0,12,2018-12-01,Ecuador,America
2018,"EGYPT, ARAB REPUBLIC OF",December,518.0,12,2018-12-01,Egypt,Africa
2018,"EL SALVADOR, REPUBLIC OF",December,5.0,12,2018-12-01,El Salvador,America
2018,"ERITREA, STATE OF",December,12.0,12,2018-12-01,Eritrea,Africa
2018,ESTONIA,December,634.0,12,2018-12-01,Estonia,Europe
2018,"ETHIOPIA, FEDERAL DEMOCRATIC REPUBLIC OF",December,14.0,12,2018-12-01,Ethiopia,Africa
2018,"FIJI, REPUBLIC OF",December,16.0,12,2018-12-01,Fiji,Oceania
2018,FINLAND,December,1860.0,12,2018-12-01,Finland,Europe
2018,FRANCE (FRENCH REPUBLIC),December,9475.0,12,2018-12-01,France,Europe
2018,GABON,December,0.0,12,2018-12-01,Gabon,Africa
2018,"GAMBIA, THE",December,1.0,12,2018-12-01,Gambia,Africa
2018,GEORGIA,December,60.0,12,2018-12-01,Georgia,Asia
2018,GERMANY,December,16624.0,12,2018-12-01,Germany,Europe
2018,"GHANA, REPUBLIC OF",December,7.0,12,2018-12-01,Ghana,Africa
2018,GREECE,December,884.0,12,2018-12-01,Greece,Europe
2018,GRENADA,December,2.0,12,2018-12-01,Grenada,America
2018,"GUATEMALA, REPUBLIC OF",December,3.0,12,2018-12-01,Guatemala,America
2018,GUINEA- BISSAU,December,4.0,12,2018-12-01,Guinea-Bissau,Africa
2018,"GUYANA, COOPERATIVE REPUBLIC OF",December,0.0,12,2018-12-01,Guyana,America
2018,"HAITI, REPUBLIC OF",December,0.0,12,2018-12-01,Haiti,America
2018,"HONDURAS, REPUBLIC OF",December,5.0,12,2018-12-01,Honduras,America
2018,HONG KONG,December,0.0,12,2018-12-01,Hong Kong,Asia
2018,HUNGARY,December,630.0,12,2018-12-01,Hungary,Europe
2018,ICELAND,December,55.0,12,2018-12-01,Iceland,Europe
2018,"INDIA, REPUBLIC OF",December,45797.0,12,2018-12-01,India,Asia
2018,"INDONESIA, REPUBLIC OF",December,514.0,12,2018-12-01,Indonesia,Asia
2018,"IRAN, ISLAMIC REPUBLIC OF",December,248.0,12,2018-12-01,Iran,Asia
2018,"IRAQ, REPUBLIC OF",December,94.0,12,2018-12-01,Iraq,Asia
2018,IRELAND,December,1320.0,12,2018-12-01,Ireland,Europe
2018,"ISRAEL, STATE OF",December,1125.0,12,2018-12-01,Israel,Asia
2018,ITALY,December,5176.0,12,2018-12-01,Italy,Europe
2018,JAMAICA,December,7.0,12,2018-12-01,Jamaica,America
2018,JAPAN,December,4657.0,12,2018-12-01,Japan,Asia
2018,"JORDAN, THE HASHEMITE KINGDOM OF",December,392.0,12,2018-12-01,Jordan,Asia
2018,"KAZAKHSTAN, REPUBLIC OF",December,431.0,12,2018-12-01,Kazakhstan,Asia
2018,"KENYA, REPUBLIC OF",December,195.0,12,2018-12-01,Kenya,Africa
2018,KIRIBATI,December,0.0,12,2018-12-01,Kiribati,Oceania
2018,KOSOVO,December,4.0,12,2018-12-01,Kosovo,Europe
2018,"KUWAIT, STATE OF",December,213.0,12,2018-12-01,Kuwait,Asia
2018,KYRGYZSTAN,December,47.0,12,2018-12-01,Kyrgyzstan,Asia
2018,"LAO, PEOPLE'S DEMOCRATIC REPUBLIC",December,4.0,12,2018-12-01,Laos,Asia
2018,LATVIA,December,324.0,12,2018-12-01,Latvia,Europe
2018,LEBANON,December,645.0,12,2018-12-01,Lebanon,Asia
2018,LESOTHO,December,0.0,12,2018-12-01,Lesotho,Africa
2018,LIBERIA,December,0.0,12,2018-12-01,Liberia,Africa
2018,"LIBYA, STATE OF",December,5.0,12,2018-12-01,Libya,Africa
2018,"LIECHTENSTEIN, PRINCIPALITY OF",December,24.0,12,2018-12-01,Liechtenstein,Europe
2018,LITHUANIA,December,422.0,12,2018-12-01,Lithuania,Europe
2018,LUXEMBOURG,December,79.0,12,2018-12-01,Luxembourg,Europe
2018,"MACEDONIA, REPUBLIC OF",December,35.0,12,2018-12-01,North Macedonia,Europe
2018,MADAGASCAR,December,11.0,12,2018-12-01,Madagascar,Africa
2018,MALAWI,December,6.0,12,2018-12-01,Malawi,Africa
2018,MALAYSIA,December,2307.0,12,2018-12-01,Malaysia,Asia
2018,"MALDIVES, REPUBLIC OF",December,12054.0,12,2018-12-01,Maldives,Asia
2018,"MALI, REPUBLIC OF",December,1.0,12,2018-12-01,Mali,Africa
2018,MALTA,December,87.0,12,2018-12-01,Malta,Europe
2018,"MARSHALL ISLANDS, REPUBLIC OF THE",December,0.0,12,2018-12-01,Marshall Islands,Oceania
2018,"MAURITANIA, ISLAMIC REPUBLIC OF",December,0.0,12,2018-12-01,Mauritania,Africa
2018,"MAURITIUS, REPUBLIC OF",December,98.0,12,2018-12-01,Mauritius,Africa
2018,MEXICO,December,116.0,12,2018-12-01,Mexico,America
2018,"MICRONESIA, FEDERATED STATES OF",December,1.0,12,2018-12-01,"Micronesia, Fed. Sts.",Oceania
2018,"MOLDOVA, REPUBLIC OF",December,53.0,12,2018-12-01,Moldova,Europe
2018,"MONACO, PRINCIPALITY OF",December,24.0,12,2018-12-01,Monaco,Europe
2018,MONGOLIA,December,18.0,12,2018-12-01,Mongolia,Asia
2018,MONTENEGRO,December,14.0,12,2018-12-01,Montenegro,Europe
2018,"MOROCCO, KINGDOM OF",December,147.0,12,2018-12-01,Morocco,Africa
2018,"MOZAMBIQUE, REPUBLIC OF",December,7.0,12,2018-12-01,Mozambique,Africa
2018,"MYANMAR, REPUBLIC OF THE UNION OF",December,431.0,12,2018-12-01,Myanmar,Asia
2018,NAMIBIA,December,20.0,12,2018-12-01,Namibia,Africa
2018,NAURU,December,0.0,12,2018-12-01,Nauru,Oceania
2018,"NEPAL, FEDERAL DEMOCRATIC REPUBLIC OF",December,480.0,12,2018-12-01,Nepal,Asia
2018,NETHERLAND ANTILLES,December,0.0,12,2018-12-01,NETHERLAND ANTILLES,Other
2018,NETHERLANDS,December,4323.0,12,2018-12-01,Netherlands,Europe
2018,NEW ZEALAND,December,1938.0,12,2018-12-01,New Zealand,Oceania
2018,NICARAGUA,December,3.0,12,2018-12-01,Nicaragua,America
2018,NIGER,December,0.0,12,2018-12-01,Niger,Africa
2018,"NIGER,REPUBLIC OF",December,0.0,12,2018-12-01,Niger,Africa
2018,"NIGERIA, FEDERAL REPUBLIC OF",December,27.0,12,2018-12-01,Nigeria,Africa
2018,NORTH KOREA,December,0.0,12,2018-12-01,North Korea,Asia
2018,"NORWAY, KINGDOM OF",December,1852.0,12,2018-12-01,Norway,Europe
2018,"OMAN, SULTANATE OF",December,274.0,12,2018-12-01,Oman,Asia
2018,"PAKISTAN, ISLAMIC REPUBLIC OF",December,2066.0,12,2018-12-01,Pakistan,Asia
2018,PALAU,December,0.0,12,2018-12-01,Palau,Oceania
2018,PALESTINIAN TERRITORIES,December,80.0,12,2018-12-01,Palestine,Asia
2018,"PANAMA, REPUBLIC OF",December,4.0,12,2018-12-01,Panama,America
2018,PAPUA NEW GUINEA,December,13.0,12,2018-12-01,Papua New Guinea,Oceania
2018,PARAGUAY,December,3.0,12,2018-12-01,Paraguay,America
2018,"PERU, REPUBLIC OF",December,32.0,12,2018-12-01,Peru,America
2018,"PHILIPPINES, REPUBLIC OF",December,1427.0,12,2018-12-01,Philippines,Asia
2018,POLAND,December,2533.0,12,2018-12-01,Poland,Europe
2018,PORTUGAL,December,862.0,12,2018-12-01,Portugal,Europe
2018,"QATAR, STATE OF",December,111.0,12,2018-12-01,Qatar,Asia
2018,ROMANIA,December,1042.0,12,2018-12-01,Romania,Europe
2018,RUSSIAN FEDERATION,December,11258.0,12,2018-12-01,Russia,Europe
2018,RWANDA,December,3.0,12,2018-12-01,Rwanda,Africa
2018,SAINT KITTS & NEVIS,December,10.0,12,2018-12-01,St. Kitts and Nevis,America
2018,SAINT LUCIA,December,1.0,12,2018-12-01,St. Lucia,America
2018,SAINT VINCENT & THE GRENADINES,December,0.0,12,2018-12-01,St. Vincent and the Grenadines,America
2018,SAMOA,December,0.0,12,2018-12-01,Samoa,Oceania
2018,"SAN MARINO, REPUBLIC OF",December,1.0,12,2018-12-01,San Marino,Europe
2018,SAO TOME AND PRINCIPE,December,0.0,12,2018-12-01,Sao Tome and Principe,Africa
2018,"SAUDI ARABIA, KINGDOM OF",December,2656.0,12,2018-12-01,Saudi Arabia,Asia
2018,"SENEGAL, REPUBLIC OF",December,2.0,12,2018-12-01,Senegal,Africa
2018,"SERBIA, REPUBLIC OF",December,293.0,12,2018-12-01,Serbia,Europe
2018,SEYCHELLES,December,1.0,12,2018-12-01,Seychelles,Africa
2018,SIERRA LEONE,December,0.0,12,2018-12-01,Sierra Leone,Africa
2018,"SINGAPORE, REPUBLIC OF",December,2524.0,12,2018-12-01,Singapore,Asia
2018,SLOVAK REPUBLIC,December,529.0,12,2018-12-01,Slovakia,Europe
2018,SLOVENIA,December,487.0,12,2018-12-01,Slovenia,Europe
2018,SOLOMAN ISLANDS,December,0.0,12,2018-12-01,SOLOMAN ISLANDS,Other
2018,"SOMALIA, FEDERAL REPUBLIC OF",December,14.0,12,2018-12-01,Somalia,Africa
2018,"SOUTH AFRICA, REPUBLIC OF",December,1752.0,12,2018-12-01,South Africa,Africa
2018,SOUTH KOREA,December,1311.0,12,2018-12-01,South Korea,Asia
2018,"SOUTH SUDAN, REPUBLIC OF",December,7.0,12,2018-12-01,South Sudan,Africa
2018,SPAIN,December,2251.0,12,2018-12-01,Spain,Europe
2018,SUDAN,December,72.0,12,2018-12-01,Sudan,Africa
2018,SURINAME,December,0.0,12,2018-12-01,Suriname,America
2018,SWAZILAND,December,1.0,12,2018-12-01,Eswatini,Africa
2018,SWEDEN,December,6834.0,12,2018-12-01,Sweden,Europe
2018,SWITZERLAND,December,4097.0,12,2018-12-01,Switzerland,Europe
2018,SYRIAN ARAB REPUBLIC,December,49.0,12,2018-12-01,Syria,Asia
2018,TAIWAN (REPUBLIC OF CHINA),December,597.0,12,2018-12-01,Taiwan,Asia
2018,"TAJIKISTAN, REPUBLIC OF",December,2.0,12,2018-12-01,Tajikistan,Asia
2018,"TANZANIA, UNITED REPUBLIC OF",December,25.0,12,2018-12-01,Tanzania,Africa
2018,"THAILAND, KINGDOM OF",December,1031.0,12,2018-12-01,Thailand,Asia
2018,"TIMOR-LESTE, DEMOCRATIC REPUBLIC OF",December,1.0,12,2018-12-01,Timor-Leste,Asia
2018,TOGO,December,0.0,12,2018-12-01,Togo,Africa
2018,TONGA,December,2.0,12,2018-12-01,Tonga,Oceania
2018,TRINIDAD & TOBAGO,December,8.0,12,2018-12-01,Trinidad and Tobago,America
2018,"TUNISIA, REPUBLIC OF",December,104.0,12,2018-12-01,Tunisia,Africa
2018,"TURKEY, REPUBLIC OF",December,631.0,12,2018-12-01,Türkiye,Asia
2018,TURKMENISTAN,December,6.0,12,2018-12-01,Turkmenistan,Asia
2018,TUVALU,December,0.0,12,2018-12-01,Tuvalu,Oceania
2018,UGANDA,December,13.0,12,2018-12-01,Uganda,Africa
2018,UKRAINE,December,4834.0,12,2018-12-01,Ukraine,Europe
2018,UNITED ARAB EMIRATES,December,542.0,12,2018-12-01,United Arab Emirates,Asia
2018,UNITED KINGDOM,December,26828.0,12,2018-12-01,United Kingdom,Europe
2018,UNITED STATES OF AMERICA,December,8848.0,12,2018-12-01,United States,America
2018,"URUGUAY, ORIENTAL REPUBLIC OF",December,11.0,12,2018-12-01,Uruguay,America
2018,"UZBEKISTAN, REPUBLIC OF",December,47.0,12,2018-12-01,Uzbekistan,Asia
2018,"VANUATU, REPUBLIC OF",December,0.0,12,2018-12-01,Vanuatu,Oceania
2018,"VATICAN CITY, STATE OF",December,0.0,12,2018-12-01,Vatican,Europe
2018,"VENEZUELA, BOLIVARIAN REPUBLIC OF",December,26.0,12,2018-12-01,Venezuela,America
2018,VIETNAM,December,186.0,12,2018-12-01,Vietnam,Asia
2018,"YEMEN, REPUBLIC OF",December,128.0,12,2018-12-01,Yemen,Asia
2018,"ZAMBIA, REPUBLIC OF",December,9.0,12,2018-12-01,Zambia,Africa
2018,"ZIMBABWE, REPUBLIC OF",December,26.0,12,2018-12-01,Zimbabwe,Africa
