Year,Country,Month,Tourist_Arrivals,Month_Number,Date,Standard_Country,Continent
2022,Afghanistan,January,0.0,1,2022-01-01,Afghanistan,Asia
2022,Albania,January,21.0,1,2022-01-01,Albania,Europe
2022,Algeria,January,6.0,1,2022-01-01,Algeria,Africa
2022,Andorra,January,0.0,1,2022-01-01,Andorra,Europe
2022,Angola,January,2.0,1,2022-01-01,Angola,Africa
2022,Antarctica,January,0.0,1,2022-01-01,Antarctica,Antarctica
2022,Antigua & Barbuda,January,2.0,1,2022-01-01,Antigua and Barbuda,America
2022,Argentina,January,29.0,1,2022-01-01,Argentina,America
2022,Armenia,January,56.0,1,2022-01-01,Armenia,Asia
2022,Australia,January,2814.0,1,2022-01-01,Australia,Oceania
2022,Austria,January,788.0,1,2022-01-01,Austria,Europe
2022,Azerbaijan,January,65.0,1,2022-01-01,Azerbaijan,Asia
2022,Bahamas,January,0.0,1,2022-01-01,Bahamas,America
2022,Bahrain,January,59.0,1,2022-01-01,Bahrain,Asia
2022,Bangladesh,January,302.0,1,2022-01-01,Bangladesh,Asia
2022,Barbados,January,0.0,1,2022-01-01,Barbados,America
2022,Belarus,January,736.0,1,2022-01-01,Belarus,Europe
2022,Belgium,January,495.0,1,2022-01-01,Belgium,Europe
2022,Belize,January,1.0,1,2022-01-01,Belize,America
2022,Benin,January,0.0,1,2022-01-01,Benin,Africa
2022,Bhutan,January,30.0,1,2022-01-01,Bhutan,Asia
2022,Bolivia,January,6.0,1,2022-01-01,Bolivia,America
2022,Bosnia & Herzegovina,January,15.0,1,2022-01-01,Bosnia and Herzegovina,Europe
2022,Botswana,January,5.0,1,2022-01-01,Botswana,Africa
2022,Brazil,January,49.0,1,2022-01-01,Brazil,America
2022,Brunei Darussalam,January,0.0,1,2022-01-01,Brunei Darussalam,Asia
2022,Bulgaria,January,305.0,1,2022-01-01,Bulgaria,Europe
2022,Burkina Faso,January,1.0,1,2022-01-01,Burkina Faso,Africa
2022,Cambodia,January,21.0,1,2022-01-01,Cambodia,Asia
2022,Cameroon,January,1.0,1,2022-01-01,Cameroon,Africa
2022,Canada,January,1666.0,1,2022-01-01,Canada,America
2022,Cape Verde,January,2.0,1,2022-01-01,Cabo Verde,Africa
2022,Chad,January,0.0,1,2022-01-01,Chad,Africa
2022,Chile,January,29.0,1,2022-01-01,Chile,America
2022,China,January,226.0,1,2022-01-01,China,Asia
2022,Colombia,January,20.0,1,2022-01-01,Colombia,America
2022,Comoros,January,2.0,1,2022-01-01,Comoros,Africa
2022,"Congo, Republic Of.",January,3.0,1,2022-01-01,Congo Republic,Africa
2022,Costa Rica,January,4.0,1,2022-01-01,Costa Rica,America
2022,Cote Divoire,January,0.0,1,2022-01-01,Côte d'Ivoire,Africa
2022,Croatia,January,60.0,1,2022-01-01,Croatia,Europe
2022,Cuba,January,1.0,1,2022-01-01,Cuba,America
2022,Cyprus,January,39.0,1,2022-01-01,Cyprus,Asia
2022,Czech Republic,January,1174.0,1,2022-01-01,Czechia,Europe
2022,Denmark,January,1013.0,1,2022-01-01,Denmark,Europe
2022,Djibouti,January,0.0,1,2022-01-01,Djibouti,Africa
2022,Dominica,January,3.0,1,2022-01-01,Dominica,America
2022,Dominican Republic,January,2.0,1,2022-01-01,Dominican Republic,America
2022,Ecuador,January,2.0,1,2022-01-01,Ecuador,America
2022,Egypt,January,217.0,1,2022-01-01,Egypt,Africa
2022,El Salvador,January,0.0,1,2022-01-01,El Salvador,America
2022,Equatorial Guinea,January,0.0,1,2022-01-01,Equatorial Guinea,Africa
2022,Eritrea,January,2.0,1,2022-01-01,Eritrea,Africa
2022,Estonia,January,185.0,1,2022-01-01,Estonia,Europe
2022,Ethiopia,January,3.0,1,2022-01-01,Ethiopia,Africa
2022,Fiji,January,0.0,1,2022-01-01,Fiji,Oceania
2022,Finland,January,271.0,1,2022-01-01,Finland,Europe
2022,France,January,3616.0,1,2022-01-01,France,Europe
2022,Gabon,January,0.0,1,2022-01-01,Gabon,Africa
2022,Gambia,January,0.0,1,2022-01-01,Gambia,Africa
2022,Georgia,January,106.0,1,2022-01-01,Georgia,Asia
2022,Germany,January,5339.0,1,2022-01-01,Germany,Europe
2022,Ghana,January,2.0,1,2022-01-01,Ghana,Africa
2022,Greece,January,78.0,1,2022-01-01,Greece,Europe
2022,Grenada,January,0.0,1,2022-01-01,Grenada,America
2022,Guam,January,0.0,1,2022-01-01,Guam,Oceania
2022,Guatemala,January,0.0,1,2022-01-01,Guatemala,America
2022,Guinea-Bissau,January,0.0,1,2022-01-01,Guinea-Bissau,Africa
2022,Guyana,January,0.0,1,2022-01-01,Guyana,America
2022,Haiti,January,0.0,1,2022-01-01,Haiti,America
2022,Honduras,January,1.0,1,2022-01-01,Honduras,America
2022,Hong Kong,January,0.0,1,2022-01-01,Hong Kong,Asia
2022,Hungary,January,425.0,1,2022-01-01,Hungary,Europe
2022,Iceland,January,21.0,1,2022-01-01,Iceland,Europe
2022,India,January,11751.0,1,2022-01-01,India,Asia
2022,Indonesia,January,75.0,1,2022-01-01,Indonesia,Asia
2022,Iran,January,260.0,1,2022-01-01,Iran,Asia
2022,Iraq,January,72.0,1,2022-01-01,Iraq,Asia
2022,Ireland,January,217.0,1,2022-01-01,Ireland,Europe
2022,Israel,January,707.0,1,2022-01-01,Israel,Asia
2022,Italy,January,503.0,1,2022-01-01,Italy,Europe
2022,Jamaica,January,2.0,1,2022-01-01,Jamaica,America
2022,Japan,January,92.0,1,2022-01-01,Japan,Asia
2022,Jordan,January,224.0,1,2022-01-01,Jordan,Asia
2022,Kazakhstan,January,2041.0,1,2022-01-01,Kazakhstan,Asia
2022,Kenya,January,19.0,1,2022-01-01,Kenya,Africa
2022,Kosovar,January,2.0,1,2022-01-01,Kosovar,Other
2022,Kuwait,January,36.0,1,2022-01-01,Kuwait,Asia
2022,Kyrgyzstan,January,125.0,1,2022-01-01,Kyrgyzstan,Asia
2022,Lao Peoples,January,2.0,1,2022-01-01,Laos,Asia
2022,Latvia,January,192.0,1,2022-01-01,Latvia,Europe
2022,Lebanon,January,87.0,1,2022-01-01,Lebanon,Asia
2022,Lesotho,January,0.0,1,2022-01-01,Lesotho,Africa
2022,Liberia,January,0.0,1,2022-01-01,Liberia,Africa
2022,Libya,January,0.0,1,2022-01-01,Libya,Africa
2022,Liechtenstein,January,1.0,1,2022-01-01,Liechtenstein,Europe
2022,Lithuania,January,352.0,1,2022-01-01,Lithuania,Europe
2022,Luxembourg,January,11.0,1,2022-01-01,Luxembourg,Europe
2022,Macedonia,January,3.0,1,2022-01-01,North Macedonia,Europe
2022,Madagascar,January,2.0,1,2022-01-01,Madagascar,Africa
2022,Malawi,January,0.0,1,2022-01-01,Malawi,Africa
2022,Malaysia,January,159.0,1,2022-01-01,Malaysia,Asia
2022,Maldives,January,2401.0,1,2022-01-01,Maldives,Asia
2022,Mali,January,0.0,1,2022-01-01,Mali,Africa
2022,Malta,January,8.0,1,2022-01-01,Malta,Europe
2022,Marshall Islands,January,1.0,1,2022-01-01,Marshall Islands,Oceania
2022,Mauritania,January,0.0,1,2022-01-01,Mauritania,Africa
2022,Mauritius,January,7.0,1,2022-01-01,Mauritius,Africa
2022,Mexico,January,21.0,1,2022-01-01,Mexico,America
2022,Micronesia,January,0.0,1,2022-01-01,"Micronesia, Fed. Sts.",Oceania
2022,Moldova,January,79.0,1,2022-01-01,Moldova,Europe
2022,Monaco,January,1.0,1,2022-01-01,Monaco,Europe
2022,Mongolia,January,14.0,1,2022-01-01,Mongolia,Asia
2022,Montenegro,January,5.0,1,2022-01-01,Montenegro,Europe
2022,Morocco,January,29.0,1,2022-01-01,Morocco,Africa
2022,Mozambique,January,0.0,1,2022-01-01,Mozambique,Africa
2022,Myanmar,January,16.0,1,2022-01-01,Myanmar,Asia
2022,Namibia,January,2.0,1,2022-01-01,Namibia,Africa
2022,Nepal,January,100.0,1,2022-01-01,Nepal,Asia
2022,Netherlands,January,1141.0,1,2022-01-01,Netherlands,Europe
2022,New Zealand,January,112.0,1,2022-01-01,New Zealand,Oceania
2022,Nicaragua,January,0.0,1,2022-01-01,Nicaragua,America
2022,Niger,January,0.0,1,2022-01-01,Niger,Africa
2022,Nigeria,January,5.0,1,2022-01-01,Nigeria,Africa
2022,Norway,January,521.0,1,2022-01-01,Norway,Europe
2022,Oman,January,101.0,1,2022-01-01,Oman,Asia
2022,Pakistan,January,610.0,1,2022-01-01,Pakistan,Asia
2022,Palestinian Territories,January,20.0,1,2022-01-01,Palestine,Asia
2022,Panama,January,2.0,1,2022-01-01,Panama,America
2022,Papua New Guinea,January,0.0,1,2022-01-01,Papua New Guinea,Oceania
2022,Paraguay,January,1.0,1,2022-01-01,Paraguay,America
2022,Peru,January,11.0,1,2022-01-01,Peru,America
2022,Philippines,January,109.0,1,2022-01-01,Philippines,Asia
2022,Poland,January,3185.0,1,2022-01-01,Poland,Europe
2022,Portugal,January,157.0,1,2022-01-01,Portugal,Europe
2022,Qatar,January,4.0,1,2022-01-01,Qatar,Asia
2022,Republic Of Zimbabwe,January,6.0,1,2022-01-01,Zimbabwe,Africa
2022,Romania,January,528.0,1,2022-01-01,Romania,Europe
2022,Russian Federation,January,13478.0,1,2022-01-01,Russia,Europe
2022,Rwanda,January,3.0,1,2022-01-01,Rwanda,Africa
2022,Saint Kitts And Nevis,January,4.0,1,2022-01-01,St. Kitts and Nevis,America
2022,Saint Lucia,January,0.0,1,2022-01-01,St. Lucia,America
2022,San Marino,January,0.0,1,2022-01-01,San Marino,Europe
2022,Saudi Arabia,January,1167.0,1,2022-01-01,Saudi Arabia,Asia
2022,Senegal,January,1.0,1,2022-01-01,Senegal,Africa
2022,Serbia,January,138.0,1,2022-01-01,Serbia,Europe
2022,Seychelles,January,37.0,1,2022-01-01,Seychelles,Africa
2022,Sierra Leone,January,0.0,1,2022-01-01,Sierra Leone,Africa
2022,Singapore,January,229.0,1,2022-01-01,Singapore,Asia
2022,Slovakia,January,363.0,1,2022-01-01,Slovakia,Europe
2022,Slovenia,January,68.0,1,2022-01-01,Slovenia,Europe
2022,Solomon Islands,January,0.0,1,2022-01-01,Solomon Islands,Oceania
2022,Somalia,January,1.0,1,2022-01-01,Somalia,Africa
2022,South Africa-Zuid Afrika,January,73.0,1,2022-01-01,South Africa,Africa
2022,South Korea,January,104.0,1,2022-01-01,South Korea,Asia
2022,South Sudan,January,0.0,1,2022-01-01,South Sudan,Africa
2022,Spain,January,597.0,1,2022-01-01,Spain,Europe
2022,Sudan,January,147.0,1,2022-01-01,Sudan,Africa
2022,Suriname,January,0.0,1,2022-01-01,Suriname,America
2022,Swaziland,January,1.0,1,2022-01-01,Eswatini,Africa
2022,Sweden,January,683.0,1,2022-01-01,Sweden,Europe
2022,Switzerland,January,1186.0,1,2022-01-01,Switzerland,Europe
2022,Syrian Arab Republic,January,5.0,1,2022-01-01,Syria,Asia
2022,TIMOR-LESTE,January,0.0,1,2022-01-01,Timor-Leste,Asia
2022,Taiwan,January,13.0,1,2022-01-01,Taiwan,Asia
2022,Tajikistan,January,28.0,1,2022-01-01,Tajikistan,Asia
2022,Tanzania,January,3.0,1,2022-01-01,Tanzania,Africa
2022,Thailand,January,72.0,1,2022-01-01,Thailand,Asia
2022,Togo,January,2.0,1,2022-01-01,Togo,Africa
2022,Tonga,January,0.0,1,2022-01-01,Tonga,Oceania
2022,Trinidad And Tobago,January,1.0,1,2022-01-01,Trinidad and Tobago,America
2022,Tunisia,January,30.0,1,2022-01-01,Tunisia,Africa
2022,Turkey,January,174.0,1,2022-01-01,Türkiye,Asia
2022,Turkmenistan,January,2.0,1,2022-01-01,Turkmenistan,Asia
2022,Uganda,January,3.0,1,2022-01-01,Uganda,Africa
2022,Ukraine,January,7774.0,1,2022-01-01,Ukraine,Europe
2022,United Arab Emirates,January,64.0,1,2022-01-01,United Arab Emirates,Asia
2022,United Kingdom,January,7442.0,1,2022-01-01,United Kingdom,Europe
2022,United States,January,1829.0,1,2022-01-01,United States,America
2022,Uruguay,January,1.0,1,2022-01-01,Uruguay,America
2022,Uzbekistan,January,85.0,1,2022-01-01,Uzbekistan,Asia
2022,Vanuatu,January,1.0,1,2022-01-01,Vanuatu,Oceania
2022,Venezuela,January,4.0,1,2022-01-01,Venezuela,America
2022,Vietnam,January,17.0,1,2022-01-01,Vietnam,Asia
2022,Yemen,January,24.0,1,2022-01-01,Yemen,Asia
2022,Zambia,January,1.0,1,2022-01-01,Zambia,Africa
2022,Zimbabwe,January,19.0,1,2022-01-01,Zimbabwe,Africa
2022,Afghanistan,February,2.0,2,2022-02-01,Afghanistan,Asia
2022,Albania,February,7.0,2,2022-02-01,Albania,Europe
2022,Algeria,February,24.0,2,2022-02-01,Algeria,Africa
2022,Andorra,February,1.0,2,2022-02-01,Andorra,Europe
2022,Angola,February,2.0,2,2022-02-01,Angola,Africa
2022,Antarctica,February,0.0,2,2022-02-01,Antarctica,Antarctica
2022,Antigua & Barbuda,February,0.0,2,2022-02-01,Antigua and Barbuda,America
2022,Argentina,February,25.0,2,2022-02-01,Argentina,America
2022,Armenia,February,89.0,2,2022-02-01,Armenia,Asia
2022,Australia,February,1688.0,2,2022-02-01,Australia,Oceania
2022,Austria,February,1054.0,2,2022-02-01,Austria,Europe
2022,Azerbaijan,February,75.0,2,2022-02-01,Azerbaijan,Asia
2022,Bahamas,February,0.0,2,2022-02-01,Bahamas,America
2022,Bahrain,February,49.0,2,2022-02-01,Bahrain,Asia
2022,Bangladesh,February,259.0,2,2022-02-01,Bangladesh,Asia
2022,Barbados,February,3.0,2,2022-02-01,Barbados,America
2022,Belarus,February,823.0,2,2022-02-01,Belarus,Europe
2022,Belgium,February,620.0,2,2022-02-01,Belgium,Europe
2022,Belize,February,0.0,2,2022-02-01,Belize,America
2022,Benin,February,0.0,2,2022-02-01,Benin,Africa
2022,Bhutan,February,11.0,2,2022-02-01,Bhutan,Asia
2022,Bolivia,February,1.0,2,2022-02-01,Bolivia,America
2022,Bosnia & Herzegovina,February,27.0,2,2022-02-01,Bosnia and Herzegovina,Europe
2022,Botswana,February,0.0,2,2022-02-01,Botswana,Africa
2022,Brazil,February,48.0,2,2022-02-01,Brazil,America
2022,Brunei Darussalam,February,0.0,2,2022-02-01,Brunei Darussalam,Asia
2022,Bulgaria,February,547.0,2,2022-02-01,Bulgaria,Europe
2022,Burkina Faso,February,0.0,2,2022-02-01,Burkina Faso,Africa
2022,Cambodia,February,22.0,2,2022-02-01,Cambodia,Asia
2022,Cameroon,February,1.0,2,2022-02-01,Cameroon,Africa
2022,Canada,February,1958.0,2,2022-02-01,Canada,America
2022,Cape Verde,February,2.0,2,2022-02-01,Cabo Verde,Africa
2022,Chad,February,2.0,2,2022-02-01,Chad,Africa
2022,Chile,February,14.0,2,2022-02-01,Chile,America
2022,China,February,266.0,2,2022-02-01,China,Asia
2022,Colombia,February,28.0,2,2022-02-01,Colombia,America
2022,Comoros,February,1.0,2,2022-02-01,Comoros,Africa
2022,"Congo, Republic Of.",February,1.0,2,2022-02-01,Congo Republic,Africa
2022,Costa Rica,February,11.0,2,2022-02-01,Costa Rica,America
2022,Cote Divoire,February,0.0,2,2022-02-01,Côte d'Ivoire,Africa
2022,Croatia,February,67.0,2,2022-02-01,Croatia,Europe
2022,Cuba,February,1.0,2,2022-02-01,Cuba,America
2022,Cyprus,February,25.0,2,2022-02-01,Cyprus,Asia
2022,Czech Republic,February,2055.0,2,2022-02-01,Czechia,Europe
2022,Denmark,February,1217.0,2,2022-02-01,Denmark,Europe
2022,Djibouti,February,1.0,2,2022-02-01,Djibouti,Africa
2022,Dominica,February,4.0,2,2022-02-01,Dominica,America
2022,Dominican Republic,February,0.0,2,2022-02-01,Dominican Republic,America
2022,Ecuador,February,4.0,2,2022-02-01,Ecuador,America
2022,Egypt,February,453.0,2,2022-02-01,Egypt,Africa
2022,El Salvador,February,4.0,2,2022-02-01,El Salvador,America
2022,Equatorial Guinea,February,0.0,2,2022-02-01,Equatorial Guinea,Africa
2022,Eritrea,February,2.0,2,2022-02-01,Eritrea,Africa
2022,Estonia,February,285.0,2,2022-02-01,Estonia,Europe
2022,Ethiopia,February,4.0,2,2022-02-01,Ethiopia,Africa
2022,Fiji,February,0.0,2,2022-02-01,Fiji,Oceania
2022,Finland,February,298.0,2,2022-02-01,Finland,Europe
2022,France,February,5699.0,2,2022-02-01,France,Europe
2022,Gabon,February,0.0,2,2022-02-01,Gabon,Africa
2022,Gambia,February,0.0,2,2022-02-01,Gambia,Africa
2022,Georgia,February,168.0,2,2022-02-01,Georgia,Asia
2022,Germany,February,7780.0,2,2022-02-01,Germany,Europe
2022,Ghana,February,3.0,2,2022-02-01,Ghana,Africa
2022,Greece,February,150.0,2,2022-02-01,Greece,Europe
2022,Grenada,February,0.0,2,2022-02-01,Grenada,America
2022,Guam,February,2.0,2,2022-02-01,Guam,Oceania
2022,Guatemala,February,3.0,2,2022-02-01,Guatemala,America
2022,Guinea-Bissau,February,0.0,2,2022-02-01,Guinea-Bissau,Africa
2022,Guyana,February,0.0,2,2022-02-01,Guyana,America
2022,Haiti,February,0.0,2,2022-02-01,Haiti,America
2022,Honduras,February,2.0,2,2022-02-01,Honduras,America
2022,Hong Kong,February,0.0,2,2022-02-01,Hong Kong,Asia
2022,Hungary,February,502.0,2,2022-02-01,Hungary,Europe
2022,Iceland,February,22.0,2,2022-02-01,Iceland,Europe
2022,India,February,12744.0,2,2022-02-01,India,Asia
2022,Indonesia,February,81.0,2,2022-02-01,Indonesia,Asia
2022,Iran,February,303.0,2,2022-02-01,Iran,Asia
2022,Iraq,February,171.0,2,2022-02-01,Iraq,Asia
2022,Ireland,February,375.0,2,2022-02-01,Ireland,Europe
2022,Israel,February,1587.0,2,2022-02-01,Israel,Asia
2022,Italy,February,553.0,2,2022-02-01,Italy,Europe
2022,Jamaica,February,0.0,2,2022-02-01,Jamaica,America
2022,Japan,February,122.0,2,2022-02-01,Japan,Asia
2022,Jordan,February,230.0,2,2022-02-01,Jordan,Asia
2022,Kazakhstan,February,2821.0,2,2022-02-01,Kazakhstan,Asia
2022,Kenya,February,19.0,2,2022-02-01,Kenya,Africa
2022,Kosovar,February,0.0,2,2022-02-01,Kosovar,Other
2022,Kuwait,February,204.0,2,2022-02-01,Kuwait,Asia
2022,Kyrgyzstan,February,109.0,2,2022-02-01,Kyrgyzstan,Asia
2022,Lao Peoples,February,9.0,2,2022-02-01,Laos,Asia
2022,Latvia,February,209.0,2,2022-02-01,Latvia,Europe
2022,Lebanon,February,153.0,2,2022-02-01,Lebanon,Asia
2022,Lesotho,February,0.0,2,2022-02-01,Lesotho,Africa
2022,Liberia,February,1.0,2,2022-02-01,Liberia,Africa
2022,Libya,February,8.0,2,2022-02-01,Libya,Africa
2022,Liechtenstein,February,1.0,2,2022-02-01,Liechtenstein,Europe
2022,Lithuania,February,555.0,2,2022-02-01,Lithuania,Europe
2022,Luxembourg,February,33.0,2,2022-02-01,Luxembourg,Europe
2022,Macedonia,February,29.0,2,2022-02-01,North Macedonia,Europe
2022,Madagascar,February,3.0,2,2022-02-01,Madagascar,Africa
2022,Malawi,February,3.0,2,2022-02-01,Malawi,Africa
2022,Malaysia,February,147.0,2,2022-02-01,Malaysia,Asia
2022,Maldives,February,1532.0,2,2022-02-01,Maldives,Asia
2022,Mali,February,0.0,2,2022-02-01,Mali,Africa
2022,Malta,February,15.0,2,2022-02-01,Malta,Europe
2022,Marshall Islands,February,0.0,2,2022-02-01,Marshall Islands,Oceania
2022,Mauritania,February,1.0,2,2022-02-01,Mauritania,Africa
2022,Mauritius,February,14.0,2,2022-02-01,Mauritius,Africa
2022,Mexico,February,33.0,2,2022-02-01,Mexico,America
2022,Micronesia,February,0.0,2,2022-02-01,"Micronesia, Fed. Sts.",Oceania
2022,Moldova,February,56.0,2,2022-02-01,Moldova,Europe
2022,Monaco,February,1.0,2,2022-02-01,Monaco,Europe
2022,Mongolia,February,22.0,2,2022-02-01,Mongolia,Asia
2022,Montenegro,February,13.0,2,2022-02-01,Montenegro,Europe
2022,Morocco,February,61.0,2,2022-02-01,Morocco,Africa
2022,Mozambique,February,2.0,2,2022-02-01,Mozambique,Africa
2022,Myanmar,February,23.0,2,2022-02-01,Myanmar,Asia
2022,Namibia,February,0.0,2,2022-02-01,Namibia,Africa
2022,Nepal,February,97.0,2,2022-02-01,Nepal,Asia
2022,Netherlands,February,1232.0,2,2022-02-01,Netherlands,Europe
2022,New Zealand,February,131.0,2,2022-02-01,New Zealand,Oceania
2022,Nicaragua,February,0.0,2,2022-02-01,Nicaragua,America
2022,Niger,February,0.0,2,2022-02-01,Niger,Africa
2022,Nigeria,February,3.0,2,2022-02-01,Nigeria,Africa
2022,Norway,February,595.0,2,2022-02-01,Norway,Europe
2022,Oman,February,127.0,2,2022-02-01,Oman,Asia
2022,Pakistan,February,691.0,2,2022-02-01,Pakistan,Asia
2022,Palestinian Territories,February,27.0,2,2022-02-01,Palestine,Asia
2022,Panama,February,1.0,2,2022-02-01,Panama,America
2022,Papua New Guinea,February,1.0,2,2022-02-01,Papua New Guinea,Oceania
2022,Paraguay,February,2.0,2,2022-02-01,Paraguay,America
2022,Peru,February,12.0,2,2022-02-01,Peru,America
2022,Philippines,February,157.0,2,2022-02-01,Philippines,Asia
2022,Poland,February,4315.0,2,2022-02-01,Poland,Europe
2022,Portugal,February,206.0,2,2022-02-01,Portugal,Europe
2022,Qatar,February,17.0,2,2022-02-01,Qatar,Asia
2022,Republic Of Zimbabwe,February,0.0,2,2022-02-01,Zimbabwe,Africa
2022,Romania,February,776.0,2,2022-02-01,Romania,Europe
2022,Russian Federation,February,15340.0,2,2022-02-01,Russia,Europe
2022,Rwanda,February,1.0,2,2022-02-01,Rwanda,Africa
2022,Saint Kitts And Nevis,February,8.0,2,2022-02-01,St. Kitts and Nevis,America
2022,Saint Lucia,February,0.0,2,2022-02-01,St. Lucia,America
2022,San Marino,February,0.0,2,2022-02-01,San Marino,Europe
2022,Saudi Arabia,February,861.0,2,2022-02-01,Saudi Arabia,Asia
2022,Senegal,February,0.0,2,2022-02-01,Senegal,Africa
2022,Serbia,February,158.0,2,2022-02-01,Serbia,Europe
2022,Seychelles,February,32.0,2,2022-02-01,Seychelles,Africa
2022,Sierra Leone,February,0.0,2,2022-02-01,Sierra Leone,Africa
2022,Singapore,February,283.0,2,2022-02-01,Singapore,Asia
2022,Slovakia,February,515.0,2,2022-02-01,Slovakia,Europe
2022,Slovenia,February,116.0,2,2022-02-01,Slovenia,Europe
2022,Solomon Islands,February,0.0,2,2022-02-01,Solomon Islands,Oceania
2022,Somalia,February,2.0,2,2022-02-01,Somalia,Africa
2022,South Africa-Zuid Afrika,February,161.0,2,2022-02-01,South Africa,Africa
2022,South Korea,February,117.0,2,2022-02-01,South Korea,Asia
2022,South Sudan,February,0.0,2,2022-02-01,South Sudan,Africa
2022,Spain,February,744.0,2,2022-02-01,Spain,Europe
2022,Sudan,February,151.0,2,2022-02-01,Sudan,Africa
2022,Suriname,February,1.0,2,2022-02-01,Suriname,America
2022,Swaziland,February,2.0,2,2022-02-01,Eswatini,Africa
2022,Sweden,February,818.0,2,2022-02-01,Sweden,Europe
2022,Switzerland,February,1495.0,2,2022-02-01,Switzerland,Europe
2022,Syrian Arab Republic,February,4.0,2,2022-02-01,Syria,Asia
2022,TIMOR-LESTE,February,0.0,2,2022-02-01,Timor-Leste,Asia
2022,Taiwan,February,23.0,2,2022-02-01,Taiwan,Asia
2022,Tajikistan,February,36.0,2,2022-02-01,Tajikistan,Asia
2022,Tanzania,February,2.0,2,2022-02-01,Tanzania,Africa
2022,Thailand,February,86.0,2,2022-02-01,Thailand,Asia
2022,Togo,February,0.0,2,2022-02-01,Togo,Africa
2022,Tonga,February,0.0,2,2022-02-01,Tonga,Oceania
2022,Trinidad And Tobago,February,1.0,2,2022-02-01,Trinidad and Tobago,America
2022,Tunisia,February,36.0,2,2022-02-01,Tunisia,Africa
2022,Turkey,February,166.0,2,2022-02-01,Türkiye,Asia
2022,Turkmenistan,February,4.0,2,2022-02-01,Turkmenistan,Asia
2022,Uganda,February,1.0,2,2022-02-01,Uganda,Africa
2022,Ukraine,February,5288.0,2,2022-02-01,Ukraine,Europe
2022,United Arab Emirates,February,53.0,2,2022-02-01,United Arab Emirates,Asia
2022,United Kingdom,February,10642.0,2,2022-02-01,United Kingdom,Europe
2022,United States,February,1855.0,2,2022-02-01,United States,America
2022,Uruguay,February,6.0,2,2022-02-01,Uruguay,America
2022,Uzbekistan,February,382.0,2,2022-02-01,Uzbekistan,Asia
2022,Vanuatu,February,0.0,2,2022-02-01,Vanuatu,Oceania
2022,Venezuela,February,2.0,2,2022-02-01,Venezuela,America
2022,Vietnam,February,40.0,2,2022-02-01,Vietnam,Asia
2022,Yemen,February,26.0,2,2022-02-01,Yemen,Asia
2022,Zambia,February,1.0,2,2022-02-01,Zambia,Africa
2022,Zimbabwe,February,3.0,2,2022-02-01,Zimbabwe,Africa
2022,Afghanistan,March,16.0,3,2022-03-01,Afghanistan,Asia
2022,Albania,March,10.0,3,2022-03-01,Albania,Europe
2022,Algeria,March,31.0,3,2022-03-01,Algeria,Africa
2022,Andorra,March,3.0,3,2022-03-01,Andorra,Europe
2022,Angola,March,3.0,3,2022-03-01,Angola,Africa
2022,Antarctica,March,0.0,3,2022-03-01,Antarctica,Antarctica
2022,Antigua & Barbuda,March,3.0,3,2022-03-01,Antigua and Barbuda,America
2022,Argentina,March,38.0,3,2022-03-01,Argentina,America
2022,Armenia,March,74.0,3,2022-03-01,Armenia,Asia
2022,Australia,March,2359.0,3,2022-03-01,Australia,Oceania
2022,Austria,March,887.0,3,2022-03-01,Austria,Europe
2022,Azerbaijan,March,366.0,3,2022-03-01,Azerbaijan,Asia
2022,Bahamas,March,0.0,3,2022-03-01,Bahamas,America
2022,Bahrain,March,80.0,3,2022-03-01,Bahrain,Asia
2022,Bangladesh,March,451.0,3,2022-03-01,Bangladesh,Asia
2022,Barbados,March,0.0,3,2022-03-01,Barbados,America
2022,Belarus,March,515.0,3,2022-03-01,Belarus,Europe
2022,Belgium,March,761.0,3,2022-03-01,Belgium,Europe
2022,Belize,March,1.0,3,2022-03-01,Belize,America
2022,Benin,March,0.0,3,2022-03-01,Benin,Africa
2022,Bhutan,March,6.0,3,2022-03-01,Bhutan,Asia
2022,Bolivia,March,3.0,3,2022-03-01,Bolivia,America
2022,Bosnia & Herzegovina,March,28.0,3,2022-03-01,Bosnia and Herzegovina,Europe
2022,Botswana,March,0.0,3,2022-03-01,Botswana,Africa
2022,Brazil,March,87.0,3,2022-03-01,Brazil,America
2022,Brunei Darussalam,March,0.0,3,2022-03-01,Brunei Darussalam,Asia
2022,Bulgaria,March,396.0,3,2022-03-01,Bulgaria,Europe
2022,Burkina Faso,March,0.0,3,2022-03-01,Burkina Faso,Africa
2022,Cambodia,March,2.0,3,2022-03-01,Cambodia,Asia
2022,Cameroon,March,2.0,3,2022-03-01,Cameroon,Africa
2022,Canada,March,2989.0,3,2022-03-01,Canada,America
2022,Cape Verde,March,1.0,3,2022-03-01,Cabo Verde,Africa
2022,Chad,March,0.0,3,2022-03-01,Chad,Africa
2022,Chile,March,30.0,3,2022-03-01,Chile,America
2022,China,March,358.0,3,2022-03-01,China,Asia
2022,Colombia,March,40.0,3,2022-03-01,Colombia,America
2022,Comoros,March,2.0,3,2022-03-01,Comoros,Africa
2022,"Congo, Republic Of.",March,3.0,3,2022-03-01,Congo Republic,Africa
2022,Costa Rica,March,7.0,3,2022-03-01,Costa Rica,America
2022,Cote Divoire,March,0.0,3,2022-03-01,Côte d'Ivoire,Africa
2022,Croatia,March,73.0,3,2022-03-01,Croatia,Europe
2022,Cuba,March,4.0,3,2022-03-01,Cuba,America
2022,Cyprus,March,48.0,3,2022-03-01,Cyprus,Asia
2022,Czech Republic,March,1802.0,3,2022-03-01,Czechia,Europe
2022,Denmark,March,1187.0,3,2022-03-01,Denmark,Europe
2022,Djibouti,March,1.0,3,2022-03-01,Djibouti,Africa
2022,Dominica,March,6.0,3,2022-03-01,Dominica,America
2022,Dominican Republic,March,0.0,3,2022-03-01,Dominican Republic,America
2022,Ecuador,March,7.0,3,2022-03-01,Ecuador,America
2022,Egypt,March,445.0,3,2022-03-01,Egypt,Africa
2022,El Salvador,March,3.0,3,2022-03-01,El Salvador,America
2022,Equatorial Guinea,March,0.0,3,2022-03-01,Equatorial Guinea,Africa
2022,Eritrea,March,1.0,3,2022-03-01,Eritrea,Africa
2022,Estonia,March,210.0,3,2022-03-01,Estonia,Europe
2022,Ethiopia,March,5.0,3,2022-03-01,Ethiopia,Africa
2022,Fiji,March,6.0,3,2022-03-01,Fiji,Oceania
2022,Finland,March,181.0,3,2022-03-01,Finland,Europe
2022,France,March,5741.0,3,2022-03-01,France,Europe
2022,Gabon,March,1.0,3,2022-03-01,Gabon,Africa
2022,Gambia,March,0.0,3,2022-03-01,Gambia,Africa
2022,Georgia,March,67.0,3,2022-03-01,Georgia,Asia
2022,Germany,March,9561.0,3,2022-03-01,Germany,Europe
2022,Ghana,March,0.0,3,2022-03-01,Ghana,Africa
2022,Greece,March,102.0,3,2022-03-01,Greece,Europe
2022,Grenada,March,3.0,3,2022-03-01,Grenada,America
2022,Guam,March,0.0,3,2022-03-01,Guam,Oceania
2022,Guatemala,March,2.0,3,2022-03-01,Guatemala,America
2022,Guinea-Bissau,March,0.0,3,2022-03-01,Guinea-Bissau,Africa
2022,Guyana,March,4.0,3,2022-03-01,Guyana,America
2022,Haiti,March,0.0,3,2022-03-01,Haiti,America
2022,Honduras,March,0.0,3,2022-03-01,Honduras,America
2022,Hong Kong,March,0.0,3,2022-03-01,Hong Kong,Asia
2022,Hungary,March,508.0,3,2022-03-01,Hungary,Europe
2022,Iceland,March,18.0,3,2022-03-01,Iceland,Europe
2022,India,March,23216.0,3,2022-03-01,India,Asia
2022,Indonesia,March,112.0,3,2022-03-01,Indonesia,Asia
2022,Iran,March,2235.0,3,2022-03-01,Iran,Asia
2022,Iraq,March,236.0,3,2022-03-01,Iraq,Asia
2022,Ireland,March,746.0,3,2022-03-01,Ireland,Europe
2022,Israel,March,1007.0,3,2022-03-01,Israel,Asia
2022,Italy,March,730.0,3,2022-03-01,Italy,Europe
2022,Jamaica,March,4.0,3,2022-03-01,Jamaica,America
2022,Japan,March,226.0,3,2022-03-01,Japan,Asia
2022,Jordan,March,363.0,3,2022-03-01,Jordan,Asia
2022,Kazakhstan,March,2598.0,3,2022-03-01,Kazakhstan,Asia
2022,Kenya,March,42.0,3,2022-03-01,Kenya,Africa
2022,Kosovar,March,3.0,3,2022-03-01,Kosovar,Other
2022,Kuwait,March,131.0,3,2022-03-01,Kuwait,Asia
2022,Kyrgyzstan,March,82.0,3,2022-03-01,Kyrgyzstan,Asia
2022,Lao Peoples,March,4.0,3,2022-03-01,Laos,Asia
2022,Latvia,March,375.0,3,2022-03-01,Latvia,Europe
2022,Lebanon,March,200.0,3,2022-03-01,Lebanon,Asia
2022,Lesotho,March,0.0,3,2022-03-01,Lesotho,Africa
2022,Liberia,March,1.0,3,2022-03-01,Liberia,Africa
2022,Libya,March,3.0,3,2022-03-01,Libya,Africa
2022,Liechtenstein,March,5.0,3,2022-03-01,Liechtenstein,Europe
2022,Lithuania,March,466.0,3,2022-03-01,Lithuania,Europe
2022,Luxembourg,March,24.0,3,2022-03-01,Luxembourg,Europe
2022,Macedonia,March,16.0,3,2022-03-01,North Macedonia,Europe
2022,Madagascar,March,4.0,3,2022-03-01,Madagascar,Africa
2022,Malawi,March,0.0,3,2022-03-01,Malawi,Africa
2022,Malaysia,March,317.0,3,2022-03-01,Malaysia,Asia
2022,Maldives,March,1910.0,3,2022-03-01,Maldives,Asia
2022,Mali,March,1.0,3,2022-03-01,Mali,Africa
2022,Malta,March,12.0,3,2022-03-01,Malta,Europe
2022,Marshall Islands,March,0.0,3,2022-03-01,Marshall Islands,Oceania
2022,Mauritania,March,2.0,3,2022-03-01,Mauritania,Africa
2022,Mauritius,March,9.0,3,2022-03-01,Mauritius,Africa
2022,Mexico,March,43.0,3,2022-03-01,Mexico,America
2022,Micronesia,March,0.0,3,2022-03-01,"Micronesia, Fed. Sts.",Oceania
2022,Moldova,March,14.0,3,2022-03-01,Moldova,Europe
2022,Monaco,March,4.0,3,2022-03-01,Monaco,Europe
2022,Mongolia,March,0.0,3,2022-03-01,Mongolia,Asia
2022,Montenegro,March,12.0,3,2022-03-01,Montenegro,Europe
2022,Morocco,March,90.0,3,2022-03-01,Morocco,Africa
2022,Mozambique,March,1.0,3,2022-03-01,Mozambique,Africa
2022,Myanmar,March,19.0,3,2022-03-01,Myanmar,Asia
2022,Namibia,March,1.0,3,2022-03-01,Namibia,Africa
2022,Nepal,March,186.0,3,2022-03-01,Nepal,Asia
2022,Netherlands,March,1422.0,3,2022-03-01,Netherlands,Europe
2022,New Zealand,March,246.0,3,2022-03-01,New Zealand,Oceania
2022,Nicaragua,March,0.0,3,2022-03-01,Nicaragua,America
2022,Niger,March,0.0,3,2022-03-01,Niger,Africa
2022,Nigeria,March,3.0,3,2022-03-01,Nigeria,Africa
2022,Norway,March,768.0,3,2022-03-01,Norway,Europe
2022,Oman,March,93.0,3,2022-03-01,Oman,Asia
2022,Pakistan,March,1256.0,3,2022-03-01,Pakistan,Asia
2022,Palestinian Territories,March,55.0,3,2022-03-01,Palestine,Asia
2022,Panama,March,0.0,3,2022-03-01,Panama,America
2022,Papua New Guinea,March,2.0,3,2022-03-01,Papua New Guinea,Oceania
2022,Paraguay,March,0.0,3,2022-03-01,Paraguay,America
2022,Peru,March,13.0,3,2022-03-01,Peru,America
2022,Philippines,March,256.0,3,2022-03-01,Philippines,Asia
2022,Poland,March,3315.0,3,2022-03-01,Poland,Europe
2022,Portugal,March,341.0,3,2022-03-01,Portugal,Europe
2022,Qatar,March,53.0,3,2022-03-01,Qatar,Asia
2022,Republic Of Zimbabwe,March,1.0,3,2022-03-01,Zimbabwe,Africa
2022,Romania,March,517.0,3,2022-03-01,Romania,Europe
2022,Russian Federation,March,8899.0,3,2022-03-01,Russia,Europe
2022,Rwanda,March,0.0,3,2022-03-01,Rwanda,Africa
2022,Saint Kitts And Nevis,March,3.0,3,2022-03-01,St. Kitts and Nevis,America
2022,Saint Lucia,March,0.0,3,2022-03-01,St. Lucia,America
2022,San Marino,March,0.0,3,2022-03-01,San Marino,Europe
2022,Saudi Arabia,March,1397.0,3,2022-03-01,Saudi Arabia,Asia
2022,Senegal,March,0.0,3,2022-03-01,Senegal,Africa
2022,Serbia,March,147.0,3,2022-03-01,Serbia,Europe
2022,Seychelles,March,16.0,3,2022-03-01,Seychelles,Africa
2022,Sierra Leone,March,2.0,3,2022-03-01,Sierra Leone,Africa
2022,Singapore,March,489.0,3,2022-03-01,Singapore,Asia
2022,Slovakia,March,462.0,3,2022-03-01,Slovakia,Europe
2022,Slovenia,March,54.0,3,2022-03-01,Slovenia,Europe
2022,Solomon Islands,March,0.0,3,2022-03-01,Solomon Islands,Oceania
2022,Somalia,March,4.0,3,2022-03-01,Somalia,Africa
2022,South Africa-Zuid Afrika,March,290.0,3,2022-03-01,South Africa,Africa
2022,South Korea,March,200.0,3,2022-03-01,South Korea,Asia
2022,South Sudan,March,0.0,3,2022-03-01,South Sudan,Africa
2022,Spain,March,1112.0,3,2022-03-01,Spain,Europe
2022,Sudan,March,156.0,3,2022-03-01,Sudan,Africa
2022,Suriname,March,0.0,3,2022-03-01,Suriname,America
2022,Swaziland,March,0.0,3,2022-03-01,Eswatini,Africa
2022,Sweden,March,725.0,3,2022-03-01,Sweden,Europe
2022,Switzerland,March,1243.0,3,2022-03-01,Switzerland,Europe
2022,Syrian Arab Republic,March,1.0,3,2022-03-01,Syria,Asia
2022,TIMOR-LESTE,March,0.0,3,2022-03-01,Timor-Leste,Asia
2022,Taiwan,March,35.0,3,2022-03-01,Taiwan,Asia
2022,Tajikistan,March,28.0,3,2022-03-01,Tajikistan,Asia
2022,Tanzania,March,16.0,3,2022-03-01,Tanzania,Africa
2022,Thailand,March,156.0,3,2022-03-01,Thailand,Asia
2022,Togo,March,0.0,3,2022-03-01,Togo,Africa
2022,Tonga,March,1.0,3,2022-03-01,Tonga,Oceania
2022,Trinidad And Tobago,March,3.0,3,2022-03-01,Trinidad and Tobago,America
2022,Tunisia,March,94.0,3,2022-03-01,Tunisia,Africa
2022,Turkey,March,290.0,3,2022-03-01,Türkiye,Asia
2022,Turkmenistan,March,3.0,3,2022-03-01,Turkmenistan,Asia
2022,Uganda,March,8.0,3,2022-03-01,Uganda,Africa
2022,Ukraine,March,401.0,3,2022-03-01,Ukraine,Europe
2022,United Arab Emirates,March,240.0,3,2022-03-01,United Arab Emirates,Asia
2022,United Kingdom,March,12908.0,3,2022-03-01,United Kingdom,Europe
2022,United States,March,3114.0,3,2022-03-01,United States,America
2022,Uruguay,March,13.0,3,2022-03-01,Uruguay,America
2022,Uzbekistan,March,563.0,3,2022-03-01,Uzbekistan,Asia
2022,Vanuatu,March,0.0,3,2022-03-01,Vanuatu,Oceania
2022,Venezuela,March,8.0,3,2022-03-01,Venezuela,America
2022,Vietnam,March,46.0,3,2022-03-01,Vietnam,Asia
2022,Yemen,March,36.0,3,2022-03-01,Yemen,Asia
2022,Zambia,March,1.0,3,2022-03-01,Zambia,Africa
2022,Zimbabwe,March,7.0,3,2022-03-01,Zimbabwe,Africa
2022,Afghanistan,April,0.0,4,2022-04-01,Afghanistan,Asia
2022,Albania,April,6.0,4,2022-04-01,Albania,Europe
2022,Algeria,April,8.0,4,2022-04-01,Algeria,Africa
2022,Andorra,April,0.0,4,2022-04-01,Andorra,Europe
2022,Angola,April,2.0,4,2022-04-01,Angola,Africa
2022,Antarctica,April,0.0,4,2022-04-01,Antarctica,Antarctica
2022,Antigua & Barbuda,April,1.0,4,2022-04-01,Antigua and Barbuda,America
2022,Argentina,April,27.0,4,2022-04-01,Argentina,America
2022,Armenia,April,56.0,4,2022-04-01,Armenia,Asia
2022,Australia,April,3508.0,4,2022-04-01,Australia,Oceania
2022,Austria,April,575.0,4,2022-04-01,Austria,Europe
2022,Azerbaijan,April,29.0,4,2022-04-01,Azerbaijan,Asia
2022,Bahamas,April,0.0,4,2022-04-01,Bahamas,America
2022,Bahrain,April,22.0,4,2022-04-01,Bahrain,Asia
2022,Bangladesh,April,155.0,4,2022-04-01,Bangladesh,Asia
2022,Barbados,April,0.0,4,2022-04-01,Barbados,America
2022,Belarus,April,129.0,4,2022-04-01,Belarus,Europe
2022,Belgium,April,846.0,4,2022-04-01,Belgium,Europe
2022,Belize,April,0.0,4,2022-04-01,Belize,America
2022,Benin,April,1.0,4,2022-04-01,Benin,Africa
2022,Bhutan,April,2.0,4,2022-04-01,Bhutan,Asia
2022,Bolivia,April,8.0,4,2022-04-01,Bolivia,America
2022,Bosnia & Herzegovina,April,11.0,4,2022-04-01,Bosnia and Herzegovina,Europe
2022,Botswana,April,1.0,4,2022-04-01,Botswana,Africa
2022,Brazil,April,135.0,4,2022-04-01,Brazil,America
2022,Brunei Darussalam,April,0.0,4,2022-04-01,Brunei Darussalam,Asia
2022,Bulgaria,April,146.0,4,2022-04-01,Bulgaria,Europe
2022,Burkina Faso,April,0.0,4,2022-04-01,Burkina Faso,Africa
2022,Cambodia,April,4.0,4,2022-04-01,Cambodia,Asia
2022,Cameroon,April,0.0,4,2022-04-01,Cameroon,Africa
2022,Canada,April,2083.0,4,2022-04-01,Canada,America
2022,Cape Verde,April,1.0,4,2022-04-01,Cabo Verde,Africa
2022,Chad,April,0.0,4,2022-04-01,Chad,Africa
2022,Chile,April,12.0,4,2022-04-01,Chile,America
2022,China,April,261.0,4,2022-04-01,China,Asia
2022,Colombia,April,61.0,4,2022-04-01,Colombia,America
2022,Comoros,April,1.0,4,2022-04-01,Comoros,Africa
2022,"Congo, Republic Of.",April,1.0,4,2022-04-01,Congo Republic,Africa
2022,Costa Rica,April,5.0,4,2022-04-01,Costa Rica,America
2022,Cote Divoire,April,0.0,4,2022-04-01,Côte d'Ivoire,Africa
2022,Croatia,April,23.0,4,2022-04-01,Croatia,Europe
2022,Cuba,April,7.0,4,2022-04-01,Cuba,America
2022,Cyprus,April,54.0,4,2022-04-01,Cyprus,Asia
2022,Czech Republic,April,686.0,4,2022-04-01,Czechia,Europe
2022,Denmark,April,1307.0,4,2022-04-01,Denmark,Europe
2022,Djibouti,April,1.0,4,2022-04-01,Djibouti,Africa
2022,Dominica,April,4.0,4,2022-04-01,Dominica,America
2022,Dominican Republic,April,3.0,4,2022-04-01,Dominican Republic,America
2022,Ecuador,April,4.0,4,2022-04-01,Ecuador,America
2022,Egypt,April,170.0,4,2022-04-01,Egypt,Africa
2022,El Salvador,April,3.0,4,2022-04-01,El Salvador,America
2022,Equatorial Guinea,April,0.0,4,2022-04-01,Equatorial Guinea,Africa
2022,Eritrea,April,0.0,4,2022-04-01,Eritrea,Africa
2022,Estonia,April,64.0,4,2022-04-01,Estonia,Europe
2022,Ethiopia,April,3.0,4,2022-04-01,Ethiopia,Africa
2022,Fiji,April,0.0,4,2022-04-01,Fiji,Oceania
2022,Finland,April,169.0,4,2022-04-01,Finland,Europe
2022,France,April,4035.0,4,2022-04-01,France,Europe
2022,Gabon,April,1.0,4,2022-04-01,Gabon,Africa
2022,Gambia,April,1.0,4,2022-04-01,Gambia,Africa
2022,Georgia,April,28.0,4,2022-04-01,Georgia,Asia
2022,Germany,April,6088.0,4,2022-04-01,Germany,Europe
2022,Ghana,April,0.0,4,2022-04-01,Ghana,Africa
2022,Greece,April,145.0,4,2022-04-01,Greece,Europe
2022,Grenada,April,0.0,4,2022-04-01,Grenada,America
2022,Guam,April,0.0,4,2022-04-01,Guam,Oceania
2022,Guatemala,April,8.0,4,2022-04-01,Guatemala,America
2022,Guinea-Bissau,April,0.0,4,2022-04-01,Guinea-Bissau,Africa
2022,Guyana,April,2.0,4,2022-04-01,Guyana,America
2022,Haiti,April,1.0,4,2022-04-01,Haiti,America
2022,Honduras,April,0.0,4,2022-04-01,Honduras,America
2022,Hong Kong,April,0.0,4,2022-04-01,Hong Kong,Asia
2022,Hungary,April,217.0,4,2022-04-01,Hungary,Europe
2022,Iceland,April,21.0,4,2022-04-01,Iceland,Europe
2022,India,April,8678.0,4,2022-04-01,India,Asia
2022,Indonesia,April,56.0,4,2022-04-01,Indonesia,Asia
2022,Iran,April,227.0,4,2022-04-01,Iran,Asia
2022,Iraq,April,71.0,4,2022-04-01,Iraq,Asia
2022,Ireland,April,603.0,4,2022-04-01,Ireland,Europe
2022,Israel,April,1228.0,4,2022-04-01,Israel,Asia
2022,Italy,April,584.0,4,2022-04-01,Italy,Europe
2022,Jamaica,April,2.0,4,2022-04-01,Jamaica,America
2022,Japan,April,249.0,4,2022-04-01,Japan,Asia
2022,Jordan,April,135.0,4,2022-04-01,Jordan,Asia
2022,Kazakhstan,April,122.0,4,2022-04-01,Kazakhstan,Asia
2022,Kenya,April,20.0,4,2022-04-01,Kenya,Africa
2022,Kosovar,April,3.0,4,2022-04-01,Kosovar,Other
2022,Kuwait,April,49.0,4,2022-04-01,Kuwait,Asia
2022,Kyrgyzstan,April,22.0,4,2022-04-01,Kyrgyzstan,Asia
2022,Lao Peoples,April,0.0,4,2022-04-01,Laos,Asia
2022,Latvia,April,67.0,4,2022-04-01,Latvia,Europe
2022,Lebanon,April,305.0,4,2022-04-01,Lebanon,Asia
2022,Lesotho,April,0.0,4,2022-04-01,Lesotho,Africa
2022,Liberia,April,0.0,4,2022-04-01,Liberia,Africa
2022,Libya,April,0.0,4,2022-04-01,Libya,Africa
2022,Liechtenstein,April,5.0,4,2022-04-01,Liechtenstein,Europe
2022,Lithuania,April,146.0,4,2022-04-01,Lithuania,Europe
2022,Luxembourg,April,63.0,4,2022-04-01,Luxembourg,Europe
2022,Macedonia,April,7.0,4,2022-04-01,North Macedonia,Europe
2022,Madagascar,April,6.0,4,2022-04-01,Madagascar,Africa
2022,Malawi,April,0.0,4,2022-04-01,Malawi,Africa
2022,Malaysia,April,244.0,4,2022-04-01,Malaysia,Asia
2022,Maldives,April,567.0,4,2022-04-01,Maldives,Asia
2022,Mali,April,0.0,4,2022-04-01,Mali,Africa
2022,Malta,April,34.0,4,2022-04-01,Malta,Europe
2022,Marshall Islands,April,1.0,4,2022-04-01,Marshall Islands,Oceania
2022,Mauritania,April,0.0,4,2022-04-01,Mauritania,Africa
2022,Mauritius,April,12.0,4,2022-04-01,Mauritius,Africa
2022,Mexico,April,35.0,4,2022-04-01,Mexico,America
2022,Micronesia,April,0.0,4,2022-04-01,"Micronesia, Fed. Sts.",Oceania
2022,Moldova,April,7.0,4,2022-04-01,Moldova,Europe
2022,Monaco,April,3.0,4,2022-04-01,Monaco,Europe
2022,Mongolia,April,1.0,4,2022-04-01,Mongolia,Asia
2022,Montenegro,April,9.0,4,2022-04-01,Montenegro,Europe
2022,Morocco,April,23.0,4,2022-04-01,Morocco,Africa
2022,Mozambique,April,0.0,4,2022-04-01,Mozambique,Africa
2022,Myanmar,April,42.0,4,2022-04-01,Myanmar,Asia
2022,Namibia,April,10.0,4,2022-04-01,Namibia,Africa
2022,Nepal,April,94.0,4,2022-04-01,Nepal,Asia
2022,Netherlands,April,1575.0,4,2022-04-01,Netherlands,Europe
2022,New Zealand,April,329.0,4,2022-04-01,New Zealand,Oceania
2022,Nicaragua,April,0.0,4,2022-04-01,Nicaragua,America
2022,Niger,April,0.0,4,2022-04-01,Niger,Africa
2022,Nigeria,April,5.0,4,2022-04-01,Nigeria,Africa
2022,Norway,April,587.0,4,2022-04-01,Norway,Europe
2022,Oman,April,18.0,4,2022-04-01,Oman,Asia
2022,Pakistan,April,138.0,4,2022-04-01,Pakistan,Asia
2022,Palestinian Territories,April,13.0,4,2022-04-01,Palestine,Asia
2022,Panama,April,0.0,4,2022-04-01,Panama,America
2022,Papua New Guinea,April,1.0,4,2022-04-01,Papua New Guinea,Oceania
2022,Paraguay,April,3.0,4,2022-04-01,Paraguay,America
2022,Peru,April,9.0,4,2022-04-01,Peru,America
2022,Philippines,April,246.0,4,2022-04-01,Philippines,Asia
2022,Poland,April,1391.0,4,2022-04-01,Poland,Europe
2022,Portugal,April,295.0,4,2022-04-01,Portugal,Europe
2022,Qatar,April,5.0,4,2022-04-01,Qatar,Asia
2022,Republic Of Zimbabwe,April,0.0,4,2022-04-01,Zimbabwe,Africa
2022,Romania,April,475.0,4,2022-04-01,Romania,Europe
2022,Russian Federation,April,3874.0,4,2022-04-01,Russia,Europe
2022,Rwanda,April,2.0,4,2022-04-01,Rwanda,Africa
2022,Saint Kitts And Nevis,April,3.0,4,2022-04-01,St. Kitts and Nevis,America
2022,Saint Lucia,April,1.0,4,2022-04-01,St. Lucia,America
2022,San Marino,April,0.0,4,2022-04-01,San Marino,Europe
2022,Saudi Arabia,April,225.0,4,2022-04-01,Saudi Arabia,Asia
2022,Senegal,April,0.0,4,2022-04-01,Senegal,Africa
2022,Serbia,April,95.0,4,2022-04-01,Serbia,Europe
2022,Seychelles,April,30.0,4,2022-04-01,Seychelles,Africa
2022,Sierra Leone,April,2.0,4,2022-04-01,Sierra Leone,Africa
2022,Singapore,April,289.0,4,2022-04-01,Singapore,Asia
2022,Slovakia,April,287.0,4,2022-04-01,Slovakia,Europe
2022,Slovenia,April,106.0,4,2022-04-01,Slovenia,Europe
2022,Solomon Islands,April,0.0,4,2022-04-01,Solomon Islands,Oceania
2022,Somalia,April,1.0,4,2022-04-01,Somalia,Africa
2022,South Africa-Zuid Afrika,April,257.0,4,2022-04-01,South Africa,Africa
2022,South Korea,April,151.0,4,2022-04-01,South Korea,Asia
2022,South Sudan,April,0.0,4,2022-04-01,South Sudan,Africa
2022,Spain,April,1447.0,4,2022-04-01,Spain,Europe
2022,Sudan,April,15.0,4,2022-04-01,Sudan,Africa
2022,Suriname,April,2.0,4,2022-04-01,Suriname,America
2022,Swaziland,April,0.0,4,2022-04-01,Eswatini,Africa
2022,Sweden,April,464.0,4,2022-04-01,Sweden,Europe
2022,Switzerland,April,1647.0,4,2022-04-01,Switzerland,Europe
2022,Syrian Arab Republic,April,1.0,4,2022-04-01,Syria,Asia
2022,TIMOR-LESTE,April,0.0,4,2022-04-01,Timor-Leste,Asia
2022,Taiwan,April,16.0,4,2022-04-01,Taiwan,Asia
2022,Tajikistan,April,0.0,4,2022-04-01,Tajikistan,Asia
2022,Tanzania,April,6.0,4,2022-04-01,Tanzania,Africa
2022,Thailand,April,123.0,4,2022-04-01,Thailand,Asia
2022,Togo,April,1.0,4,2022-04-01,Togo,Africa
2022,Tonga,April,0.0,4,2022-04-01,Tonga,Oceania
2022,Trinidad And Tobago,April,3.0,4,2022-04-01,Trinidad and Tobago,America
2022,Tunisia,April,28.0,4,2022-04-01,Tunisia,Africa
2022,Turkey,April,176.0,4,2022-04-01,Türkiye,Asia
2022,Turkmenistan,April,2.0,4,2022-04-01,Turkmenistan,Asia
2022,Uganda,April,6.0,4,2022-04-01,Uganda,Africa
2022,Ukraine,April,158.0,4,2022-04-01,Ukraine,Europe
2022,United Arab Emirates,April,51.0,4,2022-04-01,United Arab Emirates,Asia
2022,United Kingdom,April,11539.0,4,2022-04-01,United Kingdom,Europe
2022,United States,April,1872.0,4,2022-04-01,United States,America
2022,Uruguay,April,10.0,4,2022-04-01,Uruguay,America
2022,Uzbekistan,April,32.0,4,2022-04-01,Uzbekistan,Asia
2022,Vanuatu,April,0.0,4,2022-04-01,Vanuatu,Oceania
2022,Venezuela,April,4.0,4,2022-04-01,Venezuela,America
2022,Vietnam,April,83.0,4,2022-04-01,Vietnam,Asia
2022,Yemen,April,3.0,4,2022-04-01,Yemen,Asia
2022,Zambia,April,0.0,4,2022-04-01,Zambia,Africa
2022,Zimbabwe,April,6.0,4,2022-04-01,Zimbabwe,Africa
2022,Afghanistan,May,1.0,5,2022-05-01,Afghanistan,Asia
2022,Albania,May,7.0,5,2022-05-01,Albania,Europe
2022,Algeria,May,15.0,5,2022-05-01,Algeria,Africa
2022,Andorra,May,2.0,5,2022-05-01,Andorra,Europe
2022,Angola,May,0.0,5,2022-05-01,Angola,Africa
2022,Antarctica,May,0.0,5,2022-05-01,Antarctica,Antarctica
2022,Antigua & Barbuda,May,2.0,5,2022-05-01,Antigua and Barbuda,America
2022,Argentina,May,14.0,5,2022-05-01,Argentina,America
2022,Armenia,May,26.0,5,2022-05-01,Armenia,Asia
2022,Australia,May,1660.0,5,2022-05-01,Australia,Oceania
2022,Austria,May,189.0,5,2022-05-01,Austria,Europe
2022,Azerbaijan,May,21.0,5,2022-05-01,Azerbaijan,Asia
2022,Bahamas,May,0.0,5,2022-05-01,Bahamas,America
2022,Bahrain,May,51.0,5,2022-05-01,Bahrain,Asia
2022,Bangladesh,May,249.0,5,2022-05-01,Bangladesh,Asia
2022,Barbados,May,1.0,5,2022-05-01,Barbados,America
2022,Belarus,May,68.0,5,2022-05-01,Belarus,Europe
2022,Belgium,May,212.0,5,2022-05-01,Belgium,Europe
2022,Belize,May,0.0,5,2022-05-01,Belize,America
2022,Benin,May,0.0,5,2022-05-01,Benin,Africa
2022,Bhutan,May,1.0,5,2022-05-01,Bhutan,Asia
2022,Bolivia,May,2.0,5,2022-05-01,Bolivia,America
2022,Bosnia & Herzegovina,May,5.0,5,2022-05-01,Bosnia and Herzegovina,Europe
2022,Botswana,May,2.0,5,2022-05-01,Botswana,Africa
2022,Brazil,May,42.0,5,2022-05-01,Brazil,America
2022,Brunei Darussalam,May,1.0,5,2022-05-01,Brunei Darussalam,Asia
2022,Bulgaria,May,15.0,5,2022-05-01,Bulgaria,Europe
2022,Burkina Faso,May,0.0,5,2022-05-01,Burkina Faso,Africa
2022,Cambodia,May,6.0,5,2022-05-01,Cambodia,Asia
2022,Cameroon,May,0.0,5,2022-05-01,Cameroon,Africa
2022,Canada,May,2013.0,5,2022-05-01,Canada,America
2022,Cape Verde,May,0.0,5,2022-05-01,Cabo Verde,Africa
2022,Chad,May,1.0,5,2022-05-01,Chad,Africa
2022,Chile,May,16.0,5,2022-05-01,Chile,America
2022,China,May,242.0,5,2022-05-01,China,Asia
2022,Colombia,May,37.0,5,2022-05-01,Colombia,America
2022,Comoros,May,2.0,5,2022-05-01,Comoros,Africa
2022,"Congo, Republic Of.",May,0.0,5,2022-05-01,Congo Republic,Africa
2022,Costa Rica,May,1.0,5,2022-05-01,Costa Rica,America
2022,Cote Divoire,May,0.0,5,2022-05-01,Côte d'Ivoire,Africa
2022,Croatia,May,8.0,5,2022-05-01,Croatia,Europe
2022,Cuba,May,1.0,5,2022-05-01,Cuba,America
2022,Cyprus,May,11.0,5,2022-05-01,Cyprus,Asia
2022,Czech Republic,May,83.0,5,2022-05-01,Czechia,Europe
2022,Denmark,May,295.0,5,2022-05-01,Denmark,Europe
2022,Djibouti,May,3.0,5,2022-05-01,Djibouti,Africa
2022,Dominica,May,0.0,5,2022-05-01,Dominica,America
2022,Dominican Republic,May,0.0,5,2022-05-01,Dominican Republic,America
2022,Ecuador,May,6.0,5,2022-05-01,Ecuador,America
2022,Egypt,May,211.0,5,2022-05-01,Egypt,Africa
2022,El Salvador,May,0.0,5,2022-05-01,El Salvador,America
2022,Equatorial Guinea,May,2.0,5,2022-05-01,Equatorial Guinea,Africa
2022,Eritrea,May,3.0,5,2022-05-01,Eritrea,Africa
2022,Estonia,May,12.0,5,2022-05-01,Estonia,Europe
2022,Ethiopia,May,11.0,5,2022-05-01,Ethiopia,Africa
2022,Fiji,May,1.0,5,2022-05-01,Fiji,Oceania
2022,Finland,May,45.0,5,2022-05-01,Finland,Europe
2022,France,May,1076.0,5,2022-05-01,France,Europe
2022,Gabon,May,0.0,5,2022-05-01,Gabon,Africa
2022,Gambia,May,0.0,5,2022-05-01,Gambia,Africa
2022,Georgia,May,64.0,5,2022-05-01,Georgia,Asia
2022,Germany,May,2208.0,5,2022-05-01,Germany,Europe
2022,Ghana,May,1.0,5,2022-05-01,Ghana,Africa
2022,Greece,May,25.0,5,2022-05-01,Greece,Europe
2022,Grenada,May,0.0,5,2022-05-01,Grenada,America
2022,Guam,May,0.0,5,2022-05-01,Guam,Oceania
2022,Guatemala,May,0.0,5,2022-05-01,Guatemala,America
2022,Guinea-Bissau,May,0.0,5,2022-05-01,Guinea-Bissau,Africa
2022,Guyana,May,0.0,5,2022-05-01,Guyana,America
2022,Haiti,May,0.0,5,2022-05-01,Haiti,America
2022,Honduras,May,0.0,5,2022-05-01,Honduras,America
2022,Hong Kong,May,0.0,5,2022-05-01,Hong Kong,Asia
2022,Hungary,May,33.0,5,2022-05-01,Hungary,Europe
2022,Iceland,May,4.0,5,2022-05-01,Iceland,Europe
2022,India,May,5562.0,5,2022-05-01,India,Asia
2022,Indonesia,May,72.0,5,2022-05-01,Indonesia,Asia
2022,Iran,May,102.0,5,2022-05-01,Iran,Asia
2022,Iraq,May,120.0,5,2022-05-01,Iraq,Asia
2022,Ireland,May,191.0,5,2022-05-01,Ireland,Europe
2022,Israel,May,150.0,5,2022-05-01,Israel,Asia
2022,Italy,May,329.0,5,2022-05-01,Italy,Europe
2022,Jamaica,May,0.0,5,2022-05-01,Jamaica,America
2022,Japan,May,158.0,5,2022-05-01,Japan,Asia
2022,Jordan,May,207.0,5,2022-05-01,Jordan,Asia
2022,Kazakhstan,May,28.0,5,2022-05-01,Kazakhstan,Asia
2022,Kenya,May,12.0,5,2022-05-01,Kenya,Africa
2022,Kosovar,May,0.0,5,2022-05-01,Kosovar,Other
2022,Kuwait,May,118.0,5,2022-05-01,Kuwait,Asia
2022,Kyrgyzstan,May,21.0,5,2022-05-01,Kyrgyzstan,Asia
2022,Lao Peoples,May,0.0,5,2022-05-01,Laos,Asia
2022,Latvia,May,11.0,5,2022-05-01,Latvia,Europe
2022,Lebanon,May,123.0,5,2022-05-01,Lebanon,Asia
2022,Lesotho,May,2.0,5,2022-05-01,Lesotho,Africa
2022,Liberia,May,1.0,5,2022-05-01,Liberia,Africa
2022,Libya,May,0.0,5,2022-05-01,Libya,Africa
2022,Liechtenstein,May,3.0,5,2022-05-01,Liechtenstein,Europe
2022,Lithuania,May,50.0,5,2022-05-01,Lithuania,Europe
2022,Luxembourg,May,6.0,5,2022-05-01,Luxembourg,Europe
2022,Macedonia,May,1.0,5,2022-05-01,North Macedonia,Europe
2022,Madagascar,May,2.0,5,2022-05-01,Madagascar,Africa
2022,Malawi,May,1.0,5,2022-05-01,Malawi,Africa
2022,Malaysia,May,153.0,5,2022-05-01,Malaysia,Asia
2022,Maldives,May,849.0,5,2022-05-01,Maldives,Asia
2022,Mali,May,0.0,5,2022-05-01,Mali,Africa
2022,Malta,May,10.0,5,2022-05-01,Malta,Europe
2022,Marshall Islands,May,0.0,5,2022-05-01,Marshall Islands,Oceania
2022,Mauritania,May,0.0,5,2022-05-01,Mauritania,Africa
2022,Mauritius,May,7.0,5,2022-05-01,Mauritius,Africa
2022,Mexico,May,18.0,5,2022-05-01,Mexico,America
2022,Micronesia,May,0.0,5,2022-05-01,"Micronesia, Fed. Sts.",Oceania
2022,Moldova,May,6.0,5,2022-05-01,Moldova,Europe
2022,Monaco,May,0.0,5,2022-05-01,Monaco,Europe
2022,Mongolia,May,1.0,5,2022-05-01,Mongolia,Asia
2022,Montenegro,May,2.0,5,2022-05-01,Montenegro,Europe
2022,Morocco,May,44.0,5,2022-05-01,Morocco,Africa
2022,Mozambique,May,2.0,5,2022-05-01,Mozambique,Africa
2022,Myanmar,May,16.0,5,2022-05-01,Myanmar,Asia
2022,Namibia,May,3.0,5,2022-05-01,Namibia,Africa
2022,Nepal,May,39.0,5,2022-05-01,Nepal,Asia
2022,Netherlands,May,483.0,5,2022-05-01,Netherlands,Europe
2022,New Zealand,May,181.0,5,2022-05-01,New Zealand,Oceania
2022,Nicaragua,May,0.0,5,2022-05-01,Nicaragua,America
2022,Niger,May,1.0,5,2022-05-01,Niger,Africa
2022,Nigeria,May,0.0,5,2022-05-01,Nigeria,Africa
2022,Norway,May,192.0,5,2022-05-01,Norway,Europe
2022,Oman,May,47.0,5,2022-05-01,Oman,Asia
2022,Pakistan,May,214.0,5,2022-05-01,Pakistan,Asia
2022,Palestinian Territories,May,29.0,5,2022-05-01,Palestine,Asia
2022,Panama,May,1.0,5,2022-05-01,Panama,America
2022,Papua New Guinea,May,0.0,5,2022-05-01,Papua New Guinea,Oceania
2022,Paraguay,May,0.0,5,2022-05-01,Paraguay,America
2022,Peru,May,10.0,5,2022-05-01,Peru,America
2022,Philippines,May,160.0,5,2022-05-01,Philippines,Asia
2022,Poland,May,203.0,5,2022-05-01,Poland,Europe
2022,Portugal,May,64.0,5,2022-05-01,Portugal,Europe
2022,Qatar,May,55.0,5,2022-05-01,Qatar,Asia
2022,Republic Of Zimbabwe,May,1.0,5,2022-05-01,Zimbabwe,Africa
2022,Romania,May,50.0,5,2022-05-01,Romania,Europe
2022,Russian Federation,May,3202.0,5,2022-05-01,Russia,Europe
2022,Rwanda,May,0.0,5,2022-05-01,Rwanda,Africa
2022,Saint Kitts And Nevis,May,6.0,5,2022-05-01,St. Kitts and Nevis,America
2022,Saint Lucia,May,0.0,5,2022-05-01,St. Lucia,America
2022,San Marino,May,0.0,5,2022-05-01,San Marino,Europe
2022,Saudi Arabia,May,365.0,5,2022-05-01,Saudi Arabia,Asia
2022,Senegal,May,1.0,5,2022-05-01,Senegal,Africa
2022,Serbia,May,7.0,5,2022-05-01,Serbia,Europe
2022,Seychelles,May,14.0,5,2022-05-01,Seychelles,Africa
2022,Sierra Leone,May,1.0,5,2022-05-01,Sierra Leone,Africa
2022,Singapore,May,209.0,5,2022-05-01,Singapore,Asia
2022,Slovakia,May,66.0,5,2022-05-01,Slovakia,Europe
2022,Slovenia,May,3.0,5,2022-05-01,Slovenia,Europe
2022,Solomon Islands,May,0.0,5,2022-05-01,Solomon Islands,Oceania
2022,Somalia,May,1.0,5,2022-05-01,Somalia,Africa
2022,South Africa-Zuid Afrika,May,64.0,5,2022-05-01,South Africa,Africa
2022,South Korea,May,63.0,5,2022-05-01,South Korea,Asia
2022,South Sudan,May,0.0,5,2022-05-01,South Sudan,Africa
2022,Spain,May,692.0,5,2022-05-01,Spain,Europe
2022,Sudan,May,63.0,5,2022-05-01,Sudan,Africa
2022,Suriname,May,0.0,5,2022-05-01,Suriname,America
2022,Swaziland,May,0.0,5,2022-05-01,Eswatini,Africa
2022,Sweden,May,104.0,5,2022-05-01,Sweden,Europe
2022,Switzerland,May,570.0,5,2022-05-01,Switzerland,Europe
2022,Syrian Arab Republic,May,0.0,5,2022-05-01,Syria,Asia
2022,TIMOR-LESTE,May,0.0,5,2022-05-01,Timor-Leste,Asia
2022,Taiwan,May,11.0,5,2022-05-01,Taiwan,Asia
2022,Tajikistan,May,2.0,5,2022-05-01,Tajikistan,Asia
2022,Tanzania,May,1.0,5,2022-05-01,Tanzania,Africa
2022,Thailand,May,84.0,5,2022-05-01,Thailand,Asia
2022,Togo,May,1.0,5,2022-05-01,Togo,Africa
2022,Tonga,May,0.0,5,2022-05-01,Tonga,Oceania
2022,Trinidad And Tobago,May,1.0,5,2022-05-01,Trinidad and Tobago,America
2022,Tunisia,May,38.0,5,2022-05-01,Tunisia,Africa
2022,Turkey,May,66.0,5,2022-05-01,Türkiye,Asia
2022,Turkmenistan,May,2.0,5,2022-05-01,Turkmenistan,Asia
2022,Uganda,May,3.0,5,2022-05-01,Uganda,Africa
2022,Ukraine,May,84.0,5,2022-05-01,Ukraine,Europe
2022,United Arab Emirates,May,191.0,5,2022-05-01,United Arab Emirates,Asia
2022,United Kingdom,May,3723.0,5,2022-05-01,United Kingdom,Europe
2022,United States,May,1368.0,5,2022-05-01,United States,America
2022,Uruguay,May,1.0,5,2022-05-01,Uruguay,America
2022,Uzbekistan,May,15.0,5,2022-05-01,Uzbekistan,Asia
2022,Vanuatu,May,0.0,5,2022-05-01,Vanuatu,Oceania
2022,Venezuela,May,1.0,5,2022-05-01,Venezuela,America
2022,Vietnam,May,34.0,5,2022-05-01,Vietnam,Asia
2022,Yemen,May,17.0,5,2022-05-01,Yemen,Asia
2022,Zambia,May,2.0,5,2022-05-01,Zambia,Africa
2022,Zimbabwe,May,13.0,5,2022-05-01,Zimbabwe,Africa
2022,Afghanistan,June,0.0,6,2022-06-01,Afghanistan,Asia
2022,Albania,June,8.0,6,2022-06-01,Albania,Europe
2022,Algeria,June,9.0,6,2022-06-01,Algeria,Africa
2022,Andorra,June,1.0,6,2022-06-01,Andorra,Europe
2022,Angola,June,0.0,6,2022-06-01,Angola,Africa
2022,Antarctica,June,0.0,6,2022-06-01,Antarctica,Antarctica
2022,Antigua & Barbuda,June,1.0,6,2022-06-01,Antigua and Barbuda,America
2022,Argentina,June,7.0,6,2022-06-01,Argentina,America
2022,Armenia,June,14.0,6,2022-06-01,Armenia,Asia
2022,Australia,June,2511.0,6,2022-06-01,Australia,Oceania
2022,Austria,June,109.0,6,2022-06-01,Austria,Europe
2022,Azerbaijan,June,9.0,6,2022-06-01,Azerbaijan,Asia
2022,Bahamas,June,1.0,6,2022-06-01,Bahamas,America
2022,Bahrain,June,42.0,6,2022-06-01,Bahrain,Asia
2022,Bangladesh,June,129.0,6,2022-06-01,Bangladesh,Asia
2022,Barbados,June,0.0,6,2022-06-01,Barbados,America
2022,Belarus,June,34.0,6,2022-06-01,Belarus,Europe
2022,Belgium,June,259.0,6,2022-06-01,Belgium,Europe
2022,Belize,June,0.0,6,2022-06-01,Belize,America
2022,Benin,June,0.0,6,2022-06-01,Benin,Africa
2022,Bhutan,June,3.0,6,2022-06-01,Bhutan,Asia
2022,Bolivia,June,2.0,6,2022-06-01,Bolivia,America
2022,Bosnia & Herzegovina,June,1.0,6,2022-06-01,Bosnia and Herzegovina,Europe
2022,Botswana,June,0.0,6,2022-06-01,Botswana,Africa
2022,Brazil,June,27.0,6,2022-06-01,Brazil,America
2022,Brunei Darussalam,June,0.0,6,2022-06-01,Brunei Darussalam,Asia
2022,Bulgaria,June,13.0,6,2022-06-01,Bulgaria,Europe
2022,Burkina Faso,June,0.0,6,2022-06-01,Burkina Faso,Africa
2022,Cambodia,June,2.0,6,2022-06-01,Cambodia,Asia
2022,Cameroon,June,0.0,6,2022-06-01,Cameroon,Africa
2022,Canada,June,2308.0,6,2022-06-01,Canada,America
2022,Cape Verde,June,0.0,6,2022-06-01,Cabo Verde,Africa
2022,Chad,June,0.0,6,2022-06-01,Chad,Africa
2022,Chile,June,5.0,6,2022-06-01,Chile,America
2022,China,June,231.0,6,2022-06-01,China,Asia
2022,Colombia,June,12.0,6,2022-06-01,Colombia,America
2022,Comoros,June,2.0,6,2022-06-01,Comoros,Africa
2022,"Congo, Republic Of.",June,0.0,6,2022-06-01,Congo Republic,Africa
2022,Costa Rica,June,1.0,6,2022-06-01,Costa Rica,America
2022,Cote Divoire,June,0.0,6,2022-06-01,Côte d'Ivoire,Africa
2022,Croatia,June,8.0,6,2022-06-01,Croatia,Europe
2022,Cuba,June,1.0,6,2022-06-01,Cuba,America
2022,Cyprus,June,17.0,6,2022-06-01,Cyprus,Asia
2022,Czech Republic,June,151.0,6,2022-06-01,Czechia,Europe
2022,Denmark,June,275.0,6,2022-06-01,Denmark,Europe
2022,Djibouti,June,0.0,6,2022-06-01,Djibouti,Africa
2022,Dominica,June,0.0,6,2022-06-01,Dominica,America
2022,Dominican Republic,June,0.0,6,2022-06-01,Dominican Republic,America
2022,Ecuador,June,12.0,6,2022-06-01,Ecuador,America
2022,Egypt,June,84.0,6,2022-06-01,Egypt,Africa
2022,El Salvador,June,3.0,6,2022-06-01,El Salvador,America
2022,Equatorial Guinea,June,1.0,6,2022-06-01,Equatorial Guinea,Africa
2022,Eritrea,June,0.0,6,2022-06-01,Eritrea,Africa
2022,Estonia,June,5.0,6,2022-06-01,Estonia,Europe
2022,Ethiopia,June,6.0,6,2022-06-01,Ethiopia,Africa
2022,Fiji,June,1.0,6,2022-06-01,Fiji,Oceania
2022,Finland,June,95.0,6,2022-06-01,Finland,Europe
2022,France,June,1717.0,6,2022-06-01,France,Europe
2022,Gabon,June,0.0,6,2022-06-01,Gabon,Africa
2022,Gambia,June,0.0,6,2022-06-01,Gambia,Africa
2022,Georgia,June,61.0,6,2022-06-01,Georgia,Asia
2022,Germany,June,2466.0,6,2022-06-01,Germany,Europe
2022,Ghana,June,1.0,6,2022-06-01,Ghana,Africa
2022,Greece,June,16.0,6,2022-06-01,Greece,Europe
2022,Grenada,June,3.0,6,2022-06-01,Grenada,America
2022,Guam,June,0.0,6,2022-06-01,Guam,Oceania
2022,Guatemala,June,0.0,6,2022-06-01,Guatemala,America
2022,Guinea-Bissau,June,0.0,6,2022-06-01,Guinea-Bissau,Africa
2022,Guyana,June,0.0,6,2022-06-01,Guyana,America
2022,Haiti,June,0.0,6,2022-06-01,Haiti,America
2022,Honduras,June,0.0,6,2022-06-01,Honduras,America
2022,Hong Kong,June,0.0,6,2022-06-01,Hong Kong,Asia
2022,Hungary,June,47.0,6,2022-06-01,Hungary,Europe
2022,Iceland,June,23.0,6,2022-06-01,Iceland,Europe
2022,India,June,6810.0,6,2022-06-01,India,Asia
2022,Indonesia,June,45.0,6,2022-06-01,Indonesia,Asia
2022,Iran,June,79.0,6,2022-06-01,Iran,Asia
2022,Iraq,June,40.0,6,2022-06-01,Iraq,Asia
2022,Ireland,June,137.0,6,2022-06-01,Ireland,Europe
2022,Israel,June,212.0,6,2022-06-01,Israel,Asia
2022,Italy,June,506.0,6,2022-06-01,Italy,Europe
2022,Jamaica,June,1.0,6,2022-06-01,Jamaica,America
2022,Japan,June,148.0,6,2022-06-01,Japan,Asia
2022,Jordan,June,79.0,6,2022-06-01,Jordan,Asia
2022,Kazakhstan,June,22.0,6,2022-06-01,Kazakhstan,Asia
2022,Kenya,June,12.0,6,2022-06-01,Kenya,Africa
2022,Kosovar,June,1.0,6,2022-06-01,Kosovar,Other
2022,Kuwait,June,45.0,6,2022-06-01,Kuwait,Asia
2022,Kyrgyzstan,June,0.0,6,2022-06-01,Kyrgyzstan,Asia
2022,Lao Peoples,June,1.0,6,2022-06-01,Laos,Asia
2022,Latvia,June,12.0,6,2022-06-01,Latvia,Europe
2022,Lebanon,June,71.0,6,2022-06-01,Lebanon,Asia
2022,Lesotho,June,1.0,6,2022-06-01,Lesotho,Africa
2022,Liberia,June,0.0,6,2022-06-01,Liberia,Africa
2022,Libya,June,0.0,6,2022-06-01,Libya,Africa
2022,Liechtenstein,June,0.0,6,2022-06-01,Liechtenstein,Europe
2022,Lithuania,June,32.0,6,2022-06-01,Lithuania,Europe
2022,Luxembourg,June,5.0,6,2022-06-01,Luxembourg,Europe
2022,Macedonia,June,0.0,6,2022-06-01,North Macedonia,Europe
2022,Madagascar,June,9.0,6,2022-06-01,Madagascar,Africa
2022,Malawi,June,5.0,6,2022-06-01,Malawi,Africa
2022,Malaysia,June,161.0,6,2022-06-01,Malaysia,Asia
2022,Maldives,June,1130.0,6,2022-06-01,Maldives,Asia
2022,Mali,June,0.0,6,2022-06-01,Mali,Africa
2022,Malta,June,20.0,6,2022-06-01,Malta,Europe
2022,Marshall Islands,June,0.0,6,2022-06-01,Marshall Islands,Oceania
2022,Mauritania,June,0.0,6,2022-06-01,Mauritania,Africa
2022,Mauritius,June,2.0,6,2022-06-01,Mauritius,Africa
2022,Mexico,June,12.0,6,2022-06-01,Mexico,America
2022,Micronesia,June,0.0,6,2022-06-01,"Micronesia, Fed. Sts.",Oceania
2022,Moldova,June,2.0,6,2022-06-01,Moldova,Europe
2022,Monaco,June,0.0,6,2022-06-01,Monaco,Europe
2022,Mongolia,June,1.0,6,2022-06-01,Mongolia,Asia
2022,Montenegro,June,1.0,6,2022-06-01,Montenegro,Europe
2022,Morocco,June,20.0,6,2022-06-01,Morocco,Africa
2022,Mozambique,June,1.0,6,2022-06-01,Mozambique,Africa
2022,Myanmar,June,11.0,6,2022-06-01,Myanmar,Asia
2022,Namibia,June,0.0,6,2022-06-01,Namibia,Africa
2022,Nepal,June,30.0,6,2022-06-01,Nepal,Asia
2022,Netherlands,June,423.0,6,2022-06-01,Netherlands,Europe
2022,New Zealand,June,153.0,6,2022-06-01,New Zealand,Oceania
2022,Nicaragua,June,1.0,6,2022-06-01,Nicaragua,America
2022,Niger,June,0.0,6,2022-06-01,Niger,Africa
2022,Nigeria,June,0.0,6,2022-06-01,Nigeria,Africa
2022,Norway,June,1021.0,6,2022-06-01,Norway,Europe
2022,Oman,June,35.0,6,2022-06-01,Oman,Asia
2022,Pakistan,June,279.0,6,2022-06-01,Pakistan,Asia
2022,Palestinian Territories,June,21.0,6,2022-06-01,Palestine,Asia
2022,Panama,June,2.0,6,2022-06-01,Panama,America
2022,Papua New Guinea,June,1.0,6,2022-06-01,Papua New Guinea,Oceania
2022,Paraguay,June,0.0,6,2022-06-01,Paraguay,America
2022,Peru,June,1.0,6,2022-06-01,Peru,America
2022,Philippines,June,97.0,6,2022-06-01,Philippines,Asia
2022,Poland,June,320.0,6,2022-06-01,Poland,Europe
2022,Portugal,June,128.0,6,2022-06-01,Portugal,Europe
2022,Qatar,June,9.0,6,2022-06-01,Qatar,Asia
2022,Republic Of Zimbabwe,June,0.0,6,2022-06-01,Zimbabwe,Africa
2022,Romania,June,46.0,6,2022-06-01,Romania,Europe
2022,Russian Federation,June,1610.0,6,2022-06-01,Russia,Europe
2022,Rwanda,June,0.0,6,2022-06-01,Rwanda,Africa
2022,Saint Kitts And Nevis,June,2.0,6,2022-06-01,St. Kitts and Nevis,America
2022,Saint Lucia,June,0.0,6,2022-06-01,St. Lucia,America
2022,San Marino,June,0.0,6,2022-06-01,San Marino,Europe
2022,Saudi Arabia,June,281.0,6,2022-06-01,Saudi Arabia,Asia
2022,Senegal,June,3.0,6,2022-06-01,Senegal,Africa
2022,Serbia,June,6.0,6,2022-06-01,Serbia,Europe
2022,Seychelles,June,9.0,6,2022-06-01,Seychelles,Africa
2022,Sierra Leone,June,0.0,6,2022-06-01,Sierra Leone,Africa
2022,Singapore,June,222.0,6,2022-06-01,Singapore,Asia
2022,Slovakia,June,47.0,6,2022-06-01,Slovakia,Europe
2022,Slovenia,June,24.0,6,2022-06-01,Slovenia,Europe
2022,Solomon Islands,June,0.0,6,2022-06-01,Solomon Islands,Oceania
2022,Somalia,June,0.0,6,2022-06-01,Somalia,Africa
2022,South Africa-Zuid Afrika,June,76.0,6,2022-06-01,South Africa,Africa
2022,South Korea,June,102.0,6,2022-06-01,South Korea,Asia
2022,South Sudan,June,0.0,6,2022-06-01,South Sudan,Africa
2022,Spain,June,1027.0,6,2022-06-01,Spain,Europe
2022,Sudan,June,21.0,6,2022-06-01,Sudan,Africa
2022,Suriname,June,0.0,6,2022-06-01,Suriname,America
2022,Swaziland,June,0.0,6,2022-06-01,Eswatini,Africa
2022,Sweden,June,304.0,6,2022-06-01,Sweden,Europe
2022,Switzerland,June,665.0,6,2022-06-01,Switzerland,Europe
2022,Syrian Arab Republic,June,1.0,6,2022-06-01,Syria,Asia
2022,TIMOR-LESTE,June,0.0,6,2022-06-01,Timor-Leste,Asia
2022,Taiwan,June,50.0,6,2022-06-01,Taiwan,Asia
2022,Tajikistan,June,7.0,6,2022-06-01,Tajikistan,Asia
2022,Tanzania,June,3.0,6,2022-06-01,Tanzania,Africa
2022,Thailand,June,131.0,6,2022-06-01,Thailand,Asia
2022,Togo,June,0.0,6,2022-06-01,Togo,Africa
2022,Tonga,June,0.0,6,2022-06-01,Tonga,Oceania
2022,Trinidad And Tobago,June,0.0,6,2022-06-01,Trinidad and Tobago,America
2022,Tunisia,June,19.0,6,2022-06-01,Tunisia,Africa
2022,Turkey,June,57.0,6,2022-06-01,Türkiye,Asia
2022,Turkmenistan,June,0.0,6,2022-06-01,Turkmenistan,Asia
2022,Uganda,June,9.0,6,2022-06-01,Uganda,Africa
2022,Ukraine,June,77.0,6,2022-06-01,Ukraine,Europe
2022,United Arab Emirates,June,69.0,6,2022-06-01,United Arab Emirates,Asia
2022,United Kingdom,June,3368.0,6,2022-06-01,United Kingdom,Europe
2022,United States,June,1647.0,6,2022-06-01,United States,America
2022,Uruguay,June,1.0,6,2022-06-01,Uruguay,America
2022,Uzbekistan,June,21.0,6,2022-06-01,Uzbekistan,Asia
2022,Vanuatu,June,1.0,6,2022-06-01,Vanuatu,Oceania
2022,Venezuela,June,1.0,6,2022-06-01,Venezuela,America
2022,Vietnam,June,43.0,6,2022-06-01,Vietnam,Asia
2022,Yemen,June,13.0,6,2022-06-01,Yemen,Asia
2022,Zambia,June,1.0,6,2022-06-01,Zambia,Africa
2022,Zimbabwe,June,3.0,6,2022-06-01,Zimbabwe,Africa
2022,Afghanistan,July,2.0,7,2022-07-01,Afghanistan,Asia
2022,Albania,July,4.0,7,2022-07-01,Albania,Europe
2022,Algeria,July,10.0,7,2022-07-01,Algeria,Africa
2022,Andorra,July,2.0,7,2022-07-01,Andorra,Europe
2022,Angola,July,1.0,7,2022-07-01,Angola,Africa
2022,Antarctica,July,0.0,7,2022-07-01,Antarctica,Antarctica
2022,Antigua & Barbuda,July,1.0,7,2022-07-01,Antigua and Barbuda,America
2022,Argentina,July,8.0,7,2022-07-01,Argentina,America
2022,Armenia,July,25.0,7,2022-07-01,Armenia,Asia
2022,Australia,July,1974.0,7,2022-07-01,Australia,Oceania
2022,Austria,July,299.0,7,2022-07-01,Austria,Europe
2022,Azerbaijan,July,11.0,7,2022-07-01,Azerbaijan,Asia
2022,Bahamas,July,0.0,7,2022-07-01,Bahamas,America
2022,Bahrain,July,36.0,7,2022-07-01,Bahrain,Asia
2022,Bangladesh,July,176.0,7,2022-07-01,Bangladesh,Asia
2022,Barbados,July,0.0,7,2022-07-01,Barbados,America
2022,Belarus,July,35.0,7,2022-07-01,Belarus,Europe
2022,Belgium,July,1115.0,7,2022-07-01,Belgium,Europe
2022,Belize,July,0.0,7,2022-07-01,Belize,America
2022,Benin,July,0.0,7,2022-07-01,Benin,Africa
2022,Bhutan,July,3.0,7,2022-07-01,Bhutan,Asia
2022,Bolivia,July,0.0,7,2022-07-01,Bolivia,America
2022,Bosnia & Herzegovina,July,0.0,7,2022-07-01,Bosnia and Herzegovina,Europe
2022,Botswana,July,3.0,7,2022-07-01,Botswana,Africa
2022,Brazil,July,34.0,7,2022-07-01,Brazil,America
2022,Brunei Darussalam,July,0.0,7,2022-07-01,Brunei Darussalam,Asia
2022,Bulgaria,July,13.0,7,2022-07-01,Bulgaria,Europe
2022,Burkina Faso,July,0.0,7,2022-07-01,Burkina Faso,Africa
2022,Cambodia,July,14.0,7,2022-07-01,Cambodia,Asia
2022,Cameroon,July,0.0,7,2022-07-01,Cameroon,Africa
2022,Canada,July,3458.0,7,2022-07-01,Canada,America
2022,Cape Verde,July,0.0,7,2022-07-01,Cabo Verde,Africa
2022,Chad,July,0.0,7,2022-07-01,Chad,Africa
2022,Chile,July,7.0,7,2022-07-01,Chile,America
2022,China,July,266.0,7,2022-07-01,China,Asia
2022,Colombia,July,8.0,7,2022-07-01,Colombia,America
2022,Comoros,July,0.0,7,2022-07-01,Comoros,Africa
2022,"Congo, Republic Of.",July,2.0,7,2022-07-01,Congo Republic,Africa
2022,Costa Rica,July,0.0,7,2022-07-01,Costa Rica,America
2022,Cote Divoire,July,1.0,7,2022-07-01,Côte d'Ivoire,Africa
2022,Croatia,July,13.0,7,2022-07-01,Croatia,Europe
2022,Cuba,July,2.0,7,2022-07-01,Cuba,America
2022,Cyprus,July,19.0,7,2022-07-01,Cyprus,Asia
2022,Czech Republic,July,217.0,7,2022-07-01,Czechia,Europe
2022,Denmark,July,457.0,7,2022-07-01,Denmark,Europe
2022,Djibouti,July,0.0,7,2022-07-01,Djibouti,Africa
2022,Dominica,July,2.0,7,2022-07-01,Dominica,America
2022,Dominican Republic,July,0.0,7,2022-07-01,Dominican Republic,America
2022,Ecuador,July,1.0,7,2022-07-01,Ecuador,America
2022,Egypt,July,136.0,7,2022-07-01,Egypt,Africa
2022,El Salvador,July,1.0,7,2022-07-01,El Salvador,America
2022,Equatorial Guinea,July,0.0,7,2022-07-01,Equatorial Guinea,Africa
2022,Eritrea,July,0.0,7,2022-07-01,Eritrea,Africa
2022,Estonia,July,8.0,7,2022-07-01,Estonia,Europe
2022,Ethiopia,July,3.0,7,2022-07-01,Ethiopia,Africa
2022,Fiji,July,3.0,7,2022-07-01,Fiji,Oceania
2022,Finland,July,59.0,7,2022-07-01,Finland,Europe
2022,France,July,3567.0,7,2022-07-01,France,Europe
2022,Gabon,July,0.0,7,2022-07-01,Gabon,Africa
2022,Gambia,July,0.0,7,2022-07-01,Gambia,Africa
2022,Georgia,July,24.0,7,2022-07-01,Georgia,Asia
2022,Germany,July,3666.0,7,2022-07-01,Germany,Europe
2022,Ghana,July,3.0,7,2022-07-01,Ghana,Africa
2022,Greece,July,40.0,7,2022-07-01,Greece,Europe
2022,Grenada,July,2.0,7,2022-07-01,Grenada,America
2022,Guam,July,0.0,7,2022-07-01,Guam,Oceania
2022,Guatemala,July,0.0,7,2022-07-01,Guatemala,America
2022,Guinea-Bissau,July,0.0,7,2022-07-01,Guinea-Bissau,Africa
2022,Guyana,July,0.0,7,2022-07-01,Guyana,America
2022,Haiti,July,0.0,7,2022-07-01,Haiti,America
2022,Honduras,July,1.0,7,2022-07-01,Honduras,America
2022,Hong Kong,July,0.0,7,2022-07-01,Hong Kong,Asia
2022,Hungary,July,42.0,7,2022-07-01,Hungary,Europe
2022,Iceland,July,11.0,7,2022-07-01,Iceland,Europe
2022,India,July,6031.0,7,2022-07-01,India,Asia
2022,Indonesia,July,30.0,7,2022-07-01,Indonesia,Asia
2022,Iran,July,35.0,7,2022-07-01,Iran,Asia
2022,Iraq,July,98.0,7,2022-07-01,Iraq,Asia
2022,Ireland,July,172.0,7,2022-07-01,Ireland,Europe
2022,Israel,July,404.0,7,2022-07-01,Israel,Asia
2022,Italy,July,650.0,7,2022-07-01,Italy,Europe
2022,Jamaica,July,0.0,7,2022-07-01,Jamaica,America
2022,Japan,July,169.0,7,2022-07-01,Japan,Asia
2022,Jordan,July,242.0,7,2022-07-01,Jordan,Asia
2022,Kazakhstan,July,12.0,7,2022-07-01,Kazakhstan,Asia
2022,Kenya,July,5.0,7,2022-07-01,Kenya,Africa
2022,Kosovar,July,1.0,7,2022-07-01,Kosovar,Other
2022,Kuwait,July,78.0,7,2022-07-01,Kuwait,Asia
2022,Kyrgyzstan,July,1.0,7,2022-07-01,Kyrgyzstan,Asia
2022,Lao Peoples,July,0.0,7,2022-07-01,Laos,Asia
2022,Latvia,July,12.0,7,2022-07-01,Latvia,Europe
2022,Lebanon,July,108.0,7,2022-07-01,Lebanon,Asia
2022,Lesotho,July,0.0,7,2022-07-01,Lesotho,Africa
2022,Liberia,July,1.0,7,2022-07-01,Liberia,Africa
2022,Libya,July,2.0,7,2022-07-01,Libya,Africa
2022,Liechtenstein,July,1.0,7,2022-07-01,Liechtenstein,Europe
2022,Lithuania,July,52.0,7,2022-07-01,Lithuania,Europe
2022,Luxembourg,July,16.0,7,2022-07-01,Luxembourg,Europe
2022,Macedonia,July,0.0,7,2022-07-01,North Macedonia,Europe
2022,Madagascar,July,4.0,7,2022-07-01,Madagascar,Africa
2022,Malawi,July,0.0,7,2022-07-01,Malawi,Africa
2022,Malaysia,July,123.0,7,2022-07-01,Malaysia,Asia
2022,Maldives,July,1207.0,7,2022-07-01,Maldives,Asia
2022,Mali,July,0.0,7,2022-07-01,Mali,Africa
2022,Malta,July,5.0,7,2022-07-01,Malta,Europe
2022,Marshall Islands,July,0.0,7,2022-07-01,Marshall Islands,Oceania
2022,Mauritania,July,1.0,7,2022-07-01,Mauritania,Africa
2022,Mauritius,July,7.0,7,2022-07-01,Mauritius,Africa
2022,Mexico,July,18.0,7,2022-07-01,Mexico,America
2022,Micronesia,July,0.0,7,2022-07-01,"Micronesia, Fed. Sts.",Oceania
2022,Moldova,July,1.0,7,2022-07-01,Moldova,Europe
2022,Monaco,July,0.0,7,2022-07-01,Monaco,Europe
2022,Mongolia,July,4.0,7,2022-07-01,Mongolia,Asia
2022,Montenegro,July,3.0,7,2022-07-01,Montenegro,Europe
2022,Morocco,July,19.0,7,2022-07-01,Morocco,Africa
2022,Mozambique,July,0.0,7,2022-07-01,Mozambique,Africa
2022,Myanmar,July,16.0,7,2022-07-01,Myanmar,Asia
2022,Namibia,July,2.0,7,2022-07-01,Namibia,Africa
2022,Nepal,July,25.0,7,2022-07-01,Nepal,Asia
2022,Netherlands,July,2053.0,7,2022-07-01,Netherlands,Europe
2022,New Zealand,July,239.0,7,2022-07-01,New Zealand,Oceania
2022,Nicaragua,July,1.0,7,2022-07-01,Nicaragua,America
2022,Niger,July,1.0,7,2022-07-01,Niger,Africa
2022,Nigeria,July,1.0,7,2022-07-01,Nigeria,Africa
2022,Norway,July,757.0,7,2022-07-01,Norway,Europe
2022,Oman,July,75.0,7,2022-07-01,Oman,Asia
2022,Pakistan,July,241.0,7,2022-07-01,Pakistan,Asia
2022,Palestinian Territories,July,28.0,7,2022-07-01,Palestine,Asia
2022,Panama,July,4.0,7,2022-07-01,Panama,America
2022,Papua New Guinea,July,2.0,7,2022-07-01,Papua New Guinea,Oceania
2022,Paraguay,July,0.0,7,2022-07-01,Paraguay,America
2022,Peru,July,3.0,7,2022-07-01,Peru,America
2022,Philippines,July,149.0,7,2022-07-01,Philippines,Asia
2022,Poland,July,344.0,7,2022-07-01,Poland,Europe
2022,Portugal,July,86.0,7,2022-07-01,Portugal,Europe
2022,Qatar,July,38.0,7,2022-07-01,Qatar,Asia
2022,Republic Of Zimbabwe,July,0.0,7,2022-07-01,Zimbabwe,Africa
2022,Romania,July,64.0,7,2022-07-01,Romania,Europe
2022,Russian Federation,July,1918.0,7,2022-07-01,Russia,Europe
2022,Rwanda,July,0.0,7,2022-07-01,Rwanda,Africa
2022,Saint Kitts And Nevis,July,3.0,7,2022-07-01,St. Kitts and Nevis,America
2022,Saint Lucia,July,3.0,7,2022-07-01,St. Lucia,America
2022,San Marino,July,0.0,7,2022-07-01,San Marino,Europe
2022,Saudi Arabia,July,311.0,7,2022-07-01,Saudi Arabia,Asia
2022,Senegal,July,0.0,7,2022-07-01,Senegal,Africa
2022,Serbia,July,9.0,7,2022-07-01,Serbia,Europe
2022,Seychelles,July,20.0,7,2022-07-01,Seychelles,Africa
2022,Sierra Leone,July,1.0,7,2022-07-01,Sierra Leone,Africa
2022,Singapore,July,156.0,7,2022-07-01,Singapore,Asia
2022,Slovakia,July,112.0,7,2022-07-01,Slovakia,Europe
2022,Slovenia,July,80.0,7,2022-07-01,Slovenia,Europe
2022,Solomon Islands,July,1.0,7,2022-07-01,Solomon Islands,Oceania
2022,Somalia,July,0.0,7,2022-07-01,Somalia,Africa
2022,South Africa-Zuid Afrika,July,55.0,7,2022-07-01,South Africa,Africa
2022,South Korea,July,87.0,7,2022-07-01,South Korea,Asia
2022,South Sudan,July,1.0,7,2022-07-01,South Sudan,Africa
2022,Spain,July,1499.0,7,2022-07-01,Spain,Europe
2022,Sudan,July,65.0,7,2022-07-01,Sudan,Africa
2022,Suriname,July,0.0,7,2022-07-01,Suriname,America
2022,Swaziland,July,0.0,7,2022-07-01,Eswatini,Africa
2022,Sweden,July,209.0,7,2022-07-01,Sweden,Europe
2022,Switzerland,July,2207.0,7,2022-07-01,Switzerland,Europe
2022,Syrian Arab Republic,July,0.0,7,2022-07-01,Syria,Asia
2022,TIMOR-LESTE,July,0.0,7,2022-07-01,Timor-Leste,Asia
2022,Taiwan,July,16.0,7,2022-07-01,Taiwan,Asia
2022,Tajikistan,July,1.0,7,2022-07-01,Tajikistan,Asia
2022,Tanzania,July,3.0,7,2022-07-01,Tanzania,Africa
2022,Thailand,July,84.0,7,2022-07-01,Thailand,Asia
2022,Togo,July,0.0,7,2022-07-01,Togo,Africa
2022,Tonga,July,0.0,7,2022-07-01,Tonga,Oceania
2022,Trinidad And Tobago,July,0.0,7,2022-07-01,Trinidad and Tobago,America
2022,Tunisia,July,11.0,7,2022-07-01,Tunisia,Africa
2022,Turkey,July,57.0,7,2022-07-01,Türkiye,Asia
2022,Turkmenistan,July,3.0,7,2022-07-01,Turkmenistan,Asia
2022,Uganda,July,3.0,7,2022-07-01,Uganda,Africa
2022,Ukraine,July,58.0,7,2022-07-01,Ukraine,Europe
2022,United Arab Emirates,July,112.0,7,2022-07-01,United Arab Emirates,Asia
2022,United Kingdom,July,9257.0,7,2022-07-01,United Kingdom,Europe
2022,United States,July,1469.0,7,2022-07-01,United States,America
2022,Uruguay,July,1.0,7,2022-07-01,Uruguay,America
2022,Uzbekistan,July,13.0,7,2022-07-01,Uzbekistan,Asia
2022,Vanuatu,July,0.0,7,2022-07-01,Vanuatu,Oceania
2022,Venezuela,July,2.0,7,2022-07-01,Venezuela,America
2022,Vietnam,July,22.0,7,2022-07-01,Vietnam,Asia
2022,Yemen,July,13.0,7,2022-07-01,Yemen,Asia
2022,Zambia,July,0.0,7,2022-07-01,Zambia,Africa
2022,Zimbabwe,July,5.0,7,2022-07-01,Zimbabwe,Africa
2022,Afghanistan,August,0.0,8,2022-08-01,Afghanistan,Asia
2022,Albania,August,2.0,8,2022-08-01,Albania,Europe
2022,Algeria,August,9.0,8,2022-08-01,Algeria,Africa
2022,Andorra,August,13.0,8,2022-08-01,Andorra,Europe
2022,Angola,August,0.0,8,2022-08-01,Angola,Africa
2022,Antarctica,August,0.0,8,2022-08-01,Antarctica,Antarctica
2022,Antigua & Barbuda,August,2.0,8,2022-08-01,Antigua and Barbuda,America
2022,Argentina,August,4.0,8,2022-08-01,Argentina,America
2022,Armenia,August,15.0,8,2022-08-01,Armenia,Asia
2022,Australia,August,1898.0,8,2022-08-01,Australia,Oceania
2022,Austria,August,206.0,8,2022-08-01,Austria,Europe
2022,Azerbaijan,August,37.0,8,2022-08-01,Azerbaijan,Asia
2022,Bahamas,August,0.0,8,2022-08-01,Bahamas,America
2022,Bahrain,August,22.0,8,2022-08-01,Bahrain,Asia
2022,Bangladesh,August,168.0,8,2022-08-01,Bangladesh,Asia
2022,Barbados,August,0.0,8,2022-08-01,Barbados,America
2022,Belarus,August,46.0,8,2022-08-01,Belarus,Europe
2022,Belgium,August,475.0,8,2022-08-01,Belgium,Europe
2022,Belize,August,0.0,8,2022-08-01,Belize,America
2022,Benin,August,0.0,8,2022-08-01,Benin,Africa
2022,Bhutan,August,30.0,8,2022-08-01,Bhutan,Asia
2022,Bolivia,August,2.0,8,2022-08-01,Bolivia,America
2022,Bosnia & Herzegovina,August,4.0,8,2022-08-01,Bosnia and Herzegovina,Europe
2022,Botswana,August,0.0,8,2022-08-01,Botswana,Africa
2022,Brazil,August,32.0,8,2022-08-01,Brazil,America
2022,Brunei Darussalam,August,6.0,8,2022-08-01,Brunei Darussalam,Asia
2022,Bulgaria,August,25.0,8,2022-08-01,Bulgaria,Europe
2022,Burkina Faso,August,0.0,8,2022-08-01,Burkina Faso,Africa
2022,Cambodia,August,3.0,8,2022-08-01,Cambodia,Asia
2022,Cameroon,August,2.0,8,2022-08-01,Cameroon,Africa
2022,Canada,August,2581.0,8,2022-08-01,Canada,America
2022,Cape Verde,August,0.0,8,2022-08-01,Cabo Verde,Africa
2022,Chad,August,1.0,8,2022-08-01,Chad,Africa
2022,Chile,August,4.0,8,2022-08-01,Chile,America
2022,China,August,534.0,8,2022-08-01,China,Asia
2022,Colombia,August,20.0,8,2022-08-01,Colombia,America
2022,Comoros,August,0.0,8,2022-08-01,Comoros,Africa
2022,"Congo, Republic Of.",August,0.0,8,2022-08-01,Congo Republic,Africa
2022,Costa Rica,August,2.0,8,2022-08-01,Costa Rica,America
2022,Cote Divoire,August,0.0,8,2022-08-01,Côte d'Ivoire,Africa
2022,Croatia,August,8.0,8,2022-08-01,Croatia,Europe
2022,Cuba,August,0.0,8,2022-08-01,Cuba,America
2022,Cyprus,August,73.0,8,2022-08-01,Cyprus,Asia
2022,Czech Republic,August,95.0,8,2022-08-01,Czechia,Europe
2022,Denmark,August,235.0,8,2022-08-01,Denmark,Europe
2022,Djibouti,August,0.0,8,2022-08-01,Djibouti,Africa
2022,Dominica,August,3.0,8,2022-08-01,Dominica,America
2022,Dominican Republic,August,0.0,8,2022-08-01,Dominican Republic,America
2022,Ecuador,August,3.0,8,2022-08-01,Ecuador,America
2022,Egypt,August,41.0,8,2022-08-01,Egypt,Africa
2022,El Salvador,August,3.0,8,2022-08-01,El Salvador,America
2022,Equatorial Guinea,August,0.0,8,2022-08-01,Equatorial Guinea,Africa
2022,Eritrea,August,1.0,8,2022-08-01,Eritrea,Africa
2022,Estonia,August,2.0,8,2022-08-01,Estonia,Europe
2022,Ethiopia,August,0.0,8,2022-08-01,Ethiopia,Africa
2022,Fiji,August,3.0,8,2022-08-01,Fiji,Oceania
2022,Finland,August,40.0,8,2022-08-01,Finland,Europe
2022,France,August,2784.0,8,2022-08-01,France,Europe
2022,Gabon,August,0.0,8,2022-08-01,Gabon,Africa
2022,Gambia,August,0.0,8,2022-08-01,Gambia,Africa
2022,Georgia,August,70.0,8,2022-08-01,Georgia,Asia
2022,Germany,August,3251.0,8,2022-08-01,Germany,Europe
2022,Ghana,August,2.0,8,2022-08-01,Ghana,Africa
2022,Greece,August,49.0,8,2022-08-01,Greece,Europe
2022,Grenada,August,1.0,8,2022-08-01,Grenada,America
2022,Guam,August,0.0,8,2022-08-01,Guam,Oceania
2022,Guatemala,August,0.0,8,2022-08-01,Guatemala,America
2022,Guinea-Bissau,August,0.0,8,2022-08-01,Guinea-Bissau,Africa
2022,Guyana,August,1.0,8,2022-08-01,Guyana,America
2022,Haiti,August,0.0,8,2022-08-01,Haiti,America
2022,Honduras,August,0.0,8,2022-08-01,Honduras,America
2022,Hong Kong,August,0.0,8,2022-08-01,Hong Kong,Asia
2022,Hungary,August,17.0,8,2022-08-01,Hungary,Europe
2022,Iceland,August,1.0,8,2022-08-01,Iceland,Europe
2022,India,August,5340.0,8,2022-08-01,India,Asia
2022,Indonesia,August,36.0,8,2022-08-01,Indonesia,Asia
2022,Iran,August,88.0,8,2022-08-01,Iran,Asia
2022,Iraq,August,59.0,8,2022-08-01,Iraq,Asia
2022,Ireland,August,80.0,8,2022-08-01,Ireland,Europe
2022,Israel,August,643.0,8,2022-08-01,Israel,Asia
2022,Italy,August,937.0,8,2022-08-01,Italy,Europe
2022,Jamaica,August,1.0,8,2022-08-01,Jamaica,America
2022,Japan,August,294.0,8,2022-08-01,Japan,Asia
2022,Jordan,August,154.0,8,2022-08-01,Jordan,Asia
2022,Kazakhstan,August,13.0,8,2022-08-01,Kazakhstan,Asia
2022,Kenya,August,9.0,8,2022-08-01,Kenya,Africa
2022,Kosovar,August,0.0,8,2022-08-01,Kosovar,Other
2022,Kuwait,August,53.0,8,2022-08-01,Kuwait,Asia
2022,Kyrgyzstan,August,9.0,8,2022-08-01,Kyrgyzstan,Asia
2022,Lao Peoples,August,3.0,8,2022-08-01,Laos,Asia
2022,Latvia,August,6.0,8,2022-08-01,Latvia,Europe
2022,Lebanon,August,58.0,8,2022-08-01,Lebanon,Asia
2022,Lesotho,August,0.0,8,2022-08-01,Lesotho,Africa
2022,Liberia,August,0.0,8,2022-08-01,Liberia,Africa
2022,Libya,August,0.0,8,2022-08-01,Libya,Africa
2022,Liechtenstein,August,0.0,8,2022-08-01,Liechtenstein,Europe
2022,Lithuania,August,29.0,8,2022-08-01,Lithuania,Europe
2022,Luxembourg,August,18.0,8,2022-08-01,Luxembourg,Europe
2022,Macedonia,August,0.0,8,2022-08-01,North Macedonia,Europe
2022,Madagascar,August,8.0,8,2022-08-01,Madagascar,Africa
2022,Malawi,August,0.0,8,2022-08-01,Malawi,Africa
2022,Malaysia,August,135.0,8,2022-08-01,Malaysia,Asia
2022,Maldives,August,957.0,8,2022-08-01,Maldives,Asia
2022,Mali,August,0.0,8,2022-08-01,Mali,Africa
2022,Malta,August,15.0,8,2022-08-01,Malta,Europe
2022,Marshall Islands,August,0.0,8,2022-08-01,Marshall Islands,Oceania
2022,Mauritania,August,0.0,8,2022-08-01,Mauritania,Africa
2022,Mauritius,August,3.0,8,2022-08-01,Mauritius,Africa
2022,Mexico,August,15.0,8,2022-08-01,Mexico,America
2022,Micronesia,August,0.0,8,2022-08-01,"Micronesia, Fed. Sts.",Oceania
2022,Moldova,August,1.0,8,2022-08-01,Moldova,Europe
2022,Monaco,August,0.0,8,2022-08-01,Monaco,Europe
2022,Mongolia,August,1.0,8,2022-08-01,Mongolia,Asia
2022,Montenegro,August,1.0,8,2022-08-01,Montenegro,Europe
2022,Morocco,August,28.0,8,2022-08-01,Morocco,Africa
2022,Mozambique,August,0.0,8,2022-08-01,Mozambique,Africa
2022,Myanmar,August,10.0,8,2022-08-01,Myanmar,Asia
2022,Namibia,August,0.0,8,2022-08-01,Namibia,Africa
2022,Nepal,August,50.0,8,2022-08-01,Nepal,Asia
2022,Netherlands,August,1021.0,8,2022-08-01,Netherlands,Europe
2022,New Zealand,August,166.0,8,2022-08-01,New Zealand,Oceania
2022,Nicaragua,August,0.0,8,2022-08-01,Nicaragua,America
2022,Niger,August,0.0,8,2022-08-01,Niger,Africa
2022,Nigeria,August,1.0,8,2022-08-01,Nigeria,Africa
2022,Norway,August,295.0,8,2022-08-01,Norway,Europe
2022,Oman,August,55.0,8,2022-08-01,Oman,Asia
2022,Pakistan,August,286.0,8,2022-08-01,Pakistan,Asia
2022,Palestinian Territories,August,20.0,8,2022-08-01,Palestine,Asia
2022,Panama,August,1.0,8,2022-08-01,Panama,America
2022,Papua New Guinea,August,1.0,8,2022-08-01,Papua New Guinea,Oceania
2022,Paraguay,August,1.0,8,2022-08-01,Paraguay,America
2022,Peru,August,5.0,8,2022-08-01,Peru,America
2022,Philippines,August,125.0,8,2022-08-01,Philippines,Asia
2022,Poland,August,261.0,8,2022-08-01,Poland,Europe
2022,Portugal,August,113.0,8,2022-08-01,Portugal,Europe
2022,Qatar,August,9.0,8,2022-08-01,Qatar,Asia
2022,Republic Of Zimbabwe,August,1.0,8,2022-08-01,Zimbabwe,Africa
2022,Romania,August,117.0,8,2022-08-01,Romania,Europe
2022,Russian Federation,August,1426.0,8,2022-08-01,Russia,Europe
2022,Rwanda,August,0.0,8,2022-08-01,Rwanda,Africa
2022,Saint Kitts And Nevis,August,1.0,8,2022-08-01,St. Kitts and Nevis,America
2022,Saint Lucia,August,2.0,8,2022-08-01,St. Lucia,America
2022,San Marino,August,0.0,8,2022-08-01,San Marino,Europe
2022,Saudi Arabia,August,220.0,8,2022-08-01,Saudi Arabia,Asia
2022,Senegal,August,1.0,8,2022-08-01,Senegal,Africa
2022,Serbia,August,13.0,8,2022-08-01,Serbia,Europe
2022,Seychelles,August,29.0,8,2022-08-01,Seychelles,Africa
2022,Sierra Leone,August,1.0,8,2022-08-01,Sierra Leone,Africa
2022,Singapore,August,182.0,8,2022-08-01,Singapore,Asia
2022,Slovakia,August,50.0,8,2022-08-01,Slovakia,Europe
2022,Slovenia,August,9.0,8,2022-08-01,Slovenia,Europe
2022,Solomon Islands,August,0.0,8,2022-08-01,Solomon Islands,Oceania
2022,Somalia,August,0.0,8,2022-08-01,Somalia,Africa
2022,South Africa-Zuid Afrika,August,51.0,8,2022-08-01,South Africa,Africa
2022,South Korea,August,111.0,8,2022-08-01,South Korea,Asia
2022,South Sudan,August,0.0,8,2022-08-01,South Sudan,Africa
2022,Spain,August,2148.0,8,2022-08-01,Spain,Europe
2022,Sudan,August,21.0,8,2022-08-01,Sudan,Africa
2022,Suriname,August,1.0,8,2022-08-01,Suriname,America
2022,Swaziland,August,0.0,8,2022-08-01,Eswatini,Africa
2022,Sweden,August,124.0,8,2022-08-01,Sweden,Europe
2022,Switzerland,August,695.0,8,2022-08-01,Switzerland,Europe
2022,Syrian Arab Republic,August,1.0,8,2022-08-01,Syria,Asia
2022,TIMOR-LESTE,August,0.0,8,2022-08-01,Timor-Leste,Asia
2022,Taiwan,August,17.0,8,2022-08-01,Taiwan,Asia
2022,Tajikistan,August,3.0,8,2022-08-01,Tajikistan,Asia
2022,Tanzania,August,2.0,8,2022-08-01,Tanzania,Africa
2022,Thailand,August,97.0,8,2022-08-01,Thailand,Asia
2022,Togo,August,0.0,8,2022-08-01,Togo,Africa
2022,Tonga,August,0.0,8,2022-08-01,Tonga,Oceania
2022,Trinidad And Tobago,August,1.0,8,2022-08-01,Trinidad and Tobago,America
2022,Tunisia,August,11.0,8,2022-08-01,Tunisia,Africa
2022,Turkey,August,42.0,8,2022-08-01,Türkiye,Asia
2022,Turkmenistan,August,0.0,8,2022-08-01,Turkmenistan,Asia
2022,Uganda,August,2.0,8,2022-08-01,Uganda,Africa
2022,Ukraine,August,68.0,8,2022-08-01,Ukraine,Europe
2022,United Arab Emirates,August,110.0,8,2022-08-01,United Arab Emirates,Asia
2022,United Kingdom,August,6776.0,8,2022-08-01,United Kingdom,Europe
2022,United States,August,1105.0,8,2022-08-01,United States,America
2022,Uruguay,August,2.0,8,2022-08-01,Uruguay,America
2022,Uzbekistan,August,12.0,8,2022-08-01,Uzbekistan,Asia
2022,Vanuatu,August,1.0,8,2022-08-01,Vanuatu,Oceania
2022,Venezuela,August,0.0,8,2022-08-01,Venezuela,America
2022,Vietnam,August,46.0,8,2022-08-01,Vietnam,Asia
2022,Yemen,August,21.0,8,2022-08-01,Yemen,Asia
2022,Zambia,August,0.0,8,2022-08-01,Zambia,Africa
2022,Zimbabwe,August,0.0,8,2022-08-01,Zimbabwe,Africa
2022,Afghanistan,September,0.0,9,2022-09-01,Afghanistan,Asia
2022,Albania,September,2.0,9,2022-09-01,Albania,Europe
2022,Algeria,September,10.0,9,2022-09-01,Algeria,Africa
2022,Andorra,September,0.0,9,2022-09-01,Andorra,Europe
2022,Angola,September,3.0,9,2022-09-01,Angola,Africa
2022,Antarctica,September,0.0,9,2022-09-01,Antarctica,Antarctica
2022,Antigua & Barbuda,September,0.0,9,2022-09-01,Antigua and Barbuda,America
2022,Argentina,September,4.0,9,2022-09-01,Argentina,America
2022,Armenia,September,37.0,9,2022-09-01,Armenia,Asia
2022,Australia,September,2309.0,9,2022-09-01,Australia,Oceania
2022,Austria,September,152.0,9,2022-09-01,Austria,Europe
2022,Azerbaijan,September,9.0,9,2022-09-01,Azerbaijan,Asia
2022,Bahamas,September,0.0,9,2022-09-01,Bahamas,America
2022,Bahrain,September,14.0,9,2022-09-01,Bahrain,Asia
2022,Bangladesh,September,338.0,9,2022-09-01,Bangladesh,Asia
2022,Barbados,September,1.0,9,2022-09-01,Barbados,America
2022,Belarus,September,54.0,9,2022-09-01,Belarus,Europe
2022,Belgium,September,316.0,9,2022-09-01,Belgium,Europe
2022,Belize,September,0.0,9,2022-09-01,Belize,America
2022,Benin,September,0.0,9,2022-09-01,Benin,Africa
2022,Bhutan,September,8.0,9,2022-09-01,Bhutan,Asia
2022,Bolivia,September,3.0,9,2022-09-01,Bolivia,America
2022,Bosnia & Herzegovina,September,0.0,9,2022-09-01,Bosnia and Herzegovina,Europe
2022,Botswana,September,0.0,9,2022-09-01,Botswana,Africa
2022,Brazil,September,40.0,9,2022-09-01,Brazil,America
2022,Brunei Darussalam,September,2.0,9,2022-09-01,Brunei Darussalam,Asia
2022,Bulgaria,September,22.0,9,2022-09-01,Bulgaria,Europe
2022,Burkina Faso,September,0.0,9,2022-09-01,Burkina Faso,Africa
2022,Cambodia,September,8.0,9,2022-09-01,Cambodia,Asia
2022,Cameroon,September,0.0,9,2022-09-01,Cameroon,Africa
2022,Canada,September,1552.0,9,2022-09-01,Canada,America
2022,Cape Verde,September,0.0,9,2022-09-01,Cabo Verde,Africa
2022,Chad,September,0.0,9,2022-09-01,Chad,Africa
2022,Chile,September,7.0,9,2022-09-01,Chile,America
2022,China,September,637.0,9,2022-09-01,China,Asia
2022,Colombia,September,11.0,9,2022-09-01,Colombia,America
2022,Comoros,September,1.0,9,2022-09-01,Comoros,Africa
2022,"Congo, Republic Of.",September,1.0,9,2022-09-01,Congo Republic,Africa
2022,Costa Rica,September,0.0,9,2022-09-01,Costa Rica,America
2022,Cote Divoire,September,0.0,9,2022-09-01,Côte d'Ivoire,Africa
2022,Croatia,September,8.0,9,2022-09-01,Croatia,Europe
2022,Cuba,September,0.0,9,2022-09-01,Cuba,America
2022,Cyprus,September,19.0,9,2022-09-01,Cyprus,Asia
2022,Czech Republic,September,53.0,9,2022-09-01,Czechia,Europe
2022,Denmark,September,164.0,9,2022-09-01,Denmark,Europe
2022,Djibouti,September,0.0,9,2022-09-01,Djibouti,Africa
2022,Dominica,September,0.0,9,2022-09-01,Dominica,America
2022,Dominican Republic,September,0.0,9,2022-09-01,Dominican Republic,America
2022,Ecuador,September,5.0,9,2022-09-01,Ecuador,America
2022,Egypt,September,53.0,9,2022-09-01,Egypt,Africa
2022,El Salvador,September,1.0,9,2022-09-01,El Salvador,America
2022,Equatorial Guinea,September,0.0,9,2022-09-01,Equatorial Guinea,Africa
2022,Eritrea,September,0.0,9,2022-09-01,Eritrea,Africa
2022,Estonia,September,10.0,9,2022-09-01,Estonia,Europe
2022,Ethiopia,September,2.0,9,2022-09-01,Ethiopia,Africa
2022,Fiji,September,8.0,9,2022-09-01,Fiji,Oceania
2022,Finland,September,28.0,9,2022-09-01,Finland,Europe
2022,France,September,1201.0,9,2022-09-01,France,Europe
2022,Gabon,September,0.0,9,2022-09-01,Gabon,Africa
2022,Gambia,September,0.0,9,2022-09-01,Gambia,Africa
2022,Georgia,September,28.0,9,2022-09-01,Georgia,Asia
2022,Germany,September,2149.0,9,2022-09-01,Germany,Europe
2022,Ghana,September,0.0,9,2022-09-01,Ghana,Africa
2022,Greece,September,27.0,9,2022-09-01,Greece,Europe
2022,Grenada,September,3.0,9,2022-09-01,Grenada,America
2022,Guam,September,0.0,9,2022-09-01,Guam,Oceania
2022,Guatemala,September,0.0,9,2022-09-01,Guatemala,America
2022,Guinea-Bissau,September,0.0,9,2022-09-01,Guinea-Bissau,Africa
2022,Guyana,September,0.0,9,2022-09-01,Guyana,America
2022,Haiti,September,0.0,9,2022-09-01,Haiti,America
2022,Honduras,September,2.0,9,2022-09-01,Honduras,America
2022,Hong Kong,September,0.0,9,2022-09-01,Hong Kong,Asia
2022,Hungary,September,31.0,9,2022-09-01,Hungary,Europe
2022,Iceland,September,2.0,9,2022-09-01,Iceland,Europe
2022,India,September,6493.0,9,2022-09-01,India,Asia
2022,Indonesia,September,71.0,9,2022-09-01,Indonesia,Asia
2022,Iran,September,214.0,9,2022-09-01,Iran,Asia
2022,Iraq,September,18.0,9,2022-09-01,Iraq,Asia
2022,Ireland,September,52.0,9,2022-09-01,Ireland,Europe
2022,Israel,September,826.0,9,2022-09-01,Israel,Asia
2022,Italy,September,352.0,9,2022-09-01,Italy,Europe
2022,Jamaica,September,1.0,9,2022-09-01,Jamaica,America
2022,Japan,September,226.0,9,2022-09-01,Japan,Asia
2022,Jordan,September,145.0,9,2022-09-01,Jordan,Asia
2022,Kazakhstan,September,27.0,9,2022-09-01,Kazakhstan,Asia
2022,Kenya,September,6.0,9,2022-09-01,Kenya,Africa
2022,Kosovar,September,0.0,9,2022-09-01,Kosovar,Other
2022,Kuwait,September,43.0,9,2022-09-01,Kuwait,Asia
2022,Kyrgyzstan,September,9.0,9,2022-09-01,Kyrgyzstan,Asia
2022,Lao Peoples,September,3.0,9,2022-09-01,Laos,Asia
2022,Latvia,September,10.0,9,2022-09-01,Latvia,Europe
2022,Lebanon,September,58.0,9,2022-09-01,Lebanon,Asia
2022,Lesotho,September,0.0,9,2022-09-01,Lesotho,Africa
2022,Liberia,September,0.0,9,2022-09-01,Liberia,Africa
2022,Libya,September,3.0,9,2022-09-01,Libya,Africa
2022,Liechtenstein,September,0.0,9,2022-09-01,Liechtenstein,Europe
2022,Lithuania,September,21.0,9,2022-09-01,Lithuania,Europe
2022,Luxembourg,September,8.0,9,2022-09-01,Luxembourg,Europe
2022,Macedonia,September,2.0,9,2022-09-01,North Macedonia,Europe
2022,Madagascar,September,3.0,9,2022-09-01,Madagascar,Africa
2022,Malawi,September,1.0,9,2022-09-01,Malawi,Africa
2022,Malaysia,September,207.0,9,2022-09-01,Malaysia,Asia
2022,Maldives,September,1314.0,9,2022-09-01,Maldives,Asia
2022,Mali,September,0.0,9,2022-09-01,Mali,Africa
2022,Malta,September,41.0,9,2022-09-01,Malta,Europe
2022,Marshall Islands,September,0.0,9,2022-09-01,Marshall Islands,Oceania
2022,Mauritania,September,0.0,9,2022-09-01,Mauritania,Africa
2022,Mauritius,September,7.0,9,2022-09-01,Mauritius,Africa
2022,Mexico,September,13.0,9,2022-09-01,Mexico,America
2022,Micronesia,September,0.0,9,2022-09-01,"Micronesia, Fed. Sts.",Oceania
2022,Moldova,September,6.0,9,2022-09-01,Moldova,Europe
2022,Monaco,September,0.0,9,2022-09-01,Monaco,Europe
2022,Mongolia,September,4.0,9,2022-09-01,Mongolia,Asia
2022,Montenegro,September,0.0,9,2022-09-01,Montenegro,Europe
2022,Morocco,September,10.0,9,2022-09-01,Morocco,Africa
2022,Mozambique,September,3.0,9,2022-09-01,Mozambique,Africa
2022,Myanmar,September,33.0,9,2022-09-01,Myanmar,Asia
2022,Namibia,September,2.0,9,2022-09-01,Namibia,Africa
2022,Nepal,September,47.0,9,2022-09-01,Nepal,Asia
2022,Netherlands,September,473.0,9,2022-09-01,Netherlands,Europe
2022,New Zealand,September,186.0,9,2022-09-01,New Zealand,Oceania
2022,Nicaragua,September,0.0,9,2022-09-01,Nicaragua,America
2022,Niger,September,0.0,9,2022-09-01,Niger,Africa
2022,Nigeria,September,1.0,9,2022-09-01,Nigeria,Africa
2022,Norway,September,250.0,9,2022-09-01,Norway,Europe
2022,Oman,September,26.0,9,2022-09-01,Oman,Asia
2022,Pakistan,September,421.0,9,2022-09-01,Pakistan,Asia
2022,Palestinian Territories,September,15.0,9,2022-09-01,Palestine,Asia
2022,Panama,September,1.0,9,2022-09-01,Panama,America
2022,Papua New Guinea,September,3.0,9,2022-09-01,Papua New Guinea,Oceania
2022,Paraguay,September,0.0,9,2022-09-01,Paraguay,America
2022,Peru,September,3.0,9,2022-09-01,Peru,America
2022,Philippines,September,115.0,9,2022-09-01,Philippines,Asia
2022,Poland,September,228.0,9,2022-09-01,Poland,Europe
2022,Portugal,September,95.0,9,2022-09-01,Portugal,Europe
2022,Qatar,September,21.0,9,2022-09-01,Qatar,Asia
2022,Republic Of Zimbabwe,September,0.0,9,2022-09-01,Zimbabwe,Africa
2022,Romania,September,77.0,9,2022-09-01,Romania,Europe
2022,Russian Federation,September,1553.0,9,2022-09-01,Russia,Europe
2022,Rwanda,September,0.0,9,2022-09-01,Rwanda,Africa
2022,Saint Kitts And Nevis,September,1.0,9,2022-09-01,St. Kitts and Nevis,America
2022,Saint Lucia,September,0.0,9,2022-09-01,St. Lucia,America
2022,San Marino,September,0.0,9,2022-09-01,San Marino,Europe
2022,Saudi Arabia,September,118.0,9,2022-09-01,Saudi Arabia,Asia
2022,Senegal,September,1.0,9,2022-09-01,Senegal,Africa
2022,Serbia,September,7.0,9,2022-09-01,Serbia,Europe
2022,Seychelles,September,27.0,9,2022-09-01,Seychelles,Africa
2022,Sierra Leone,September,0.0,9,2022-09-01,Sierra Leone,Africa
2022,Singapore,September,262.0,9,2022-09-01,Singapore,Asia
2022,Slovakia,September,38.0,9,2022-09-01,Slovakia,Europe
2022,Slovenia,September,6.0,9,2022-09-01,Slovenia,Europe
2022,Solomon Islands,September,0.0,9,2022-09-01,Solomon Islands,Oceania
2022,Somalia,September,1.0,9,2022-09-01,Somalia,Africa
2022,South Africa-Zuid Afrika,September,34.0,9,2022-09-01,South Africa,Africa
2022,South Korea,September,138.0,9,2022-09-01,South Korea,Asia
2022,South Sudan,September,0.0,9,2022-09-01,South Sudan,Africa
2022,Spain,September,1091.0,9,2022-09-01,Spain,Europe
2022,Sudan,September,36.0,9,2022-09-01,Sudan,Africa
2022,Suriname,September,0.0,9,2022-09-01,Suriname,America
2022,Swaziland,September,0.0,9,2022-09-01,Eswatini,Africa
2022,Sweden,September,145.0,9,2022-09-01,Sweden,Europe
2022,Switzerland,September,583.0,9,2022-09-01,Switzerland,Europe
2022,Syrian Arab Republic,September,0.0,9,2022-09-01,Syria,Asia
2022,TIMOR-LESTE,September,0.0,9,2022-09-01,Timor-Leste,Asia
2022,Taiwan,September,22.0,9,2022-09-01,Taiwan,Asia
2022,Tajikistan,September,5.0,9,2022-09-01,Tajikistan,Asia
2022,Tanzania,September,2.0,9,2022-09-01,Tanzania,Africa
2022,Thailand,September,89.0,9,2022-09-01,Thailand,Asia
2022,Togo,September,0.0,9,2022-09-01,Togo,Africa
2022,Tonga,September,0.0,9,2022-09-01,Tonga,Oceania
2022,Trinidad And Tobago,September,1.0,9,2022-09-01,Trinidad and Tobago,America
2022,Tunisia,September,9.0,9,2022-09-01,Tunisia,Africa
2022,Turkey,September,47.0,9,2022-09-01,Türkiye,Asia
2022,Turkmenistan,September,0.0,9,2022-09-01,Turkmenistan,Asia
2022,Uganda,September,9.0,9,2022-09-01,Uganda,Africa
2022,Ukraine,September,69.0,9,2022-09-01,Ukraine,Europe
2022,United Arab Emirates,September,53.0,9,2022-09-01,United Arab Emirates,Asia
2022,United Kingdom,September,2872.0,9,2022-09-01,United Kingdom,Europe
2022,United States,September,991.0,9,2022-09-01,United States,America
2022,Uruguay,September,1.0,9,2022-09-01,Uruguay,America
2022,Uzbekistan,September,13.0,9,2022-09-01,Uzbekistan,Asia
2022,Vanuatu,September,0.0,9,2022-09-01,Vanuatu,Oceania
2022,Venezuela,September,1.0,9,2022-09-01,Venezuela,America
2022,Vietnam,September,41.0,9,2022-09-01,Vietnam,Asia
2022,Yemen,September,6.0,9,2022-09-01,Yemen,Asia
2022,Zambia,September,1.0,9,2022-09-01,Zambia,Africa
2022,Zimbabwe,September,0.0,9,2022-09-01,Zimbabwe,Africa
2022,Afghanistan,October,0.0,10,2022-10-01,Afghanistan,Asia
2022,Albania,October,3.0,10,2022-10-01,Albania,Europe
2022,Algeria,October,12.0,10,2022-10-01,Algeria,Africa
2022,Andorra,October,0.0,10,2022-10-01,Andorra,Europe
2022,Angola,October,0.0,10,2022-10-01,Angola,Africa
2022,Antarctica,October,0.0,10,2022-10-01,Antarctica,Antarctica
2022,Antigua & Barbuda,October,1.0,10,2022-10-01,Antigua and Barbuda,America
2022,Argentina,October,17.0,10,2022-10-01,Argentina,America
2022,Armenia,October,57.0,10,2022-10-01,Armenia,Asia
2022,Australia,October,2106.0,10,2022-10-01,Australia,Oceania
2022,Austria,October,239.0,10,2022-10-01,Austria,Europe
2022,Azerbaijan,October,15.0,10,2022-10-01,Azerbaijan,Asia
2022,Bahamas,October,0.0,10,2022-10-01,Bahamas,America
2022,Bahrain,October,28.0,10,2022-10-01,Bahrain,Asia
2022,Bangladesh,October,417.0,10,2022-10-01,Bangladesh,Asia
2022,Barbados,October,0.0,10,2022-10-01,Barbados,America
2022,Belarus,October,143.0,10,2022-10-01,Belarus,Europe
2022,Belgium,October,274.0,10,2022-10-01,Belgium,Europe
2022,Belize,October,0.0,10,2022-10-01,Belize,America
2022,Benin,October,0.0,10,2022-10-01,Benin,Africa
2022,Bhutan,October,5.0,10,2022-10-01,Bhutan,Asia
2022,Bolivia,October,5.0,10,2022-10-01,Bolivia,America
2022,Bosnia & Herzegovina,October,2.0,10,2022-10-01,Bosnia and Herzegovina,Europe
2022,Botswana,October,0.0,10,2022-10-01,Botswana,Africa
2022,Brazil,October,27.0,10,2022-10-01,Brazil,America
2022,Brunei Darussalam,October,1.0,10,2022-10-01,Brunei Darussalam,Asia
2022,Bulgaria,October,18.0,10,2022-10-01,Bulgaria,Europe
2022,Burkina Faso,October,0.0,10,2022-10-01,Burkina Faso,Africa
2022,Cambodia,October,12.0,10,2022-10-01,Cambodia,Asia
2022,Cameroon,October,1.0,10,2022-10-01,Cameroon,Africa
2022,Canada,October,1625.0,10,2022-10-01,Canada,America
2022,Cape Verde,October,0.0,10,2022-10-01,Cabo Verde,Africa
2022,Chad,October,0.0,10,2022-10-01,Chad,Africa
2022,Chile,October,12.0,10,2022-10-01,Chile,America
2022,China,October,468.0,10,2022-10-01,China,Asia
2022,Colombia,October,23.0,10,2022-10-01,Colombia,America
2022,Comoros,October,1.0,10,2022-10-01,Comoros,Africa
2022,"Congo, Republic Of.",October,1.0,10,2022-10-01,Congo Republic,Africa
2022,Costa Rica,October,0.0,10,2022-10-01,Costa Rica,America
2022,Cote Divoire,October,0.0,10,2022-10-01,Côte d'Ivoire,Africa
2022,Croatia,October,8.0,10,2022-10-01,Croatia,Europe
2022,Cuba,October,0.0,10,2022-10-01,Cuba,America
2022,Cyprus,October,19.0,10,2022-10-01,Cyprus,Asia
2022,Czech Republic,October,150.0,10,2022-10-01,Czechia,Europe
2022,Denmark,October,265.0,10,2022-10-01,Denmark,Europe
2022,Djibouti,October,0.0,10,2022-10-01,Djibouti,Africa
2022,Dominica,October,2.0,10,2022-10-01,Dominica,America
2022,Dominican Republic,October,1.0,10,2022-10-01,Dominican Republic,America
2022,Ecuador,October,2.0,10,2022-10-01,Ecuador,America
2022,Egypt,October,173.0,10,2022-10-01,Egypt,Africa
2022,El Salvador,October,2.0,10,2022-10-01,El Salvador,America
2022,Equatorial Guinea,October,0.0,10,2022-10-01,Equatorial Guinea,Africa
2022,Eritrea,October,0.0,10,2022-10-01,Eritrea,Africa
2022,Estonia,October,58.0,10,2022-10-01,Estonia,Europe
2022,Ethiopia,October,3.0,10,2022-10-01,Ethiopia,Africa
2022,Fiji,October,4.0,10,2022-10-01,Fiji,Oceania
2022,Finland,October,78.0,10,2022-10-01,Finland,Europe
2022,France,October,1540.0,10,2022-10-01,France,Europe
2022,Gabon,October,0.0,10,2022-10-01,Gabon,Africa
2022,Gambia,October,0.0,10,2022-10-01,Gambia,Africa
2022,Georgia,October,40.0,10,2022-10-01,Georgia,Asia
2022,Germany,October,2881.0,10,2022-10-01,Germany,Europe
2022,Ghana,October,0.0,10,2022-10-01,Ghana,Africa
2022,Greece,October,52.0,10,2022-10-01,Greece,Europe
2022,Grenada,October,1.0,10,2022-10-01,Grenada,America
2022,Guam,October,0.0,10,2022-10-01,Guam,Oceania
2022,Guatemala,October,0.0,10,2022-10-01,Guatemala,America
2022,Guinea-Bissau,October,0.0,10,2022-10-01,Guinea-Bissau,Africa
2022,Guyana,October,0.0,10,2022-10-01,Guyana,America
2022,Haiti,October,0.0,10,2022-10-01,Haiti,America
2022,Honduras,October,0.0,10,2022-10-01,Honduras,America
2022,Hong Kong,October,0.0,10,2022-10-01,Hong Kong,Asia
2022,Hungary,October,66.0,10,2022-10-01,Hungary,Europe
2022,Iceland,October,5.0,10,2022-10-01,Iceland,Europe
2022,India,October,8862.0,10,2022-10-01,India,Asia
2022,Indonesia,October,70.0,10,2022-10-01,Indonesia,Asia
2022,Iran,October,190.0,10,2022-10-01,Iran,Asia
2022,Iraq,October,44.0,10,2022-10-01,Iraq,Asia
2022,Ireland,October,101.0,10,2022-10-01,Ireland,Europe
2022,Israel,October,557.0,10,2022-10-01,Israel,Asia
2022,Italy,October,480.0,10,2022-10-01,Italy,Europe
2022,Jamaica,October,0.0,10,2022-10-01,Jamaica,America
2022,Japan,October,318.0,10,2022-10-01,Japan,Asia
2022,Jordan,October,181.0,10,2022-10-01,Jordan,Asia
2022,Kazakhstan,October,27.0,10,2022-10-01,Kazakhstan,Asia
2022,Kenya,October,15.0,10,2022-10-01,Kenya,Africa
2022,Kosovar,October,1.0,10,2022-10-01,Kosovar,Other
2022,Kuwait,October,58.0,10,2022-10-01,Kuwait,Asia
2022,Kyrgyzstan,October,30.0,10,2022-10-01,Kyrgyzstan,Asia
2022,Lao Peoples,October,4.0,10,2022-10-01,Laos,Asia
2022,Latvia,October,39.0,10,2022-10-01,Latvia,Europe
2022,Lebanon,October,88.0,10,2022-10-01,Lebanon,Asia
2022,Lesotho,October,0.0,10,2022-10-01,Lesotho,Africa
2022,Liberia,October,1.0,10,2022-10-01,Liberia,Africa
2022,Libya,October,5.0,10,2022-10-01,Libya,Africa
2022,Liechtenstein,October,2.0,10,2022-10-01,Liechtenstein,Europe
2022,Lithuania,October,59.0,10,2022-10-01,Lithuania,Europe
2022,Luxembourg,October,9.0,10,2022-10-01,Luxembourg,Europe
2022,Macedonia,October,4.0,10,2022-10-01,North Macedonia,Europe
2022,Madagascar,October,5.0,10,2022-10-01,Madagascar,Africa
2022,Malawi,October,0.0,10,2022-10-01,Malawi,Africa
2022,Malaysia,October,264.0,10,2022-10-01,Malaysia,Asia
2022,Maldives,October,1943.0,10,2022-10-01,Maldives,Asia
2022,Mali,October,1.0,10,2022-10-01,Mali,Africa
2022,Malta,October,10.0,10,2022-10-01,Malta,Europe
2022,Marshall Islands,October,0.0,10,2022-10-01,Marshall Islands,Oceania
2022,Mauritania,October,0.0,10,2022-10-01,Mauritania,Africa
2022,Mauritius,October,4.0,10,2022-10-01,Mauritius,Africa
2022,Mexico,October,29.0,10,2022-10-01,Mexico,America
2022,Micronesia,October,0.0,10,2022-10-01,"Micronesia, Fed. Sts.",Oceania
2022,Moldova,October,12.0,10,2022-10-01,Moldova,Europe
2022,Monaco,October,3.0,10,2022-10-01,Monaco,Europe
2022,Mongolia,October,3.0,10,2022-10-01,Mongolia,Asia
2022,Montenegro,October,0.0,10,2022-10-01,Montenegro,Europe
2022,Morocco,October,24.0,10,2022-10-01,Morocco,Africa
2022,Mozambique,October,1.0,10,2022-10-01,Mozambique,Africa
2022,Myanmar,October,25.0,10,2022-10-01,Myanmar,Asia
2022,Namibia,October,0.0,10,2022-10-01,Namibia,Africa
2022,Nepal,October,90.0,10,2022-10-01,Nepal,Asia
2022,Netherlands,October,559.0,10,2022-10-01,Netherlands,Europe
2022,New Zealand,October,244.0,10,2022-10-01,New Zealand,Oceania
2022,Nicaragua,October,0.0,10,2022-10-01,Nicaragua,America
2022,Niger,October,0.0,10,2022-10-01,Niger,Africa
2022,Nigeria,October,1.0,10,2022-10-01,Nigeria,Africa
2022,Norway,October,257.0,10,2022-10-01,Norway,Europe
2022,Oman,October,58.0,10,2022-10-01,Oman,Asia
2022,Pakistan,October,443.0,10,2022-10-01,Pakistan,Asia
2022,Palestinian Territories,October,23.0,10,2022-10-01,Palestine,Asia
2022,Panama,October,0.0,10,2022-10-01,Panama,America
2022,Papua New Guinea,October,1.0,10,2022-10-01,Papua New Guinea,Oceania
2022,Paraguay,October,0.0,10,2022-10-01,Paraguay,America
2022,Peru,October,4.0,10,2022-10-01,Peru,America
2022,Philippines,October,162.0,10,2022-10-01,Philippines,Asia
2022,Poland,October,307.0,10,2022-10-01,Poland,Europe
2022,Portugal,October,120.0,10,2022-10-01,Portugal,Europe
2022,Qatar,October,15.0,10,2022-10-01,Qatar,Asia
2022,Republic Of Zimbabwe,October,0.0,10,2022-10-01,Zimbabwe,Africa
2022,Romania,October,110.0,10,2022-10-01,Romania,Europe
2022,Russian Federation,October,6189.0,10,2022-10-01,Russia,Europe
2022,Rwanda,October,0.0,10,2022-10-01,Rwanda,Africa
2022,Saint Kitts And Nevis,October,4.0,10,2022-10-01,St. Kitts and Nevis,America
2022,Saint Lucia,October,0.0,10,2022-10-01,St. Lucia,America
2022,San Marino,October,0.0,10,2022-10-01,San Marino,Europe
2022,Saudi Arabia,October,212.0,10,2022-10-01,Saudi Arabia,Asia
2022,Senegal,October,1.0,10,2022-10-01,Senegal,Africa
2022,Serbia,October,12.0,10,2022-10-01,Serbia,Europe
2022,Seychelles,October,36.0,10,2022-10-01,Seychelles,Africa
2022,Sierra Leone,October,3.0,10,2022-10-01,Sierra Leone,Africa
2022,Singapore,October,297.0,10,2022-10-01,Singapore,Asia
2022,Slovakia,October,87.0,10,2022-10-01,Slovakia,Europe
2022,Slovenia,October,33.0,10,2022-10-01,Slovenia,Europe
2022,Solomon Islands,October,0.0,10,2022-10-01,Solomon Islands,Oceania
2022,Somalia,October,5.0,10,2022-10-01,Somalia,Africa
2022,South Africa-Zuid Afrika,October,58.0,10,2022-10-01,South Africa,Africa
2022,South Korea,October,211.0,10,2022-10-01,South Korea,Asia
2022,South Sudan,October,0.0,10,2022-10-01,South Sudan,Africa
2022,Spain,October,799.0,10,2022-10-01,Spain,Europe
2022,Sudan,October,66.0,10,2022-10-01,Sudan,Africa
2022,Suriname,October,1.0,10,2022-10-01,Suriname,America
2022,Swaziland,October,0.0,10,2022-10-01,Eswatini,Africa
2022,Sweden,October,220.0,10,2022-10-01,Sweden,Europe
2022,Switzerland,October,889.0,10,2022-10-01,Switzerland,Europe
2022,Syrian Arab Republic,October,0.0,10,2022-10-01,Syria,Asia
2022,TIMOR-LESTE,October,0.0,10,2022-10-01,Timor-Leste,Asia
2022,Taiwan,October,24.0,10,2022-10-01,Taiwan,Asia
2022,Tajikistan,October,6.0,10,2022-10-01,Tajikistan,Asia
2022,Tanzania,October,1.0,10,2022-10-01,Tanzania,Africa
2022,Thailand,October,210.0,10,2022-10-01,Thailand,Asia
2022,Togo,October,0.0,10,2022-10-01,Togo,Africa
2022,Tonga,October,0.0,10,2022-10-01,Tonga,Oceania
2022,Trinidad And Tobago,October,1.0,10,2022-10-01,Trinidad and Tobago,America
2022,Tunisia,October,23.0,10,2022-10-01,Tunisia,Africa
2022,Turkey,October,61.0,10,2022-10-01,Türkiye,Asia
2022,Turkmenistan,October,4.0,10,2022-10-01,Turkmenistan,Asia
2022,Uganda,October,2.0,10,2022-10-01,Uganda,Africa
2022,Ukraine,October,136.0,10,2022-10-01,Ukraine,Europe
2022,United Arab Emirates,October,74.0,10,2022-10-01,United Arab Emirates,Asia
2022,United Kingdom,October,4275.0,10,2022-10-01,United Kingdom,Europe
2022,United States,October,1253.0,10,2022-10-01,United States,America
2022,Uruguay,October,7.0,10,2022-10-01,Uruguay,America
2022,Uzbekistan,October,32.0,10,2022-10-01,Uzbekistan,Asia
2022,Vanuatu,October,2.0,10,2022-10-01,Vanuatu,Oceania
2022,Venezuela,October,3.0,10,2022-10-01,Venezuela,America
2022,Vietnam,October,52.0,10,2022-10-01,Vietnam,Asia
2022,Yemen,October,8.0,10,2022-10-01,Yemen,Asia
2022,Zambia,October,2.0,10,2022-10-01,Zambia,Africa
2022,Zimbabwe,October,1.0,10,2022-10-01,Zimbabwe,Africa
2022,Afghanistan,November,7.0,11,2022-11-01,Afghanistan,Asia
2022,Albania,November,3.0,11,2022-11-01,Albania,Europe
2022,Algeria,November,11.0,11,2022-11-01,Algeria,Africa
2022,Andorra,November,0.0,11,2022-11-01,Andorra,Europe
2022,Angola,November,0.0,11,2022-11-01,Angola,Africa
2022,Antarctica,November,0.0,11,2022-11-01,Antarctica,Antarctica
2022,Antigua & Barbuda,November,2.0,11,2022-11-01,Antigua and Barbuda,America
2022,Argentina,November,40.0,11,2022-11-01,Argentina,America
2022,Armenia,November,86.0,11,2022-11-01,Armenia,Asia
2022,Australia,November,2939.0,11,2022-11-01,Australia,Oceania
2022,Austria,November,424.0,11,2022-11-01,Austria,Europe
2022,Azerbaijan,November,55.0,11,2022-11-01,Azerbaijan,Asia
2022,Bahamas,November,1.0,11,2022-11-01,Bahamas,America
2022,Bahrain,November,19.0,11,2022-11-01,Bahrain,Asia
2022,Bangladesh,November,511.0,11,2022-11-01,Bangladesh,Asia
2022,Barbados,November,2.0,11,2022-11-01,Barbados,America
2022,Belarus,November,456.0,11,2022-11-01,Belarus,Europe
2022,Belgium,November,279.0,11,2022-11-01,Belgium,Europe
2022,Belize,November,0.0,11,2022-11-01,Belize,America
2022,Benin,November,0.0,11,2022-11-01,Benin,Africa
2022,Bhutan,November,31.0,11,2022-11-01,Bhutan,Asia
2022,Bolivia,November,3.0,11,2022-11-01,Bolivia,America
2022,Bosnia & Herzegovina,November,5.0,11,2022-11-01,Bosnia and Herzegovina,Europe
2022,Botswana,November,0.0,11,2022-11-01,Botswana,Africa
2022,Brazil,November,51.0,11,2022-11-01,Brazil,America
2022,Brunei Darussalam,November,2.0,11,2022-11-01,Brunei Darussalam,Asia
2022,Bulgaria,November,30.0,11,2022-11-01,Bulgaria,Europe
2022,Burkina Faso,November,0.0,11,2022-11-01,Burkina Faso,Africa
2022,Cambodia,November,43.0,11,2022-11-01,Cambodia,Asia
2022,Cameroon,November,0.0,11,2022-11-01,Cameroon,Africa
2022,Canada,November,1994.0,11,2022-11-01,Canada,America
2022,Cape Verde,November,0.0,11,2022-11-01,Cabo Verde,Africa
2022,Chad,November,0.0,11,2022-11-01,Chad,Africa
2022,Chile,November,23.0,11,2022-11-01,Chile,America
2022,China,November,591.0,11,2022-11-01,China,Asia
2022,Colombia,November,17.0,11,2022-11-01,Colombia,America
2022,Comoros,November,1.0,11,2022-11-01,Comoros,Africa
2022,"Congo, Republic Of.",November,2.0,11,2022-11-01,Congo Republic,Africa
2022,Costa Rica,November,3.0,11,2022-11-01,Costa Rica,America
2022,Cote Divoire,November,0.0,11,2022-11-01,Côte d'Ivoire,Africa
2022,Croatia,November,21.0,11,2022-11-01,Croatia,Europe
2022,Cuba,November,0.0,11,2022-11-01,Cuba,America
2022,Cyprus,November,28.0,11,2022-11-01,Cyprus,Asia
2022,Czech Republic,November,355.0,11,2022-11-01,Czechia,Europe
2022,Denmark,November,312.0,11,2022-11-01,Denmark,Europe
2022,Djibouti,November,1.0,11,2022-11-01,Djibouti,Africa
2022,Dominica,November,7.0,11,2022-11-01,Dominica,America
2022,Dominican Republic,November,1.0,11,2022-11-01,Dominican Republic,America
2022,Ecuador,November,5.0,11,2022-11-01,Ecuador,America
2022,Egypt,November,137.0,11,2022-11-01,Egypt,Africa
2022,El Salvador,November,2.0,11,2022-11-01,El Salvador,America
2022,Equatorial Guinea,November,0.0,11,2022-11-01,Equatorial Guinea,Africa
2022,Eritrea,November,2.0,11,2022-11-01,Eritrea,Africa
2022,Estonia,November,28.0,11,2022-11-01,Estonia,Europe
2022,Ethiopia,November,2.0,11,2022-11-01,Ethiopia,Africa
2022,Fiji,November,3.0,11,2022-11-01,Fiji,Oceania
2022,Finland,November,77.0,11,2022-11-01,Finland,Europe
2022,France,November,1841.0,11,2022-11-01,France,Europe
2022,Gabon,November,1.0,11,2022-11-01,Gabon,Africa
2022,Gambia,November,0.0,11,2022-11-01,Gambia,Africa
2022,Georgia,November,71.0,11,2022-11-01,Georgia,Asia
2022,Germany,November,5169.0,11,2022-11-01,Germany,Europe
2022,Ghana,November,10.0,11,2022-11-01,Ghana,Africa
2022,Greece,November,41.0,11,2022-11-01,Greece,Europe
2022,Grenada,November,0.0,11,2022-11-01,Grenada,America
2022,Guam,November,0.0,11,2022-11-01,Guam,Oceania
2022,Guatemala,November,1.0,11,2022-11-01,Guatemala,America
2022,Guinea-Bissau,November,0.0,11,2022-11-01,Guinea-Bissau,Africa
2022,Guyana,November,1.0,11,2022-11-01,Guyana,America
2022,Haiti,November,0.0,11,2022-11-01,Haiti,America
2022,Honduras,November,2.0,11,2022-11-01,Honduras,America
2022,Hong Kong,November,0.0,11,2022-11-01,Hong Kong,Asia
2022,Hungary,November,136.0,11,2022-11-01,Hungary,Europe
2022,Iceland,November,6.0,11,2022-11-01,Iceland,Europe
2022,India,November,10167.0,11,2022-11-01,India,Asia
2022,Indonesia,November,103.0,11,2022-11-01,Indonesia,Asia
2022,Iran,November,206.0,11,2022-11-01,Iran,Asia
2022,Iraq,November,39.0,11,2022-11-01,Iraq,Asia
2022,Ireland,November,139.0,11,2022-11-01,Ireland,Europe
2022,Israel,November,548.0,11,2022-11-01,Israel,Asia
2022,Italy,November,619.0,11,2022-11-01,Italy,Europe
2022,Jamaica,November,0.0,11,2022-11-01,Jamaica,America
2022,Japan,November,377.0,11,2022-11-01,Japan,Asia
2022,Jordan,November,177.0,11,2022-11-01,Jordan,Asia
2022,Kazakhstan,November,95.0,11,2022-11-01,Kazakhstan,Asia
2022,Kenya,November,29.0,11,2022-11-01,Kenya,Africa
2022,Kosovar,November,1.0,11,2022-11-01,Kosovar,Other
2022,Kuwait,November,41.0,11,2022-11-01,Kuwait,Asia
2022,Kyrgyzstan,November,30.0,11,2022-11-01,Kyrgyzstan,Asia
2022,Lao Peoples,November,0.0,11,2022-11-01,Laos,Asia
2022,Latvia,November,237.0,11,2022-11-01,Latvia,Europe
2022,Lebanon,November,88.0,11,2022-11-01,Lebanon,Asia
2022,Lesotho,November,0.0,11,2022-11-01,Lesotho,Africa
2022,Liberia,November,0.0,11,2022-11-01,Liberia,Africa
2022,Libya,November,0.0,11,2022-11-01,Libya,Africa
2022,Liechtenstein,November,1.0,11,2022-11-01,Liechtenstein,Europe
2022,Lithuania,November,195.0,11,2022-11-01,Lithuania,Europe
2022,Luxembourg,November,13.0,11,2022-11-01,Luxembourg,Europe
2022,Macedonia,November,3.0,11,2022-11-01,North Macedonia,Europe
2022,Madagascar,November,6.0,11,2022-11-01,Madagascar,Africa
2022,Malawi,November,2.0,11,2022-11-01,Malawi,Africa
2022,Malaysia,November,350.0,11,2022-11-01,Malaysia,Asia
2022,Maldives,November,1626.0,11,2022-11-01,Maldives,Asia
2022,Mali,November,1.0,11,2022-11-01,Mali,Africa
2022,Malta,November,5.0,11,2022-11-01,Malta,Europe
2022,Marshall Islands,November,0.0,11,2022-11-01,Marshall Islands,Oceania
2022,Mauritania,November,1.0,11,2022-11-01,Mauritania,Africa
2022,Mauritius,November,17.0,11,2022-11-01,Mauritius,Africa
2022,Mexico,November,33.0,11,2022-11-01,Mexico,America
2022,Micronesia,November,0.0,11,2022-11-01,"Micronesia, Fed. Sts.",Oceania
2022,Moldova,November,20.0,11,2022-11-01,Moldova,Europe
2022,Monaco,November,0.0,11,2022-11-01,Monaco,Europe
2022,Mongolia,November,1.0,11,2022-11-01,Mongolia,Asia
2022,Montenegro,November,7.0,11,2022-11-01,Montenegro,Europe
2022,Morocco,November,42.0,11,2022-11-01,Morocco,Africa
2022,Mozambique,November,2.0,11,2022-11-01,Mozambique,Africa
2022,Myanmar,November,14.0,11,2022-11-01,Myanmar,Asia
2022,Namibia,November,1.0,11,2022-11-01,Namibia,Africa
2022,Nepal,November,126.0,11,2022-11-01,Nepal,Asia
2022,Netherlands,November,649.0,11,2022-11-01,Netherlands,Europe
2022,New Zealand,November,307.0,11,2022-11-01,New Zealand,Oceania
2022,Nicaragua,November,1.0,11,2022-11-01,Nicaragua,America
2022,Niger,November,0.0,11,2022-11-01,Niger,Africa
2022,Nigeria,November,1.0,11,2022-11-01,Nigeria,Africa
2022,Norway,November,332.0,11,2022-11-01,Norway,Europe
2022,Oman,November,84.0,11,2022-11-01,Oman,Asia
2022,Pakistan,November,783.0,11,2022-11-01,Pakistan,Asia
2022,Palestinian Territories,November,39.0,11,2022-11-01,Palestine,Asia
2022,Panama,November,0.0,11,2022-11-01,Panama,America
2022,Papua New Guinea,November,1.0,11,2022-11-01,Papua New Guinea,Oceania
2022,Paraguay,November,2.0,11,2022-11-01,Paraguay,America
2022,Peru,November,2.0,11,2022-11-01,Peru,America
2022,Philippines,November,149.0,11,2022-11-01,Philippines,Asia
2022,Poland,November,802.0,11,2022-11-01,Poland,Europe
2022,Portugal,November,145.0,11,2022-11-01,Portugal,Europe
2022,Qatar,November,18.0,11,2022-11-01,Qatar,Asia
2022,Republic Of Zimbabwe,November,1.0,11,2022-11-01,Zimbabwe,Africa
2022,Romania,November,146.0,11,2022-11-01,Romania,Europe
2022,Russian Federation,November,13820.0,11,2022-11-01,Russia,Europe
2022,Rwanda,November,1.0,11,2022-11-01,Rwanda,Africa
2022,Saint Kitts And Nevis,November,1.0,11,2022-11-01,St. Kitts and Nevis,America
2022,Saint Lucia,November,1.0,11,2022-11-01,St. Lucia,America
2022,San Marino,November,0.0,11,2022-11-01,San Marino,Europe
2022,Saudi Arabia,November,471.0,11,2022-11-01,Saudi Arabia,Asia
2022,Senegal,November,1.0,11,2022-11-01,Senegal,Africa
2022,Serbia,November,27.0,11,2022-11-01,Serbia,Europe
2022,Seychelles,November,31.0,11,2022-11-01,Seychelles,Africa
2022,Sierra Leone,November,0.0,11,2022-11-01,Sierra Leone,Africa
2022,Singapore,November,432.0,11,2022-11-01,Singapore,Asia
2022,Slovakia,November,199.0,11,2022-11-01,Slovakia,Europe
2022,Slovenia,November,21.0,11,2022-11-01,Slovenia,Europe
2022,Solomon Islands,November,0.0,11,2022-11-01,Solomon Islands,Oceania
2022,Somalia,November,0.0,11,2022-11-01,Somalia,Africa
2022,South Africa-Zuid Afrika,November,125.0,11,2022-11-01,South Africa,Africa
2022,South Korea,November,237.0,11,2022-11-01,South Korea,Asia
2022,South Sudan,November,0.0,11,2022-11-01,South Sudan,Africa
2022,Spain,November,748.0,11,2022-11-01,Spain,Europe
2022,Sudan,November,32.0,11,2022-11-01,Sudan,Africa
2022,Suriname,November,0.0,11,2022-11-01,Suriname,America
2022,Swaziland,November,0.0,11,2022-11-01,Eswatini,Africa
2022,Sweden,November,409.0,11,2022-11-01,Sweden,Europe
2022,Switzerland,November,832.0,11,2022-11-01,Switzerland,Europe
2022,Syrian Arab Republic,November,0.0,11,2022-11-01,Syria,Asia
2022,TIMOR-LESTE,November,0.0,11,2022-11-01,Timor-Leste,Asia
2022,Taiwan,November,59.0,11,2022-11-01,Taiwan,Asia
2022,Tajikistan,November,11.0,11,2022-11-01,Tajikistan,Asia
2022,Tanzania,November,22.0,11,2022-11-01,Tanzania,Africa
2022,Thailand,November,282.0,11,2022-11-01,Thailand,Asia
2022,Togo,November,0.0,11,2022-11-01,Togo,Africa
2022,Tonga,November,0.0,11,2022-11-01,Tonga,Oceania
2022,Trinidad And Tobago,November,2.0,11,2022-11-01,Trinidad and Tobago,America
2022,Tunisia,November,23.0,11,2022-11-01,Tunisia,Africa
2022,Turkey,November,154.0,11,2022-11-01,Türkiye,Asia
2022,Turkmenistan,November,0.0,11,2022-11-01,Turkmenistan,Asia
2022,Uganda,November,4.0,11,2022-11-01,Uganda,Africa
2022,Ukraine,November,260.0,11,2022-11-01,Ukraine,Europe
2022,United Arab Emirates,November,123.0,11,2022-11-01,United Arab Emirates,Asia
2022,United Kingdom,November,4506.0,11,2022-11-01,United Kingdom,Europe
2022,United States,November,2089.0,11,2022-11-01,United States,America
2022,Uruguay,November,3.0,11,2022-11-01,Uruguay,America
2022,Uzbekistan,November,30.0,11,2022-11-01,Uzbekistan,Asia
2022,Vanuatu,November,2.0,11,2022-11-01,Vanuatu,Oceania
2022,Venezuela,November,2.0,11,2022-11-01,Venezuela,America
2022,Vietnam,November,37.0,11,2022-11-01,Vietnam,Asia
2022,Yemen,November,41.0,11,2022-11-01,Yemen,Asia
2022,Zambia,November,1.0,11,2022-11-01,Zambia,Africa
2022,Zimbabwe,November,5.0,11,2022-11-01,Zimbabwe,Africa
2022,Afghanistan,December,11.0,12,2022-12-01,Afghanistan,Asia
2022,Albania,December,10.0,12,2022-12-01,Albania,Europe
2022,Algeria,December,29.0,12,2022-12-01,Algeria,Africa
2022,Andorra,December,3.0,12,2022-12-01,Andorra,Europe
2022,Angola,December,0.0,12,2022-12-01,Angola,Africa
2022,Antarctica,December,1.0,12,2022-12-01,Antarctica,Antarctica
2022,Antigua & Barbuda,December,1.0,12,2022-12-01,Antigua and Barbuda,America
2022,Argentina,December,55.0,12,2022-12-01,Argentina,America
2022,Armenia,December,244.0,12,2022-12-01,Armenia,Asia
2022,Australia,December,5158.0,12,2022-12-01,Australia,Oceania
2022,Austria,December,619.0,12,2022-12-01,Austria,Europe
2022,Azerbaijan,December,89.0,12,2022-12-01,Azerbaijan,Asia
2022,Bahamas,December,0.0,12,2022-12-01,Bahamas,America
2022,Bahrain,December,88.0,12,2022-12-01,Bahrain,Asia
2022,Bangladesh,December,662.0,12,2022-12-01,Bangladesh,Asia
2022,Barbados,December,6.0,12,2022-12-01,Barbados,America
2022,Belarus,December,582.0,12,2022-12-01,Belarus,Europe
2022,Belgium,December,512.0,12,2022-12-01,Belgium,Europe
2022,Belize,December,0.0,12,2022-12-01,Belize,America
2022,Benin,December,0.0,12,2022-12-01,Benin,Africa
2022,Bhutan,December,9.0,12,2022-12-01,Bhutan,Asia
2022,Bolivia,December,2.0,12,2022-12-01,Bolivia,America
2022,Bosnia & Herzegovina,December,6.0,12,2022-12-01,Bosnia and Herzegovina,Europe
2022,Botswana,December,4.0,12,2022-12-01,Botswana,Africa
2022,Brazil,December,97.0,12,2022-12-01,Brazil,America
2022,Brunei Darussalam,December,4.0,12,2022-12-01,Brunei Darussalam,Asia
2022,Bulgaria,December,113.0,12,2022-12-01,Bulgaria,Europe
2022,Burkina Faso,December,0.0,12,2022-12-01,Burkina Faso,Africa
2022,Cambodia,December,20.0,12,2022-12-01,Cambodia,Asia
2022,Cameroon,December,0.0,12,2022-12-01,Cameroon,Africa
2022,Canada,December,2618.0,12,2022-12-01,Canada,America
2022,Cape Verde,December,0.0,12,2022-12-01,Cabo Verde,Africa
2022,Chad,December,1.0,12,2022-12-01,Chad,Africa
2022,Chile,December,23.0,12,2022-12-01,Chile,America
2022,China,December,635.0,12,2022-12-01,China,Asia
2022,Colombia,December,27.0,12,2022-12-01,Colombia,America
2022,Comoros,December,3.0,12,2022-12-01,Comoros,Africa
2022,"Congo, Republic Of.",December,0.0,12,2022-12-01,Congo Republic,Africa
2022,Costa Rica,December,6.0,12,2022-12-01,Costa Rica,America
2022,Cote Divoire,December,0.0,12,2022-12-01,Côte d'Ivoire,Africa
2022,Croatia,December,41.0,12,2022-12-01,Croatia,Europe
2022,Cuba,December,2.0,12,2022-12-01,Cuba,America
2022,Cyprus,December,38.0,12,2022-12-01,Cyprus,Asia
2022,Czech Republic,December,529.0,12,2022-12-01,Czechia,Europe
2022,Denmark,December,551.0,12,2022-12-01,Denmark,Europe
2022,Djibouti,December,0.0,12,2022-12-01,Djibouti,Africa
2022,Dominica,December,6.0,12,2022-12-01,Dominica,America
2022,Dominican Republic,December,1.0,12,2022-12-01,Dominican Republic,America
2022,Ecuador,December,8.0,12,2022-12-01,Ecuador,America
2022,Egypt,December,220.0,12,2022-12-01,Egypt,Africa
2022,El Salvador,December,3.0,12,2022-12-01,El Salvador,America
2022,Equatorial Guinea,December,0.0,12,2022-12-01,Equatorial Guinea,Africa
2022,Eritrea,December,1.0,12,2022-12-01,Eritrea,Africa
2022,Estonia,December,111.0,12,2022-12-01,Estonia,Europe
2022,Ethiopia,December,14.0,12,2022-12-01,Ethiopia,Africa
2022,Fiji,December,19.0,12,2022-12-01,Fiji,Oceania
2022,Finland,December,159.0,12,2022-12-01,Finland,Europe
2022,France,December,2665.0,12,2022-12-01,France,Europe
2022,Gabon,December,0.0,12,2022-12-01,Gabon,Africa
2022,Gambia,December,0.0,12,2022-12-01,Gambia,Africa
2022,Georgia,December,65.0,12,2022-12-01,Georgia,Asia
2022,Germany,December,4984.0,12,2022-12-01,Germany,Europe
2022,Ghana,December,7.0,12,2022-12-01,Ghana,Africa
2022,Greece,December,174.0,12,2022-12-01,Greece,Europe
2022,Grenada,December,1.0,12,2022-12-01,Grenada,America
2022,Guam,December,0.0,12,2022-12-01,Guam,Oceania
2022,Guatemala,December,2.0,12,2022-12-01,Guatemala,America
2022,Guinea-Bissau,December,1.0,12,2022-12-01,Guinea-Bissau,Africa
2022,Guyana,December,1.0,12,2022-12-01,Guyana,America
2022,Haiti,December,0.0,12,2022-12-01,Haiti,America
2022,Honduras,December,2.0,12,2022-12-01,Honduras,America
2022,Hong Kong,December,1.0,12,2022-12-01,Hong Kong,Asia
2022,Hungary,December,300.0,12,2022-12-01,Hungary,Europe
2022,Iceland,December,29.0,12,2022-12-01,Iceland,Europe
2022,India,December,17350.0,12,2022-12-01,India,Asia
2022,Indonesia,December,134.0,12,2022-12-01,Indonesia,Asia
2022,Iran,December,362.0,12,2022-12-01,Iran,Asia
2022,Iraq,December,145.0,12,2022-12-01,Iraq,Asia
2022,Ireland,December,243.0,12,2022-12-01,Ireland,Europe
2022,Israel,December,1457.0,12,2022-12-01,Israel,Asia
2022,Italy,December,1206.0,12,2022-12-01,Italy,Europe
2022,Jamaica,December,2.0,12,2022-12-01,Jamaica,America
2022,Japan,December,708.0,12,2022-12-01,Japan,Asia
2022,Jordan,December,335.0,12,2022-12-01,Jordan,Asia
2022,Kazakhstan,December,262.0,12,2022-12-01,Kazakhstan,Asia
2022,Kenya,December,42.0,12,2022-12-01,Kenya,Africa
2022,Kosovar,December,1.0,12,2022-12-01,Kosovar,Other
2022,Kuwait,December,96.0,12,2022-12-01,Kuwait,Asia
2022,Kyrgyzstan,December,94.0,12,2022-12-01,Kyrgyzstan,Asia
2022,Lao Peoples,December,3.0,12,2022-12-01,Laos,Asia
2022,Latvia,December,135.0,12,2022-12-01,Latvia,Europe
2022,Lebanon,December,267.0,12,2022-12-01,Lebanon,Asia
2022,Lesotho,December,0.0,12,2022-12-01,Lesotho,Africa
2022,Liberia,December,0.0,12,2022-12-01,Liberia,Africa
2022,Libya,December,8.0,12,2022-12-01,Libya,Africa
2022,Liechtenstein,December,8.0,12,2022-12-01,Liechtenstein,Europe
2022,Lithuania,December,158.0,12,2022-12-01,Lithuania,Europe
2022,Luxembourg,December,27.0,12,2022-12-01,Luxembourg,Europe
2022,Macedonia,December,6.0,12,2022-12-01,North Macedonia,Europe
2022,Madagascar,December,10.0,12,2022-12-01,Madagascar,Africa
2022,Malawi,December,3.0,12,2022-12-01,Malawi,Africa
2022,Malaysia,December,519.0,12,2022-12-01,Malaysia,Asia
2022,Maldives,December,3444.0,12,2022-12-01,Maldives,Asia
2022,Mali,December,0.0,12,2022-12-01,Mali,Africa
2022,Malta,December,98.0,12,2022-12-01,Malta,Europe
2022,Marshall Islands,December,0.0,12,2022-12-01,Marshall Islands,Oceania
2022,Mauritania,December,0.0,12,2022-12-01,Mauritania,Africa
2022,Mauritius,December,41.0,12,2022-12-01,Mauritius,Africa
2022,Mexico,December,64.0,12,2022-12-01,Mexico,America
2022,Micronesia,December,1.0,12,2022-12-01,"Micronesia, Fed. Sts.",Oceania
2022,Moldova,December,37.0,12,2022-12-01,Moldova,Europe
2022,Monaco,December,31.0,12,2022-12-01,Monaco,Europe
2022,Mongolia,December,0.0,12,2022-12-01,Mongolia,Asia
2022,Montenegro,December,6.0,12,2022-12-01,Montenegro,Europe
2022,Morocco,December,56.0,12,2022-12-01,Morocco,Africa
2022,Mozambique,December,2.0,12,2022-12-01,Mozambique,Africa
2022,Myanmar,December,27.0,12,2022-12-01,Myanmar,Asia
2022,Namibia,December,3.0,12,2022-12-01,Namibia,Africa
2022,Nepal,December,181.0,12,2022-12-01,Nepal,Asia
2022,Netherlands,December,956.0,12,2022-12-01,Netherlands,Europe
2022,New Zealand,December,572.0,12,2022-12-01,New Zealand,Oceania
2022,Nicaragua,December,0.0,12,2022-12-01,Nicaragua,America
2022,Niger,December,0.0,12,2022-12-01,Niger,Africa
2022,Nigeria,December,6.0,12,2022-12-01,Nigeria,Africa
2022,Norway,December,408.0,12,2022-12-01,Norway,Europe
2022,Oman,December,157.0,12,2022-12-01,Oman,Asia
2022,Pakistan,December,898.0,12,2022-12-01,Pakistan,Asia
2022,Palestinian Territories,December,76.0,12,2022-12-01,Palestine,Asia
2022,Panama,December,0.0,12,2022-12-01,Panama,America
2022,Papua New Guinea,December,8.0,12,2022-12-01,Papua New Guinea,Oceania
2022,Paraguay,December,1.0,12,2022-12-01,Paraguay,America
2022,Peru,December,14.0,12,2022-12-01,Peru,America
2022,Philippines,December,236.0,12,2022-12-01,Philippines,Asia
2022,Poland,December,524.0,12,2022-12-01,Poland,Europe
2022,Portugal,December,156.0,12,2022-12-01,Portugal,Europe
2022,Qatar,December,57.0,12,2022-12-01,Qatar,Asia
2022,Republic Of Zimbabwe,December,0.0,12,2022-12-01,Zimbabwe,Africa
2022,Romania,December,407.0,12,2022-12-01,Romania,Europe
2022,Russian Federation,December,19963.0,12,2022-12-01,Russia,Europe
2022,Rwanda,December,2.0,12,2022-12-01,Rwanda,Africa
2022,Saint Kitts And Nevis,December,10.0,12,2022-12-01,St. Kitts and Nevis,America
2022,Saint Lucia,December,0.0,12,2022-12-01,St. Lucia,America
2022,San Marino,December,1.0,12,2022-12-01,San Marino,Europe
2022,Saudi Arabia,December,324.0,12,2022-12-01,Saudi Arabia,Asia
2022,Senegal,December,1.0,12,2022-12-01,Senegal,Africa
2022,Serbia,December,54.0,12,2022-12-01,Serbia,Europe
2022,Seychelles,December,66.0,12,2022-12-01,Seychelles,Africa
2022,Sierra Leone,December,0.0,12,2022-12-01,Sierra Leone,Africa
2022,Singapore,December,720.0,12,2022-12-01,Singapore,Asia
2022,Slovakia,December,206.0,12,2022-12-01,Slovakia,Europe
2022,Slovenia,December,82.0,12,2022-12-01,Slovenia,Europe
2022,Solomon Islands,December,0.0,12,2022-12-01,Solomon Islands,Oceania
2022,Somalia,December,3.0,12,2022-12-01,Somalia,Africa
2022,South Africa-Zuid Afrika,December,258.0,12,2022-12-01,South Africa,Africa
2022,South Korea,December,322.0,12,2022-12-01,South Korea,Asia
2022,South Sudan,December,0.0,12,2022-12-01,South Sudan,Africa
2022,Spain,December,991.0,12,2022-12-01,Spain,Europe
2022,Sudan,December,45.0,12,2022-12-01,Sudan,Africa
2022,Suriname,December,0.0,12,2022-12-01,Suriname,America
2022,Swaziland,December,1.0,12,2022-12-01,Eswatini,Africa
2022,Sweden,December,892.0,12,2022-12-01,Sweden,Europe
2022,Switzerland,December,1248.0,12,2022-12-01,Switzerland,Europe
2022,Syrian Arab Republic,December,1.0,12,2022-12-01,Syria,Asia
2022,TIMOR-LESTE,December,2.0,12,2022-12-01,Timor-Leste,Asia
2022,Taiwan,December,77.0,12,2022-12-01,Taiwan,Asia
2022,Tajikistan,December,6.0,12,2022-12-01,Tajikistan,Asia
2022,Tanzania,December,24.0,12,2022-12-01,Tanzania,Africa
2022,Thailand,December,311.0,12,2022-12-01,Thailand,Asia
2022,Togo,December,0.0,12,2022-12-01,Togo,Africa
2022,Tonga,December,0.0,12,2022-12-01,Tonga,Oceania
2022,Trinidad And Tobago,December,8.0,12,2022-12-01,Trinidad and Tobago,America
2022,Tunisia,December,57.0,12,2022-12-01,Tunisia,Africa
2022,Turkey,December,224.0,12,2022-12-01,Türkiye,Asia
2022,Turkmenistan,December,9.0,12,2022-12-01,Turkmenistan,Asia
2022,Uganda,December,6.0,12,2022-12-01,Uganda,Africa
2022,Ukraine,December,544.0,12,2022-12-01,Ukraine,Europe
2022,United Arab Emirates,December,207.0,12,2022-12-01,United Arab Emirates,Asia
2022,United Kingdom,December,7879.0,12,2022-12-01,United Kingdom,Europe
2022,United States,December,3638.0,12,2022-12-01,United States,America
2022,Uruguay,December,7.0,12,2022-12-01,Uruguay,America
2022,Uzbekistan,December,44.0,12,2022-12-01,Uzbekistan,Asia
2022,Vanuatu,December,3.0,12,2022-12-01,Vanuatu,Oceania
2022,Venezuela,December,2.0,12,2022-12-01,Venezuela,America
2022,Vietnam,December,58.0,12,2022-12-01,Vietnam,Asia
2022,Yemen,December,21.0,12,2022-12-01,Yemen,Asia
2022,Zambia,December,16.0,12,2022-12-01,Zambia,Africa
2022,Zimbabwe,December,7.0,12,2022-12-01,Zimbabwe,Africa
